1,-1,1892.69,517.26,87.48,117.78,0.90,-1,-1,-1
1,-1,1496.10,628.96,158.75,49.10,0.87,-1,-1,-1
1,-1,2196.17,882.30,110.85,69.23,0.87,-1,-1,-1
1,-1,1850.49,1758.23,29.52,26.86,0.79,-1,-1,-1
1,-1,2287.23,1287.04,28.27,35.48,0.73,-1,-1,-1
1,-1,1619.49,1418.21,27.80,24.63,0.70,-1,-1,-1
1,-1,2048.98,1472.72,48.39,30.67,0.68,-1,-1,-1
1,-1,1658.43,784.43,54.70,118.45,0.63,-1,-1,-1
1,-1,2220.25,1806.39,53.16,66.91,0.62,-1,-1,-1
1,-1,1475.43,1554.02,38.16,40.31,0.60,-1,-1,-1
1,-1,1941.50,1883.39,38.41,38.15,0.59,-1,-1,-1
1,-1,2259.82,1389.80,92.91,117.71,0.58,-1,-1,-1
1,-1,1412.36,1945.48,80.46,47.21,0.54,-1,-1,-1
1,-1,1101.25,1222.53,56.42,108.56,0.54,-1,-1,-1
1,-1,1950.54,1656.45,30.26,38.84,0.51,-1,-1,-1
1,-1,2072.40,790.55,63.68,46.41,0.50,-1,-1,-1
1,-1,1589.78,1472.54,19.89,27.20,0.44,-1,-1,-1
1,-1,1594.55,1462.94,27.16,16.63,0.43,-1,-1,-1
1,-1,1535.96,1477.87,39.78,24.02,0.40,-1,-1,-1
1,-1,1476.67,1575.07,13.96,18.99,0.38,-1,-1,-1
1,-1,1620.84,1602.59,26.60,28.67,0.37,-1,-1,-1
1,-1,1101.42,1222.93,56.57,108.53,0.34,-1,-1,-1
1,-1,1597.45,1459.55,35.71,18.22,0.34,-1,-1,-1
1,-1,1602.27,1454.82,36.85,14.00,0.34,-1,-1,-1
1,-1,2260.04,1389.90,92.58,116.95,0.33,-1,-1,-1
1,-1,1670.50,829.48,50.03,81.69,0.29,-1,-1,-1
1,-1,1792.37,1573.14,47.52,41.52,0.25,-1,-1,-1
1,-1,1642.76,868.59,68.62,46.11,0.25,-1,-1,-1
1,-1,1644.66,800.90,32.41,87.39,0.25,-1,-1,-1
1,-1,1619.15,1411.77,28.58,31.15,0.22,-1,-1,-1
1,-1,1412.67,1945.50,80.21,46.59,0.22,-1,-1,-1
1,-1,1594.78,1463.83,26.36,16.79,0.22,-1,-1,-1
1,-1,1689.34,1183.64,33.35,30.07,0.21,-1,-1,-1
1,-1,2259.39,1390.42,93.03,116.90,0.20,-1,-1,-1
1,-1,2274.46,1465.88,50.93,30.37,0.19,-1,-1,-1
1,-1,2290.67,1315.27,26.10,9.43,0.19,-1,-1,-1
1,-1,2219.90,1805.92,53.68,67.60,0.18,-1,-1,-1
1,-1,1101.29,1222.78,57.46,108.74,0.17,-1,-1,-1
1,-1,1947.38,1873.03,49.15,53.21,0.17,-1,-1,-1
1,-1,2155.38,1540.63,46.30,44.29,0.17,-1,-1,-1
1,-1,1647.18,801.97,28.71,36.22,0.16,-1,-1,-1
1,-1,1530.92,1493.68,18.30,16.05,0.15,-1,-1,-1
1,-1,1603.43,1454.79,35.80,12.42,0.15,-1,-1,-1
1,-1,1639.50,840.03,32.80,69.34,0.14,-1,-1,-1
1,-1,1537.09,1479.57,38.46,16.66,0.11,-1,-1,-1
1,-1,1531.60,1494.60,17.70,15.13,0.11,-1,-1,-1
1,-1,1639.12,803.03,78.83,112.98,0.11,-1,-1,-1
1,-1,1641.23,878.70,29.63,31.85,0.11,-1,-1,-1
1,-1,1673.69,900.07,26.84,21.67,0.10,-1,-1,-1
1,-1,2195.45,884.11,110.97,67.27,0.10,-1,-1,-1
1,-1,1544.02,1464.63,30.20,27.59,0.10,-1,-1,-1
1,-1,1950.60,1898.58,30.33,27.44,0.10,-1,-1,-1
1,-1,1620.58,1603.33,26.97,28.17,0.09,-1,-1,-1
1,-1,339.28,1326.22,27.73,23.97,0.09,-1,-1,-1
1,-1,1695.28,1185.93,27.48,21.09,0.09,-1,-1,-1
1,-1,1918.08,532.77,54.24,94.90,0.09,-1,-1,-1
1,-1,2219.19,1850.70,20.80,21.14,0.09,-1,-1,-1
1,-1,1935.02,569.96,28.44,45.40,0.08,-1,-1,-1
1,-1,1544.60,618.34,58.42,45.01,0.08,-1,-1,-1
1,-1,1633.41,1583.11,12.66,24.00,0.08,-1,-1,-1
1,-1,1725.78,1497.50,28.07,22.14,0.08,-1,-1,-1
1,-1,1925.46,1902.07,59.20,41.00,0.07,-1,-1,-1
1,-1,2102.98,830.78,70.48,22.83,0.07,-1,-1,-1
1,-1,1490.19,1536.25,17.22,11.29,0.07,-1,-1,-1
1,-1,1951.12,1880.36,39.97,47.94,0.07,-1,-1,-1
1,-1,1640.51,879.36,55.23,38.90,0.07,-1,-1,-1
1,-1,1725.75,1497.60,28.05,22.04,0.07,-1,-1,-1
1,-1,1943.51,1906.36,29.87,17.90,0.07,-1,-1,-1
1,-1,340.00,1327.68,26.71,22.65,0.06,-1,-1,-1
1,-1,2258.40,872.35,71.47,71.07,0.06,-1,-1,-1
1,-1,2283.26,1288.49,18.70,15.81,0.06,-1,-1,-1
1,-1,1663.66,785.06,42.47,59.47,0.06,-1,-1,-1
1,-1,1528.15,1497.64,11.97,17.39,0.06,-1,-1,-1
1,-1,699.28,1181.88,29.11,17.77,0.06,-1,-1,-1
1,-1,1489.81,1536.62,26.80,18.44,0.06,-1,-1,-1
1,-1,1849.82,1760.01,23.57,25.13,0.06,-1,-1,-1
1,-1,1613.09,1462.68,23.04,16.05,0.06,-1,-1,-1
1,-1,2220.47,1806.69,53.01,67.27,0.05,-1,-1,-1
1,-1,1676.37,845.75,46.81,27.46,0.05,-1,-1,-1
1,-1,1925.26,1924.67,37.11,18.49,0.05,-1,-1,-1
1,-1,1916.79,1350.34,37.39,27.95,0.05,-1,-1,-1
1,-1,1638.73,788.60,84.46,130.67,0.05,-1,-1,-1
1,-1,1610.69,1602.31,19.11,39.16,0.05,-1,-1,-1
1,-1,1925.24,1891.05,60.05,51.98,0.05,-1,-1,-1
2,-1,1482.25,629.08,160.29,46.56,0.88,-1,-1,-1
2,-1,1891.11,515.03,92.02,117.81,0.85,-1,-1,-1
2,-1,1619.10,1580.57,29.39,41.48,0.83,-1,-1,-1
2,-1,2191.46,879.90,109.46,70.79,0.78,-1,-1,-1
2,-1,1663.59,786.48,56.30,132.52,0.77,-1,-1,-1
2,-1,1683.11,1182.13,45.82,31.26,0.76,-1,-1,-1
2,-1,2191.49,882.52,107.06,67.71,0.74,-1,-1,-1
2,-1,1953.23,1659.32,26.45,36.05,0.69,-1,-1,-1
2,-1,1104.57,1228.09,56.34,107.30,0.66,-1,-1,-1
2,-1,1940.12,1885.26,32.69,35.40,0.65,-1,-1,-1
2,-1,2279.44,1288.21,33.26,33.63,0.63,-1,-1,-1
2,-1,1532.15,1478.13,43.65,30.86,0.63,-1,-1,-1
2,-1,2046.94,1473.62,43.46,29.94,0.63,-1,-1,-1
2,-1,1475.53,1575.92,14.21,22.82,0.61,-1,-1,-1
2,-1,1852.99,1755.29,30.95,27.74,0.59,-1,-1,-1
2,-1,1475.16,1558.13,36.34,38.46,0.55,-1,-1,-1
2,-1,1593.14,1459.36,27.42,21.87,0.53,-1,-1,-1
2,-1,1719.93,1495.20,40.81,26.39,0.51,-1,-1,-1
2,-1,1531.45,1495.62,16.96,15.54,0.50,-1,-1,-1
2,-1,1667.78,825.39,50.77,93.32,0.50,-1,-1,-1
2,-1,1416.89,1946.48,85.11,46.47,0.47,-1,-1,-1
2,-1,1619.23,1409.64,28.82,32.84,0.46,-1,-1,-1
2,-1,1417.25,1946.76,84.58,46.48,0.43,-1,-1,-1
2,-1,1105.16,1229.44,56.07,109.02,0.43,-1,-1,-1
2,-1,2258.69,1389.68,93.16,118.49,0.42,-1,-1,-1
2,-1,2259.24,1389.41,92.16,118.21,0.38,-1,-1,-1
2,-1,2259.19,1389.66,92.81,117.76,0.35,-1,-1,-1
2,-1,1943.89,1890.57,35.70,30.79,0.35,-1,-1,-1
2,-1,1474.59,1558.30,36.93,39.31,0.34,-1,-1,-1
2,-1,1619.70,1409.28,28.19,33.45,0.32,-1,-1,-1
2,-1,2142.32,1545.63,50.47,41.55,0.32,-1,-1,-1
2,-1,1417.26,1946.82,83.65,45.50,0.29,-1,-1,-1
2,-1,1697.72,1202.45,28.89,13.83,0.26,-1,-1,-1
2,-1,1955.47,1686.79,23.01,12.85,0.23,-1,-1,-1
2,-1,1915.42,1350.50,38.91,32.13,0.23,-1,-1,-1
2,-1,2221.25,1805.37,53.74,70.72,0.22,-1,-1,-1
2,-1,2219.72,1804.95,55.43,71.54,0.22,-1,-1,-1
2,-1,1594.36,1454.10,42.12,23.59,0.22,-1,-1,-1
2,-1,1616.03,1455.07,20.91,15.97,0.22,-1,-1,-1
2,-1,1927.93,569.55,30.91,38.65,0.20,-1,-1,-1
2,-1,1532.40,618.96,74.06,42.61,0.20,-1,-1,-1
2,-1,1915.44,1350.22,39.24,32.61,0.16,-1,-1,-1
2,-1,337.92,1323.03,40.36,27.17,0.16,-1,-1,-1
2,-1,2218.68,1805.15,56.37,71.59,0.16,-1,-1,-1
2,-1,699.09,1181.83,33.01,17.77,0.15,-1,-1,-1
2,-1,1590.04,1473.42,23.06,26.91,0.13,-1,-1,-1
2,-1,2097.26,831.54,47.36,12.58,0.12,-1,-1,-1
2,-1,2219.34,1805.07,55.77,72.00,0.12,-1,-1,-1
2,-1,1915.58,1350.03,38.76,32.73,0.12,-1,-1,-1
2,-1,1533.24,619.06,72.86,42.35,0.11,-1,-1,-1
2,-1,2059.09,1491.16,17.77,12.63,0.11,-1,-1,-1
2,-1,1915.42,1350.45,38.98,32.07,0.11,-1,-1,-1
2,-1,2255.48,872.05,68.89,72.18,0.11,-1,-1,-1
2,-1,1593.69,1462.59,27.13,18.56,0.10,-1,-1,-1
2,-1,2065.39,791.87,80.07,53.74,0.10,-1,-1,-1
2,-1,1922.60,1919.42,50.37,27.43,0.10,-1,-1,-1
2,-1,1908.22,589.88,71.51,42.96,0.09,-1,-1,-1
2,-1,1854.19,1756.76,28.53,26.47,0.09,-1,-1,-1
2,-1,1673.21,1293.34,25.44,17.63,0.09,-1,-1,-1
2,-1,1924.14,1887.13,56.39,59.59,0.08,-1,-1,-1
2,-1,699.17,1181.73,33.12,17.88,0.08,-1,-1,-1
2,-1,1674.35,892.01,39.50,30.99,0.08,-1,-1,-1
2,-1,1548.10,1466.39,27.68,27.58,0.07,-1,-1,-1
2,-1,1939.82,1907.11,33.22,24.71,0.07,-1,-1,-1
2,-1,1820.10,1596.78,20.56,11.18,0.07,-1,-1,-1
2,-1,2288.50,1308.27,22.64,13.92,0.06,-1,-1,-1
2,-1,1531.13,1494.72,17.35,16.29,0.06,-1,-1,-1
2,-1,1667.32,839.89,57.11,36.11,0.06,-1,-1,-1
2,-1,1669.20,872.19,33.89,43.70,0.05,-1,-1,-1
2,-1,1672.93,834.31,41.66,44.40,0.05,-1,-1,-1
2,-1,1804.35,1581.05,40.17,15.30,0.05,-1,-1,-1
3,-1,1892.94,516.76,92.00,114.72,0.91,-1,-1,-1
3,-1,2187.82,876.91,111.69,73.52,0.87,-1,-1,-1
3,-1,1469.52,627.24,158.56,47.89,0.87,-1,-1,-1
3,-1,1473.10,1552.18,39.19,50.40,0.80,-1,-1,-1
3,-1,1694.10,1183.34,33.89,29.15,0.80,-1,-1,-1
3,-1,1940.83,1889.11,31.20,36.32,0.75,-1,-1,-1
3,-1,1801.59,1561.37,48.83,56.53,0.73,-1,-1,-1
3,-1,1643.67,828.48,85.74,94.36,0.70,-1,-1,-1
3,-1,1663.30,785.36,48.82,98.61,0.68,-1,-1,-1
3,-1,2272.21,1287.39,44.42,36.67,0.66,-1,-1,-1
3,-1,1418.76,1942.28,77.33,46.87,0.63,-1,-1,-1
3,-1,1857.50,1752.83,28.33,29.57,0.60,-1,-1,-1
3,-1,1534.69,1479.05,40.81,35.72,0.59,-1,-1,-1
3,-1,1957.99,1657.43,21.36,38.43,0.55,-1,-1,-1
3,-1,1914.76,1351.37,41.47,32.96,0.55,-1,-1,-1
3,-1,1529.49,1494.40,17.84,22.80,0.52,-1,-1,-1
3,-1,2258.63,1389.05,92.57,118.46,0.50,-1,-1,-1
3,-1,1107.37,1233.45,56.87,113.21,0.49,-1,-1,-1
3,-1,1594.65,1455.03,39.04,27.92,0.48,-1,-1,-1
3,-1,1107.19,1233.78,55.74,112.23,0.47,-1,-1,-1
3,-1,1619.92,1410.90,29.28,31.16,0.45,-1,-1,-1
3,-1,1622.53,1585.73,28.65,36.55,0.44,-1,-1,-1
3,-1,2230.32,1811.08,43.59,49.34,0.43,-1,-1,-1
3,-1,1712.09,1201.19,17.38,12.21,0.43,-1,-1,-1
3,-1,1518.89,612.61,80.20,47.79,0.42,-1,-1,-1
3,-1,1940.40,1907.19,28.33,19.11,0.40,-1,-1,-1
3,-1,2258.13,1389.04,93.10,118.82,0.37,-1,-1,-1
3,-1,2042.70,1475.10,35.34,30.17,0.35,-1,-1,-1
3,-1,1139.07,1233.40,38.65,43.56,0.32,-1,-1,-1
3,-1,1619.81,1411.69,29.10,30.20,0.31,-1,-1,-1
3,-1,2150.72,1541.50,35.06,32.92,0.28,-1,-1,-1
3,-1,1914.72,1351.15,41.72,33.16,0.28,-1,-1,-1
3,-1,699.95,1181.08,34.45,18.58,0.26,-1,-1,-1
3,-1,1950.67,1892.04,27.21,27.44,0.26,-1,-1,-1
3,-1,1541.53,1461.83,35.13,35.27,0.25,-1,-1,-1
3,-1,2250.40,872.57,70.65,67.10,0.22,-1,-1,-1
3,-1,2230.91,1812.42,42.77,49.19,0.19,-1,-1,-1
3,-1,1719.23,1491.94,40.47,34.67,0.19,-1,-1,-1
3,-1,1719.64,1490.66,39.96,36.69,0.19,-1,-1,-1
3,-1,336.13,1317.61,35.59,31.43,0.18,-1,-1,-1
3,-1,1418.09,1942.55,79.87,46.32,0.18,-1,-1,-1
3,-1,2042.36,1474.55,35.33,30.48,0.17,-1,-1,-1
3,-1,2042.39,1475.18,35.22,30.17,0.14,-1,-1,-1
3,-1,2235.24,1815.30,38.85,46.61,0.14,-1,-1,-1
3,-1,1478.75,1588.17,9.72,13.46,0.13,-1,-1,-1
3,-1,2284.20,1314.04,29.57,9.87,0.13,-1,-1,-1
3,-1,1801.43,1606.26,25.71,12.17,0.13,-1,-1,-1
3,-1,1107.28,1236.89,55.64,109.96,0.12,-1,-1,-1
3,-1,1915.43,1351.13,41.05,33.29,0.11,-1,-1,-1
3,-1,1133.26,1232.07,44.57,98.25,0.11,-1,-1,-1
3,-1,2208.01,1811.43,65.76,69.98,0.09,-1,-1,-1
3,-1,1864.45,1751.77,21.80,16.33,0.09,-1,-1,-1
3,-1,1693.53,1187.35,34.30,27.19,0.09,-1,-1,-1
3,-1,2318.85,1294.03,31.64,10.54,0.08,-1,-1,-1
3,-1,1594.10,1465.51,25.67,22.48,0.08,-1,-1,-1
3,-1,1719.19,1492.30,40.61,34.52,0.08,-1,-1,-1
3,-1,1673.10,1292.79,27.07,17.56,0.08,-1,-1,-1
3,-1,1857.60,1760.26,27.09,22.14,0.07,-1,-1,-1
3,-1,1593.05,1479.59,14.01,11.49,0.07,-1,-1,-1
3,-1,1693.55,1186.60,33.08,26.59,0.07,-1,-1,-1
3,-1,2238.74,1851.56,21.63,10.84,0.06,-1,-1,-1
3,-1,1914.96,1351.47,41.63,32.44,0.06,-1,-1,-1
3,-1,1719.15,1491.07,40.37,36.24,0.05,-1,-1,-1
3,-1,1801.47,1606.00,25.76,12.10,0.05,-1,-1,-1
3,-1,1939.37,1914.78,30.88,23.64,0.05,-1,-1,-1
3,-1,1818.25,1561.08,30.17,25.32,0.05,-1,-1,-1
3,-1,1669.31,828.61,58.98,49.60,0.05,-1,-1,-1
4,-1,1893.14,518.36,94.04,111.03,0.92,-1,-1,-1
4,-1,1455.00,620.90,158.86,52.01,0.86,-1,-1,-1
4,-1,2183.42,878.46,110.40,72.08,0.83,-1,-1,-1
4,-1,1472.40,1554.58,37.57,48.10,0.83,-1,-1,-1
4,-1,1663.18,787.93,49.88,92.72,0.72,-1,-1,-1
4,-1,1532.87,1473.44,40.91,44.49,0.67,-1,-1,-1
4,-1,1720.15,1491.02,39.37,31.19,0.67,-1,-1,-1
4,-1,2278.69,1286.32,26.97,34.03,0.66,-1,-1,-1
4,-1,1664.00,829.25,62.31,89.00,0.65,-1,-1,-1
4,-1,1938.89,1890.88,31.74,31.84,0.64,-1,-1,-1
4,-1,1955.07,1656.62,22.50,39.75,0.64,-1,-1,-1
4,-1,1858.73,1748.20,27.84,33.03,0.61,-1,-1,-1
4,-1,2040.10,1473.34,33.02,33.28,0.59,-1,-1,-1
4,-1,1594.10,1455.95,36.36,29.72,0.55,-1,-1,-1
4,-1,1623.08,1592.29,29.23,34.63,0.55,-1,-1,-1
4,-1,2229.73,1812.30,43.44,47.59,0.51,-1,-1,-1
4,-1,1109.48,1241.90,66.27,116.48,0.50,-1,-1,-1
4,-1,1782.35,1554.18,72.14,70.41,0.48,-1,-1,-1
4,-1,1961.89,1682.33,15.29,14.35,0.47,-1,-1,-1
4,-1,2257.80,1388.05,90.16,119.12,0.45,-1,-1,-1
4,-1,1619.82,1409.37,29.74,31.40,0.42,-1,-1,-1
4,-1,1472.81,1581.08,16.29,21.91,0.40,-1,-1,-1
4,-1,2258.56,1387.39,88.50,119.40,0.38,-1,-1,-1
4,-1,1947.31,1896.14,28.65,25.62,0.38,-1,-1,-1
4,-1,1472.62,1579.96,16.34,22.84,0.38,-1,-1,-1
4,-1,1619.88,1409.72,29.30,31.02,0.37,-1,-1,-1
4,-1,1698.89,1182.68,33.65,29.96,0.37,-1,-1,-1
4,-1,2282.51,1311.60,21.57,10.10,0.33,-1,-1,-1
4,-1,2053.60,1495.78,18.97,11.34,0.29,-1,-1,-1
4,-1,1817.56,1554.97,37.02,32.61,0.27,-1,-1,-1
4,-1,1419.98,1942.35,64.49,42.33,0.27,-1,-1,-1
4,-1,2236.87,1850.54,19.57,9.53,0.26,-1,-1,-1
4,-1,1799.49,1610.49,24.14,13.65,0.26,-1,-1,-1
4,-1,1109.58,1238.57,65.79,123.12,0.25,-1,-1,-1
4,-1,1914.74,1350.83,41.00,34.57,0.24,-1,-1,-1
4,-1,1939.14,1906.42,22.56,17.33,0.23,-1,-1,-1
4,-1,1473.13,1579.45,18.12,23.42,0.23,-1,-1,-1
4,-1,335.50,1317.54,43.97,32.31,0.23,-1,-1,-1
4,-1,1495.89,614.12,65.74,73.08,0.22,-1,-1,-1
4,-1,2181.87,880.61,110.78,70.29,0.21,-1,-1,-1
4,-1,1931.73,1930.14,50.20,17.39,0.20,-1,-1,-1
4,-1,2258.00,1387.81,89.82,119.26,0.20,-1,-1,-1
4,-1,1699.94,1183.16,32.95,30.21,0.19,-1,-1,-1
4,-1,2246.67,870.39,68.69,71.13,0.19,-1,-1,-1
4,-1,2083.39,832.11,57.20,13.88,0.19,-1,-1,-1
4,-1,1794.60,1584.34,54.49,39.43,0.18,-1,-1,-1
4,-1,1420.09,1942.33,64.68,42.42,0.17,-1,-1,-1
4,-1,1526.60,1497.92,22.02,21.98,0.14,-1,-1,-1
4,-1,1545.98,1464.88,28.44,35.61,0.14,-1,-1,-1
4,-1,1714.17,1198.69,18.43,14.77,0.14,-1,-1,-1
4,-1,1604.89,1455.64,26.12,17.01,0.13,-1,-1,-1
4,-1,1799.71,1603.80,40.83,20.36,0.13,-1,-1,-1
4,-1,1673.13,900.94,27.12,23.04,0.13,-1,-1,-1
4,-1,2230.83,1813.78,42.18,46.09,0.12,-1,-1,-1
4,-1,1914.62,1350.57,41.04,35.03,0.12,-1,-1,-1
4,-1,2790.02,1894.86,45.70,33.74,0.11,-1,-1,-1
4,-1,1915.26,1350.88,40.44,34.95,0.10,-1,-1,-1
4,-1,1673.34,1291.46,24.64,18.53,0.10,-1,-1,-1
4,-1,2156.13,1534.02,26.98,34.45,0.10,-1,-1,-1
4,-1,1914.86,1351.12,40.89,34.54,0.09,-1,-1,-1
4,-1,2156.82,1541.37,23.08,26.74,0.09,-1,-1,-1
4,-1,1938.56,1907.55,20.77,15.98,0.09,-1,-1,-1
4,-1,1507.66,629.58,36.93,59.37,0.09,-1,-1,-1
4,-1,1526.73,1497.42,21.23,22.55,0.09,-1,-1,-1
4,-1,1526.42,1498.07,21.32,21.86,0.08,-1,-1,-1
4,-1,1444.03,1943.78,40.44,31.22,0.08,-1,-1,-1
4,-1,1858.58,1758.01,27.04,23.64,0.08,-1,-1,-1
4,-1,1702.05,1183.11,31.59,30.91,0.08,-1,-1,-1
4,-1,1134.28,1328.23,14.18,33.03,0.07,-1,-1,-1
4,-1,1605.05,1601.18,29.08,32.03,0.07,-1,-1,-1
4,-1,2090.55,798.70,32.70,32.14,0.07,-1,-1,-1
4,-1,1621.33,864.55,66.37,55.34,0.07,-1,-1,-1
4,-1,1720.32,1503.31,38.42,18.63,0.07,-1,-1,-1
4,-1,2230.04,1812.64,43.45,47.59,0.06,-1,-1,-1
4,-1,700.09,1180.96,33.62,19.04,0.06,-1,-1,-1
4,-1,2235.01,1841.74,37.48,18.04,0.06,-1,-1,-1
4,-1,700.04,1181.10,33.36,18.72,0.06,-1,-1,-1
4,-1,1667.29,872.88,41.90,50.07,0.06,-1,-1,-1
4,-1,1444.50,1945.04,40.05,30.03,0.06,-1,-1,-1
4,-1,1822.99,1583.84,26.43,25.63,0.06,-1,-1,-1
4,-1,2060.94,794.26,48.45,14.18,0.05,-1,-1,-1
4,-1,244.30,997.78,825.00,851.11,0.05,-1,-1,-1
4,-1,1782.26,1602.40,41.87,22.57,0.05,-1,-1,-1
4,-1,336.60,1317.94,42.99,32.13,0.05,-1,-1,-1
4,-1,699.97,1180.96,33.27,18.83,0.05,-1,-1,-1
5,-1,1893.73,514.75,96.66,113.39,0.91,-1,-1,-1
5,-1,1474.67,1561.77,32.24,41.25,0.87,-1,-1,-1
5,-1,1441.69,618.95,159.58,51.17,0.87,-1,-1,-1
5,-1,1696.82,1182.64,40.69,30.30,0.82,-1,-1,-1
5,-1,1667.71,787.32,49.89,135.01,0.82,-1,-1,-1
5,-1,2179.70,878.40,107.97,74.51,0.81,-1,-1,-1
5,-1,1861.93,1747.71,28.14,31.17,0.69,-1,-1,-1
5,-1,1794.82,1546.06,62.50,83.55,0.68,-1,-1,-1
5,-1,1721.15,1485.35,37.87,39.25,0.67,-1,-1,-1
5,-1,1596.35,1450.23,36.16,34.41,0.63,-1,-1,-1
5,-1,2258.46,1387.10,89.11,118.59,0.61,-1,-1,-1
5,-1,1548.40,1472.67,27.17,31.12,0.60,-1,-1,-1
5,-1,1961.32,1681.82,16.25,15.11,0.56,-1,-1,-1
5,-1,1622.03,1408.25,26.13,31.79,0.54,-1,-1,-1
5,-1,2179.22,880.27,106.27,72.20,0.51,-1,-1,-1
5,-1,1650.56,826.33,69.07,93.40,0.42,-1,-1,-1
5,-1,1939.36,1895.79,37.09,28.14,0.41,-1,-1,-1
5,-1,1623.04,1416.66,24.48,22.67,0.39,-1,-1,-1
5,-1,1941.10,1890.98,32.10,30.98,0.38,-1,-1,-1
5,-1,2228.82,1810.75,47.22,48.77,0.38,-1,-1,-1
5,-1,1422.07,1940.11,64.42,39.71,0.37,-1,-1,-1
5,-1,1914.47,1350.90,40.71,34.76,0.37,-1,-1,-1
5,-1,2280.42,1283.79,22.57,34.52,0.36,-1,-1,-1
5,-1,1476.90,1587.06,16.40,16.10,0.32,-1,-1,-1
5,-1,2038.48,1470.27,29.94,38.36,0.31,-1,-1,-1
5,-1,2258.71,1386.79,88.69,118.86,0.28,-1,-1,-1
5,-1,2279.97,1283.79,22.73,34.80,0.28,-1,-1,-1
5,-1,1944.38,1897.80,15.56,23.13,0.28,-1,-1,-1
5,-1,1112.20,1244.50,65.25,120.57,0.25,-1,-1,-1
5,-1,1421.36,1939.84,64.13,40.65,0.25,-1,-1,-1
5,-1,1493.14,634.02,32.53,48.17,0.25,-1,-1,-1
5,-1,1914.37,1350.70,40.70,34.88,0.23,-1,-1,-1
5,-1,1528.20,1494.23,20.33,27.58,0.23,-1,-1,-1
5,-1,336.88,1318.71,41.53,30.79,0.22,-1,-1,-1
5,-1,1705.64,1197.85,31.89,17.17,0.22,-1,-1,-1
5,-1,2038.73,1470.34,29.92,37.51,0.20,-1,-1,-1
5,-1,1960.98,1653.48,16.56,41.72,0.19,-1,-1,-1
5,-1,2228.33,1810.36,47.66,49.11,0.19,-1,-1,-1
5,-1,1626.68,1597.97,33.71,27.35,0.19,-1,-1,-1
5,-1,2258.89,1387.14,88.19,118.54,0.19,-1,-1,-1
5,-1,1528.69,1493.63,20.17,27.82,0.19,-1,-1,-1
5,-1,1695.86,1203.70,29.41,12.46,0.18,-1,-1,-1
5,-1,1941.66,1652.53,35.50,45.18,0.16,-1,-1,-1
5,-1,1914.77,1350.65,40.31,35.33,0.15,-1,-1,-1
5,-1,1596.67,1464.94,36.44,19.94,0.14,-1,-1,-1
5,-1,1962.02,1653.79,15.92,40.94,0.14,-1,-1,-1
5,-1,1535.54,1476.14,38.14,39.61,0.13,-1,-1,-1
5,-1,2243.17,867.77,66.20,70.30,0.12,-1,-1,-1
5,-1,1828.98,1545.99,28.92,42.25,0.11,-1,-1,-1
5,-1,2274.57,1441.78,26.81,41.94,0.11,-1,-1,-1
5,-1,1939.76,1905.97,26.69,16.74,0.10,-1,-1,-1
5,-1,1795.50,1603.62,45.45,24.82,0.10,-1,-1,-1
5,-1,1111.55,1244.01,67.75,125.09,0.10,-1,-1,-1
5,-1,2228.54,1810.08,47.62,50.36,0.10,-1,-1,-1
5,-1,1939.30,1907.40,22.82,15.34,0.09,-1,-1,-1
5,-1,2151.09,1530.58,34.42,34.93,0.09,-1,-1,-1
5,-1,2279.80,1307.76,22.21,11.60,0.09,-1,-1,-1
5,-1,1721.00,1502.48,37.49,21.98,0.07,-1,-1,-1
5,-1,1421.15,1940.00,65.77,40.20,0.07,-1,-1,-1
5,-1,1450.18,1941.37,36.23,32.63,0.07,-1,-1,-1
5,-1,2270.62,1412.13,69.14,81.23,0.07,-1,-1,-1
5,-1,1113.05,1243.50,65.85,124.68,0.07,-1,-1,-1
5,-1,1111.97,1244.64,65.83,120.72,0.07,-1,-1,-1
5,-1,1720.69,1502.72,36.72,22.18,0.07,-1,-1,-1
5,-1,700.68,1181.33,33.67,19.11,0.07,-1,-1,-1
5,-1,1113.07,1244.92,59.94,115.49,0.06,-1,-1,-1
5,-1,1132.74,1309.43,41.56,44.97,0.05,-1,-1,-1
6,-1,2177.20,876.43,107.03,78.46,0.89,-1,-1,-1
6,-1,1895.89,515.81,98.29,110.31,0.88,-1,-1,-1
6,-1,1433.13,619.46,159.68,48.52,0.88,-1,-1,-1
6,-1,1672.77,788.43,47.11,135.56,0.83,-1,-1,-1
6,-1,1797.13,1547.04,69.27,83.69,0.75,-1,-1,-1
6,-1,1701.59,1176.39,40.98,35.04,0.75,-1,-1,-1
6,-1,1719.55,1481.86,44.12,49.47,0.75,-1,-1,-1
6,-1,1477.08,1558.73,29.26,44.50,0.66,-1,-1,-1
6,-1,1940.38,1888.09,32.84,34.31,0.61,-1,-1,-1
6,-1,1116.94,1250.99,64.62,109.43,0.57,-1,-1,-1
6,-1,1866.66,1755.01,26.01,21.99,0.54,-1,-1,-1
6,-1,2277.96,1280.69,31.96,43.62,0.52,-1,-1,-1
6,-1,2227.07,1807.99,50.16,53.04,0.52,-1,-1,-1
6,-1,1963.52,1680.91,14.79,15.45,0.51,-1,-1,-1
6,-1,1613.26,806.20,114.19,123.04,0.50,-1,-1,-1
6,-1,1531.49,1496.62,21.58,18.85,0.49,-1,-1,-1
6,-1,1726.39,1193.50,16.02,18.84,0.47,-1,-1,-1
6,-1,2258.81,1386.45,90.11,118.13,0.45,-1,-1,-1
6,-1,2242.10,867.42,65.82,72.27,0.45,-1,-1,-1
6,-1,1601.75,1465.69,32.28,19.44,0.44,-1,-1,-1
6,-1,1940.21,1899.52,36.45,25.17,0.44,-1,-1,-1
6,-1,1625.55,1408.64,23.75,29.94,0.42,-1,-1,-1
6,-1,2037.87,1470.52,29.78,39.91,0.41,-1,-1,-1
6,-1,1425.31,1937.57,66.83,42.50,0.40,-1,-1,-1
6,-1,1915.58,1350.82,40.25,34.68,0.39,-1,-1,-1
6,-1,1547.64,1476.30,26.17,23.03,0.39,-1,-1,-1
6,-1,1606.74,1453.58,27.64,27.36,0.36,-1,-1,-1
6,-1,1962.68,1656.24,17.04,39.31,0.36,-1,-1,-1
6,-1,1675.79,1288.46,24.11,21.16,0.35,-1,-1,-1
6,-1,1625.85,1410.27,23.32,28.27,0.32,-1,-1,-1
6,-1,1477.43,625.61,37.90,58.09,0.30,-1,-1,-1
6,-1,2227.52,1808.31,49.70,52.71,0.29,-1,-1,-1
6,-1,1606.09,1453.76,15.32,16.76,0.28,-1,-1,-1
6,-1,702.30,1181.03,36.31,19.50,0.27,-1,-1,-1
6,-1,1130.37,1300.86,52.02,58.02,0.26,-1,-1,-1
6,-1,1627.19,1597.10,44.93,28.79,0.26,-1,-1,-1
6,-1,2259.42,1385.96,89.45,118.48,0.25,-1,-1,-1
6,-1,1116.89,1251.20,56.91,103.98,0.22,-1,-1,-1
6,-1,1528.67,1510.50,18.67,15.61,0.21,-1,-1,-1
6,-1,1650.60,810.19,63.41,98.76,0.20,-1,-1,-1
6,-1,2273.20,1441.79,38.25,45.78,0.18,-1,-1,-1
6,-1,1872.66,1741.03,21.80,31.72,0.17,-1,-1,-1
6,-1,2258.59,1386.39,89.97,118.58,0.17,-1,-1,-1
6,-1,1915.25,1350.90,40.61,34.25,0.15,-1,-1,-1
6,-1,1601.43,1466.53,30.94,18.15,0.15,-1,-1,-1
6,-1,1867.39,1757.94,26.13,18.90,0.14,-1,-1,-1
6,-1,2150.79,1531.51,33.80,28.94,0.14,-1,-1,-1
6,-1,2143.92,104.45,10.26,9.99,0.14,-1,-1,-1
6,-1,2277.63,1281.19,30.78,44.70,0.12,-1,-1,-1
6,-1,1477.28,1559.29,28.96,43.77,0.12,-1,-1,-1
6,-1,1654.67,811.29,39.30,57.28,0.12,-1,-1,-1
6,-1,1783.00,1581.72,61.22,62.82,0.12,-1,-1,-1
6,-1,2277.46,1306.85,32.57,18.02,0.11,-1,-1,-1
6,-1,1915.47,1350.80,40.44,34.47,0.10,-1,-1,-1
6,-1,1538.62,1485.43,14.61,14.32,0.09,-1,-1,-1
6,-1,1476.75,1559.20,29.69,43.69,0.09,-1,-1,-1
6,-1,1792.30,1623.72,50.72,21.13,0.09,-1,-1,-1
6,-1,1592.05,1480.25,16.30,15.18,0.09,-1,-1,-1
6,-1,1782.53,1581.30,34.93,50.52,0.08,-1,-1,-1
6,-1,1682.85,2006.28,18.96,9.34,0.08,-1,-1,-1
6,-1,1856.26,1758.72,37.61,33.86,0.08,-1,-1,-1
6,-1,1617.87,1457.41,19.92,25.08,0.07,-1,-1,-1
6,-1,1705.21,1191.52,36.33,20.99,0.07,-1,-1,-1
6,-1,1476.95,1577.86,21.91,24.84,0.07,-1,-1,-1
6,-1,1939.26,1908.49,19.48,15.81,0.07,-1,-1,-1
6,-1,1855.05,1755.12,36.42,38.86,0.06,-1,-1,-1
6,-1,1745.33,1511.08,16.78,18.22,0.06,-1,-1,-1
6,-1,1425.17,1937.31,67.24,43.28,0.06,-1,-1,-1
6,-1,1662.90,864.20,42.80,58.50,0.06,-1,-1,-1
6,-1,1477.13,1559.47,29.34,43.80,0.05,-1,-1,-1
6,-1,2175.91,868.30,131.24,84.78,0.05,-1,-1,-1
6,-1,2276.72,1442.05,21.68,28.89,0.05,-1,-1,-1
7,-1,2175.64,878.36,106.08,78.23,0.89,-1,-1,-1
7,-1,1422.74,619.87,159.92,49.19,0.85,-1,-1,-1
7,-1,1898.82,513.31,98.31,112.97,0.79,-1,-1,-1
7,-1,1683.86,788.12,46.19,133.90,0.78,-1,-1,-1
7,-1,1871.39,1744.11,27.07,32.43,0.75,-1,-1,-1
7,-1,2278.15,1278.09,25.90,37.48,0.70,-1,-1,-1
7,-1,1945.19,1887.19,34.65,37.78,0.69,-1,-1,-1
7,-1,1709.95,1176.26,38.48,33.46,0.69,-1,-1,-1
7,-1,2263.35,1386.36,87.95,118.60,0.68,-1,-1,-1
7,-1,1657.89,849.80,56.70,70.13,0.63,-1,-1,-1
7,-1,1941.43,1911.06,23.41,16.99,0.59,-1,-1,-1
7,-1,2230.61,1805.09,52.07,63.56,0.59,-1,-1,-1
7,-1,2033.23,1462.17,43.75,54.47,0.56,-1,-1,-1
7,-1,2277.86,1305.92,28.07,11.13,0.55,-1,-1,-1
7,-1,1484.58,1561.64,31.31,39.50,0.53,-1,-1,-1
7,-1,1631.01,1409.40,24.11,28.26,0.47,-1,-1,-1
7,-1,1123.95,1257.41,67.83,108.51,0.44,-1,-1,-1
7,-1,1844.00,1537.79,38.31,48.58,0.40,-1,-1,-1
7,-1,2244.37,864.40,62.61,76.23,0.40,-1,-1,-1
7,-1,1941.85,1902.77,37.97,24.99,0.40,-1,-1,-1
7,-1,1966.12,1650.40,18.09,43.01,0.40,-1,-1,-1
7,-1,1541.29,1480.12,34.29,26.71,0.39,-1,-1,-1
7,-1,1717.70,1484.05,47.70,54.98,0.37,-1,-1,-1
7,-1,2154.54,1527.54,31.38,27.61,0.37,-1,-1,-1
7,-1,1433.54,1935.36,63.37,42.12,0.35,-1,-1,-1
7,-1,2276.13,1404.04,72.72,85.01,0.33,-1,-1,-1
7,-1,1631.95,1415.01,22.68,22.74,0.32,-1,-1,-1
7,-1,2262.70,1386.28,88.96,118.53,0.31,-1,-1,-1
7,-1,1607.85,1459.29,35.41,25.98,0.28,-1,-1,-1
7,-1,1968.53,1659.19,15.36,35.32,0.25,-1,-1,-1
7,-1,1433.67,1935.61,62.11,41.45,0.25,-1,-1,-1
7,-1,1968.77,1658.28,15.35,36.49,0.24,-1,-1,-1
7,-1,1919.42,1346.06,40.43,38.21,0.24,-1,-1,-1
7,-1,1636.09,1597.70,32.09,31.06,0.23,-1,-1,-1
7,-1,1433.71,1935.78,63.37,42.28,0.22,-1,-1,-1
7,-1,1919.51,1345.41,40.29,38.55,0.22,-1,-1,-1
7,-1,1730.00,1484.84,32.34,35.72,0.19,-1,-1,-1
7,-1,1608.22,1451.88,20.31,19.66,0.18,-1,-1,-1
7,-1,1132.79,1298.95,56.61,66.79,0.17,-1,-1,-1
7,-1,1715.92,1501.78,53.19,39.59,0.16,-1,-1,-1
7,-1,1124.63,1257.56,60.70,108.75,0.16,-1,-1,-1
7,-1,1794.53,1535.71,88.67,99.56,0.15,-1,-1,-1
7,-1,1798.58,1582.99,64.27,48.78,0.15,-1,-1,-1
7,-1,2231.44,1806.57,50.87,62.29,0.14,-1,-1,-1
7,-1,1871.76,1758.30,26.03,18.83,0.13,-1,-1,-1
7,-1,1539.31,1492.23,22.11,14.42,0.13,-1,-1,-1
7,-1,2263.13,1387.24,87.93,116.59,0.12,-1,-1,-1
7,-1,343.30,1316.55,35.58,32.11,0.12,-1,-1,-1
7,-1,1455.85,614.18,97.57,58.61,0.11,-1,-1,-1
7,-1,1680.23,1288.63,25.14,21.65,0.11,-1,-1,-1
7,-1,1600.14,1467.31,36.74,23.37,0.11,-1,-1,-1
7,-1,707.36,1180.30,36.44,20.63,0.11,-1,-1,-1
7,-1,1661.35,813.65,33.81,49.91,0.11,-1,-1,-1
7,-1,1548.69,1458.01,12.85,13.73,0.10,-1,-1,-1
7,-1,1539.90,1494.30,25.36,12.88,0.10,-1,-1,-1
7,-1,2154.80,1528.61,30.50,26.21,0.10,-1,-1,-1
7,-1,1607.48,1467.33,35.53,18.18,0.09,-1,-1,-1
7,-1,1607.48,1465.02,18.59,18.11,0.09,-1,-1,-1
7,-1,2230.24,1803.20,52.55,65.92,0.09,-1,-1,-1
7,-1,1716.58,1486.63,51.54,54.17,0.09,-1,-1,-1
7,-1,1123.41,1258.04,68.97,107.94,0.08,-1,-1,-1
7,-1,1797.61,1601.82,38.18,31.49,0.08,-1,-1,-1
7,-1,1834.05,1565.71,40.64,20.74,0.08,-1,-1,-1
7,-1,1680.27,1287.56,26.07,22.82,0.08,-1,-1,-1
7,-1,1484.56,1561.62,31.54,39.61,0.08,-1,-1,-1
7,-1,1685.48,906.29,20.04,15.33,0.08,-1,-1,-1
7,-1,707.08,1180.37,37.66,20.40,0.08,-1,-1,-1
7,-1,1797.02,1602.96,37.09,30.37,0.08,-1,-1,-1
7,-1,1715.85,1501.10,52.90,40.53,0.07,-1,-1,-1
7,-1,1681.44,879.40,35.69,42.04,0.07,-1,-1,-1
7,-1,1531.57,1501.39,24.09,23.27,0.07,-1,-1,-1
7,-1,2033.37,1462.94,47.72,53.71,0.07,-1,-1,-1
7,-1,2174.46,866.58,131.60,88.22,0.07,-1,-1,-1
7,-1,2230.13,1802.97,52.70,66.33,0.07,-1,-1,-1
7,-1,1643.17,1613.12,21.30,15.78,0.06,-1,-1,-1
7,-1,1716.18,1485.48,51.98,55.77,0.06,-1,-1,-1
7,-1,1540.91,1498.23,23.99,10.12,0.06,-1,-1,-1
7,-1,1860.33,1757.89,38.22,31.39,0.06,-1,-1,-1
7,-1,2277.38,1446.39,54.24,42.67,0.06,-1,-1,-1
7,-1,2277.43,1464.96,42.85,24.41,0.06,-1,-1,-1
7,-1,1663.37,837.78,30.22,24.01,0.05,-1,-1,-1
7,-1,1638.61,1599.70,28.73,29.17,0.05,-1,-1,-1
7,-1,707.24,1180.37,36.15,20.14,0.05,-1,-1,-1
7,-1,1599.30,1474.37,20.82,19.09,0.05,-1,-1,-1
7,-1,2277.71,1279.24,27.58,36.89,0.05,-1,-1,-1
8,-1,2175.89,879.24,104.05,78.92,0.90,-1,-1,-1
8,-1,1414.25,619.71,161.90,47.60,0.86,-1,-1,-1
8,-1,1905.48,511.85,98.00,114.43,0.83,-1,-1,-1
8,-1,1720.18,1178.89,38.14,33.81,0.81,-1,-1,-1
8,-1,1877.32,1745.41,27.53,31.28,0.80,-1,-1,-1
8,-1,1639.90,1407.07,23.47,31.30,0.78,-1,-1,-1
8,-1,1950.09,1890.10,34.73,35.77,0.77,-1,-1,-1
8,-1,1717.77,1490.16,63.17,54.63,0.71,-1,-1,-1
8,-1,1693.23,793.15,53.24,96.57,0.71,-1,-1,-1
8,-1,1444.85,1934.96,64.28,40.87,0.67,-1,-1,-1
8,-1,2281.94,1276.41,29.88,38.16,0.63,-1,-1,-1
8,-1,1946.59,1907.72,38.80,20.54,0.53,-1,-1,-1
8,-1,2234.85,1807.31,54.86,66.72,0.52,-1,-1,-1
8,-1,2237.20,869.42,74.49,78.30,0.50,-1,-1,-1
8,-1,1665.16,860.64,59.47,62.63,0.50,-1,-1,-1
8,-1,1946.03,1912.64,22.11,14.97,0.49,-1,-1,-1
8,-1,1133.48,1263.29,63.25,107.26,0.48,-1,-1,-1
8,-1,1615.25,1448.93,36.15,38.35,0.45,-1,-1,-1
8,-1,2268.39,1385.87,89.21,120.15,0.45,-1,-1,-1
8,-1,1549.11,1481.18,32.97,23.93,0.39,-1,-1,-1
8,-1,2268.18,1385.89,89.56,119.83,0.37,-1,-1,-1
8,-1,1973.19,1652.55,18.72,42.17,0.35,-1,-1,-1
8,-1,1131.27,1299.62,76.79,72.32,0.35,-1,-1,-1
8,-1,2234.94,1806.87,55.18,67.22,0.34,-1,-1,-1
8,-1,1828.21,1542.92,59.76,87.78,0.34,-1,-1,-1
8,-1,1925.25,1350.76,40.69,32.88,0.33,-1,-1,-1
8,-1,1545.48,1496.26,31.78,14.34,0.32,-1,-1,-1
8,-1,1924.90,1350.82,41.07,32.91,0.30,-1,-1,-1
8,-1,1851.31,1542.84,37.41,44.43,0.30,-1,-1,-1
8,-1,1493.33,1559.68,26.10,39.06,0.27,-1,-1,-1
8,-1,1719.76,1193.95,10.88,18.29,0.26,-1,-1,-1
8,-1,1973.86,1655.70,17.41,38.11,0.25,-1,-1,-1
8,-1,2034.48,1469.21,51.83,50.57,0.24,-1,-1,-1
8,-1,1647.38,1596.29,36.61,35.26,0.23,-1,-1,-1
8,-1,1924.88,1350.79,41.01,32.72,0.23,-1,-1,-1
8,-1,1493.24,1559.78,26.14,38.91,0.23,-1,-1,-1
8,-1,2034.03,1471.91,52.10,47.76,0.22,-1,-1,-1
8,-1,1565.84,1482.61,16.88,21.38,0.22,-1,-1,-1
8,-1,2157.50,1518.01,36.44,34.56,0.22,-1,-1,-1
8,-1,2034.14,1471.80,52.01,47.92,0.21,-1,-1,-1
8,-1,2268.56,1385.92,88.77,119.67,0.20,-1,-1,-1
8,-1,1800.95,1605.21,33.76,34.57,0.17,-1,-1,-1
8,-1,1614.09,1467.75,18.54,17.74,0.17,-1,-1,-1
8,-1,1687.15,1290.04,24.01,20.89,0.16,-1,-1,-1
8,-1,1446.83,608.78,104.57,61.62,0.16,-1,-1,-1
8,-1,1801.04,1605.23,33.31,35.06,0.16,-1,-1,-1
8,-1,1493.22,1559.96,26.38,39.11,0.16,-1,-1,-1
8,-1,1550.77,1493.22,27.16,15.51,0.16,-1,-1,-1
8,-1,1540.34,1493.57,37.43,16.61,0.15,-1,-1,-1
8,-1,1829.67,1583.45,35.51,47.28,0.13,-1,-1,-1
8,-1,1886.06,1759.62,18.86,16.48,0.12,-1,-1,-1
8,-1,1494.15,1578.68,22.91,20.07,0.12,-1,-1,-1
8,-1,1615.19,1464.54,35.15,22.36,0.12,-1,-1,-1
8,-1,1618.38,1448.08,19.02,21.87,0.12,-1,-1,-1
8,-1,1663.51,809.55,80.13,120.43,0.11,-1,-1,-1
8,-1,1629.27,1471.07,21.37,15.92,0.11,-1,-1,-1
8,-1,2234.40,1807.37,55.78,67.38,0.10,-1,-1,-1
8,-1,1829.05,1585.49,36.36,24.34,0.10,-1,-1,-1
8,-1,714.23,1181.47,37.03,18.87,0.09,-1,-1,-1
8,-1,2284.27,1444.33,24.70,44.14,0.09,-1,-1,-1
8,-1,1814.76,1542.78,51.14,53.71,0.08,-1,-1,-1
8,-1,1614.49,1468.85,18.36,16.73,0.08,-1,-1,-1
8,-1,1130.79,1301.43,77.29,70.85,0.08,-1,-1,-1
8,-1,1832.79,1601.69,21.30,28.50,0.08,-1,-1,-1
8,-1,1662.88,797.29,83.71,133.79,0.08,-1,-1,-1
8,-1,1717.60,1491.39,63.61,55.32,0.08,-1,-1,-1
8,-1,1630.61,1472.37,20.65,14.39,0.08,-1,-1,-1
8,-1,1866.68,1762.01,36.48,32.43,0.07,-1,-1,-1
8,-1,1640.86,1422.20,22.31,16.38,0.07,-1,-1,-1
8,-1,1839.12,1542.95,26.99,39.75,0.07,-1,-1,-1
8,-1,1619.95,1623.85,15.60,13.95,0.07,-1,-1,-1
8,-1,1445.00,1935.23,64.33,40.81,0.07,-1,-1,-1
8,-1,2230.61,1856.65,39.58,19.50,0.06,-1,-1,-1
8,-1,351.61,1320.35,35.74,28.44,0.05,-1,-1,-1
8,-1,1658.56,1601.52,23.89,28.33,0.05,-1,-1,-1
9,-1,1408.90,618.60,160.68,47.17,0.84,-1,-1,-1
9,-1,1732.31,1179.55,39.59,34.74,0.79,-1,-1,-1
9,-1,1956.69,1888.63,35.53,39.90,0.79,-1,-1,-1
9,-1,2177.30,881.15,104.65,79.43,0.78,-1,-1,-1
9,-1,1885.10,1743.96,29.35,32.55,0.78,-1,-1,-1
9,-1,1650.82,1408.65,24.42,29.91,0.76,-1,-1,-1
9,-1,2039.85,1479.90,46.55,55.84,0.75,-1,-1,-1
9,-1,1980.62,1655.45,20.30,39.18,0.73,-1,-1,-1
9,-1,2284.05,1274.95,30.41,43.00,0.66,-1,-1,-1
9,-1,1953.60,1907.76,39.36,22.25,0.66,-1,-1,-1
9,-1,1553.75,1493.66,36.16,27.34,0.66,-1,-1,-1
9,-1,2274.95,1386.59,89.40,119.61,0.65,-1,-1,-1
9,-1,2161.03,1512.46,42.42,35.21,0.61,-1,-1,-1
9,-1,1811.21,1548.31,77.38,98.68,0.59,-1,-1,-1
9,-1,2243.27,1807.20,62.54,68.63,0.53,-1,-1,-1
9,-1,1145.17,1269.30,67.62,110.67,0.52,-1,-1,-1
9,-1,1691.77,796.53,67.73,128.30,0.51,-1,-1,-1
9,-1,1455.39,1933.50,69.06,42.71,0.50,-1,-1,-1
9,-1,1914.51,512.25,97.02,115.48,0.48,-1,-1,-1
9,-1,1556.71,1480.83,23.51,24.86,0.47,-1,-1,-1
9,-1,1952.78,1913.02,22.34,16.28,0.47,-1,-1,-1
9,-1,1653.55,1591.70,33.99,39.02,0.43,-1,-1,-1
9,-1,1620.77,1456.88,32.20,43.25,0.41,-1,-1,-1
9,-1,1502.70,1557.88,26.91,43.81,0.40,-1,-1,-1
9,-1,1723.44,1489.28,77.87,54.39,0.37,-1,-1,-1
9,-1,2274.61,1386.66,90.44,119.23,0.36,-1,-1,-1
9,-1,1502.81,1557.48,26.62,44.16,0.34,-1,-1,-1
9,-1,2243.45,1806.42,61.77,69.46,0.34,-1,-1,-1
9,-1,2177.04,882.79,104.84,78.21,0.33,-1,-1,-1
9,-1,1914.13,511.89,97.38,115.23,0.32,-1,-1,-1
9,-1,1721.45,1486.47,80.22,58.65,0.32,-1,-1,-1
9,-1,2284.38,1275.00,30.28,42.36,0.32,-1,-1,-1
9,-1,1931.62,1347.22,40.94,33.88,0.31,-1,-1,-1
9,-1,1914.36,512.39,96.99,115.44,0.27,-1,-1,-1
9,-1,2243.69,1806.19,61.59,69.88,0.27,-1,-1,-1
9,-1,1983.56,1658.19,16.93,36.44,0.27,-1,-1,-1
9,-1,1502.77,1557.93,26.91,43.58,0.26,-1,-1,-1
9,-1,360.61,1317.55,33.07,30.66,0.22,-1,-1,-1
9,-1,1931.55,1347.97,40.92,33.17,0.20,-1,-1,-1
9,-1,1711.91,796.68,46.02,53.99,0.20,-1,-1,-1
9,-1,1682.52,837.85,78.36,86.76,0.19,-1,-1,-1
9,-1,1695.73,1290.75,24.63,20.43,0.19,-1,-1,-1
9,-1,1555.69,1481.94,33.11,37.03,0.19,-1,-1,-1
9,-1,1573.40,1473.93,18.43,19.63,0.18,-1,-1,-1
9,-1,2240.46,869.36,64.41,80.22,0.17,-1,-1,-1
9,-1,1984.94,1675.86,13.38,19.63,0.17,-1,-1,-1
9,-1,1720.35,1190.17,29.49,35.26,0.16,-1,-1,-1
9,-1,1138.72,1272.76,82.01,124.56,0.16,-1,-1,-1
9,-1,1451.84,602.58,92.16,68.82,0.15,-1,-1,-1
9,-1,1889.49,1759.21,24.45,17.46,0.15,-1,-1,-1
9,-1,1632.81,1478.66,20.24,22.76,0.14,-1,-1,-1
9,-1,1573.00,1474.24,17.93,20.44,0.14,-1,-1,-1
9,-1,1682.78,836.62,78.81,88.45,0.14,-1,-1,-1
9,-1,1651.72,1423.23,24.19,15.61,0.13,-1,-1,-1
9,-1,1145.80,1270.75,65.65,111.17,0.13,-1,-1,-1
9,-1,1458.05,603.50,41.86,68.09,0.12,-1,-1,-1
9,-1,1720.09,1215.15,29.29,10.73,0.11,-1,-1,-1
9,-1,2176.10,870.54,127.40,88.10,0.10,-1,-1,-1
9,-1,1871.39,1758.08,43.22,37.72,0.09,-1,-1,-1
9,-1,1455.89,1933.89,68.38,42.43,0.09,-1,-1,-1
9,-1,722.30,1181.72,37.63,19.58,0.09,-1,-1,-1
9,-1,2160.11,1532.17,17.59,14.39,0.09,-1,-1,-1
9,-1,1145.81,1270.03,67.80,111.28,0.08,-1,-1,-1
9,-1,2248.18,1858.56,20.08,19.79,0.08,-1,-1,-1
9,-1,1931.51,1347.41,41.23,33.76,0.08,-1,-1,-1
9,-1,722.59,1181.94,36.83,19.26,0.07,-1,-1,-1
9,-1,2597.45,253.71,17.02,17.80,0.07,-1,-1,-1
9,-1,2158.23,1532.51,20.72,29.60,0.07,-1,-1,-1
9,-1,2047.40,1518.79,15.48,17.29,0.07,-1,-1,-1
9,-1,1620.39,1457.11,34.93,44.75,0.06,-1,-1,-1
9,-1,1144.81,1269.43,68.00,110.32,0.06,-1,-1,-1
9,-1,2289.07,1407.80,72.85,84.97,0.06,-1,-1,-1
9,-1,1725.03,1179.03,47.59,43.77,0.06,-1,-1,-1
9,-1,1683.25,858.96,45.08,66.84,0.06,-1,-1,-1
9,-1,364.63,1325.76,28.46,22.69,0.06,-1,-1,-1
9,-1,148.56,550.61,826.37,851.78,0.05,-1,-1,-1
9,-1,2290.99,1441.28,32.56,46.53,0.05,-1,-1,-1
10,-1,1403.43,609.23,160.18,55.60,0.88,-1,-1,-1
10,-1,1921.58,511.38,98.32,112.58,0.86,-1,-1,-1
10,-1,2287.98,1272.00,36.88,49.13,0.85,-1,-1,-1
10,-1,2249.92,1804.82,64.38,74.91,0.83,-1,-1,-1
10,-1,1889.46,1736.56,31.23,39.81,0.81,-1,-1,-1
10,-1,1707.66,798.02,61.24,125.54,0.79,-1,-1,-1
10,-1,2178.28,885.65,106.36,77.88,0.79,-1,-1,-1
10,-1,1510.08,1556.44,26.22,48.12,0.78,-1,-1,-1
10,-1,1742.39,1178.18,43.00,36.47,0.77,-1,-1,-1
10,-1,2281.24,1386.98,89.25,120.69,0.72,-1,-1,-1
10,-1,1959.72,1893.95,38.87,37.39,0.71,-1,-1,-1
10,-1,1463.67,1929.26,70.68,45.53,0.65,-1,-1,-1
10,-1,1551.57,1479.79,46.17,27.65,0.63,-1,-1,-1
10,-1,1658.06,1407.96,25.90,32.07,0.59,-1,-1,-1
10,-1,1958.61,1914.12,23.23,19.02,0.57,-1,-1,-1
10,-1,2178.26,882.17,107.42,81.38,0.54,-1,-1,-1
10,-1,1692.31,844.31,43.49,83.51,0.51,-1,-1,-1
10,-1,2273.14,1814.98,41.85,63.16,0.50,-1,-1,-1
10,-1,1657.16,1589.30,43.69,44.84,0.41,-1,-1,-1
10,-1,2043.32,1483.80,41.85,34.66,0.39,-1,-1,-1
10,-1,1938.37,1349.35,38.04,31.66,0.38,-1,-1,-1
10,-1,366.39,1319.64,31.68,28.61,0.37,-1,-1,-1
10,-1,1625.79,1455.90,27.85,41.49,0.36,-1,-1,-1
10,-1,1153.20,1273.64,64.31,110.52,0.35,-1,-1,-1
10,-1,1733.07,1192.09,16.93,34.81,0.32,-1,-1,-1
10,-1,1988.18,1658.98,20.42,33.94,0.29,-1,-1,-1
10,-1,1987.93,1659.93,20.49,25.43,0.22,-1,-1,-1
10,-1,1722.15,1477.94,73.16,66.93,0.21,-1,-1,-1
10,-1,1963.14,1910.29,34.59,20.95,0.20,-1,-1,-1
10,-1,1645.90,1406.83,39.18,57.78,0.19,-1,-1,-1
10,-1,1938.31,1349.35,38.08,31.91,0.19,-1,-1,-1
10,-1,1921.73,508.09,93.02,119.77,0.19,-1,-1,-1
10,-1,2163.62,1505.73,43.02,35.63,0.18,-1,-1,-1
10,-1,1153.85,1275.11,61.75,110.73,0.16,-1,-1,-1
10,-1,1853.17,1553.00,47.61,58.60,0.16,-1,-1,-1
10,-1,2163.11,1505.59,43.61,35.83,0.13,-1,-1,-1
10,-1,1989.24,1660.00,18.83,35.33,0.13,-1,-1,-1
10,-1,1990.77,1681.74,12.92,13.87,0.12,-1,-1,-1
10,-1,1702.10,1291.64,24.03,19.19,0.12,-1,-1,-1
10,-1,1685.83,801.66,82.23,125.40,0.11,-1,-1,-1
10,-1,2281.39,1386.39,88.74,121.23,0.10,-1,-1,-1
10,-1,1617.85,1469.65,30.72,31.10,0.10,-1,-1,-1
10,-1,2354.72,1432.27,23.63,35.31,0.10,-1,-1,-1
10,-1,2281.02,1386.21,88.84,121.75,0.09,-1,-1,-1
10,-1,1463.65,1929.59,70.98,45.38,0.08,-1,-1,-1
10,-1,369.21,1325.45,24.49,22.61,0.08,-1,-1,-1
10,-1,2022.38,1676.92,15.59,10.87,0.08,-1,-1,-1
10,-1,1463.60,1929.67,71.34,44.93,0.08,-1,-1,-1
10,-1,1853.06,1552.40,47.93,59.54,0.08,-1,-1,-1
10,-1,1146.43,1271.80,79.24,125.67,0.08,-1,-1,-1
10,-1,1152.97,1274.44,64.49,108.95,0.07,-1,-1,-1
10,-1,1510.33,1556.74,25.64,48.26,0.07,-1,-1,-1
10,-1,1989.62,1678.57,17.16,17.46,0.07,-1,-1,-1
10,-1,1723.70,1207.16,25.14,20.96,0.07,-1,-1,-1
10,-1,2261.63,1852.14,37.56,28.19,0.07,-1,-1,-1
10,-1,2355.72,1450.83,22.38,16.54,0.06,-1,-1,-1
10,-1,1854.91,1588.59,27.15,20.47,0.06,-1,-1,-1
10,-1,1702.06,1290.62,24.30,20.13,0.06,-1,-1,-1
11,-1,2181.08,887.74,103.07,77.96,0.90,-1,-1,-1
11,-1,1739.96,1172.14,60.81,44.12,0.86,-1,-1,-1
11,-1,2047.20,1489.45,47.74,31.89,0.81,-1,-1,-1
11,-1,1965.95,1897.36,37.23,33.32,0.80,-1,-1,-1
11,-1,1397.04,613.37,162.22,49.74,0.78,-1,-1,-1
11,-1,1666.88,1408.58,27.17,34.38,0.76,-1,-1,-1
11,-1,1704.67,798.27,73.58,129.52,0.74,-1,-1,-1
11,-1,2285.62,1386.48,90.17,119.02,0.73,-1,-1,-1
11,-1,1926.45,514.64,102.47,107.95,0.72,-1,-1,-1
11,-1,1517.36,1553.04,28.57,52.91,0.69,-1,-1,-1
11,-1,1946.59,1348.56,36.99,41.73,0.68,-1,-1,-1
11,-1,1896.86,1748.00,31.35,27.67,0.62,-1,-1,-1
11,-1,1739.68,1200.13,20.47,15.89,0.58,-1,-1,-1
11,-1,1964.30,1914.97,23.31,16.26,0.58,-1,-1,-1
11,-1,1162.99,1279.86,59.92,108.64,0.57,-1,-1,-1
11,-1,2257.01,1801.83,66.35,75.03,0.52,-1,-1,-1
11,-1,2168.34,1499.84,47.95,32.07,0.49,-1,-1,-1
11,-1,1708.41,1290.79,25.40,20.22,0.47,-1,-1,-1
11,-1,1562.14,1479.52,37.61,25.46,0.44,-1,-1,-1
11,-1,1991.77,1651.00,27.57,29.99,0.40,-1,-1,-1
11,-1,2294.32,1268.16,32.72,45.01,0.40,-1,-1,-1
11,-1,1469.69,1926.87,80.39,45.98,0.36,-1,-1,-1
11,-1,1517.57,1553.17,28.31,52.32,0.35,-1,-1,-1
11,-1,375.23,1315.92,27.76,31.94,0.35,-1,-1,-1
11,-1,1835.54,1562.84,76.61,52.76,0.34,-1,-1,-1
11,-1,1163.32,1280.89,60.46,108.25,0.34,-1,-1,-1
11,-1,2294.47,1268.23,32.63,44.88,0.31,-1,-1,-1
11,-1,1691.10,803.18,61.69,121.60,0.29,-1,-1,-1
11,-1,2289.72,1818.71,34.36,56.45,0.29,-1,-1,-1
11,-1,1895.76,1756.41,14.89,18.64,0.29,-1,-1,-1
11,-1,2288.92,1818.91,34.99,57.37,0.29,-1,-1,-1
11,-1,1895.88,1755.78,17.77,19.41,0.28,-1,-1,-1
11,-1,1925.89,513.71,102.85,109.03,0.25,-1,-1,-1
11,-1,2299.73,1307.01,27.64,10.47,0.25,-1,-1,-1
11,-1,1469.37,1926.80,79.73,46.29,0.23,-1,-1,-1
11,-1,1996.32,1680.23,17.59,17.03,0.23,-1,-1,-1
11,-1,1630.78,1464.94,26.15,40.19,0.23,-1,-1,-1
11,-1,1715.87,1476.34,87.28,55.63,0.21,-1,-1,-1
11,-1,2246.97,876.77,60.67,70.06,0.20,-1,-1,-1
11,-1,1678.69,1598.82,28.02,32.70,0.19,-1,-1,-1
11,-1,1631.57,1454.43,38.18,33.38,0.18,-1,-1,-1
11,-1,1995.96,1680.26,18.02,16.67,0.15,-1,-1,-1
11,-1,2294.84,1268.17,32.59,45.75,0.15,-1,-1,-1
11,-1,1469.81,1926.78,79.57,46.61,0.15,-1,-1,-1
11,-1,2358.61,1429.31,24.92,38.62,0.15,-1,-1,-1
11,-1,1996.27,1679.99,18.15,16.98,0.13,-1,-1,-1
11,-1,378.41,1333.37,15.00,14.99,0.13,-1,-1,-1
11,-1,2285.96,1386.56,89.32,119.58,0.12,-1,-1,-1
11,-1,1925.54,505.62,100.79,121.52,0.12,-1,-1,-1
11,-1,1869.07,1563.02,43.11,28.52,0.11,-1,-1,-1
11,-1,2336.29,1410.58,46.34,57.59,0.11,-1,-1,-1
11,-1,1642.45,1454.56,23.70,16.17,0.11,-1,-1,-1
11,-1,1398.31,613.09,161.71,50.82,0.09,-1,-1,-1
11,-1,2025.36,1674.22,24.01,11.38,0.08,-1,-1,-1
11,-1,2180.50,876.58,126.34,86.61,0.08,-1,-1,-1
11,-1,1926.59,514.24,101.64,109.19,0.08,-1,-1,-1
11,-1,1952.55,1942.01,39.35,15.93,0.08,-1,-1,-1
11,-1,2256.81,1801.62,66.54,76.77,0.08,-1,-1,-1
11,-1,735.34,1181.49,36.23,18.76,0.08,-1,-1,-1
11,-1,1694.47,1584.61,29.53,47.46,0.07,-1,-1,-1
11,-1,1896.13,1748.16,32.08,27.91,0.07,-1,-1,-1
11,-1,1678.63,1599.42,27.87,32.59,0.07,-1,-1,-1
11,-1,1561.52,1479.56,19.36,22.49,0.07,-1,-1,-1
11,-1,1926.78,504.59,70.01,68.92,0.07,-1,-1,-1
11,-1,1557.22,1491.28,53.85,43.65,0.06,-1,-1,-1
11,-1,1417.04,631.78,139.99,30.40,0.06,-1,-1,-1
11,-1,1665.79,1603.18,38.15,36.94,0.06,-1,-1,-1
11,-1,1163.52,1280.78,58.94,109.43,0.06,-1,-1,-1
11,-1,1517.51,1553.01,28.78,52.81,0.06,-1,-1,-1
11,-1,1835.14,1586.97,55.71,28.81,0.05,-1,-1,-1
11,-1,2181.00,888.29,101.62,77.14,0.05,-1,-1,-1
12,-1,1953.41,1342.66,37.58,50.12,0.88,-1,-1,-1
12,-1,1389.46,612.48,160.68,50.06,0.84,-1,-1,-1
12,-1,1972.74,1896.01,34.71,40.60,0.84,-1,-1,-1
12,-1,1747.62,1165.79,64.83,52.55,0.83,-1,-1,-1
12,-1,2297.74,1267.06,32.07,49.45,0.80,-1,-1,-1
12,-1,2051.04,1492.99,44.13,42.53,0.80,-1,-1,-1
12,-1,1707.38,798.35,82.60,128.91,0.77,-1,-1,-1
12,-1,2256.32,1804.67,63.53,75.79,0.77,-1,-1,-1
12,-1,2182.41,889.49,103.28,77.35,0.76,-1,-1,-1
12,-1,1570.83,1477.56,38.14,37.44,0.73,-1,-1,-1
12,-1,2290.23,1386.22,89.97,118.78,0.72,-1,-1,-1
12,-1,1834.01,1567.77,81.76,54.81,0.68,-1,-1,-1
12,-1,2001.40,1654.72,23.81,36.83,0.66,-1,-1,-1
12,-1,1932.79,508.50,103.49,112.73,0.64,-1,-1,-1
12,-1,1524.62,1549.43,28.92,51.56,0.61,-1,-1,-1
12,-1,1671.76,1415.46,33.38,29.85,0.60,-1,-1,-1
12,-1,2290.94,1385.67,88.66,119.89,0.58,-1,-1,-1
12,-1,1476.04,1923.86,87.45,46.45,0.58,-1,-1,-1
12,-1,2180.85,891.88,106.64,75.00,0.57,-1,-1,-1
12,-1,1635.59,1464.61,28.02,34.82,0.53,-1,-1,-1
12,-1,1172.69,1287.30,60.14,107.31,0.49,-1,-1,-1
12,-1,2343.73,1408.46,48.61,59.62,0.48,-1,-1,-1
12,-1,1901.35,1749.65,34.52,26.03,0.47,-1,-1,-1
12,-1,1713.19,1286.45,26.96,25.20,0.43,-1,-1,-1
12,-1,1683.79,1599.72,30.10,35.38,0.41,-1,-1,-1
12,-1,1525.87,1578.80,17.94,21.69,0.35,-1,-1,-1
12,-1,1172.67,1287.38,59.32,107.52,0.33,-1,-1,-1
12,-1,2283.77,1815.75,36.79,68.85,0.32,-1,-1,-1
12,-1,1192.15,1336.32,38.83,58.34,0.29,-1,-1,-1
12,-1,1440.30,606.12,34.11,70.52,0.27,-1,-1,-1
12,-1,1748.57,1206.89,23.80,12.67,0.26,-1,-1,-1
12,-1,2306.91,1444.73,28.98,39.49,0.25,-1,-1,-1
12,-1,2174.71,1490.73,47.62,35.67,0.22,-1,-1,-1
12,-1,2246.03,879.73,63.00,80.54,0.21,-1,-1,-1
12,-1,1652.33,1453.36,18.49,19.84,0.21,-1,-1,-1
12,-1,1524.39,1550.00,29.34,50.66,0.21,-1,-1,-1
12,-1,1475.52,1924.44,87.12,46.04,0.19,-1,-1,-1
12,-1,1685.00,1414.64,22.25,21.08,0.19,-1,-1,-1
12,-1,1654.02,1451.55,34.27,20.23,0.17,-1,-1,-1
12,-1,1698.14,797.61,92.87,135.35,0.17,-1,-1,-1
12,-1,1972.43,1911.53,23.18,25.87,0.16,-1,-1,-1
12,-1,1932.47,507.28,103.30,117.24,0.16,-1,-1,-1
12,-1,378.33,1318.46,37.90,28.52,0.16,-1,-1,-1
12,-1,1684.07,1600.17,30.83,34.79,0.15,-1,-1,-1
12,-1,1714.07,1287.62,25.50,23.88,0.15,-1,-1,-1
12,-1,1900.31,1747.49,35.38,27.98,0.14,-1,-1,-1
12,-1,1697.07,1590.30,32.10,43.44,0.14,-1,-1,-1
12,-1,1524.80,1550.50,28.12,50.84,0.12,-1,-1,-1
12,-1,378.06,1318.50,40.61,28.83,0.10,-1,-1,-1
12,-1,1875.15,1567.84,39.73,26.64,0.09,-1,-1,-1
12,-1,2181.17,880.62,126.32,86.82,0.09,-1,-1,-1
12,-1,2300.15,1817.05,19.86,45.04,0.08,-1,-1,-1
12,-1,1673.90,1408.78,14.29,17.90,0.08,-1,-1,-1
12,-1,1900.43,1756.09,17.40,19.11,0.08,-1,-1,-1
12,-1,1707.01,1284.85,33.41,56.16,0.08,-1,-1,-1
12,-1,2002.06,1680.95,18.19,12.52,0.07,-1,-1,-1
12,-1,1710.00,1591.36,19.35,32.46,0.07,-1,-1,-1
12,-1,1191.75,1340.42,38.95,54.15,0.07,-1,-1,-1
12,-1,2363.93,1432.35,27.94,35.44,0.06,-1,-1,-1
12,-1,1932.21,507.54,67.53,43.89,0.06,-1,-1,-1
12,-1,1972.39,1911.76,22.14,25.49,0.06,-1,-1,-1
12,-1,378.87,1324.20,34.45,22.94,0.05,-1,-1,-1
12,-1,1172.24,1287.73,60.43,107.14,0.05,-1,-1,-1
12,-1,1672.74,1434.30,22.56,11.87,0.05,-1,-1,-1
13,-1,2183.00,890.46,103.45,75.70,0.87,-1,-1,-1
13,-1,1381.43,610.62,161.89,48.49,0.86,-1,-1,-1
13,-1,1956.29,1335.83,43.69,56.32,0.85,-1,-1,-1
13,-1,1756.43,1161.75,66.07,65.13,0.83,-1,-1,-1
13,-1,2299.47,1269.43,33.11,45.52,0.79,-1,-1,-1
13,-1,1979.41,1892.21,34.96,36.88,0.78,-1,-1,-1
13,-1,2054.91,1492.98,42.93,48.73,0.78,-1,-1,-1
13,-1,1716.82,798.36,84.49,124.37,0.74,-1,-1,-1
13,-1,1481.30,1917.34,85.16,44.03,0.73,-1,-1,-1
13,-1,2294.23,1386.27,90.49,118.33,0.71,-1,-1,-1
13,-1,1938.15,506.58,105.35,112.51,0.69,-1,-1,-1
13,-1,1529.18,1545.46,32.69,50.92,0.59,-1,-1,-1
13,-1,1846.80,1551.58,81.46,62.03,0.56,-1,-1,-1
13,-1,2241.91,882.91,69.84,67.22,0.49,-1,-1,-1
13,-1,1180.82,1293.11,60.88,105.69,0.48,-1,-1,-1
13,-1,2263.62,1808.04,60.85,56.56,0.47,-1,-1,-1
13,-1,1682.46,1412.30,39.42,36.81,0.46,-1,-1,-1
13,-1,2073.96,1527.11,26.48,18.66,0.44,-1,-1,-1
13,-1,1938.18,507.00,105.07,112.10,0.42,-1,-1,-1
13,-1,2263.34,1807.73,60.71,55.86,0.41,-1,-1,-1
13,-1,1574.31,1470.83,42.40,32.34,0.37,-1,-1,-1
13,-1,1648.32,1460.90,21.69,34.97,0.37,-1,-1,-1
13,-1,1719.41,1290.17,25.65,19.17,0.35,-1,-1,-1
13,-1,2294.54,1386.10,89.67,118.78,0.33,-1,-1,-1
13,-1,2072.36,805.81,62.78,35.18,0.33,-1,-1,-1
13,-1,1180.88,1292.83,60.97,107.28,0.31,-1,-1,-1
13,-1,1756.21,1183.12,19.53,45.72,0.30,-1,-1,-1
13,-1,2000.82,1650.63,28.96,35.32,0.29,-1,-1,-1
13,-1,1978.38,1905.82,13.27,21.41,0.29,-1,-1,-1
13,-1,1904.85,1751.04,31.03,23.33,0.26,-1,-1,-1
13,-1,1708.52,840.32,50.90,80.37,0.26,-1,-1,-1
13,-1,2000.68,1650.60,28.82,35.56,0.26,-1,-1,-1
13,-1,1905.54,1751.43,30.51,22.94,0.26,-1,-1,-1
13,-1,1197.48,1332.17,44.34,67.52,0.22,-1,-1,-1
13,-1,1428.98,601.64,78.92,43.48,0.18,-1,-1,-1
13,-1,1978.67,1908.36,24.99,20.76,0.17,-1,-1,-1
13,-1,1633.17,1432.21,16.40,19.67,0.16,-1,-1,-1
13,-1,1651.32,1449.20,22.66,22.48,0.16,-1,-1,-1
13,-1,2106.35,838.44,48.31,10.00,0.15,-1,-1,-1
13,-1,1636.78,1475.47,22.27,29.06,0.14,-1,-1,-1
13,-1,2308.23,1309.17,36.02,13.80,0.13,-1,-1,-1
13,-1,1880.90,1551.27,47.25,47.50,0.12,-1,-1,-1
13,-1,2308.56,1309.30,36.35,13.20,0.11,-1,-1,-1
13,-1,1936.97,505.67,105.16,121.71,0.10,-1,-1,-1
13,-1,1846.98,1586.59,43.74,25.78,0.10,-1,-1,-1
13,-1,380.43,1314.21,37.31,32.31,0.10,-1,-1,-1
13,-1,2263.26,1807.82,60.54,57.02,0.09,-1,-1,-1
13,-1,1946.20,1368.24,22.69,32.57,0.09,-1,-1,-1
13,-1,2776.38,1690.29,16.73,13.91,0.09,-1,-1,-1
13,-1,2171.53,1498.75,26.20,30.74,0.09,-1,-1,-1
13,-1,1641.75,1466.04,20.50,30.03,0.09,-1,-1,-1
13,-1,1679.85,1447.67,14.54,24.08,0.08,-1,-1,-1
13,-1,1683.73,1459.33,142.00,184.39,0.08,-1,-1,-1
13,-1,1481.67,1918.93,84.55,41.55,0.08,-1,-1,-1
13,-1,1682.16,1462.25,138.32,178.68,0.08,-1,-1,-1
13,-1,2262.52,1808.98,61.21,55.24,0.08,-1,-1,-1
13,-1,1632.42,1431.74,18.33,42.12,0.07,-1,-1,-1
13,-1,1528.91,1545.65,33.08,50.37,0.07,-1,-1,-1
13,-1,1757.90,1182.31,18.50,22.55,0.07,-1,-1,-1
13,-1,1637.00,1481.54,21.84,23.58,0.07,-1,-1,-1
13,-1,1692.33,1599.25,30.62,36.27,0.06,-1,-1,-1
13,-1,1979.04,1892.40,35.57,36.80,0.06,-1,-1,-1
13,-1,1708.02,797.31,100.62,127.32,0.06,-1,-1,-1
13,-1,1529.00,1545.24,33.08,50.95,0.06,-1,-1,-1
13,-1,1179.45,1292.06,68.26,115.56,0.06,-1,-1,-1
13,-1,2180.64,893.10,107.25,73.40,0.06,-1,-1,-1
13,-1,2313.03,1444.09,23.90,33.46,0.06,-1,-1,-1
13,-1,1196.38,1334.21,44.55,65.27,0.06,-1,-1,-1
13,-1,2365.24,1415.55,32.56,52.44,0.05,-1,-1,-1
13,-1,2172.06,1481.54,58.53,47.79,0.05,-1,-1,-1
14,-1,1947.55,505.37,106.29,107.17,0.92,-1,-1,-1
14,-1,2181.96,887.34,105.78,76.59,0.91,-1,-1,-1
14,-1,2058.42,1493.85,38.89,37.41,0.84,-1,-1,-1
14,-1,1770.71,1160.15,60.56,55.76,0.84,-1,-1,-1
14,-1,1536.06,1539.56,41.41,55.87,0.82,-1,-1,-1
14,-1,1366.06,599.39,159.43,55.41,0.77,-1,-1,-1
14,-1,2299.49,1262.66,36.07,52.75,0.75,-1,-1,-1
14,-1,2274.79,1802.08,61.05,55.49,0.74,-1,-1,-1
14,-1,1962.75,1336.51,55.31,56.41,0.68,-1,-1,-1
14,-1,1194.99,1298.01,68.86,108.32,0.63,-1,-1,-1
14,-1,1848.39,1558.28,85.19,53.68,0.60,-1,-1,-1
14,-1,1760.63,793.81,45.28,100.55,0.57,-1,-1,-1
14,-1,2303.24,1384.49,93.25,117.56,0.57,-1,-1,-1
14,-1,1497.46,1918.88,70.43,38.94,0.56,-1,-1,-1
14,-1,1988.72,1883.47,35.53,36.71,0.52,-1,-1,-1
14,-1,1916.35,1747.12,31.25,21.94,0.51,-1,-1,-1
14,-1,2181.80,1468.53,47.36,48.99,0.49,-1,-1,-1
14,-1,1694.78,1591.69,44.43,36.55,0.48,-1,-1,-1
14,-1,1718.51,796.85,65.14,120.34,0.45,-1,-1,-1
14,-1,1847.58,1586.88,30.54,12.88,0.35,-1,-1,-1
14,-1,1697.20,1409.65,45.04,30.97,0.34,-1,-1,-1
14,-1,1583.44,1473.94,15.78,20.76,0.30,-1,-1,-1
14,-1,1594.52,1470.85,35.79,36.99,0.29,-1,-1,-1
14,-1,2303.52,1384.26,93.53,117.90,0.24,-1,-1,-1
14,-1,1986.92,1884.54,38.68,38.50,0.24,-1,-1,-1
14,-1,1987.81,1889.24,18.14,28.40,0.21,-1,-1,-1
14,-1,1688.50,1423.44,30.96,31.48,0.20,-1,-1,-1
14,-1,1595.10,1470.89,17.10,27.30,0.19,-1,-1,-1
14,-1,2014.31,1882.96,16.63,27.40,0.19,-1,-1,-1
14,-1,2066.00,1524.57,22.00,8.79,0.18,-1,-1,-1
14,-1,1771.00,1192.57,25.02,24.23,0.18,-1,-1,-1
14,-1,1846.57,1586.89,53.45,23.80,0.17,-1,-1,-1
14,-1,1718.22,796.74,67.32,119.69,0.17,-1,-1,-1
14,-1,1661.89,1449.50,23.35,19.37,0.17,-1,-1,-1
14,-1,394.20,1312.15,34.06,30.04,0.16,-1,-1,-1
14,-1,2178.43,1468.89,66.03,83.59,0.16,-1,-1,-1
14,-1,1988.10,1891.74,34.62,29.94,0.16,-1,-1,-1
14,-1,1195.78,1298.20,67.11,107.08,0.13,-1,-1,-1
14,-1,1962.85,1337.15,51.56,56.09,0.12,-1,-1,-1
14,-1,1696.34,1435.61,22.58,21.02,0.12,-1,-1,-1
14,-1,1691.60,1440.61,16.05,19.10,0.12,-1,-1,-1
14,-1,1497.59,1919.02,70.41,38.71,0.11,-1,-1,-1
14,-1,1658.62,1464.91,21.13,20.43,0.10,-1,-1,-1
14,-1,2139.24,1479.44,24.16,11.69,0.10,-1,-1,-1
14,-1,2010.01,1647.56,30.93,35.65,0.10,-1,-1,-1
14,-1,1917.37,1747.25,31.03,21.61,0.09,-1,-1,-1
14,-1,1365.75,592.22,159.65,63.07,0.09,-1,-1,-1
14,-1,2315.58,1437.75,40.75,47.91,0.09,-1,-1,-1
14,-1,1497.30,1918.89,70.68,38.88,0.08,-1,-1,-1
14,-1,1645.38,1467.25,35.23,32.87,0.08,-1,-1,-1
14,-1,1721.95,869.69,38.98,49.12,0.08,-1,-1,-1
14,-1,2237.93,879.09,72.77,82.13,0.07,-1,-1,-1
14,-1,2010.68,1648.27,30.14,34.96,0.07,-1,-1,-1
14,-1,2315.80,1415.83,59.96,72.89,0.07,-1,-1,-1
14,-1,1578.55,1482.23,24.72,30.66,0.06,-1,-1,-1
14,-1,1983.61,1895.28,18.21,39.47,0.06,-1,-1,-1
14,-1,1497.74,1918.41,70.69,38.91,0.06,-1,-1,-1
14,-1,2266.21,1832.84,11.30,10.73,0.06,-1,-1,-1
14,-1,2230.99,1605.29,22.89,10.45,0.06,-1,-1,-1
14,-1,1645.54,1477.95,33.13,22.04,0.06,-1,-1,-1
14,-1,1605.15,1488.26,25.33,19.99,0.06,-1,-1,-1
14,-1,1917.06,1746.91,31.73,22.29,0.06,-1,-1,-1
14,-1,1718.75,795.37,85.61,121.03,0.06,-1,-1,-1
14,-1,1602.22,1488.45,28.04,20.59,0.06,-1,-1,-1
14,-1,2304.87,1384.94,92.47,117.43,0.06,-1,-1,-1
14,-1,1770.57,1189.79,29.94,26.55,0.05,-1,-1,-1
14,-1,1820.57,1150.79,17.70,16.41,0.05,-1,-1,-1
14,-1,1554.26,1901.29,30.75,16.33,0.05,-1,-1,-1
14,-1,1830.27,1117.95,9.78,10.46,0.05,-1,-1,-1
14,-1,2316.36,1461.19,50.93,25.05,0.05,-1,-1,-1
14,-1,1554.64,1900.84,30.63,17.24,0.05,-1,-1,-1
15,-1,2182.31,886.21,106.64,75.01,0.87,-1,-1,-1
15,-1,1952.24,502.82,107.89,108.14,0.87,-1,-1,-1
15,-1,1540.70,1535.56,41.26,58.30,0.86,-1,-1,-1
15,-1,1357.95,599.97,159.88,50.63,0.86,-1,-1,-1
15,-1,2306.53,1381.64,91.12,118.24,0.86,-1,-1,-1
15,-1,2058.44,1491.01,50.60,37.33,0.83,-1,-1,-1
15,-1,1759.49,788.96,52.20,102.64,0.77,-1,-1,-1
15,-1,1969.49,1329.26,40.45,61.40,0.73,-1,-1,-1
15,-1,1679.70,1585.01,61.24,35.63,0.72,-1,-1,-1
15,-1,1991.46,1878.40,41.34,35.20,0.71,-1,-1,-1
15,-1,1793.02,1158.22,31.79,35.89,0.66,-1,-1,-1
15,-1,1970.78,1347.06,14.11,45.36,0.61,-1,-1,-1
15,-1,1775.60,1190.36,34.40,13.02,0.61,-1,-1,-1
15,-1,1924.55,1742.69,27.34,22.63,0.58,-1,-1,-1
15,-1,1585.57,1469.19,54.95,37.49,0.56,-1,-1,-1
15,-1,2309.86,1259.96,30.40,52.65,0.56,-1,-1,-1
15,-1,1202.68,1300.36,67.78,111.21,0.45,-1,-1,-1
15,-1,1724.91,794.80,61.61,118.45,0.37,-1,-1,-1
15,-1,2287.86,1799.33,56.43,55.49,0.37,-1,-1,-1
15,-1,1504.92,1916.54,77.69,37.87,0.36,-1,-1,-1
15,-1,2062.61,1519.15,29.16,11.07,0.28,-1,-1,-1
15,-1,2287.66,1798.55,57.20,56.94,0.26,-1,-1,-1
15,-1,1736.71,1274.05,24.95,28.38,0.26,-1,-1,-1
15,-1,1983.78,1885.02,47.40,46.03,0.24,-1,-1,-1
15,-1,1698.29,1426.93,23.26,37.74,0.22,-1,-1,-1
15,-1,1736.52,1274.49,25.21,27.53,0.20,-1,-1,-1
15,-1,1980.37,555.72,55.80,73.98,0.19,-1,-1,-1
15,-1,1737.08,1281.82,23.68,20.38,0.18,-1,-1,-1
15,-1,399.20,1308.61,30.77,30.56,0.18,-1,-1,-1
15,-1,1838.01,1143.92,13.21,16.79,0.18,-1,-1,-1
15,-1,1646.98,1459.69,46.18,46.48,0.18,-1,-1,-1
15,-1,2181.73,1461.04,56.02,45.60,0.17,-1,-1,-1
15,-1,1503.60,1916.62,77.74,37.82,0.17,-1,-1,-1
15,-1,1724.56,829.06,60.23,84.81,0.17,-1,-1,-1
15,-1,1662.32,1446.98,31.41,40.82,0.15,-1,-1,-1
15,-1,2007.42,1647.25,42.13,33.01,0.15,-1,-1,-1
15,-1,375.04,1297.31,55.52,42.67,0.14,-1,-1,-1
15,-1,1991.05,1886.05,19.84,27.28,0.12,-1,-1,-1
15,-1,1949.18,1277.08,29.78,17.33,0.12,-1,-1,-1
15,-1,2288.09,1798.92,56.17,55.89,0.11,-1,-1,-1
15,-1,1678.96,1606.83,28.96,13.07,0.10,-1,-1,-1
15,-1,1873.23,1561.40,67.65,46.73,0.10,-1,-1,-1
15,-1,1203.12,1300.20,66.72,110.75,0.10,-1,-1,-1
15,-1,2180.65,875.55,132.10,88.67,0.10,-1,-1,-1
15,-1,373.21,1297.86,57.94,42.14,0.09,-1,-1,-1
15,-1,401.14,1315.43,28.80,23.79,0.08,-1,-1,-1
15,-1,2288.35,1799.04,55.88,55.51,0.07,-1,-1,-1
15,-1,2322.78,1438.57,25.20,39.20,0.07,-1,-1,-1
15,-1,1678.99,1604.93,61.13,18.38,0.07,-1,-1,-1
15,-1,373.13,1297.76,57.52,42.22,0.07,-1,-1,-1
15,-1,1994.59,568.63,59.23,45.96,0.07,-1,-1,-1
15,-1,2819.13,1284.92,125.41,111.39,0.07,-1,-1,-1
15,-1,2053.79,1495.68,19.89,36.96,0.06,-1,-1,-1
15,-1,1924.42,1743.18,27.87,22.36,0.06,-1,-1,-1
15,-1,1886.69,1582.06,28.03,16.30,0.06,-1,-1,-1
15,-1,1905.09,1560.83,28.99,51.10,0.06,-1,-1,-1
16,-1,1958.44,499.82,107.49,108.24,0.88,-1,-1,-1
16,-1,2183.98,884.48,107.15,73.37,0.88,-1,-1,-1
16,-1,1970.62,1330.04,49.20,60.06,0.84,-1,-1,-1
16,-1,2057.99,1487.87,37.09,33.17,0.84,-1,-1,-1
16,-1,1348.47,596.70,160.56,49.59,0.81,-1,-1,-1
16,-1,1681.44,1577.99,59.04,37.62,0.80,-1,-1,-1
16,-1,2288.44,1788.10,62.40,62.72,0.80,-1,-1,-1
16,-1,1992.87,1871.75,45.33,39.96,0.77,-1,-1,-1
16,-1,2308.55,1378.49,94.23,116.56,0.75,-1,-1,-1
16,-1,1930.65,1735.31,31.06,25.00,0.75,-1,-1,-1
16,-1,1777.73,1151.89,51.72,48.11,0.68,-1,-1,-1
16,-1,1543.66,1535.96,54.37,51.05,0.65,-1,-1,-1
16,-1,1578.30,1464.03,62.99,36.06,0.63,-1,-1,-1
16,-1,2310.35,1256.98,38.19,53.62,0.62,-1,-1,-1
16,-1,1736.34,787.56,81.94,121.68,0.58,-1,-1,-1
16,-1,2061.98,1510.49,33.82,20.42,0.53,-1,-1,-1
16,-1,1678.96,1596.75,17.44,13.66,0.50,-1,-1,-1
16,-1,1736.03,787.68,82.18,122.41,0.46,-1,-1,-1
16,-1,1667.34,1453.96,24.51,30.92,0.40,-1,-1,-1
16,-1,1210.09,1301.52,66.39,106.56,0.36,-1,-1,-1
16,-1,1511.93,1910.85,73.81,43.93,0.31,-1,-1,-1
16,-1,1691.12,1407.82,55.50,27.82,0.27,-1,-1,-1
16,-1,2244.57,874.66,69.00,84.96,0.26,-1,-1,-1
16,-1,1680.69,1440.61,30.89,24.58,0.25,-1,-1,-1
16,-1,1717.83,1409.27,27.30,25.15,0.22,-1,-1,-1
16,-1,1210.42,1302.61,65.54,106.41,0.21,-1,-1,-1
16,-1,1988.41,1881.69,25.06,31.72,0.21,-1,-1,-1
16,-1,2181.81,1450.52,56.88,60.38,0.20,-1,-1,-1
16,-1,768.46,1169.71,28.18,17.42,0.20,-1,-1,-1
16,-1,1969.50,1350.43,14.94,39.97,0.18,-1,-1,-1
16,-1,2181.44,1450.99,57.71,60.64,0.17,-1,-1,-1
16,-1,1396.45,607.12,43.77,52.37,0.17,-1,-1,-1
16,-1,768.72,1168.80,27.86,18.42,0.17,-1,-1,-1
16,-1,1668.40,1441.60,18.97,20.62,0.16,-1,-1,-1
16,-1,1210.51,1301.72,64.99,106.56,0.16,-1,-1,-1
16,-1,1510.21,1910.48,75.82,44.95,0.16,-1,-1,-1
16,-1,1671.51,1441.27,36.53,41.40,0.15,-1,-1,-1
16,-1,2324.04,1453.43,40.49,25.26,0.15,-1,-1,-1
16,-1,2062.04,1509.82,21.13,13.94,0.15,-1,-1,-1
16,-1,1874.48,1553.09,82.14,52.01,0.15,-1,-1,-1
16,-1,1696.58,1425.18,35.25,37.52,0.15,-1,-1,-1
16,-1,1397.86,609.43,40.22,21.79,0.14,-1,-1,-1
16,-1,1741.42,1278.98,27.75,19.14,0.14,-1,-1,-1
16,-1,1929.41,1736.31,22.66,23.74,0.14,-1,-1,-1
16,-1,1690.70,1408.60,22.90,14.88,0.13,-1,-1,-1
16,-1,1689.82,1407.62,55.76,28.43,0.13,-1,-1,-1
16,-1,1678.52,1596.92,60.35,19.17,0.11,-1,-1,-1
16,-1,2309.01,1378.63,94.31,116.33,0.11,-1,-1,-1
16,-1,1755.82,1177.96,30.68,11.60,0.11,-1,-1,-1
16,-1,1943.05,1741.72,18.68,18.67,0.10,-1,-1,-1
16,-1,1989.03,1880.80,23.34,33.35,0.10,-1,-1,-1
16,-1,1782.47,1160.21,48.48,39.41,0.10,-1,-1,-1
16,-1,1809.50,1160.68,21.70,23.26,0.10,-1,-1,-1
16,-1,2308.75,1378.38,94.29,116.32,0.09,-1,-1,-1
16,-1,2183.03,886.90,105.69,70.92,0.09,-1,-1,-1
16,-1,1775.47,1286.93,17.63,12.93,0.09,-1,-1,-1
16,-1,1199.70,1300.70,82.59,116.58,0.09,-1,-1,-1
16,-1,1345.06,597.18,168.62,50.81,0.09,-1,-1,-1
16,-1,404.19,1309.16,38.21,26.05,0.09,-1,-1,-1
16,-1,2017.64,1641.32,43.75,36.56,0.09,-1,-1,-1
16,-1,1781.14,1182.59,38.72,16.82,0.08,-1,-1,-1
16,-1,1750.38,1469.38,64.98,48.74,0.08,-1,-1,-1
16,-1,1529.57,1536.51,69.29,60.04,0.08,-1,-1,-1
16,-1,1756.09,1177.95,29.89,10.79,0.08,-1,-1,-1
16,-1,1968.92,1349.42,15.34,41.10,0.07,-1,-1,-1
16,-1,1756.71,1175.84,70.74,23.72,0.07,-1,-1,-1
16,-1,1993.68,1873.80,44.13,38.68,0.07,-1,-1,-1
16,-1,1774.83,1286.12,17.85,13.67,0.06,-1,-1,-1
16,-1,1584.14,1480.55,57.72,18.84,0.06,-1,-1,-1
16,-1,1614.69,1482.16,27.00,17.99,0.06,-1,-1,-1
16,-1,1741.09,1278.85,27.78,19.51,0.05,-1,-1,-1
16,-1,1971.34,1376.11,11.89,14.65,0.05,-1,-1,-1
16,-1,1695.99,1450.22,26.60,14.45,0.05,-1,-1,-1
17,-1,1962.24,499.32,109.15,103.15,0.91,-1,-1,-1
17,-1,1339.48,591.83,160.23,49.74,0.87,-1,-1,-1
17,-1,2184.70,880.78,109.15,73.53,0.81,-1,-1,-1
17,-1,2310.67,1252.46,36.51,58.35,0.79,-1,-1,-1
17,-1,1749.54,785.74,76.28,116.74,0.75,-1,-1,-1
17,-1,2053.54,1486.94,41.42,32.53,0.73,-1,-1,-1
17,-1,1796.56,1145.80,42.51,45.50,0.72,-1,-1,-1
17,-1,1544.45,1534.54,60.28,48.40,0.66,-1,-1,-1
17,-1,2312.14,1374.18,94.27,117.06,0.65,-1,-1,-1
17,-1,1587.63,1446.65,36.06,55.49,0.61,-1,-1,-1
17,-1,1978.69,1323.06,40.85,60.64,0.57,-1,-1,-1
17,-1,2287.09,1785.76,70.84,62.29,0.55,-1,-1,-1
17,-1,1992.78,1864.84,49.64,48.98,0.53,-1,-1,-1
17,-1,2322.75,1293.31,21.96,18.00,0.46,-1,-1,-1
17,-1,1743.24,827.21,57.45,77.94,0.45,-1,-1,-1
17,-1,2312.11,1373.91,94.40,117.20,0.43,-1,-1,-1
17,-1,1795.94,1176.57,26.69,22.11,0.41,-1,-1,-1
17,-1,1929.57,1727.34,41.27,29.49,0.40,-1,-1,-1
17,-1,2183.99,882.19,107.46,71.61,0.36,-1,-1,-1
17,-1,1389.75,587.86,37.02,69.13,0.35,-1,-1,-1
17,-1,1675.00,1575.12,60.68,31.96,0.33,-1,-1,-1
17,-1,1215.76,1302.60,69.48,106.05,0.32,-1,-1,-1
17,-1,1216.19,1302.57,68.57,105.64,0.32,-1,-1,-1
17,-1,2022.85,1641.58,53.82,33.18,0.28,-1,-1,-1
17,-1,1991.36,1864.40,57.24,52.24,0.28,-1,-1,-1
17,-1,1991.85,1870.89,27.46,39.06,0.27,-1,-1,-1
17,-1,2022.84,1641.18,53.53,33.57,0.26,-1,-1,-1
17,-1,1512.24,1907.69,82.00,46.29,0.24,-1,-1,-1
17,-1,2181.98,1440.21,52.11,50.42,0.22,-1,-1,-1
17,-1,1751.44,1465.43,72.03,72.79,0.20,-1,-1,-1
17,-1,1978.74,1323.55,41.47,60.34,0.19,-1,-1,-1
17,-1,1567.46,953.93,23.52,20.17,0.19,-1,-1,-1
17,-1,1738.19,1272.67,33.21,21.56,0.19,-1,-1,-1
17,-1,1663.10,1434.49,42.26,41.52,0.18,-1,-1,-1
17,-1,1511.59,1906.70,82.72,48.16,0.16,-1,-1,-1
17,-1,1697.07,1403.55,49.55,29.36,0.16,-1,-1,-1
17,-1,2244.00,872.66,73.94,76.08,0.16,-1,-1,-1
17,-1,1710.62,1425.39,24.01,24.49,0.16,-1,-1,-1
17,-1,1979.03,1323.73,40.72,59.73,0.16,-1,-1,-1
17,-1,2287.81,1786.31,69.92,61.85,0.15,-1,-1,-1
17,-1,1740.04,1272.99,31.15,21.27,0.14,-1,-1,-1
17,-1,1216.87,1302.70,66.65,108.04,0.14,-1,-1,-1
17,-1,2012.28,1865.10,28.36,36.85,0.13,-1,-1,-1
17,-1,1725.51,1407.81,21.19,23.03,0.12,-1,-1,-1
17,-1,1929.88,1727.50,40.70,29.62,0.12,-1,-1,-1
17,-1,1752.05,1480.96,58.87,34.74,0.12,-1,-1,-1
17,-1,2312.29,1374.26,94.39,116.64,0.12,-1,-1,-1
17,-1,1738.17,1272.36,33.40,21.80,0.12,-1,-1,-1
17,-1,1702.21,1409.76,38.18,39.52,0.10,-1,-1,-1
17,-1,1991.36,1863.56,57.62,54.06,0.10,-1,-1,-1
17,-1,2022.11,1865.13,17.98,26.11,0.10,-1,-1,-1
17,-1,2064.18,1503.36,19.60,15.87,0.10,-1,-1,-1
17,-1,1531.63,1557.40,37.13,38.21,0.09,-1,-1,-1
17,-1,1794.48,1144.52,55.42,54.39,0.08,-1,-1,-1
17,-1,2052.91,1494.00,31.18,27.14,0.08,-1,-1,-1
17,-1,406.68,1288.40,33.06,42.15,0.08,-1,-1,-1
17,-1,1661.68,1471.56,32.00,19.14,0.08,-1,-1,-1
17,-1,1750.12,1442.15,119.49,115.44,0.07,-1,-1,-1
17,-1,1673.46,1455.79,23.81,20.83,0.06,-1,-1,-1
17,-1,1661.66,1454.58,38.26,36.43,0.06,-1,-1,-1
17,-1,1894.85,1572.97,13.97,29.79,0.05,-1,-1,-1
17,-1,1674.48,1455.75,23.08,20.10,0.05,-1,-1,-1
17,-1,1823.40,1143.56,26.68,32.89,0.05,-1,-1,-1
17,-1,773.27,1165.42,28.57,18.65,0.05,-1,-1,-1
17,-1,1724.80,1407.59,21.97,23.87,0.05,-1,-1,-1
17,-1,2022.61,1641.44,51.81,30.79,0.05,-1,-1,-1
18,-1,2185.93,878.25,108.11,70.56,0.92,-1,-1,-1
18,-1,1329.91,589.72,159.72,46.76,0.88,-1,-1,-1
18,-1,1967.77,490.84,109.54,106.24,0.86,-1,-1,-1
18,-1,2314.69,1367.47,95.19,117.66,0.85,-1,-1,-1
18,-1,1979.79,1311.49,45.34,64.26,0.81,-1,-1,-1
18,-1,1797.65,1135.35,52.25,58.78,0.80,-1,-1,-1
18,-1,1547.05,1532.04,62.64,46.75,0.74,-1,-1,-1
18,-1,2192.40,1429.33,44.28,50.76,0.71,-1,-1,-1
18,-1,1750.23,780.23,82.02,119.15,0.65,-1,-1,-1
18,-1,2315.06,1246.89,33.85,51.01,0.52,-1,-1,-1
18,-1,1517.47,1896.13,86.32,47.72,0.50,-1,-1,-1
18,-1,1995.48,1851.23,47.10,51.03,0.49,-1,-1,-1
18,-1,1222.58,1303.08,71.65,104.07,0.48,-1,-1,-1
18,-1,2014.86,1634.99,65.01,35.04,0.47,-1,-1,-1
18,-1,1932.01,1719.43,45.57,31.87,0.46,-1,-1,-1
18,-1,2298.43,1778.37,64.74,64.73,0.35,-1,-1,-1
18,-1,1373.52,546.06,76.35,107.36,0.33,-1,-1,-1
18,-1,1742.72,779.87,84.72,118.73,0.31,-1,-1,-1
18,-1,1786.26,780.87,46.45,95.64,0.31,-1,-1,-1
18,-1,1711.46,1397.58,40.62,33.30,0.30,-1,-1,-1
18,-1,1227.62,0.51,265.01,121.86,0.25,-1,-1,-1
18,-1,1673.73,1573.76,58.57,25.87,0.25,-1,-1,-1
18,-1,2298.40,1778.61,64.57,64.45,0.25,-1,-1,-1
18,-1,1222.93,1303.84,71.81,103.73,0.24,-1,-1,-1
18,-1,1666.10,1428.60,44.70,43.38,0.22,-1,-1,-1
18,-1,1766.96,1475.35,58.48,58.36,0.19,-1,-1,-1
18,-1,1752.28,1261.65,27.43,26.16,0.19,-1,-1,-1
18,-1,1674.40,1573.66,59.06,25.74,0.18,-1,-1,-1
18,-1,2328.93,1440.87,52.69,30.12,0.18,-1,-1,-1
18,-1,2315.09,1247.05,33.87,51.63,0.17,-1,-1,-1
18,-1,1666.05,1428.64,44.62,43.06,0.15,-1,-1,-1
18,-1,1752.68,1263.54,26.17,24.27,0.15,-1,-1,-1
18,-1,2081.20,793.35,64.10,39.72,0.13,-1,-1,-1
18,-1,2015.02,1635.23,34.33,26.43,0.12,-1,-1,-1
18,-1,1752.67,1261.96,27.46,26.07,0.12,-1,-1,-1
18,-1,2314.94,1247.24,33.86,51.48,0.12,-1,-1,-1
18,-1,2047.06,1482.15,50.40,35.41,0.11,-1,-1,-1
18,-1,1773.12,1475.52,43.82,33.27,0.10,-1,-1,-1
18,-1,1597.39,1454.92,34.12,35.47,0.10,-1,-1,-1
18,-1,1665.82,1428.75,44.99,42.90,0.09,-1,-1,-1
18,-1,2329.96,1425.23,29.05,45.33,0.09,-1,-1,-1
18,-1,1795.40,1185.18,12.41,14.08,0.09,-1,-1,-1
18,-1,1902.43,1548.66,57.44,41.16,0.08,-1,-1,-1
18,-1,1766.34,1473.85,59.99,59.69,0.08,-1,-1,-1
18,-1,1954.07,1719.72,23.73,19.56,0.07,-1,-1,-1
18,-1,1931.40,1719.92,47.05,32.21,0.07,-1,-1,-1
18,-1,2192.29,1429.75,43.90,50.31,0.07,-1,-1,-1
18,-1,1798.74,1168.26,28.04,26.97,0.07,-1,-1,-1
18,-1,778.13,1158.56,27.42,18.43,0.07,-1,-1,-1
18,-1,1582.59,1454.99,61.79,49.09,0.07,-1,-1,-1
18,-1,2321.76,1291.25,25.16,13.53,0.07,-1,-1,-1
18,-1,2315.18,1367.74,94.44,117.32,0.07,-1,-1,-1
18,-1,1221.88,1302.23,73.68,107.79,0.06,-1,-1,-1
18,-1,2407.87,1369.00,33.51,33.63,0.06,-1,-1,-1
18,-1,1994.63,1851.03,48.98,60.52,0.06,-1,-1,-1
18,-1,1930.97,1723.62,16.18,26.12,0.06,-1,-1,-1
18,-1,2107.39,829.83,62.58,9.61,0.05,-1,-1,-1
18,-1,412.49,1283.97,32.08,39.49,0.05,-1,-1,-1
18,-1,1994.21,1853.08,48.47,59.66,0.05,-1,-1,-1
19,-1,2187.71,866.94,111.31,68.95,0.91,-1,-1,-1
19,-1,1802.62,1122.20,57.49,52.86,0.81,-1,-1,-1
19,-1,2323.41,1353.07,96.53,120.06,0.80,-1,-1,-1
19,-1,1313.75,575.39,159.54,46.04,0.80,-1,-1,-1
19,-1,1984.81,1299.80,46.71,60.40,0.78,-1,-1,-1
19,-1,1556.23,1520.44,58.70,44.10,0.77,-1,-1,-1
19,-1,1975.45,477.03,109.31,105.30,0.70,-1,-1,-1
19,-1,2316.68,1232.73,41.63,58.25,0.70,-1,-1,-1
19,-1,1760.16,1255.93,23.62,20.03,0.65,-1,-1,-1
19,-1,2125.41,812.49,50.57,21.78,0.59,-1,-1,-1
19,-1,2097.15,773.02,51.39,52.40,0.58,-1,-1,-1
19,-1,1879.01,1526.13,92.99,47.01,0.57,-1,-1,-1
19,-1,1974.73,477.16,110.02,104.78,0.56,-1,-1,-1
19,-1,1993.05,1818.15,55.95,66.25,0.56,-1,-1,-1
19,-1,1236.93,1300.40,68.40,115.01,0.56,-1,-1,-1
19,-1,2199.65,1401.60,47.08,56.57,0.47,-1,-1,-1
19,-1,1750.09,768.84,91.81,115.64,0.47,-1,-1,-1
19,-1,2088.09,789.23,31.46,38.28,0.46,-1,-1,-1
19,-1,1877.07,1526.46,41.29,43.16,0.45,-1,-1,-1
19,-1,1536.26,1882.06,96.25,50.41,0.43,-1,-1,-1
19,-1,2064.19,1462.43,34.68,39.15,0.42,-1,-1,-1
19,-1,2019.29,1608.95,65.90,55.30,0.42,-1,-1,-1
19,-1,1784.90,768.34,57.42,73.03,0.39,-1,-1,-1
19,-1,1535.77,1882.59,97.25,49.16,0.38,-1,-1,-1
19,-1,2019.45,1608.96,65.58,56.15,0.38,-1,-1,-1
19,-1,421.77,1267.10,28.66,42.73,0.34,-1,-1,-1
19,-1,1666.59,1550.65,70.68,37.98,0.31,-1,-1,-1
19,-1,1943.50,1699.75,49.23,42.15,0.31,-1,-1,-1
19,-1,1815.22,1153.55,20.71,25.99,0.30,-1,-1,-1
19,-1,1236.63,1297.91,68.85,118.86,0.29,-1,-1,-1
19,-1,1751.89,809.40,72.57,73.47,0.28,-1,-1,-1
19,-1,1359.07,559.56,79.31,71.12,0.27,-1,-1,-1
19,-1,1748.16,838.11,33.87,43.75,0.22,-1,-1,-1
19,-1,1588.29,1441.03,52.47,48.48,0.18,-1,-1,-1
19,-1,2295.07,1759.14,78.80,72.70,0.18,-1,-1,-1
19,-1,2294.52,1769.02,79.07,62.94,0.16,-1,-1,-1
19,-1,1753.82,861.70,36.14,22.56,0.16,-1,-1,-1
19,-1,1773.48,835.93,43.96,45.76,0.15,-1,-1,-1
19,-1,1765.09,1450.79,59.45,45.09,0.15,-1,-1,-1
19,-1,1802.94,1153.98,26.75,25.90,0.15,-1,-1,-1
19,-1,1813.39,1132.13,45.45,46.82,0.15,-1,-1,-1
19,-1,2294.63,1769.60,79.07,61.89,0.14,-1,-1,-1
19,-1,2338.35,1411.34,35.65,43.87,0.14,-1,-1,-1
19,-1,426.65,1290.05,21.77,20.64,0.13,-1,-1,-1
19,-1,2294.73,1771.01,78.21,60.23,0.13,-1,-1,-1
19,-1,1764.18,1443.27,104.37,91.98,0.12,-1,-1,-1
19,-1,1877.08,1525.59,93.92,47.81,0.12,-1,-1,-1
19,-1,2294.59,1769.73,79.00,61.87,0.11,-1,-1,-1
19,-1,2294.53,1772.60,78.22,58.70,0.11,-1,-1,-1
19,-1,2199.46,1402.32,46.56,55.19,0.10,-1,-1,-1
19,-1,785.98,1144.71,32.82,20.23,0.10,-1,-1,-1
19,-1,1983.35,490.16,73.23,109.72,0.10,-1,-1,-1
19,-1,1799.38,842.81,16.70,22.68,0.09,-1,-1,-1
19,-1,2088.02,771.69,59.19,55.79,0.09,-1,-1,-1
19,-1,1588.77,1441.07,52.28,47.74,0.09,-1,-1,-1
19,-1,1666.47,1551.63,71.21,44.89,0.08,-1,-1,-1
19,-1,2000.58,543.10,55.57,55.10,0.08,-1,-1,-1
19,-1,2343.26,1410.71,18.30,21.61,0.08,-1,-1,-1
19,-1,2190.12,860.08,131.91,77.20,0.08,-1,-1,-1
19,-1,1942.79,1699.66,49.79,44.64,0.07,-1,-1,-1
19,-1,1782.88,812.60,41.20,57.27,0.07,-1,-1,-1
19,-1,786.10,1144.55,32.96,20.60,0.06,-1,-1,-1
19,-1,1802.29,822.27,23.46,43.14,0.06,-1,-1,-1
19,-1,1992.19,1347.09,48.43,19.46,0.06,-1,-1,-1
19,-1,2017.61,510.63,18.53,22.15,0.06,-1,-1,-1
19,-1,1765.18,1469.47,35.79,23.44,0.06,-1,-1,-1
19,-1,786.17,1144.46,32.75,20.71,0.06,-1,-1,-1
19,-1,2336.38,1395.44,65.40,62.18,0.06,-1,-1,-1
19,-1,1233.87,1297.96,73.37,122.57,0.05,-1,-1,-1
19,-1,1727.55,1383.97,48.68,33.89,0.05,-1,-1,-1
19,-1,2354.05,1270.96,19.23,19.93,0.05,-1,-1,-1
20,-1,1295.64,551.82,158.64,49.23,0.88,-1,-1,-1
20,-1,2185.70,850.35,116.03,66.33,0.88,-1,-1,-1
20,-1,1252.18,1289.47,67.12,104.38,0.86,-1,-1,-1
20,-1,1982.02,461.70,114.04,95.54,0.80,-1,-1,-1
20,-1,2321.79,1210.11,25.59,57.04,0.79,-1,-1,-1
20,-1,1768.79,1230.97,26.48,40.09,0.78,-1,-1,-1
20,-1,2052.14,1433.03,53.94,51.16,0.78,-1,-1,-1
20,-1,2334.77,1328.62,84.53,124.78,0.72,-1,-1,-1
20,-1,1758.05,746.56,94.76,118.22,0.69,-1,-1,-1
20,-1,1663.62,1536.99,47.88,31.89,0.62,-1,-1,-1
20,-1,1819.37,1096.70,50.68,54.41,0.57,-1,-1,-1
20,-1,1994.60,1796.78,67.28,71.90,0.54,-1,-1,-1
20,-1,1548.20,1861.17,106.48,51.56,0.52,-1,-1,-1
20,-1,2032.81,504.77,37.04,70.43,0.52,-1,-1,-1
20,-1,2201.23,1367.99,55.02,52.41,0.52,-1,-1,-1
20,-1,1994.72,1283.67,43.28,40.21,0.46,-1,-1,-1
20,-1,1547.78,1861.82,109.10,50.63,0.41,-1,-1,-1
20,-1,2252.54,879.97,41.11,31.10,0.39,-1,-1,-1
20,-1,1781.95,1442.63,42.13,19.85,0.28,-1,-1,-1
20,-1,2052.57,1458.27,37.05,38.27,0.27,-1,-1,-1
20,-1,1883.79,1505.44,88.07,48.21,0.21,-1,-1,-1
20,-1,1662.33,1538.35,61.08,36.29,0.21,-1,-1,-1
20,-1,1840.29,1097.41,30.12,30.34,0.19,-1,-1,-1
20,-1,1692.71,1418.73,33.16,28.11,0.17,-1,-1,-1
20,-1,1566.40,1503.30,56.37,45.96,0.16,-1,-1,-1
20,-1,794.20,1125.36,29.82,18.49,0.16,-1,-1,-1
20,-1,2298.10,1744.89,84.86,71.37,0.16,-1,-1,-1
20,-1,2334.80,1328.86,83.87,124.19,0.15,-1,-1,-1
20,-1,2248.06,845.52,72.42,68.27,0.14,-1,-1,-1
20,-1,1949.05,1681.62,44.69,37.30,0.14,-1,-1,-1
20,-1,428.05,1252.08,36.10,37.87,0.13,-1,-1,-1
20,-1,1993.20,1798.34,67.88,71.13,0.13,-1,-1,-1
20,-1,1756.16,739.06,96.30,129.68,0.13,-1,-1,-1
20,-1,2096.50,775.49,54.85,44.55,0.13,-1,-1,-1
20,-1,1661.12,1552.06,47.88,29.84,0.13,-1,-1,-1
20,-1,1566.21,1503.18,56.69,46.15,0.13,-1,-1,-1
20,-1,2297.96,1745.03,85.42,71.14,0.12,-1,-1,-1
20,-1,2043.67,506.31,21.54,29.71,0.12,-1,-1,-1
20,-1,1692.70,1541.11,30.08,27.48,0.11,-1,-1,-1
20,-1,2025.39,487.09,41.86,50.42,0.11,-1,-1,-1
20,-1,1331.53,548.05,104.91,56.09,0.10,-1,-1,-1
20,-1,1565.51,1503.11,154.55,78.22,0.09,-1,-1,-1
20,-1,1768.81,1231.66,26.77,39.06,0.09,-1,-1,-1
20,-1,2335.17,1329.04,83.84,124.91,0.08,-1,-1,-1
20,-1,1692.62,1418.82,32.70,28.27,0.08,-1,-1,-1
20,-1,2793.24,485.78,27.67,24.56,0.08,-1,-1,-1
20,-1,1819.44,1139.13,19.86,15.46,0.07,-1,-1,-1
20,-1,1251.88,1287.51,66.97,105.76,0.07,-1,-1,-1
20,-1,1994.53,1283.96,44.52,42.68,0.07,-1,-1,-1
20,-1,1566.16,1502.74,155.74,78.84,0.07,-1,-1,-1
20,-1,434.29,1267.93,28.72,22.15,0.07,-1,-1,-1
20,-1,2043.84,1561.29,55.47,96.19,0.07,-1,-1,-1
20,-1,2006.49,485.63,17.91,24.95,0.07,-1,-1,-1
20,-1,2060.33,1456.87,47.40,28.03,0.06,-1,-1,-1
20,-1,1914.54,1525.30,56.86,25.06,0.06,-1,-1,-1
20,-1,1819.45,1120.52,38.39,33.23,0.06,-1,-1,-1
20,-1,1819.67,1112.65,47.89,41.02,0.06,-1,-1,-1
20,-1,1883.45,1505.52,88.25,48.47,0.06,-1,-1,-1
20,-1,1739.30,1350.73,56.62,49.77,0.05,-1,-1,-1
20,-1,1738.05,1350.94,58.39,49.27,0.05,-1,-1,-1
21,-1,1286.27,540.38,157.70,46.37,0.87,-1,-1,-1
21,-1,1989.34,448.68,113.62,95.83,0.83,-1,-1,-1
21,-1,1771.38,1218.71,27.39,41.98,0.82,-1,-1,-1
21,-1,1829.42,1080.82,42.14,58.45,0.78,-1,-1,-1
21,-1,2339.31,1311.86,83.51,127.86,0.77,-1,-1,-1
21,-1,1552.18,1852.95,110.64,46.72,0.72,-1,-1,-1
21,-1,2185.55,840.71,115.97,64.97,0.70,-1,-1,-1
21,-1,2322.27,1195.99,26.62,53.31,0.64,-1,-1,-1
21,-1,1666.85,1516.03,41.41,39.52,0.63,-1,-1,-1
21,-1,2033.24,490.93,58.70,66.74,0.60,-1,-1,-1
21,-1,2206.26,1347.72,36.70,47.59,0.60,-1,-1,-1
21,-1,2184.92,843.06,112.23,62.64,0.57,-1,-1,-1
21,-1,1337.50,533.08,31.73,71.63,0.54,-1,-1,-1
21,-1,1259.44,1281.16,65.97,103.46,0.50,-1,-1,-1
21,-1,1799.40,736.21,57.69,51.23,0.45,-1,-1,-1
21,-1,2007.20,1270.63,36.78,38.04,0.39,-1,-1,-1
21,-1,2047.28,1428.01,68.79,46.77,0.30,-1,-1,-1
21,-1,1992.77,1790.58,72.45,66.45,0.22,-1,-1,-1
21,-1,1780.76,790.54,42.84,49.48,0.21,-1,-1,-1
21,-1,2297.93,1727.70,90.23,79.30,0.21,-1,-1,-1
21,-1,1760.22,735.90,97.49,114.15,0.21,-1,-1,-1
21,-1,1918.91,1511.14,57.11,26.68,0.20,-1,-1,-1
21,-1,2074.68,1466.38,22.14,11.60,0.20,-1,-1,-1
21,-1,1259.87,1282.33,65.98,103.11,0.20,-1,-1,-1
21,-1,2250.18,835.90,72.68,71.28,0.18,-1,-1,-1
21,-1,1666.73,1543.69,37.05,26.25,0.18,-1,-1,-1
21,-1,434.98,1244.38,28.42,31.49,0.17,-1,-1,-1
21,-1,1758.07,734.62,99.93,116.76,0.16,-1,-1,-1
21,-1,1773.48,786.08,24.63,29.95,0.16,-1,-1,-1
21,-1,1760.76,795.24,41.76,54.49,0.16,-1,-1,-1
21,-1,2353.27,1387.89,28.42,32.27,0.15,-1,-1,-1
21,-1,1551.71,1853.04,113.58,46.35,0.14,-1,-1,-1
21,-1,1784.36,772.29,49.77,28.14,0.14,-1,-1,-1
21,-1,1762.80,815.69,34.67,34.12,0.14,-1,-1,-1
21,-1,1992.98,1790.95,72.20,66.06,0.13,-1,-1,-1
21,-1,1774.54,773.02,58.52,44.19,0.13,-1,-1,-1
21,-1,1577.71,1490.42,48.80,46.13,0.12,-1,-1,-1
21,-1,1759.77,731.21,97.74,122.50,0.12,-1,-1,-1
21,-1,2341.09,1385.40,53.07,53.50,0.11,-1,-1,-1
21,-1,1801.89,780.37,35.95,50.44,0.11,-1,-1,-1
21,-1,1577.51,1490.09,48.96,46.65,0.11,-1,-1,-1
21,-1,1794.33,814.76,23.75,25.89,0.10,-1,-1,-1
21,-1,1989.40,448.38,113.33,95.81,0.09,-1,-1,-1
21,-1,1578.47,1490.27,47.88,46.31,0.09,-1,-1,-1
21,-1,2297.98,1727.47,90.22,79.15,0.08,-1,-1,-1
21,-1,1986.89,1262.41,62.98,51.30,0.08,-1,-1,-1
21,-1,1814.69,811.00,13.51,20.29,0.08,-1,-1,-1
21,-1,1665.30,1517.25,44.21,46.50,0.08,-1,-1,-1
21,-1,1687.43,1526.70,20.61,25.77,0.07,-1,-1,-1
21,-1,1920.08,1513.74,55.71,23.25,0.07,-1,-1,-1
21,-1,1674.97,1546.70,40.37,16.39,0.06,-1,-1,-1
21,-1,2297.52,1728.64,89.26,77.91,0.06,-1,-1,-1
21,-1,2252.75,871.07,34.66,35.59,0.06,-1,-1,-1
21,-1,1993.47,1790.54,71.93,66.34,0.06,-1,-1,-1
21,-1,2011.98,472.75,20.62,27.56,0.06,-1,-1,-1
21,-1,440.24,1255.52,22.89,20.63,0.06,-1,-1,-1
21,-1,1771.33,1218.64,27.18,42.18,0.06,-1,-1,-1
21,-1,849.19,1397.61,13.30,11.60,0.06,-1,-1,-1
21,-1,798.49,1109.93,33.99,20.76,0.05,-1,-1,-1
21,-1,1766.27,829.65,26.52,19.32,0.05,-1,-1,-1
22,-1,2184.36,834.75,115.06,60.17,0.90,-1,-1,-1
22,-1,1277.63,529.17,159.23,50.29,0.87,-1,-1,-1
22,-1,1840.44,1069.89,39.64,57.95,0.85,-1,-1,-1
22,-1,1993.55,435.70,114.71,95.47,0.82,-1,-1,-1
22,-1,1774.63,1204.70,36.00,41.21,0.79,-1,-1,-1
22,-1,2003.89,1777.94,67.56,67.23,0.77,-1,-1,-1
22,-1,1560.02,1824.40,113.35,65.10,0.64,-1,-1,-1
22,-1,1992.93,435.50,115.86,96.19,0.63,-1,-1,-1
22,-1,2206.68,1335.21,50.17,76.77,0.58,-1,-1,-1
22,-1,2321.72,1184.11,27.71,56.64,0.56,-1,-1,-1
22,-1,1265.93,1275.69,67.02,101.73,0.56,-1,-1,-1
22,-1,2012.36,1257.06,37.20,48.69,0.56,-1,-1,-1
22,-1,2062.53,1415.33,54.01,49.50,0.55,-1,-1,-1
22,-1,1767.41,782.85,64.55,52.77,0.48,-1,-1,-1
22,-1,1780.78,716.75,79.23,84.22,0.41,-1,-1,-1
22,-1,1679.01,1509.09,29.47,33.83,0.32,-1,-1,-1
22,-1,1327.06,534.01,33.92,57.39,0.32,-1,-1,-1
22,-1,2344.26,1299.47,81.10,128.91,0.32,-1,-1,-1
22,-1,2184.91,832.74,114.21,62.36,0.28,-1,-1,-1
22,-1,1804.08,716.17,56.25,54.39,0.28,-1,-1,-1
22,-1,1689.31,1360.98,44.52,63.62,0.27,-1,-1,-1
22,-1,779.56,1339.47,43.33,127.13,0.25,-1,-1,-1
22,-1,1841.07,1107.32,11.82,20.89,0.24,-1,-1,-1
22,-1,1265.26,1275.02,67.40,102.40,0.22,-1,-1,-1
22,-1,1560.16,1823.58,112.94,65.82,0.21,-1,-1,-1
22,-1,2062.69,1436.95,33.53,29.73,0.21,-1,-1,-1
22,-1,2345.35,1359.61,45.80,48.08,0.21,-1,-1,-1
22,-1,1779.70,761.60,64.16,53.33,0.21,-1,-1,-1
22,-1,2321.23,1184.68,27.87,55.59,0.20,-1,-1,-1
22,-1,2252.29,829.34,69.00,69.40,0.19,-1,-1,-1
22,-1,1773.79,1212.37,10.09,34.94,0.18,-1,-1,-1
22,-1,1995.03,1826.02,51.86,22.47,0.18,-1,-1,-1
22,-1,1766.91,799.46,62.66,39.86,0.17,-1,-1,-1
22,-1,1575.08,1479.05,51.56,47.85,0.17,-1,-1,-1
22,-1,2345.30,1300.64,79.24,127.51,0.16,-1,-1,-1
22,-1,2344.58,1299.50,80.51,129.11,0.16,-1,-1,-1
22,-1,438.30,1227.95,29.67,38.04,0.16,-1,-1,-1
22,-1,1619.97,1397.72,29.35,29.08,0.15,-1,-1,-1
22,-1,2254.75,862.06,34.92,35.98,0.15,-1,-1,-1
22,-1,1738.71,1316.27,236.55,219.87,0.14,-1,-1,-1
22,-1,1285.28,1316.89,46.86,60.11,0.14,-1,-1,-1
22,-1,1803.96,717.55,56.30,59.64,0.14,-1,-1,-1
22,-1,1574.37,1479.21,52.44,47.20,0.13,-1,-1,-1
22,-1,2036.73,461.60,28.72,39.55,0.13,-1,-1,-1
22,-1,1767.69,817.23,32.24,21.52,0.12,-1,-1,-1
22,-1,1841.01,1105.66,11.95,22.52,0.12,-1,-1,-1
22,-1,1663.94,1503.86,70.21,40.75,0.11,-1,-1,-1
22,-1,1575.28,1479.32,52.08,46.51,0.11,-1,-1,-1
22,-1,782.57,1340.44,38.31,63.00,0.11,-1,-1,-1
22,-1,1774.09,1211.82,9.99,35.21,0.11,-1,-1,-1
22,-1,1574.04,1477.88,161.59,70.84,0.10,-1,-1,-1
22,-1,1562.33,1825.70,112.43,62.74,0.09,-1,-1,-1
22,-1,2344.75,1299.82,80.10,128.58,0.09,-1,-1,-1
22,-1,2303.57,1709.66,90.79,95.48,0.09,-1,-1,-1
22,-1,1777.91,766.74,38.75,31.05,0.09,-1,-1,-1
22,-1,1265.50,1275.04,66.82,102.27,0.09,-1,-1,-1
22,-1,1669.29,1532.25,46.01,28.18,0.09,-1,-1,-1
22,-1,2015.92,462.80,17.91,22.01,0.08,-1,-1,-1
22,-1,2303.31,1707.75,90.74,97.40,0.08,-1,-1,-1
22,-1,1786.76,760.72,53.50,30.19,0.08,-1,-1,-1
22,-1,2042.86,499.57,45.09,47.23,0.08,-1,-1,-1
22,-1,1619.85,1398.59,29.03,28.14,0.08,-1,-1,-1
22,-1,442.25,1244.27,23.69,21.00,0.06,-1,-1,-1
22,-1,1774.87,785.74,29.24,26.97,0.06,-1,-1,-1
22,-1,2023.48,1289.82,19.43,15.76,0.06,-1,-1,-1
22,-1,1765.02,718.38,96.41,122.31,0.06,-1,-1,-1
22,-1,1821.41,778.04,22.17,20.87,0.06,-1,-1,-1
22,-1,1560.08,1825.02,112.68,64.40,0.06,-1,-1,-1
22,-1,2345.74,1309.22,80.84,100.49,0.06,-1,-1,-1
22,-1,1796.33,799.81,33.88,27.52,0.06,-1,-1,-1
22,-1,1591.52,1818.26,33.78,21.02,0.06,-1,-1,-1
22,-1,1802.36,777.29,41.87,26.95,0.05,-1,-1,-1
22,-1,1267.10,1279.18,66.42,99.80,0.05,-1,-1,-1
22,-1,438.10,1246.40,23.22,20.06,0.05,-1,-1,-1
23,-1,1260.40,494.48,160.73,51.41,0.87,-1,-1,-1
23,-1,2186.43,807.54,114.22,59.69,0.86,-1,-1,-1
23,-1,2062.04,1385.54,65.39,46.83,0.83,-1,-1,-1
23,-1,1848.15,1033.43,40.33,56.84,0.80,-1,-1,-1
23,-1,1585.08,1796.83,105.95,56.73,0.76,-1,-1,-1
23,-1,1784.14,1159.55,34.56,47.59,0.74,-1,-1,-1
23,-1,2004.65,401.10,117.70,98.18,0.72,-1,-1,-1
23,-1,2021.92,1749.96,61.24,63.90,0.67,-1,-1,-1
23,-1,2211.64,1292.82,48.71,83.86,0.62,-1,-1,-1
23,-1,2108.93,724.80,51.93,63.54,0.59,-1,-1,-1
23,-1,2021.54,1223.07,37.85,51.85,0.56,-1,-1,-1
23,-1,1786.84,1176.52,16.32,32.25,0.54,-1,-1,-1
23,-1,2004.47,400.81,117.26,98.77,0.52,-1,-1,-1
23,-1,1804.25,738.73,47.65,50.95,0.51,-1,-1,-1
23,-1,2326.09,1152.10,31.56,67.77,0.49,-1,-1,-1
23,-1,1788.11,752.43,31.16,33.82,0.48,-1,-1,-1
23,-1,1282.60,1253.82,64.76,120.63,0.47,-1,-1,-1
23,-1,1843.36,693.08,26.55,43.30,0.44,-1,-1,-1
23,-1,1799.22,1178.63,18.18,26.39,0.44,-1,-1,-1
23,-1,2356.78,1265.54,78.21,131.61,0.42,-1,-1,-1
23,-1,2320.47,1678.09,92.59,108.47,0.41,-1,-1,-1
23,-1,1928.80,1466.89,42.45,36.74,0.40,-1,-1,-1
23,-1,447.56,1201.73,31.06,32.46,0.40,-1,-1,-1
23,-1,1283.23,1254.41,65.79,115.23,0.38,-1,-1,-1
23,-1,2061.32,1405.74,44.21,44.20,0.37,-1,-1,-1
23,-1,1676.31,1476.93,43.57,29.58,0.36,-1,-1,-1
23,-1,1818.52,692.38,51.20,53.52,0.36,-1,-1,-1
23,-1,1775.53,769.58,33.80,39.68,0.35,-1,-1,-1
23,-1,1797.12,688.27,70.05,66.34,0.34,-1,-1,-1
23,-1,2185.75,807.81,114.97,59.66,0.33,-1,-1,-1
23,-1,1587.37,1452.88,51.69,46.54,0.27,-1,-1,-1
23,-1,2029.83,1254.90,11.29,20.42,0.26,-1,-1,-1
23,-1,2320.77,1678.25,91.94,106.21,0.24,-1,-1,-1
23,-1,1848.97,1070.80,15.53,22.80,0.24,-1,-1,-1
23,-1,1803.12,764.82,28.99,34.07,0.18,-1,-1,-1
23,-1,449.73,1222.98,18.73,12.31,0.15,-1,-1,-1
23,-1,2357.26,1265.25,78.30,132.03,0.13,-1,-1,-1
23,-1,2049.14,429.69,19.99,34.95,0.13,-1,-1,-1
23,-1,1668.88,1477.50,54.82,41.08,0.13,-1,-1,-1
23,-1,2002.34,1791.63,60.84,32.83,0.12,-1,-1,-1
23,-1,1786.43,743.60,19.68,25.07,0.11,-1,-1,-1
23,-1,1801.38,742.53,24.17,28.37,0.11,-1,-1,-1
23,-1,1813.51,687.18,44.57,46.09,0.11,-1,-1,-1
23,-1,2068.83,448.41,23.96,31.89,0.11,-1,-1,-1
23,-1,1692.42,1337.00,46.32,57.29,0.11,-1,-1,-1
23,-1,1579.93,1353.68,91.54,78.14,0.11,-1,-1,-1
23,-1,2357.05,1265.75,78.87,131.49,0.10,-1,-1,-1
23,-1,1779.31,780.84,28.15,44.27,0.10,-1,-1,-1
23,-1,1827.44,743.35,25.71,45.31,0.10,-1,-1,-1
23,-1,1815.69,707.87,35.61,25.29,0.09,-1,-1,-1
23,-1,1587.21,1453.04,51.86,46.22,0.09,-1,-1,-1
23,-1,1779.33,785.01,24.18,20.36,0.08,-1,-1,-1
23,-1,2061.45,441.14,45.14,68.52,0.08,-1,-1,-1
23,-1,1675.73,1489.91,20.23,17.04,0.08,-1,-1,-1
23,-1,2137.74,748.11,41.45,28.22,0.08,-1,-1,-1
23,-1,1672.24,1487.95,23.64,20.34,0.08,-1,-1,-1
23,-1,1797.38,727.61,42.04,25.26,0.07,-1,-1,-1
23,-1,1784.78,1162.06,33.11,45.62,0.07,-1,-1,-1
23,-1,1296.03,487.82,104.01,45.12,0.07,-1,-1,-1
23,-1,1827.75,769.18,11.88,19.81,0.07,-1,-1,-1
23,-1,1760.75,709.17,108.37,120.98,0.06,-1,-1,-1
23,-1,2236.22,378.26,9.76,9.00,0.06,-1,-1,-1
23,-1,448.63,1211.65,29.24,22.44,0.06,-1,-1,-1
23,-1,1584.85,1796.64,85.27,55.76,0.06,-1,-1,-1
23,-1,1578.72,1348.99,95.75,156.76,0.06,-1,-1,-1
23,-1,1280.69,1255.20,67.21,121.11,0.06,-1,-1,-1
23,-1,1676.04,1478.77,43.39,28.04,0.06,-1,-1,-1
23,-1,2108.35,747.48,71.07,45.54,0.06,-1,-1,-1
23,-1,2320.69,1678.47,92.48,108.69,0.06,-1,-1,-1
23,-1,813.29,1070.21,28.26,18.80,0.05,-1,-1,-1
23,-1,807.51,1068.02,35.63,21.79,0.05,-1,-1,-1
23,-1,1617.13,1353.45,50.15,55.59,0.05,-1,-1,-1
23,-1,2022.85,1247.88,19.19,26.82,0.05,-1,-1,-1
23,-1,2015.44,1795.61,44.41,17.15,0.05,-1,-1,-1
23,-1,1962.20,1601.90,54.58,74.55,0.05,-1,-1,-1
23,-1,1847.52,1066.73,25.71,31.67,0.05,-1,-1,-1
24,-1,2191.61,774.71,114.01,59.34,0.86,-1,-1,-1
24,-1,1790.43,1129.18,45.75,41.68,0.85,-1,-1,-1
24,-1,1244.31,462.98,159.14,47.99,0.79,-1,-1,-1
24,-1,1855.36,992.52,56.16,60.89,0.76,-1,-1,-1
24,-1,2371.13,1228.20,78.58,131.03,0.75,-1,-1,-1
24,-1,2323.64,1651.33,98.83,89.10,0.72,-1,-1,-1
24,-1,2015.73,355.58,116.55,106.36,0.67,-1,-1,-1
24,-1,2232.91,1250.14,47.46,52.19,0.64,-1,-1,-1
24,-1,2330.13,1119.07,38.79,67.05,0.63,-1,-1,-1
24,-1,1300.28,1229.20,69.49,102.45,0.58,-1,-1,-1
24,-1,2067.49,1350.90,75.34,48.79,0.55,-1,-1,-1
24,-1,1821.79,652.76,59.28,61.46,0.55,-1,-1,-1
24,-1,1600.78,1770.29,78.00,48.08,0.55,-1,-1,-1
24,-1,1794.54,698.53,68.65,72.55,0.51,-1,-1,-1
24,-1,459.55,1167.30,30.10,27.95,0.51,-1,-1,-1
24,-1,2015.96,355.37,116.92,106.52,0.50,-1,-1,-1
24,-1,2031.02,1190.43,47.12,50.95,0.45,-1,-1,-1
24,-1,2039.41,1727.26,39.15,50.87,0.43,-1,-1,-1
24,-1,2349.98,1692.49,73.38,81.76,0.31,-1,-1,-1
24,-1,1843.32,655.51,39.51,48.40,0.28,-1,-1,-1
24,-1,2040.62,395.60,18.02,23.72,0.27,-1,-1,-1
24,-1,2062.55,391.43,25.10,37.81,0.26,-1,-1,-1
24,-1,1595.15,1417.04,51.50,53.97,0.26,-1,-1,-1
24,-1,1854.77,1022.68,32.01,14.08,0.25,-1,-1,-1
24,-1,2069.42,413.23,47.82,67.24,0.23,-1,-1,-1
24,-1,2349.63,1693.72,74.22,81.12,0.23,-1,-1,-1
24,-1,1300.29,1228.19,69.64,104.16,0.23,-1,-1,-1
24,-1,1799.12,653.65,83.57,121.22,0.20,-1,-1,-1
24,-1,1789.74,1135.12,25.28,36.75,0.18,-1,-1,-1
24,-1,1793.02,710.19,75.25,60.51,0.18,-1,-1,-1
24,-1,1300.53,1228.64,69.61,104.54,0.17,-1,-1,-1
24,-1,1813.39,1148.69,22.34,21.21,0.15,-1,-1,-1
24,-1,1793.87,719.36,28.99,50.03,0.15,-1,-1,-1
24,-1,461.55,1176.13,27.24,20.11,0.14,-1,-1,-1
24,-1,2110.73,697.66,57.25,62.08,0.14,-1,-1,-1
24,-1,2068.77,1363.18,41.03,56.73,0.13,-1,-1,-1
24,-1,1794.33,654.93,90.28,117.74,0.13,-1,-1,-1
24,-1,1792.82,736.56,56.61,34.26,0.13,-1,-1,-1
24,-1,1790.25,652.37,94.11,121.95,0.12,-1,-1,-1
24,-1,1598.24,1330.34,86.99,63.96,0.12,-1,-1,-1
24,-1,1854.13,1022.44,32.81,34.86,0.12,-1,-1,-1
24,-1,1938.62,1431.66,41.67,37.88,0.11,-1,-1,-1
24,-1,2191.48,774.02,115.26,60.17,0.11,-1,-1,-1
24,-1,2063.31,389.94,44.14,48.74,0.11,-1,-1,-1
24,-1,1790.46,1135.56,15.00,23.50,0.11,-1,-1,-1
24,-1,2372.12,1227.63,77.30,131.86,0.11,-1,-1,-1
24,-1,1877.92,993.28,32.99,30.86,0.10,-1,-1,-1
24,-1,461.75,1183.33,18.27,13.75,0.10,-1,-1,-1
24,-1,1809.68,653.10,72.40,62.95,0.10,-1,-1,-1
24,-1,2232.82,768.70,96.84,76.13,0.10,-1,-1,-1
24,-1,1591.96,1329.31,93.51,66.76,0.09,-1,-1,-1
24,-1,2014.02,1726.20,65.43,70.28,0.08,-1,-1,-1
24,-1,1244.14,463.17,161.31,50.48,0.08,-1,-1,-1
24,-1,2070.46,443.75,33.60,35.89,0.08,-1,-1,-1
24,-1,2311.37,1301.61,12.94,9.93,0.07,-1,-1,-1
24,-1,825.67,1033.74,30.98,17.87,0.07,-1,-1,-1
24,-1,1595.28,1417.97,51.34,52.53,0.06,-1,-1,-1
24,-1,1297.56,1230.37,74.34,114.88,0.06,-1,-1,-1
24,-1,2088.79,1381.62,23.47,17.48,0.06,-1,-1,-1
24,-1,2233.54,1250.29,46.64,52.51,0.06,-1,-1,-1
24,-1,169.75,584.17,113.81,140.33,0.06,-1,-1,-1
24,-1,1960.13,1434.08,20.83,35.36,0.06,-1,-1,-1
24,-1,2030.42,1190.72,48.00,50.86,0.06,-1,-1,-1
24,-1,1599.32,1770.87,79.68,47.18,0.05,-1,-1,-1
24,-1,2371.49,1228.13,77.59,131.21,0.05,-1,-1,-1
25,-1,2193.41,759.89,114.97,58.19,0.90,-1,-1,-1
25,-1,2378.45,1210.25,66.31,132.66,0.89,-1,-1,-1
25,-1,1799.79,1111.54,42.10,42.89,0.87,-1,-1,-1
25,-1,1307.93,1216.52,70.75,98.69,0.85,-1,-1,-1
25,-1,1876.99,976.38,43.02,59.85,0.84,-1,-1,-1
25,-1,1238.82,443.86,159.61,49.46,0.82,-1,-1,-1
25,-1,2021.96,336.18,117.57,108.13,0.79,-1,-1,-1
25,-1,2334.41,1111.61,41.79,57.35,0.73,-1,-1,-1
25,-1,1812.74,609.25,76.51,92.34,0.47,-1,-1,-1
25,-1,2231.51,1228.71,53.09,57.84,0.45,-1,-1,-1
25,-1,2043.31,1722.37,47.27,51.98,0.43,-1,-1,-1
25,-1,2072.66,1333.42,68.55,53.43,0.42,-1,-1,-1
25,-1,2324.69,1642.38,109.25,117.65,0.41,-1,-1,-1
25,-1,1612.25,1743.04,75.43,60.27,0.39,-1,-1,-1
25,-1,465.89,1139.72,29.65,40.06,0.36,-1,-1,-1
25,-1,1797.13,680.36,74.70,71.13,0.34,-1,-1,-1
25,-1,1599.24,1400.81,50.29,51.85,0.33,-1,-1,-1
25,-1,2073.55,390.66,42.45,77.45,0.32,-1,-1,-1
25,-1,2020.24,1186.25,46.48,33.20,0.32,-1,-1,-1
25,-1,2040.21,1169.64,33.45,34.64,0.31,-1,-1,-1
25,-1,1798.86,1119.08,10.52,23.09,0.30,-1,-1,-1
25,-1,2341.54,1154.08,30.60,24.30,0.30,-1,-1,-1
25,-1,1814.99,639.54,74.88,61.43,0.23,-1,-1,-1
25,-1,1288.21,444.47,49.42,67.28,0.22,-1,-1,-1
25,-1,1866.67,1014.14,18.83,34.19,0.22,-1,-1,-1
25,-1,1798.75,639.40,91.76,112.86,0.21,-1,-1,-1
25,-1,1796.95,637.82,93.64,116.85,0.18,-1,-1,-1
25,-1,2609.05,143.13,13.91,11.53,0.18,-1,-1,-1
25,-1,1814.88,1130.46,19.22,22.47,0.18,-1,-1,-1
25,-1,1797.32,693.18,71.29,58.59,0.17,-1,-1,-1
25,-1,1797.93,1119.05,23.67,35.76,0.16,-1,-1,-1
25,-1,830.79,1016.62,26.95,18.96,0.16,-1,-1,-1
25,-1,2035.94,1196.23,27.27,17.18,0.16,-1,-1,-1
25,-1,2089.05,393.51,25.76,32.62,0.16,-1,-1,-1
25,-1,1611.98,1743.14,75.66,59.85,0.15,-1,-1,-1
25,-1,467.92,1158.32,25.96,21.69,0.15,-1,-1,-1
25,-1,2068.04,374.17,22.06,37.96,0.14,-1,-1,-1
25,-1,1798.04,723.06,48.44,28.69,0.13,-1,-1,-1
25,-1,1684.28,1415.02,40.57,43.21,0.11,-1,-1,-1
25,-1,1640.89,1725.49,76.54,39.81,0.11,-1,-1,-1
25,-1,1288.59,444.58,86.93,36.74,0.11,-1,-1,-1
25,-1,1600.87,1310.95,94.26,73.41,0.11,-1,-1,-1
25,-1,1797.70,698.97,31.37,48.76,0.10,-1,-1,-1
25,-1,2046.60,377.78,18.31,25.78,0.10,-1,-1,-1
25,-1,454.42,1116.29,42.20,63.85,0.10,-1,-1,-1
25,-1,1675.80,1404.58,49.92,54.94,0.10,-1,-1,-1
25,-1,2068.11,372.08,48.25,52.66,0.09,-1,-1,-1
25,-1,2508.06,548.64,21.18,13.66,0.09,-1,-1,-1
25,-1,1810.81,1135.58,14.10,17.69,0.09,-1,-1,-1
25,-1,1876.44,1011.17,18.36,36.91,0.07,-1,-1,-1
25,-1,2036.87,1194.13,47.07,22.13,0.07,-1,-1,-1
25,-1,1685.15,1415.59,39.68,42.55,0.07,-1,-1,-1
25,-1,2020.15,1185.00,43.97,32.81,0.07,-1,-1,-1
25,-1,2193.54,759.06,114.90,58.52,0.07,-1,-1,-1
25,-1,1866.40,1013.87,15.48,16.50,0.07,-1,-1,-1
25,-1,2234.55,1233.72,32.77,35.86,0.07,-1,-1,-1
25,-1,1599.57,1401.70,49.91,50.79,0.06,-1,-1,-1
25,-1,830.76,1017.42,26.75,17.96,0.06,-1,-1,-1
25,-1,468.04,1169.81,17.29,11.93,0.06,-1,-1,-1
25,-1,1829.86,695.54,41.55,40.56,0.06,-1,-1,-1
25,-1,1797.89,733.16,26.15,18.78,0.06,-1,-1,-1
25,-1,2609.20,143.60,13.34,10.72,0.06,-1,-1,-1
25,-1,1343.69,1295.09,18.72,20.03,0.05,-1,-1,-1
25,-1,1685.49,1420.40,18.65,37.83,0.05,-1,-1,-1
25,-1,2021.93,335.00,114.89,119.17,0.05,-1,-1,-1
25,-1,2244.46,751.68,88.41,89.87,0.05,-1,-1,-1
25,-1,2013.09,1736.33,76.77,53.45,0.05,-1,-1,-1
26,-1,2201.85,717.36,115.73,57.34,0.91,-1,-1,-1
26,-1,2396.96,1166.00,63.20,132.60,0.91,-1,-1,-1
26,-1,1229.07,404.79,158.57,53.14,0.90,-1,-1,-1
26,-1,2044.59,298.52,116.39,98.82,0.77,-1,-1,-1
26,-1,2344.14,1069.71,50.08,61.89,0.71,-1,-1,-1
26,-1,1818.09,1064.83,45.60,40.23,0.69,-1,-1,-1
26,-1,2040.38,1125.82,59.23,46.73,0.69,-1,-1,-1
26,-1,2350.18,1595.07,97.76,65.18,0.50,-1,-1,-1
26,-1,2057.12,1676.90,43.63,52.77,0.48,-1,-1,-1
26,-1,1331.62,1183.00,74.07,100.14,0.48,-1,-1,-1
26,-1,1811.16,647.34,74.94,64.52,0.47,-1,-1,-1
26,-1,2083.41,1287.23,52.38,34.62,0.44,-1,-1,-1
26,-1,1900.45,926.43,37.30,31.30,0.40,-1,-1,-1
26,-1,1624.70,1701.04,83.77,59.22,0.39,-1,-1,-1
26,-1,1278.76,384.76,80.10,54.89,0.37,-1,-1,-1
26,-1,1848.20,594.75,56.42,46.96,0.35,-1,-1,-1
26,-1,1847.77,596.38,41.08,39.98,0.35,-1,-1,-1
26,-1,1271.91,382.57,86.57,88.72,0.30,-1,-1,-1
26,-1,1828.85,595.64,65.88,63.16,0.29,-1,-1,-1
26,-1,1840.57,649.59,47.52,41.00,0.28,-1,-1,-1
26,-1,1753.97,1241.80,23.88,28.85,0.28,-1,-1,-1
26,-1,1618.92,1364.43,43.11,48.98,0.26,-1,-1,-1
26,-1,2333.85,1091.30,46.82,53.59,0.26,-1,-1,-1
26,-1,1618.87,1364.86,43.34,48.26,0.24,-1,-1,-1
26,-1,2381.48,1616.07,65.08,42.65,0.23,-1,-1,-1
26,-1,1809.65,593.26,96.17,121.96,0.22,-1,-1,-1
26,-1,2249.11,1181.32,43.21,57.34,0.22,-1,-1,-1
26,-1,2121.10,632.54,66.05,78.52,0.22,-1,-1,-1
26,-1,1827.73,638.21,35.65,41.52,0.22,-1,-1,-1
26,-1,1957.20,1341.63,58.94,63.96,0.20,-1,-1,-1
26,-1,1827.03,594.27,78.32,111.89,0.20,-1,-1,-1
26,-1,1811.77,672.29,47.27,40.32,0.20,-1,-1,-1
26,-1,483.26,1100.59,28.89,35.24,0.19,-1,-1,-1
26,-1,1331.88,1183.43,70.95,99.17,0.17,-1,-1,-1
26,-1,1823.39,650.34,20.64,25.77,0.14,-1,-1,-1
26,-1,1810.60,651.42,34.87,50.53,0.14,-1,-1,-1
26,-1,2092.04,330.49,23.44,37.97,0.14,-1,-1,-1
26,-1,1826.35,623.22,64.82,63.65,0.14,-1,-1,-1
26,-1,1827.17,1085.93,18.39,18.66,0.14,-1,-1,-1
26,-1,848.12,971.69,28.97,20.38,0.14,-1,-1,-1
26,-1,2334.23,1087.36,49.35,57.68,0.13,-1,-1,-1
26,-1,1618.79,1365.00,43.22,47.84,0.13,-1,-1,-1
26,-1,2334.42,1085.81,50.76,59.33,0.13,-1,-1,-1
26,-1,2020.02,305.40,113.04,98.14,0.13,-1,-1,-1
26,-1,1734.70,1255.53,43.52,41.94,0.12,-1,-1,-1
26,-1,2019.40,295.87,135.62,102.13,0.12,-1,-1,-1
26,-1,2398.91,1244.01,52.15,54.60,0.11,-1,-1,-1
26,-1,193.22,524.60,117.17,140.72,0.11,-1,-1,-1
26,-1,1811.04,594.09,90.56,116.88,0.10,-1,-1,-1
26,-1,2265.89,1207.00,30.39,33.50,0.10,-1,-1,-1
26,-1,774.46,965.87,22.15,20.02,0.09,-1,-1,-1
26,-1,2370.25,1109.32,20.55,22.56,0.09,-1,-1,-1
26,-1,2030.53,1674.73,79.84,71.17,0.09,-1,-1,-1
26,-1,2046.41,309.76,72.37,64.30,0.09,-1,-1,-1
26,-1,1617.82,1348.68,124.17,69.54,0.09,-1,-1,-1
26,-1,1790.54,1209.03,45.73,38.73,0.08,-1,-1,-1
26,-1,2249.02,1180.99,35.04,29.06,0.08,-1,-1,-1
26,-1,1622.00,1355.47,116.83,67.98,0.08,-1,-1,-1
26,-1,2018.42,310.54,66.92,76.40,0.08,-1,-1,-1
26,-1,774.65,965.97,22.13,19.96,0.07,-1,-1,-1
26,-1,2038.71,1165.68,26.89,9.92,0.07,-1,-1,-1
26,-1,1808.88,648.94,79.10,68.69,0.07,-1,-1,-1
26,-1,2041.44,1127.52,58.00,45.81,0.07,-1,-1,-1
26,-1,1681.85,1348.22,58.87,65.87,0.06,-1,-1,-1
26,-1,2052.82,324.26,39.42,45.32,0.06,-1,-1,-1
26,-1,193.19,524.58,118.28,140.27,0.06,-1,-1,-1
26,-1,181.72,517.68,824.74,850.50,0.06,-1,-1,-1
26,-1,2017.57,311.48,63.00,75.28,0.06,-1,-1,-1
26,-1,2270.20,1231.45,34.40,18.22,0.06,-1,-1,-1
26,-1,1660.40,1263.81,28.67,31.02,0.06,-1,-1,-1
26,-1,2094.14,332.29,34.92,51.02,0.05,-1,-1,-1
26,-1,1838.36,670.67,36.61,36.51,0.05,-1,-1,-1
27,-1,2409.48,1141.51,61.95,133.10,0.91,-1,-1,-1
27,-1,2208.78,694.94,115.40,56.03,0.90,-1,-1,-1
27,-1,1226.98,382.72,159.11,48.67,0.87,-1,-1,-1
27,-1,1826.23,1039.63,49.21,41.92,0.85,-1,-1,-1
27,-1,2067.59,298.13,103.99,75.97,0.80,-1,-1,-1
27,-1,1906.85,901.66,40.20,45.72,0.79,-1,-1,-1
27,-1,1824.92,571.28,89.89,117.06,0.76,-1,-1,-1
27,-1,2050.26,1105.69,58.63,53.73,0.74,-1,-1,-1
27,-1,2355.36,1038.67,49.12,72.06,0.74,-1,-1,-1
27,-1,2069.13,1650.10,43.47,55.56,0.69,-1,-1,-1
27,-1,1345.84,1164.57,71.46,98.76,0.66,-1,-1,-1
27,-1,2258.82,1145.78,56.57,75.98,0.62,-1,-1,-1
27,-1,2098.65,1266.56,63.51,44.49,0.58,-1,-1,-1
27,-1,2133.28,612.43,57.11,69.07,0.57,-1,-1,-1
27,-1,1646.98,1675.61,76.21,63.28,0.55,-1,-1,-1
27,-1,1819.99,572.30,90.03,113.83,0.47,-1,-1,-1
27,-1,2043.94,264.09,92.89,92.33,0.47,-1,-1,-1
27,-1,2377.78,1095.58,27.51,20.57,0.40,-1,-1,-1
27,-1,1670.26,1242.07,34.16,48.14,0.31,-1,-1,-1
27,-1,1630.53,1345.29,40.61,44.95,0.30,-1,-1,-1
27,-1,1630.40,1345.03,41.03,45.71,0.26,-1,-1,-1
27,-1,2277.92,686.47,73.71,93.67,0.26,-1,-1,-1
27,-1,2050.70,1526.36,22.58,29.12,0.23,-1,-1,-1
27,-1,1840.87,572.88,66.36,62.48,0.21,-1,-1,-1
27,-1,1868.10,572.14,45.60,83.62,0.18,-1,-1,-1
27,-1,1279.01,349.16,89.53,70.44,0.17,-1,-1,-1
27,-1,2130.25,628.70,27.92,45.21,0.17,-1,-1,-1
27,-1,1906.34,929.31,38.21,32.03,0.17,-1,-1,-1
27,-1,2354.83,1041.61,28.21,22.84,0.16,-1,-1,-1
27,-1,2381.69,1039.23,22.99,70.05,0.16,-1,-1,-1
27,-1,1823.59,624.31,76.90,61.44,0.16,-1,-1,-1
27,-1,1693.19,1326.79,45.58,58.64,0.15,-1,-1,-1
27,-1,1821.59,571.43,94.09,119.99,0.15,-1,-1,-1
27,-1,1834.00,1249.74,79.94,54.84,0.15,-1,-1,-1
27,-1,1702.62,1327.59,34.49,55.21,0.14,-1,-1,-1
27,-1,1387.49,1180.26,16.44,25.64,0.14,-1,-1,-1
27,-1,2280.86,721.62,34.93,41.87,0.14,-1,-1,-1
27,-1,1379.40,1177.91,36.91,83.12,0.14,-1,-1,-1
27,-1,1824.32,654.38,48.80,30.88,0.13,-1,-1,-1
27,-1,2152.40,649.45,38.08,33.60,0.13,-1,-1,-1
27,-1,1860.10,573.47,41.94,37.21,0.13,-1,-1,-1
27,-1,1800.39,1183.19,40.02,25.83,0.13,-1,-1,-1
27,-1,2235.53,1175.75,75.33,69.86,0.12,-1,-1,-1
27,-1,1387.16,1179.58,20.70,48.05,0.12,-1,-1,-1
27,-1,1821.01,628.04,36.38,60.87,0.12,-1,-1,-1
27,-1,2412.54,1219.81,50.24,55.08,0.11,-1,-1,-1
27,-1,1836.98,612.20,56.38,47.61,0.10,-1,-1,-1
27,-1,2050.19,1105.97,58.32,53.12,0.10,-1,-1,-1
27,-1,495.71,1091.80,26.31,20.80,0.10,-1,-1,-1
27,-1,1754.36,1224.97,32.22,51.79,0.10,-1,-1,-1
27,-1,496.87,1092.48,25.26,20.16,0.10,-1,-1,-1
27,-1,2357.58,1559.85,103.98,122.80,0.09,-1,-1,-1
27,-1,1837.43,1268.51,53.22,23.50,0.09,-1,-1,-1
27,-1,207.38,501.84,109.76,136.40,0.08,-1,-1,-1
27,-1,2054.24,1669.83,68.50,55.30,0.08,-1,-1,-1
27,-1,1849.99,626.21,48.94,37.50,0.07,-1,-1,-1
27,-1,2354.44,1039.14,66.98,28.97,0.07,-1,-1,-1
27,-1,1837.55,613.80,32.71,36.56,0.07,-1,-1,-1
27,-1,2041.34,1647.67,87.09,77.84,0.07,-1,-1,-1
27,-1,859.42,949.54,32.48,19.52,0.06,-1,-1,-1
27,-1,1708.00,1357.73,25.16,24.78,0.06,-1,-1,-1
27,-1,1825.54,1048.20,23.89,37.84,0.06,-1,-1,-1
27,-1,3049.01,731.42,47.55,51.99,0.06,-1,-1,-1
27,-1,1630.40,1345.11,41.20,46.07,0.06,-1,-1,-1
27,-1,859.43,948.33,35.09,21.32,0.06,-1,-1,-1
27,-1,1761.90,1182.64,82.59,72.33,0.06,-1,-1,-1
27,-1,2383.55,1586.37,73.40,49.79,0.05,-1,-1,-1
27,-1,2258.43,1146.70,60.12,74.94,0.05,-1,-1,-1
27,-1,859.43,948.99,31.83,19.39,0.05,-1,-1,-1
28,-1,2217.21,671.19,116.66,56.38,0.91,-1,-1,-1
28,-1,1226.48,361.57,158.88,46.61,0.89,-1,-1,-1
28,-1,2420.50,1115.19,62.43,133.91,0.88,-1,-1,-1
28,-1,2266.76,1113.53,68.74,81.77,0.85,-1,-1,-1
28,-1,2069.52,261.64,112.72,89.52,0.82,-1,-1,-1
28,-1,1832.22,1013.52,54.62,42.19,0.79,-1,-1,-1
28,-1,2074.15,1621.74,46.33,60.64,0.76,-1,-1,-1
28,-1,2114.67,1247.48,64.59,35.71,0.75,-1,-1,-1
28,-1,2369.34,1016.23,48.59,69.71,0.72,-1,-1,-1
28,-1,1918.37,874.49,41.79,47.33,0.72,-1,-1,-1
28,-1,2060.05,1074.11,60.58,62.74,0.68,-1,-1,-1
28,-1,2277.82,666.39,84.90,87.40,0.58,-1,-1,-1
28,-1,1363.00,1144.06,69.48,100.40,0.57,-1,-1,-1
28,-1,1841.07,547.39,84.75,116.39,0.54,-1,-1,-1
28,-1,2397.48,1564.25,79.35,49.28,0.51,-1,-1,-1
28,-1,2425.08,1193.84,51.67,55.88,0.49,-1,-1,-1
28,-1,1392.54,1161.47,39.39,82.49,0.47,-1,-1,-1
28,-1,1836.25,547.33,89.09,116.97,0.38,-1,-1,-1
28,-1,2353.43,1035.83,66.76,61.13,0.37,-1,-1,-1
28,-1,1906.56,909.39,38.60,17.19,0.36,-1,-1,-1
28,-1,2135.18,595.52,65.44,67.79,0.36,-1,-1,-1
28,-1,1835.62,602.80,34.36,62.41,0.35,-1,-1,-1
28,-1,508.10,1058.91,27.38,29.47,0.34,-1,-1,-1
28,-1,1837.45,600.00,70.30,65.79,0.32,-1,-1,-1
28,-1,2420.42,1139.31,55.12,95.92,0.30,-1,-1,-1
28,-1,2060.41,1075.17,60.16,61.12,0.29,-1,-1,-1
28,-1,1857.88,599.22,21.63,23.58,0.24,-1,-1,-1
28,-1,2050.03,1639.24,54.95,64.67,0.23,-1,-1,-1
28,-1,1887.89,547.42,38.48,57.12,0.23,-1,-1,-1
28,-1,1705.40,1297.43,40.89,64.89,0.23,-1,-1,-1
28,-1,1854.76,548.84,67.70,58.57,0.19,-1,-1,-1
28,-1,1845.56,601.28,21.02,24.99,0.19,-1,-1,-1
28,-1,1835.47,548.96,89.58,117.79,0.18,-1,-1,-1
28,-1,2354.20,1035.79,59.54,43.36,0.16,-1,-1,-1
28,-1,1863.21,601.04,50.28,38.82,0.16,-1,-1,-1
28,-1,1705.39,1297.53,41.02,64.58,0.16,-1,-1,-1
28,-1,2023.39,1484.79,70.78,60.79,0.15,-1,-1,-1
28,-1,1848.15,1245.05,52.98,26.93,0.14,-1,-1,-1
28,-1,1837.23,620.06,60.68,41.52,0.14,-1,-1,-1
28,-1,1653.37,1655.86,87.24,58.42,0.13,-1,-1,-1
28,-1,1639.59,1321.75,41.60,47.15,0.12,-1,-1,-1
28,-1,2023.32,1484.92,70.44,60.66,0.12,-1,-1,-1
28,-1,2145.02,1404.99,29.55,31.33,0.11,-1,-1,-1
28,-1,2113.16,281.29,27.52,33.65,0.11,-1,-1,-1
28,-1,2392.94,1562.24,84.03,99.30,0.10,-1,-1,-1
28,-1,1275.51,360.15,78.61,41.21,0.10,-1,-1,-1
28,-1,1361.44,1144.93,72.32,105.11,0.09,-1,-1,-1
28,-1,2278.81,697.06,47.61,54.83,0.09,-1,-1,-1
28,-1,1861.19,569.72,55.80,74.89,0.08,-1,-1,-1
28,-1,510.86,1077.88,14.33,11.37,0.08,-1,-1,-1
28,-1,1703.70,1297.82,41.90,65.56,0.08,-1,-1,-1
28,-1,2048.67,1637.47,56.66,66.91,0.07,-1,-1,-1
28,-1,2085.81,264.75,50.06,55.37,0.07,-1,-1,-1
28,-1,511.20,1078.98,14.31,10.23,0.07,-1,-1,-1
28,-1,1873.58,549.43,41.82,38.07,0.07,-1,-1,-1
28,-1,1885.55,1041.84,22.89,12.15,0.07,-1,-1,-1
28,-1,2144.89,1405.62,29.91,30.98,0.06,-1,-1,-1
28,-1,1836.26,630.01,33.19,30.96,0.06,-1,-1,-1
28,-1,2396.98,1564.09,79.27,48.28,0.06,-1,-1,-1
28,-1,217.41,478.23,109.34,136.81,0.06,-1,-1,-1
28,-1,1639.64,1321.47,41.93,47.29,0.06,-1,-1,-1
28,-1,1393.94,1206.77,39.09,37.37,0.06,-1,-1,-1
28,-1,1848.77,1036.72,9.31,20.41,0.06,-1,-1,-1
28,-1,2055.51,241.49,69.20,75.90,0.06,-1,-1,-1
28,-1,22.55,293.96,824.69,851.47,0.06,-1,-1,-1
28,-1,1633.99,1321.20,48.39,63.36,0.05,-1,-1,-1
28,-1,1848.76,1245.23,52.52,25.84,0.05,-1,-1,-1
28,-1,1946.22,884.08,13.89,14.06,0.05,-1,-1,-1
28,-1,2063.27,1508.98,26.00,23.72,0.05,-1,-1,-1
28,-1,2296.13,1184.02,27.24,12.06,0.05,-1,-1,-1
29,-1,2238.33,626.75,115.93,56.89,0.91,-1,-1,-1
29,-1,1231.92,313.94,158.91,53.19,0.90,-1,-1,-1
29,-1,2090.28,219.83,122.11,81.94,0.86,-1,-1,-1
29,-1,1867.74,962.35,38.88,57.03,0.82,-1,-1,-1
29,-1,2450.93,1065.25,61.21,136.84,0.79,-1,-1,-1
29,-1,1687.62,1612.84,86.48,56.26,0.78,-1,-1,-1
29,-1,2290.10,1061.93,78.73,77.94,0.75,-1,-1,-1
29,-1,1956.15,825.96,37.66,66.46,0.74,-1,-1,-1
29,-1,1932.83,501.99,25.95,63.28,0.72,-1,-1,-1
29,-1,1860.76,505.17,87.24,109.85,0.69,-1,-1,-1
29,-1,1689.12,1163.96,47.02,33.21,0.65,-1,-1,-1
29,-1,2106.95,1569.10,39.12,74.23,0.64,-1,-1,-1
29,-1,2090.75,1617.72,51.72,34.70,0.64,-1,-1,-1
29,-1,2089.84,1030.54,63.69,55.55,0.56,-1,-1,-1
29,-1,1397.29,1106.15,72.05,100.63,0.52,-1,-1,-1
29,-1,2394.66,981.32,52.48,40.88,0.45,-1,-1,-1
29,-1,2155.10,556.56,69.95,69.19,0.40,-1,-1,-1
29,-1,2394.05,979.92,64.30,74.59,0.38,-1,-1,-1
29,-1,1397.45,1106.24,70.40,101.11,0.38,-1,-1,-1
29,-1,1733.43,1276.93,34.52,32.82,0.38,-1,-1,-1
29,-1,1790.82,1165.93,49.40,41.13,0.37,-1,-1,-1
29,-1,533.60,1011.25,28.82,30.22,0.37,-1,-1,-1
29,-1,1957.57,860.43,11.92,33.30,0.31,-1,-1,-1
29,-1,1867.52,502.24,91.19,114.73,0.28,-1,-1,-1
29,-1,1988.58,775.56,15.43,11.24,0.23,-1,-1,-1
29,-1,1956.82,858.10,25.75,35.51,0.20,-1,-1,-1
29,-1,1742.98,1279.93,25.38,17.16,0.19,-1,-1,-1
29,-1,2313.54,654.42,32.39,40.18,0.19,-1,-1,-1
29,-1,1864.93,556.41,73.65,56.42,0.18,-1,-1,-1
29,-1,1860.26,559.33,38.94,54.22,0.17,-1,-1,-1
29,-1,1678.78,1188.53,37.95,17.49,0.17,-1,-1,-1
29,-1,1818.18,1102.89,57.95,67.07,0.17,-1,-1,-1
29,-1,2023.73,809.52,23.34,22.85,0.17,-1,-1,-1
29,-1,2190.77,582.99,36.83,36.45,0.16,-1,-1,-1
29,-1,1657.09,1277.54,43.67,47.61,0.15,-1,-1,-1
29,-1,2089.08,1051.12,38.37,34.38,0.15,-1,-1,-1
29,-1,1862.39,585.87,49.63,26.38,0.13,-1,-1,-1
29,-1,1870.51,990.05,16.78,23.18,0.13,-1,-1,-1
29,-1,537.14,1029.17,16.71,13.21,0.13,-1,-1,-1
29,-1,2405.74,1501.84,95.63,69.82,0.12,-1,-1,-1
29,-1,1829.28,1102.97,46.45,35.39,0.12,-1,-1,-1
29,-1,2455.81,1146.98,46.63,55.17,0.12,-1,-1,-1
29,-1,1912.32,521.51,33.63,68.76,0.11,-1,-1,-1
29,-1,2090.04,1030.50,63.70,55.52,0.10,-1,-1,-1
29,-1,564.92,1342.65,824.12,825.12,0.10,-1,-1,-1
29,-1,1792.23,1163.91,131.60,65.71,0.10,-1,-1,-1
29,-1,1733.91,1279.11,34.48,31.07,0.10,-1,-1,-1
29,-1,900.17,878.68,25.13,19.61,0.10,-1,-1,-1
29,-1,1733.50,1296.34,16.42,13.34,0.09,-1,-1,-1
29,-1,0.40,1365.98,800.68,801.97,0.09,-1,-1,-1
29,-1,2172.60,603.02,18.18,22.41,0.09,-1,-1,-1
29,-1,535.43,1016.92,26.42,24.58,0.09,-1,-1,-1
29,-1,84.59,1345.65,824.10,820.12,0.08,-1,-1,-1
29,-1,2095.26,1463.68,35.92,39.19,0.08,-1,-1,-1
29,-1,1869.67,985.76,41.85,34.17,0.08,-1,-1,-1
29,-1,2395.05,982.65,52.26,39.02,0.08,-1,-1,-1
29,-1,2576.72,407.70,40.45,15.36,0.08,-1,-1,-1
29,-1,5.83,1365.44,816.12,802.74,0.08,-1,-1,-1
29,-1,2450.77,1089.19,59.62,110.50,0.08,-1,-1,-1
29,-1,1792.93,1182.88,33.06,24.84,0.08,-1,-1,-1
29,-1,2310.56,622.09,73.81,70.33,0.07,-1,-1,-1
29,-1,1668.77,1302.93,24.91,19.31,0.07,-1,-1,-1
29,-1,241.31,427.99,111.96,148.10,0.07,-1,-1,-1
29,-1,1862.79,1189.60,63.66,40.67,0.07,-1,-1,-1
29,-1,596.06,1317.36,825.06,849.06,0.06,-1,-1,-1
29,-1,19.72,1316.17,829.19,852.15,0.06,-1,-1,-1
29,-1,18.52,2109.71,49.61,28.09,0.06,-1,-1,-1
29,-1,266.67,433.18,84.60,81.86,0.06,-1,-1,-1
29,-1,1976.27,815.72,15.19,11.29,0.06,-1,-1,-1
29,-1,1959.67,826.40,33.91,16.92,0.06,-1,-1,-1
29,-1,2156.43,1208.58,41.51,36.19,0.05,-1,-1,-1
29,-1,2071.88,215.05,71.66,62.43,0.05,-1,-1,-1
29,-1,2018.36,780.16,14.79,10.22,0.05,-1,-1,-1
29,-1,1910.41,557.12,23.57,41.23,0.05,-1,-1,-1
29,-1,25.07,195.59,820.77,853.22,0.05,-1,-1,-1
29,-1,1678.23,1179.13,58.99,27.03,0.05,-1,-1,-1
30,-1,1236.76,289.64,158.46,52.31,0.91,-1,-1,-1
30,-1,2469.49,1035.44,67.92,137.43,0.86,-1,-1,-1
30,-1,1974.78,799.02,33.73,65.69,0.86,-1,-1,-1
30,-1,2117.60,199.98,115.46,73.00,0.82,-1,-1,-1
30,-1,2099.39,1547.53,72.41,79.64,0.81,-1,-1,-1
30,-1,2102.99,1001.71,76.44,63.16,0.76,-1,-1,-1
30,-1,1418.99,1083.10,72.91,101.44,0.74,-1,-1,-1
30,-1,1881.54,929.27,47.98,64.23,0.72,-1,-1,-1
30,-1,2251.90,602.51,112.61,55.67,0.69,-1,-1,-1
30,-1,2252.14,602.15,115.46,56.27,0.69,-1,-1,-1
30,-1,1748.53,1243.11,41.77,38.65,0.69,-1,-1,-1
30,-1,1934.96,478.92,44.05,65.62,0.63,-1,-1,-1
30,-1,1877.94,547.10,38.65,55.58,0.59,-1,-1,-1
30,-1,1899.04,478.63,68.83,94.70,0.53,-1,-1,-1
30,-1,1845.70,1076.22,44.72,18.36,0.49,-1,-1,-1
30,-1,1894.11,523.44,46.12,52.08,0.46,-1,-1,-1
30,-1,1811.30,1133.85,27.42,18.89,0.45,-1,-1,-1
30,-1,2112.10,1586.98,50.67,40.23,0.45,-1,-1,-1
30,-1,1419.05,1082.53,71.90,101.99,0.43,-1,-1,-1
30,-1,1685.51,1261.76,28.14,34.88,0.41,-1,-1,-1
30,-1,2306.16,1046.91,56.29,60.79,0.38,-1,-1,-1
30,-1,1722.42,1136.54,30.69,33.61,0.26,-1,-1,-1
30,-1,2167.49,533.30,72.47,68.13,0.25,-1,-1,-1
30,-1,1708.15,1580.17,88.54,63.18,0.25,-1,-1,-1
30,-1,1881.47,1152.92,79.71,51.78,0.24,-1,-1,-1
30,-1,2475.17,1120.54,52.33,53.47,0.24,-1,-1,-1
30,-1,1805.55,1136.13,42.06,51.96,0.23,-1,-1,-1
30,-1,2407.50,958.00,85.23,73.90,0.21,-1,-1,-1
30,-1,1709.35,1579.82,87.30,63.26,0.20,-1,-1,-1
30,-1,1906.70,527.56,47.33,51.53,0.20,-1,-1,-1
30,-1,1909.39,478.16,69.88,98.29,0.20,-1,-1,-1
30,-1,1872.91,956.69,32.75,35.09,0.15,-1,-1,-1
30,-1,2415.82,958.24,42.18,35.42,0.15,-1,-1,-1
30,-1,2159.12,207.42,30.50,45.22,0.14,-1,-1,-1
30,-1,548.24,974.56,31.36,39.94,0.14,-1,-1,-1
30,-1,2102.96,1025.79,43.95,36.20,0.13,-1,-1,-1
30,-1,1823.66,1155.06,23.95,25.40,0.12,-1,-1,-1
30,-1,1882.50,978.37,23.15,13.29,0.12,-1,-1,-1
30,-1,2402.60,958.63,87.38,73.50,0.12,-1,-1,-1
30,-1,2322.94,594.15,72.61,64.98,0.11,-1,-1,-1
30,-1,1747.47,1269.57,41.71,13.06,0.11,-1,-1,-1
30,-1,2174.73,1179.79,41.96,39.05,0.10,-1,-1,-1
30,-1,1837.82,1088.18,38.83,36.80,0.10,-1,-1,-1
30,-1,1885.16,527.31,28.82,34.41,0.10,-1,-1,-1
30,-1,2127.36,198.52,62.13,53.68,0.09,-1,-1,-1
30,-1,2134.44,217.99,19.83,22.37,0.08,-1,-1,-1
30,-1,1927.60,549.05,13.94,22.49,0.08,-1,-1,-1
30,-1,2109.15,196.04,28.22,37.68,0.08,-1,-1,-1
30,-1,1740.76,1268.89,27.03,14.22,0.08,-1,-1,-1
30,-1,1921.95,477.13,43.86,38.39,0.07,-1,-1,-1
30,-1,2468.99,1057.61,60.27,109.02,0.07,-1,-1,-1
30,-1,1811.36,1086.07,67.60,71.17,0.07,-1,-1,-1
30,-1,2132.48,198.48,23.57,35.52,0.07,-1,-1,-1
30,-1,2306.97,1047.53,55.26,59.74,0.06,-1,-1,-1
30,-1,2258.46,592.43,136.51,83.09,0.06,-1,-1,-1
30,-1,1721.93,1149.31,17.77,19.88,0.06,-1,-1,-1
30,-1,2160.28,207.48,21.71,28.29,0.06,-1,-1,-1
30,-1,555.49,994.80,20.93,20.23,0.05,-1,-1,-1
30,-1,1950.09,479.09,29.01,44.02,0.05,-1,-1,-1
30,-1,555.00,992.10,23.31,22.32,0.05,-1,-1,-1
31,-1,2267.21,577.14,114.75,54.23,0.91,-1,-1,-1
31,-1,1243.92,262.48,158.17,55.60,0.90,-1,-1,-1
31,-1,2130.24,172.99,124.87,70.80,0.87,-1,-1,-1
31,-1,1441.02,1061.35,71.09,99.89,0.83,-1,-1,-1
31,-1,1896.97,899.59,50.84,61.36,0.82,-1,-1,-1
31,-1,1994.40,765.48,39.65,71.23,0.82,-1,-1,-1
31,-1,2491.04,1009.44,69.39,135.84,0.80,-1,-1,-1
31,-1,2432.55,922.96,50.10,40.85,0.75,-1,-1,-1
31,-1,1922.51,452.15,65.68,71.45,0.66,-1,-1,-1
31,-1,1696.92,1222.56,115.32,60.00,0.65,-1,-1,-1
31,-1,2123.36,1520.77,64.21,75.24,0.63,-1,-1,-1
31,-1,2127.79,1558.80,53.24,42.96,0.57,-1,-1,-1
31,-1,1897.75,519.13,39.23,41.53,0.56,-1,-1,-1
31,-1,1947.17,452.15,50.86,81.61,0.53,-1,-1,-1
31,-1,1918.98,495.48,38.46,47.72,0.52,-1,-1,-1
31,-1,2322.45,1019.72,58.43,56.46,0.50,-1,-1,-1
31,-1,1895.73,949.08,29.83,20.04,0.43,-1,-1,-1
31,-1,2494.42,1088.36,44.14,57.42,0.40,-1,-1,-1
31,-1,2117.46,969.20,77.05,72.09,0.39,-1,-1,-1
31,-1,1727.71,1562.71,94.09,55.87,0.36,-1,-1,-1
31,-1,2493.74,1087.67,45.93,57.95,0.34,-1,-1,-1
31,-1,2491.55,1044.96,42.64,55.71,0.29,-1,-1,-1
31,-1,1727.36,1562.45,95.22,55.64,0.22,-1,-1,-1
31,-1,1702.36,1235.14,28.38,33.78,0.20,-1,-1,-1
31,-1,1920.23,520.69,27.75,35.11,0.20,-1,-1,-1
31,-1,2501.05,1041.65,44.81,100.80,0.20,-1,-1,-1
31,-1,1970.74,452.48,27.84,40.80,0.20,-1,-1,-1
31,-1,1828.43,1106.44,34.00,23.50,0.18,-1,-1,-1
31,-1,16.50,2073.24,25.33,48.54,0.17,-1,-1,-1
31,-1,1739.48,1121.19,36.92,26.03,0.15,-1,-1,-1
31,-1,570.01,953.95,30.51,33.42,0.14,-1,-1,-1
31,-1,1912.35,500.46,18.06,26.47,0.14,-1,-1,-1
31,-1,153.17,2097.85,32.13,31.75,0.13,-1,-1,-1
31,-1,1895.36,453.32,99.63,116.58,0.13,-1,-1,-1
31,-1,2268.86,570.71,141.09,74.08,0.13,-1,-1,-1
31,-1,2.60,1349.20,794.10,811.48,0.12,-1,-1,-1
31,-1,2504.97,1025.53,53.24,27.96,0.12,-1,-1,-1
31,-1,2345.36,1047.67,35.80,27.88,0.12,-1,-1,-1
31,-1,2214.53,1300.32,20.16,31.52,0.12,-1,-1,-1
31,-1,20.04,1345.48,825.59,819.11,0.12,-1,-1,-1
31,-1,576.09,966.74,26.11,20.77,0.11,-1,-1,-1
31,-1,1775.87,1225.25,36.13,29.82,0.10,-1,-1,-1
31,-1,1739.56,1121.21,36.94,25.42,0.10,-1,-1,-1
31,-1,2434.64,944.60,52.58,20.24,0.09,-1,-1,-1
31,-1,1907.37,501.30,27.77,38.88,0.09,-1,-1,-1
31,-1,2495.65,1009.18,44.02,73.40,0.09,-1,-1,-1
31,-1,49.95,2054.63,56.42,33.15,0.09,-1,-1,-1
31,-1,2495.09,1042.47,18.36,40.46,0.09,-1,-1,-1
31,-1,1775.93,1225.49,35.17,29.53,0.08,-1,-1,-1
31,-1,2323.68,1020.39,41.73,34.36,0.08,-1,-1,-1
31,-1,2461.73,976.11,35.06,33.34,0.08,-1,-1,-1
31,-1,575.64,966.26,24.89,21.88,0.08,-1,-1,-1
31,-1,153.48,2098.39,31.23,27.82,0.08,-1,-1,-1
31,-1,1945.04,503.76,30.54,29.06,0.07,-1,-1,-1
31,-1,2177.17,180.61,24.22,27.81,0.07,-1,-1,-1
31,-1,1853.53,1047.84,47.96,46.71,0.07,-1,-1,-1
31,-1,11.86,2052.42,46.78,31.68,0.07,-1,-1,-1
31,-1,2495.18,1010.61,45.83,71.66,0.07,-1,-1,-1
31,-1,2494.19,1025.42,63.66,75.43,0.06,-1,-1,-1
31,-1,2461.94,976.32,34.92,32.76,0.06,-1,-1,-1
31,-1,2458.80,923.47,25.73,35.12,0.06,-1,-1,-1
31,-1,19.66,1317.41,826.84,848.64,0.06,-1,-1,-1
31,-1,2093.50,1556.75,43.41,48.63,0.06,-1,-1,-1
31,-1,1741.40,1224.14,62.12,48.66,0.06,-1,-1,-1
31,-1,1995.62,804.52,12.08,31.86,0.06,-1,-1,-1
31,-1,1897.84,530.37,50.61,30.73,0.06,-1,-1,-1
31,-1,11.54,2052.09,47.38,29.10,0.06,-1,-1,-1
31,-1,1897.92,537.39,18.93,18.53,0.06,-1,-1,-1
31,-1,1909.91,556.97,16.54,16.64,0.05,-1,-1,-1
31,-1,2153.47,175.94,51.71,37.04,0.05,-1,-1,-1
31,-1,1910.83,1132.69,68.63,43.64,0.05,-1,-1,-1
32,-1,2282.79,549.66,117.13,54.79,0.91,-1,-1,-1
32,-1,1252.26,236.58,157.77,55.41,0.91,-1,-1,-1
32,-1,2151.60,142.71,122.89,73.46,0.86,-1,-1,-1
32,-1,2513.06,980.22,56.18,137.83,0.85,-1,-1,-1
32,-1,1916.37,870.71,51.13,70.43,0.82,-1,-1,-1
32,-1,2009.00,737.46,42.87,65.60,0.82,-1,-1,-1
32,-1,2446.86,892.37,51.72,53.82,0.80,-1,-1,-1
32,-1,2135.77,945.67,88.56,70.28,0.78,-1,-1,-1
32,-1,1789.01,1189.88,53.01,50.30,0.74,-1,-1,-1
32,-1,2159.44,1503.82,49.00,53.05,0.73,-1,-1,-1
32,-1,1466.47,1039.20,71.60,99.15,0.66,-1,-1,-1
32,-1,30.44,2023.85,51.87,72.47,0.59,-1,-1,-1
32,-1,1749.35,1539.67,103.10,53.94,0.57,-1,-1,-1
32,-1,2360.16,1016.22,35.92,24.77,0.55,-1,-1,-1
32,-1,1844.62,1079.81,44.14,65.02,0.54,-1,-1,-1
32,-1,70.45,2031.16,53.15,72.16,0.50,-1,-1,-1
32,-1,2341.31,991.06,42.68,36.93,0.49,-1,-1,-1
32,-1,1914.85,472.51,48.45,59.75,0.48,-1,-1,-1
32,-1,1719.97,1201.75,40.65,38.98,0.47,-1,-1,-1
32,-1,1944.10,424.14,77.33,53.36,0.47,-1,-1,-1
32,-1,1959.62,451.27,47.20,64.49,0.39,-1,-1,-1
32,-1,1925.41,455.09,52.24,70.24,0.36,-1,-1,-1
32,-1,1914.73,425.30,108.43,105.18,0.31,-1,-1,-1
32,-1,1928.46,1100.77,68.45,68.33,0.30,-1,-1,-1
32,-1,70.43,2031.35,53.46,31.67,0.30,-1,-1,-1
32,-1,2218.74,1123.38,37.07,36.61,0.28,-1,-1,-1
32,-1,2193.36,153.40,25.53,26.89,0.28,-1,-1,-1
32,-1,2120.04,990.92,40.74,20.41,0.27,-1,-1,-1
32,-1,2519.46,999.81,50.85,68.96,0.24,-1,-1,-1
32,-1,1915.52,506.82,35.14,22.43,0.24,-1,-1,-1
32,-1,2160.27,1542.81,22.86,12.65,0.23,-1,-1,-1
32,-1,1873.03,1003.67,65.84,62.65,0.23,-1,-1,-1
32,-1,2518.61,1067.55,44.47,49.01,0.23,-1,-1,-1
32,-1,1914.38,930.77,25.98,13.35,0.22,-1,-1,-1
32,-1,2481.16,892.31,24.69,34.63,0.21,-1,-1,-1
32,-1,2517.63,979.57,41.31,74.44,0.20,-1,-1,-1
32,-1,1928.66,1100.84,68.31,68.93,0.20,-1,-1,-1
32,-1,2191.29,152.77,41.08,38.62,0.18,-1,-1,-1
32,-1,32.64,2023.29,49.02,34.79,0.17,-1,-1,-1
32,-1,2233.41,1267.44,29.78,41.76,0.17,-1,-1,-1
32,-1,1918.60,424.88,103.41,96.19,0.17,-1,-1,-1
32,-1,2159.93,1526.80,45.35,30.72,0.16,-1,-1,-1
32,-1,1942.85,1101.89,52.37,39.67,0.14,-1,-1,-1
32,-1,591.54,937.70,28.18,22.02,0.13,-1,-1,-1
32,-1,2512.81,1007.60,53.44,111.37,0.12,-1,-1,-1
32,-1,2514.16,1018.75,40.26,55.35,0.12,-1,-1,-1
32,-1,1748.46,1542.31,105.55,50.74,0.12,-1,-1,-1
32,-1,592.89,938.69,26.67,20.99,0.12,-1,-1,-1
32,-1,1942.77,424.53,79.53,49.19,0.11,-1,-1,-1
32,-1,587.76,916.95,33.63,42.78,0.11,-1,-1,-1
32,-1,956.90,797.98,33.59,18.53,0.11,-1,-1,-1
32,-1,1.59,1348.23,792.87,815.64,0.10,-1,-1,-1
32,-1,174.34,2071.09,30.85,27.03,0.09,-1,-1,-1
32,-1,1721.36,1221.62,37.79,19.17,0.08,-1,-1,-1
32,-1,2482.52,932.00,32.01,26.33,0.08,-1,-1,-1
32,-1,2519.90,1015.20,18.34,39.01,0.08,-1,-1,-1
32,-1,956.78,797.79,33.72,18.70,0.08,-1,-1,-1
32,-1,2492.57,1437.20,73.57,55.98,0.07,-1,-1,-1
32,-1,1918.65,424.67,104.01,100.54,0.07,-1,-1,-1
32,-1,174.39,2071.22,30.68,26.69,0.07,-1,-1,-1
32,-1,2489.73,906.37,19.33,26.90,0.07,-1,-1,-1
32,-1,2011.72,785.16,22.92,19.09,0.07,-1,-1,-1
32,-1,2526.81,1001.35,43.86,27.88,0.07,-1,-1,-1
32,-1,1757.61,1092.70,47.08,43.99,0.07,-1,-1,-1
32,-1,1926.56,471.30,20.11,22.76,0.07,-1,-1,-1
32,-1,956.85,797.76,33.72,18.77,0.06,-1,-1,-1
32,-1,2526.98,1070.60,55.82,18.26,0.06,-1,-1,-1
32,-1,1871.05,1026.32,44.15,42.22,0.06,-1,-1,-1
32,-1,2219.23,1123.65,36.57,36.34,0.06,-1,-1,-1
32,-1,2334.62,1016.83,47.68,25.63,0.06,-1,-1,-1
32,-1,2139.49,1501.62,68.95,80.17,0.06,-1,-1,-1
32,-1,1914.47,905.97,25.23,38.23,0.06,-1,-1,-1
32,-1,1944.22,1101.48,20.69,24.49,0.06,-1,-1,-1
32,-1,1938.82,455.68,30.70,34.36,0.05,-1,-1,-1
32,-1,2337.80,996.36,22.29,30.24,0.05,-1,-1,-1
32,-1,2222.17,168.48,28.69,42.90,0.05,-1,-1,-1
32,-1,2150.20,143.30,124.86,72.09,0.05,-1,-1,-1
33,-1,1260.79,213.41,158.05,56.61,0.90,-1,-1,-1
33,-1,2299.01,529.16,113.47,51.71,0.87,-1,-1,-1
33,-1,2154.31,921.75,79.21,74.98,0.83,-1,-1,-1
33,-1,2170.48,120.84,121.42,74.89,0.83,-1,-1,-1
33,-1,2032.44,713.79,39.94,65.23,0.83,-1,-1,-1
33,-1,2471.36,874.11,49.26,49.94,0.78,-1,-1,-1
33,-1,2531.93,954.55,52.39,133.96,0.75,-1,-1,-1
33,-1,1485.81,1019.95,70.63,98.96,0.68,-1,-1,-1
33,-1,1936.57,850.70,42.97,74.26,0.68,-1,-1,-1
33,-1,1932.50,449.94,42.52,54.45,0.63,-1,-1,-1
33,-1,2355.88,968.49,48.24,46.24,0.57,-1,-1,-1
33,-1,2153.71,1482.13,74.09,77.05,0.57,-1,-1,-1
33,-1,2534.25,1033.06,50.88,59.33,0.56,-1,-1,-1
33,-1,1857.25,1062.11,50.80,72.04,0.52,-1,-1,-1
33,-1,1770.63,1514.95,109.70,58.53,0.49,-1,-1,-1
33,-1,1979.08,427.70,45.39,66.13,0.44,-1,-1,-1
33,-1,1926.44,482.48,54.19,23.71,0.42,-1,-1,-1
33,-1,2533.03,988.88,49.97,81.63,0.39,-1,-1,-1
33,-1,2167.50,1506.69,53.60,27.82,0.36,-1,-1,-1
33,-1,1960.07,401.87,72.60,88.91,0.35,-1,-1,-1
33,-1,2299.07,528.82,114.98,52.90,0.32,-1,-1,-1
33,-1,1936.15,850.90,42.76,73.65,0.31,-1,-1,-1
33,-1,2534.48,955.85,45.51,72.65,0.30,-1,-1,-1
33,-1,1806.31,1159.92,51.20,53.43,0.30,-1,-1,-1
33,-1,1957.14,442.35,28.72,45.39,0.29,-1,-1,-1
33,-1,1762.28,1060.62,45.80,34.52,0.28,-1,-1,-1
33,-1,2250.59,1256.07,23.38,34.54,0.28,-1,-1,-1
33,-1,605.47,896.32,31.83,40.57,0.25,-1,-1,-1
33,-1,1738.98,1147.90,119.78,74.03,0.23,-1,-1,-1
33,-1,1940.01,399.26,101.47,100.00,0.21,-1,-1,-1
33,-1,2504.23,1411.62,77.70,63.26,0.21,-1,-1,-1
33,-1,1761.76,1073.96,32.61,21.73,0.19,-1,-1,-1
33,-1,2240.79,1108.14,31.80,30.87,0.19,-1,-1,-1
33,-1,1977.57,403.06,53.87,39.54,0.19,-1,-1,-1
33,-1,89.16,2007.92,49.90,34.32,0.19,-1,-1,-1
33,-1,2034.61,753.60,17.70,25.91,0.18,-1,-1,-1
33,-1,1954.75,454.86,26.41,47.90,0.18,-1,-1,-1
33,-1,2367.37,525.33,75.80,74.20,0.17,-1,-1,-1
33,-1,1740.42,1180.61,32.32,39.23,0.17,-1,-1,-1
33,-1,1.20,1318.20,797.66,837.00,0.16,-1,-1,-1
33,-1,2376.04,555.11,30.16,44.23,0.16,-1,-1,-1
33,-1,1761.33,1079.79,31.61,16.07,0.15,-1,-1,-1
33,-1,974.97,774.31,25.11,18.60,0.15,-1,-1,-1
33,-1,2543.25,974.22,42.83,67.52,0.15,-1,-1,-1
33,-1,2152.61,1483.29,75.42,78.71,0.14,-1,-1,-1
33,-1,1955.77,401.88,83.33,47.57,0.13,-1,-1,-1
33,-1,319.65,326.41,106.98,140.33,0.13,-1,-1,-1
33,-1,2550.58,1430.33,31.71,46.55,0.13,-1,-1,-1
33,-1,2545.65,974.58,40.20,24.52,0.12,-1,-1,-1
33,-1,1740.31,1180.96,32.36,38.68,0.12,-1,-1,-1
33,-1,2494.06,873.03,32.46,26.95,0.12,-1,-1,-1
33,-1,2241.19,142.03,20.92,38.79,0.11,-1,-1,-1
33,-1,2181.18,1481.87,47.21,52.89,0.11,-1,-1,-1
33,-1,2502.30,1410.38,80.41,67.20,0.10,-1,-1,-1
33,-1,1944.86,432.49,39.38,36.36,0.10,-1,-1,-1
33,-1,2535.36,1036.01,45.11,55.94,0.10,-1,-1,-1
33,-1,2211.10,130.25,24.59,37.18,0.10,-1,-1,-1
33,-1,2502.59,1410.05,79.94,67.94,0.10,-1,-1,-1
33,-1,18.40,1313.47,829.12,850.84,0.09,-1,-1,-1
33,-1,2533.83,1029.53,23.14,19.18,0.09,-1,-1,-1
33,-1,975.07,774.98,24.87,18.02,0.09,-1,-1,-1
33,-1,1971.78,446.93,27.65,44.72,0.09,-1,-1,-1
33,-1,1945.83,1069.65,87.72,81.11,0.08,-1,-1,-1
33,-1,1768.76,1514.50,111.64,58.48,0.08,-1,-1,-1
33,-1,1767.65,1514.00,113.88,58.96,0.08,-1,-1,-1
33,-1,2353.68,967.90,54.44,109.83,0.07,-1,-1,-1
33,-1,2235.26,142.34,17.64,33.74,0.07,-1,-1,-1
33,-1,587.85,1035.76,20.14,12.93,0.07,-1,-1,-1
33,-1,1867.38,1062.19,28.17,28.33,0.07,-1,-1,-1
33,-1,1807.42,1149.45,39.05,45.58,0.07,-1,-1,-1
33,-1,2196.85,1101.10,105.07,193.35,0.07,-1,-1,-1
33,-1,89.70,2008.51,49.74,34.28,0.06,-1,-1,-1
33,-1,3024.49,1832.59,21.36,27.15,0.06,-1,-1,-1
33,-1,1761.21,1068.00,46.69,29.04,0.06,-1,-1,-1
33,-1,1406.45,1858.94,27.78,16.81,0.06,-1,-1,-1
33,-1,1954.47,1070.23,65.78,44.87,0.05,-1,-1,-1
33,-1,49.21,2005.47,47.86,26.28,0.05,-1,-1,-1
33,-1,1948.44,423.19,59.09,71.68,0.05,-1,-1,-1
33,-1,1735.83,1147.88,125.33,75.93,0.05,-1,-1,-1
33,-1,2014.71,401.38,24.27,45.56,0.05,-1,-1,-1
33,-1,2167.44,1516.41,41.31,16.21,0.05,-1,-1,-1
33,-1,48.78,2005.10,48.17,27.44,0.05,-1,-1,-1
34,-1,2319.85,500.61,116.08,52.79,0.91,-1,-1,-1
34,-1,1274.23,185.36,158.86,57.05,0.90,-1,-1,-1
34,-1,2045.89,685.64,56.04,60.70,0.83,-1,-1,-1
34,-1,2555.30,925.31,53.51,136.37,0.79,-1,-1,-1
34,-1,2191.51,94.77,126.03,68.47,0.74,-1,-1,-1
34,-1,2499.71,842.98,43.19,46.71,0.62,-1,-1,-1
34,-1,2178.50,893.12,82.25,75.94,0.59,-1,-1,-1
34,-1,2204.71,1464.97,46.17,40.26,0.55,-1,-1,-1
34,-1,2244.81,440.53,65.44,73.06,0.53,-1,-1,-1
34,-1,1788.09,1030.00,44.96,41.24,0.52,-1,-1,-1
34,-1,1512.64,995.09,69.41,100.06,0.51,-1,-1,-1
34,-1,1958.12,423.55,38.91,52.52,0.47,-1,-1,-1
34,-1,1834.76,1136.43,32.43,32.55,0.45,-1,-1,-1
34,-1,1955.49,820.05,46.87,67.67,0.43,-1,-1,-1
34,-1,3.33,1319.54,793.92,828.94,0.42,-1,-1,-1
34,-1,2264.93,115.36,28.12,40.20,0.41,-1,-1,-1
34,-1,1796.35,1475.83,107.83,75.77,0.35,-1,-1,-1
34,-1,2554.92,946.57,54.48,110.72,0.33,-1,-1,-1
34,-1,2555.39,998.01,51.98,64.23,0.32,-1,-1,-1
34,-1,1512.57,996.11,69.75,101.02,0.30,-1,-1,-1
34,-1,1982.16,409.51,37.36,52.61,0.28,-1,-1,-1
34,-1,2204.60,1476.81,40.51,29.00,0.28,-1,-1,-1
34,-1,1983.32,371.37,79.13,76.64,0.28,-1,-1,-1
34,-1,2246.95,113.82,21.17,33.80,0.26,-1,-1,-1
34,-1,1798.96,1477.56,104.58,74.30,0.26,-1,-1,-1
34,-1,631.64,870.58,28.69,36.56,0.25,-1,-1,-1
34,-1,2211.79,107.59,21.74,29.61,0.25,-1,-1,-1
34,-1,2189.74,93.41,128.28,69.84,0.22,-1,-1,-1
34,-1,1758.26,1145.33,44.11,52.33,0.21,-1,-1,-1
34,-1,116.28,1980.69,50.21,36.90,0.20,-1,-1,-1
34,-1,2191.35,95.41,40.52,17.33,0.19,-1,-1,-1
34,-1,2233.59,99.66,23.79,36.53,0.18,-1,-1,-1
34,-1,216.74,2019.22,29.57,26.24,0.18,-1,-1,-1
34,-1,1956.16,369.14,106.80,110.04,0.18,-1,-1,-1
34,-1,1841.26,1156.04,40.48,20.23,0.17,-1,-1,-1
34,-1,2265.46,1083.21,33.15,28.39,0.17,-1,-1,-1
34,-1,1512.40,996.46,69.89,98.15,0.16,-1,-1,-1
34,-1,2265.35,1083.15,32.89,28.45,0.15,-1,-1,-1
34,-1,2346.87,496.01,116.59,79.35,0.14,-1,-1,-1
34,-1,1984.69,436.59,42.83,37.85,0.14,-1,-1,-1
34,-1,1759.47,1145.95,40.34,50.45,0.13,-1,-1,-1
34,-1,1984.83,371.79,76.57,52.90,0.13,-1,-1,-1
34,-1,2260.27,113.76,15.94,34.35,0.13,-1,-1,-1
34,-1,85.51,1971.64,38.51,30.17,0.13,-1,-1,-1
34,-1,1956.74,370.27,104.46,106.47,0.12,-1,-1,-1
34,-1,1905.42,961.77,71.45,57.07,0.12,-1,-1,-1
34,-1,115.93,1980.71,51.11,36.41,0.11,-1,-1,-1
34,-1,2002.30,422.43,35.10,43.37,0.11,-1,-1,-1
34,-1,1979.93,437.82,24.96,34.54,0.11,-1,-1,-1
34,-1,2500.99,873.93,40.13,16.65,0.10,-1,-1,-1
34,-1,2567.35,930.87,41.96,39.02,0.10,-1,-1,-1
34,-1,1787.94,1053.79,27.13,16.72,0.09,-1,-1,-1
34,-1,2228.46,893.89,31.66,29.12,0.08,-1,-1,-1
34,-1,998.09,745.99,25.80,17.82,0.08,-1,-1,-1
34,-1,116.05,1981.19,51.28,36.57,0.08,-1,-1,-1
34,-1,86.04,1972.05,37.54,29.75,0.08,-1,-1,-1
34,-1,637.67,887.73,18.77,19.61,0.08,-1,-1,-1
34,-1,1550.37,1062.32,15.13,24.79,0.08,-1,-1,-1
34,-1,2376.12,937.76,49.30,46.33,0.07,-1,-1,-1
34,-1,997.63,746.25,26.24,17.71,0.07,-1,-1,-1
34,-1,1972.22,416.66,26.45,30.61,0.07,-1,-1,-1
34,-1,2265.62,1083.45,32.43,27.94,0.06,-1,-1,-1
34,-1,1999.88,371.84,61.23,43.95,0.06,-1,-1,-1
34,-1,2012.85,403.60,38.11,51.63,0.06,-1,-1,-1
34,-1,1952.48,852.22,71.51,65.74,0.06,-1,-1,-1
34,-1,2251.60,1202.24,48.26,61.34,0.05,-1,-1,-1
34,-1,1891.75,961.59,90.48,115.03,0.05,-1,-1,-1
34,-1,1966.05,819.83,32.43,22.66,0.05,-1,-1,-1
34,-1,2227.63,107.55,21.79,32.21,0.05,-1,-1,-1
34,-1,1757.16,1144.92,50.46,53.47,0.05,-1,-1,-1
34,-1,1951.78,848.71,27.24,46.90,0.05,-1,-1,-1
35,-1,2344.90,470.97,115.42,53.12,0.87,-1,-1,-1
35,-1,1290.97,158.15,158.73,53.90,0.80,-1,-1,-1
35,-1,2068.87,650.42,63.10,52.03,0.80,-1,-1,-1
35,-1,1828.07,1452.56,101.39,61.14,0.79,-1,-1,-1
35,-1,2578.56,891.41,55.59,139.96,0.76,-1,-1,-1
35,-1,1541.56,969.05,68.06,102.53,0.76,-1,-1,-1
35,-1,2215.83,55.21,127.04,77.30,0.72,-1,-1,-1
35,-1,2526.46,810.74,47.59,45.83,0.70,-1,-1,-1
35,-1,1928.01,924.88,69.05,64.72,0.67,-1,-1,-1
35,-1,2344.90,470.84,116.60,53.59,0.63,-1,-1,-1
35,-1,2010.65,340.08,73.47,55.66,0.62,-1,-1,-1
35,-1,1976.04,785.74,56.75,72.78,0.61,-1,-1,-1
35,-1,102.64,1951.26,50.19,73.50,0.59,-1,-1,-1
35,-1,2204.35,864.11,89.00,72.41,0.58,-1,-1,-1
35,-1,1782.29,1110.29,121.02,59.05,0.52,-1,-1,-1
35,-1,2510.81,1313.07,122.51,133.75,0.49,-1,-1,-1
35,-1,2264.66,413.50,68.57,71.85,0.49,-1,-1,-1
35,-1,1290.66,158.17,159.32,54.36,0.49,-1,-1,-1
35,-1,2199.65,1432.93,81.74,70.75,0.46,-1,-1,-1
35,-1,1983.08,400.77,36.15,49.17,0.44,-1,-1,-1
35,-1,144.79,1951.95,49.28,39.80,0.36,-1,-1,-1
35,-1,2291.21,86.28,32.80,63.02,0.35,-1,-1,-1
35,-1,241.90,1989.35,31.45,23.60,0.29,-1,-1,-1
35,-1,2011.00,386.55,34.98,45.58,0.28,-1,-1,-1
35,-1,2232.83,1435.08,48.02,36.93,0.28,-1,-1,-1
35,-1,1914.34,1003.06,41.83,40.79,0.27,-1,-1,-1
35,-1,1999.34,997.81,88.10,77.01,0.27,-1,-1,-1
35,-1,2022.40,371.81,53.98,63.14,0.26,-1,-1,-1
35,-1,221.23,408.28,50.45,70.09,0.24,-1,-1,-1
35,-1,2226.03,97.77,118.25,32.40,0.23,-1,-1,-1
35,-1,1975.65,339.05,112.49,111.00,0.22,-1,-1,-1
35,-1,354.00,2142.99,33.52,15.94,0.22,-1,-1,-1
35,-1,144.49,1954.08,46.74,37.21,0.21,-1,-1,-1
35,-1,1861.02,1111.02,46.20,43.61,0.21,-1,-1,-1
35,-1,1817.08,1005.56,46.85,44.94,0.21,-1,-1,-1
35,-1,17.25,1318.89,832.46,839.62,0.20,-1,-1,-1
35,-1,2574.24,912.36,58.61,116.72,0.19,-1,-1,-1
35,-1,2380.64,499.33,67.55,47.58,0.19,-1,-1,-1
35,-1,2025.54,341.41,61.57,98.64,0.19,-1,-1,-1
35,-1,2068.75,690.69,29.05,12.50,0.19,-1,-1,-1
35,-1,652.02,836.83,34.93,40.09,0.18,-1,-1,-1
35,-1,2054.07,341.16,33.21,55.82,0.16,-1,-1,-1
35,-1,116.40,1318.82,824.55,842.97,0.16,-1,-1,-1
35,-1,1994.07,390.83,25.59,27.38,0.15,-1,-1,-1
35,-1,1817.93,1005.20,45.79,46.06,0.15,-1,-1,-1
35,-1,1980.69,339.72,103.85,107.13,0.15,-1,-1,-1
35,-1,2186.62,1462.66,65.41,55.56,0.14,-1,-1,-1
35,-1,2215.28,53.47,127.38,80.29,0.14,-1,-1,-1
35,-1,145.17,1954.98,52.93,74.42,0.13,-1,-1,-1
35,-1,2069.27,688.93,48.88,19.51,0.13,-1,-1,-1
35,-1,1783.23,1121.24,40.85,46.51,0.13,-1,-1,-1
35,-1,354.26,2142.93,33.25,15.96,0.13,-1,-1,-1
35,-1,2114.42,639.60,46.41,36.06,0.12,-1,-1,-1
35,-1,2284.63,82.21,25.19,37.67,0.12,-1,-1,-1
35,-1,2011.89,387.72,22.28,29.54,0.12,-1,-1,-1
35,-1,1817.32,1005.89,45.28,44.41,0.11,-1,-1,-1
35,-1,2584.70,882.55,54.81,96.25,0.11,-1,-1,-1
35,-1,2219.23,76.23,20.94,24.08,0.11,-1,-1,-1
35,-1,2376.30,466.98,112.24,80.02,0.11,-1,-1,-1
35,-1,288.01,2145.55,26.19,13.22,0.11,-1,-1,-1
35,-1,1817.61,1005.18,46.20,45.95,0.11,-1,-1,-1
35,-1,2260.80,68.39,23.19,25.92,0.10,-1,-1,-1
35,-1,2580.93,965.44,54.53,65.54,0.10,-1,-1,-1
35,-1,2552.86,840.62,26.65,18.27,0.10,-1,-1,-1
35,-1,103.42,1951.77,47.97,28.70,0.09,-1,-1,-1
35,-1,2292.00,1051.24,32.46,30.86,0.09,-1,-1,-1
35,-1,2199.14,1433.01,27.59,56.21,0.08,-1,-1,-1
35,-1,2013.63,409.62,35.19,33.77,0.08,-1,-1,-1
35,-1,2535.30,866.93,33.40,12.59,0.08,-1,-1,-1
35,-1,2012.56,415.96,20.32,26.32,0.08,-1,-1,-1
35,-1,2553.51,840.76,26.13,18.12,0.08,-1,-1,-1
35,-1,2559.26,1361.67,72.26,85.10,0.08,-1,-1,-1
35,-1,2261.12,67.74,32.62,43.16,0.07,-1,-1,-1
35,-1,2013.24,413.96,33.48,30.06,0.07,-1,-1,-1
35,-1,2029.44,393.46,32.37,41.56,0.07,-1,-1,-1
35,-1,370.65,270.16,108.33,135.50,0.06,-1,-1,-1
35,-1,2201.78,1436.53,80.74,69.93,0.06,-1,-1,-1
35,-1,2556.28,1359.61,76.44,85.63,0.06,-1,-1,-1
35,-1,1023.53,716.55,33.77,18.39,0.06,-1,-1,-1
35,-1,2215.53,52.37,124.96,79.01,0.06,-1,-1,-1
35,-1,2577.96,966.21,30.61,28.54,0.06,-1,-1,-1
35,-1,1974.04,959.52,22.07,28.89,0.06,-1,-1,-1
35,-1,2587.88,920.76,35.66,61.34,0.06,-1,-1,-1
35,-1,2554.94,865.96,59.67,47.74,0.06,-1,-1,-1
35,-1,1818.05,1018.68,26.17,30.18,0.05,-1,-1,-1
35,-1,116.12,1951.73,35.06,19.63,0.05,-1,-1,-1
35,-1,2238.63,65.44,28.60,37.84,0.05,-1,-1,-1
35,-1,1975.09,840.56,27.29,31.69,0.05,-1,-1,-1
35,-1,19.17,1090.28,829.14,856.53,0.05,-1,-1,-1
36,-1,1306.79,130.29,157.63,52.36,0.89,-1,-1,-1
36,-1,2597.87,863.42,82.75,135.02,0.87,-1,-1,-1
36,-1,2369.13,440.33,116.50,53.69,0.85,-1,-1,-1
36,-1,2242.95,32.43,129.51,68.65,0.83,-1,-1,-1
36,-1,1854.01,1428.90,75.37,53.19,0.74,-1,-1,-1
36,-1,2369.11,439.96,117.69,54.10,0.74,-1,-1,-1
36,-1,683.03,809.01,31.68,37.41,0.69,-1,-1,-1
36,-1,1571.01,942.78,68.84,101.59,0.67,-1,-1,-1
36,-1,2551.68,777.15,51.24,49.45,0.63,-1,-1,-1
36,-1,1803.73,1093.17,45.25,53.81,0.62,-1,-1,-1
36,-1,174.54,1936.16,43.55,68.16,0.57,-1,-1,-1
36,-1,2097.00,604.06,61.64,60.19,0.57,-1,-1,-1
36,-1,379.88,2111.61,35.98,34.12,0.55,-1,-1,-1
36,-1,129.98,1918.30,47.86,74.82,0.51,-1,-1,-1
36,-1,141.83,1914.36,34.94,32.99,0.47,-1,-1,-1
36,-1,2289.19,391.48,59.44,77.07,0.40,-1,-1,-1
36,-1,2026.52,308.03,87.57,96.15,0.39,-1,-1,-1
36,-1,2052.18,308.30,62.00,53.42,0.37,-1,-1,-1
36,-1,2264.78,1403.84,48.28,31.12,0.35,-1,-1,-1
36,-1,2007.15,364.03,40.69,54.85,0.31,-1,-1,-1
36,-1,1888.16,1080.67,30.60,28.50,0.30,-1,-1,-1
36,-1,2013.23,395.22,45.05,24.00,0.28,-1,-1,-1
36,-1,2095.55,654.39,30.06,12.51,0.22,-1,-1,-1
36,-1,1803.18,1132.26,44.10,19.55,0.21,-1,-1,-1
36,-1,2585.20,793.83,16.51,35.82,0.20,-1,-1,-1
36,-1,1952.51,900.40,65.34,55.52,0.18,-1,-1,-1
36,-1,2024.05,352.34,50.70,50.92,0.18,-1,-1,-1
36,-1,8.01,1254.90,811.77,841.36,0.17,-1,-1,-1
36,-1,379.97,2111.33,35.43,34.81,0.17,-1,-1,-1
36,-1,2619.13,955.57,40.35,43.04,0.16,-1,-1,-1
36,-1,379.92,2111.55,35.68,34.24,0.15,-1,-1,-1
36,-1,242.66,378.27,53.33,68.37,0.15,-1,-1,-1
36,-1,2425.74,436.67,85.25,82.52,0.15,-1,-1,-1
36,-1,327.85,2134.34,33.72,24.31,0.15,-1,-1,-1
36,-1,2023.10,358.12,29.55,37.90,0.14,-1,-1,-1
36,-1,2233.00,841.05,76.33,62.43,0.14,-1,-1,-1
36,-1,684.83,825.22,18.66,21.78,0.14,-1,-1,-1
36,-1,1804.07,1080.17,114.80,66.62,0.13,-1,-1,-1
36,-1,293.25,2108.28,45.91,43.62,0.13,-1,-1,-1
36,-1,687.54,835.36,15.35,11.99,0.13,-1,-1,-1
36,-1,180.67,1344.59,826.58,820.77,0.12,-1,-1,-1
36,-1,2313.63,1016.22,40.07,37.62,0.12,-1,-1,-1
36,-1,293.29,2108.07,44.76,43.60,0.12,-1,-1,-1
36,-1,1888.25,1080.54,30.53,28.51,0.11,-1,-1,-1
36,-1,242.08,378.39,54.74,70.51,0.11,-1,-1,-1
36,-1,1996.04,750.68,70.73,91.89,0.11,-1,-1,-1
36,-1,1363.91,139.80,45.02,26.03,0.10,-1,-1,-1
36,-1,1049.92,686.42,27.97,18.05,0.10,-1,-1,-1
36,-1,212.18,1344.66,825.45,821.03,0.10,-1,-1,-1
36,-1,2038.02,383.69,21.74,28.02,0.10,-1,-1,-1
36,-1,267.40,1960.48,30.91,21.13,0.10,-1,-1,-1
36,-1,1995.68,750.50,71.15,92.83,0.10,-1,-1,-1
36,-1,2265.53,1417.76,24.68,15.27,0.10,-1,-1,-1
36,-1,2045.76,359.95,34.19,43.54,0.09,-1,-1,-1
36,-1,1858.94,1079.56,60.40,56.77,0.09,-1,-1,-1
36,-1,1571.13,944.28,69.59,100.49,0.09,-1,-1,-1
36,-1,2441.47,467.39,31.57,47.24,0.09,-1,-1,-1
36,-1,2133.79,644.75,24.09,12.75,0.08,-1,-1,-1
36,-1,2009.18,307.78,105.49,109.84,0.08,-1,-1,-1
36,-1,174.38,1936.59,43.30,28.08,0.08,-1,-1,-1
36,-1,2050.67,358.20,39.11,47.28,0.07,-1,-1,-1
36,-1,2313.37,52.56,24.66,36.14,0.07,-1,-1,-1
36,-1,416.86,239.43,83.58,79.90,0.07,-1,-1,-1
36,-1,1047.89,683.32,36.26,21.81,0.07,-1,-1,-1
36,-1,243.75,378.40,52.06,69.28,0.07,-1,-1,-1
36,-1,2020.57,319.70,91.79,90.11,0.07,-1,-1,-1
36,-1,2279.85,33.29,65.69,61.76,0.06,-1,-1,-1
36,-1,174.15,1937.06,43.74,27.59,0.06,-1,-1,-1
36,-1,692.98,1344.32,823.09,824.01,0.06,-1,-1,-1
36,-1,2027.26,329.16,60.93,36.09,0.06,-1,-1,-1
36,-1,293.26,2107.30,46.45,45.12,0.06,-1,-1,-1
36,-1,628.49,1344.96,824.46,823.09,0.06,-1,-1,-1
36,-1,2013.98,395.69,20.76,22.71,0.05,-1,-1,-1
36,-1,1954.22,900.77,53.21,25.85,0.05,-1,-1,-1
37,-1,1325.25,102.25,158.95,53.82,0.90,-1,-1,-1
37,-1,2273.22,2.48,129.47,64.33,0.85,-1,-1,-1
37,-1,2395.27,407.84,116.63,55.22,0.81,-1,-1,-1
37,-1,409.42,2080.80,35.49,34.87,0.74,-1,-1,-1
37,-1,2394.76,408.38,112.96,54.35,0.69,-1,-1,-1
37,-1,2585.69,755.44,40.75,32.62,0.69,-1,-1,-1
37,-1,1895.46,1036.23,50.21,47.20,0.64,-1,-1,-1
37,-1,2639.32,832.44,52.72,132.49,0.63,-1,-1,-1
37,-1,324.72,2083.51,38.67,29.37,0.63,-1,-1,-1
37,-1,358.17,2106.78,32.08,27.71,0.57,-1,-1,-1
37,-1,1602.18,916.62,71.44,99.39,0.55,-1,-1,-1
37,-1,2079.79,282.00,64.22,50.44,0.52,-1,-1,-1
37,-1,1827.17,1046.28,103.53,63.94,0.46,-1,-1,-1
37,-1,2038.81,334.55,37.06,53.79,0.45,-1,-1,-1
37,-1,708.34,776.03,31.03,39.31,0.45,-1,-1,-1
37,-1,2091.19,276.40,49.00,53.76,0.44,-1,-1,-1
37,-1,2624.46,1295.40,68.80,48.75,0.41,-1,-1,-1
37,-1,2050.66,330.47,55.73,65.60,0.37,-1,-1,-1
37,-1,2073.38,306.98,57.46,67.54,0.36,-1,-1,-1
37,-1,1886.22,1399.96,73.32,54.26,0.34,-1,-1,-1
37,-1,2291.44,1373.36,39.77,32.47,0.33,-1,-1,-1
37,-1,274.46,346.89,58.15,80.18,0.31,-1,-1,-1
37,-1,1983.25,869.63,63.91,46.15,0.31,-1,-1,-1
37,-1,409.36,2081.02,35.07,34.83,0.31,-1,-1,-1
37,-1,2638.38,832.34,53.64,133.82,0.28,-1,-1,-1
37,-1,2472.09,404.48,66.56,70.99,0.28,-1,-1,-1
37,-1,296.60,1927.64,30.42,24.37,0.27,-1,-1,-1
37,-1,204.47,1906.98,41.17,28.63,0.26,-1,-1,-1
37,-1,2039.04,718.91,39.95,73.60,0.22,-1,-1,-1
37,-1,1382.25,107.93,43.20,30.02,0.21,-1,-1,-1
37,-1,357.79,2106.68,32.56,27.95,0.20,-1,-1,-1
37,-1,2622.60,905.85,36.54,32.44,0.19,-1,-1,-1
37,-1,1967.86,937.51,44.72,61.41,0.17,-1,-1,-1
37,-1,2452.11,842.91,44.15,48.43,0.17,-1,-1,-1
37,-1,274.39,346.81,58.58,80.44,0.17,-1,-1,-1
37,-1,325.01,2083.75,39.14,28.88,0.17,-1,-1,-1
37,-1,2047.08,279.45,95.67,104.33,0.17,-1,-1,-1
37,-1,166.84,1893.76,38.72,22.30,0.16,-1,-1,-1
37,-1,713.73,793.57,24.15,22.39,0.16,-1,-1,-1
37,-1,2648.99,903.95,41.12,61.98,0.15,-1,-1,-1
37,-1,2265.78,807.80,74.87,61.16,0.15,-1,-1,-1
37,-1,1510.99,1736.55,26.51,17.47,0.14,-1,-1,-1
37,-1,2320.44,5.40,21.74,28.07,0.13,-1,-1,-1
37,-1,1.64,1369.21,796.48,800.40,0.13,-1,-1,-1
37,-1,1602.82,917.52,71.89,97.87,0.13,-1,-1,-1
37,-1,2313.86,359.93,66.04,73.71,0.13,-1,-1,-1
37,-1,170.10,1894.29,35.02,21.66,0.13,-1,-1,-1
37,-1,2318.90,5.51,53.24,49.10,0.12,-1,-1,-1
37,-1,2.48,1318.08,797.30,843.82,0.11,-1,-1,-1
37,-1,2577.76,780.29,41.05,10.70,0.11,-1,-1,-1
37,-1,1826.69,1066.92,56.12,43.30,0.11,-1,-1,-1
37,-1,2037.75,365.22,41.16,21.84,0.10,-1,-1,-1
37,-1,1881.70,1046.24,46.74,35.91,0.10,-1,-1,-1
37,-1,2088.27,327.08,34.45,47.06,0.10,-1,-1,-1
37,-1,2056.26,314.79,40.32,45.30,0.10,-1,-1,-1
37,-1,1826.12,1066.62,50.31,43.45,0.09,-1,-1,-1
37,-1,715.93,805.18,16.30,11.32,0.09,-1,-1,-1
37,-1,2051.24,320.46,28.99,34.79,0.08,-1,-1,-1
37,-1,2637.36,842.95,54.76,120.10,0.08,-1,-1,-1
37,-1,2293.87,1382.22,31.70,20.99,0.08,-1,-1,-1
37,-1,1826.34,1066.63,48.66,44.28,0.08,-1,-1,-1
37,-1,2611.06,780.67,21.05,11.47,0.07,-1,-1,-1
37,-1,2132.13,587.09,57.49,57.40,0.07,-1,-1,-1
37,-1,2122.36,282.54,21.87,43.07,0.07,-1,-1,-1
37,-1,2625.12,1299.58,65.96,42.40,0.07,-1,-1,-1
37,-1,212.76,5.45,825.47,855.67,0.06,-1,-1,-1
37,-1,2038.00,274.62,104.58,119.38,0.06,-1,-1,-1
37,-1,1893.43,1066.07,50.93,16.66,0.06,-1,-1,-1
37,-1,1983.48,870.10,64.61,48.33,0.06,-1,-1,-1
37,-1,2060.86,290.38,68.49,47.02,0.06,-1,-1,-1
37,-1,2624.28,902.32,66.83,61.63,0.06,-1,-1,-1
37,-1,2423.69,441.37,69.92,42.75,0.06,-1,-1,-1
37,-1,205.09,1906.89,40.86,27.14,0.06,-1,-1,-1
37,-1,163.73,1894.53,42.00,23.86,0.06,-1,-1,-1
37,-1,1079.33,654.78,31.78,18.65,0.05,-1,-1,-1
37,-1,2403.13,405.74,131.80,72.52,0.05,-1,-1,-1
37,-1,2055.26,314.35,29.31,28.66,0.05,-1,-1,-1
37,-1,2477.52,436.07,20.82,33.65,0.05,-1,-1,-1
37,-1,2266.74,1370.18,68.47,66.24,0.05,-1,-1,-1
38,-1,2413.88,383.77,117.64,53.58,0.92,-1,-1,-1
38,-1,1340.82,77.94,157.91,55.00,0.89,-1,-1,-1
38,-1,2305.69,0.10,124.08,41.30,0.85,-1,-1,-1
38,-1,2603.24,727.23,50.24,50.77,0.82,-1,-1,-1
38,-1,2159.07,565.65,46.45,58.94,0.70,-1,-1,-1
38,-1,2673.34,896.22,40.59,44.74,0.68,-1,-1,-1
38,-1,1887.11,920.21,45.99,23.95,0.66,-1,-1,-1
38,-1,199.94,1871.26,29.69,19.77,0.66,-1,-1,-1
38,-1,2658.64,805.00,75.98,129.72,0.63,-1,-1,-1
38,-1,230.64,1882.76,39.55,26.56,0.63,-1,-1,-1
38,-1,433.76,2056.71,35.75,33.39,0.62,-1,-1,-1
38,-1,2311.56,1344.54,43.66,34.83,0.61,-1,-1,-1
38,-1,2136.75,256.29,32.27,60.28,0.59,-1,-1,-1
38,-1,2061.73,689.25,38.80,79.71,0.58,-1,-1,-1
38,-1,1628.08,893.63,71.88,101.27,0.56,-1,-1,-1
38,-1,433.64,2056.79,35.38,33.30,0.52,-1,-1,-1
38,-1,2059.49,315.56,42.34,46.01,0.51,-1,-1,-1
38,-1,2093.59,257.02,63.89,91.74,0.49,-1,-1,-1
38,-1,1852.97,992.25,124.25,95.51,0.41,-1,-1,-1
38,-1,351.83,2056.96,36.46,27.16,0.38,-1,-1,-1
38,-1,2661.50,806.37,44.70,85.85,0.34,-1,-1,-1
38,-1,320.80,1904.64,32.55,23.14,0.32,-1,-1,-1
38,-1,2477.19,815.16,69.99,48.60,0.28,-1,-1,-1
38,-1,1991.00,913.95,106.74,75.47,0.24,-1,-1,-1
38,-1,2084.76,324.74,37.83,38.41,0.24,-1,-1,-1
38,-1,320.71,1904.44,33.70,23.15,0.23,-1,-1,-1
38,-1,351.68,2057.06,36.38,27.03,0.22,-1,-1,-1
38,-1,397.97,2119.97,67.36,39.01,0.22,-1,-1,-1
38,-1,2112.30,256.70,46.55,38.16,0.22,-1,-1,-1
38,-1,1397.50,82.85,44.76,35.37,0.21,-1,-1,-1
38,-1,2084.98,302.46,52.78,59.61,0.21,-1,-1,-1
38,-1,2076.90,726.57,12.21,49.74,0.21,-1,-1,-1
38,-1,2651.60,873.84,75.63,55.84,0.21,-1,-1,-1
38,-1,732.31,753.07,37.22,38.17,0.21,-1,-1,-1
38,-1,2079.00,298.92,41.30,42.38,0.20,-1,-1,-1
38,-1,298.36,321.86,55.85,80.89,0.18,-1,-1,-1
38,-1,2445.04,377.61,115.04,75.79,0.18,-1,-1,-1
38,-1,2076.75,726.04,11.68,49.28,0.17,-1,-1,-1
38,-1,398.46,2125.65,68.25,33.36,0.17,-1,-1,-1
38,-1,2326.56,1349.46,29.39,33.46,0.16,-1,-1,-1
38,-1,429.02,2114.09,13.72,16.61,0.16,-1,-1,-1
38,-1,2678.79,889.81,55.77,42.15,0.14,-1,-1,-1
38,-1,2109.37,290.68,40.36,57.21,0.13,-1,-1,-1
38,-1,2150.81,257.49,18.54,38.56,0.11,-1,-1,-1
38,-1,2477.57,815.87,29.57,32.04,0.11,-1,-1,-1
38,-1,1103.38,629.84,27.65,18.60,0.11,-1,-1,-1
38,-1,2061.79,339.12,48.00,27.43,0.10,-1,-1,-1
38,-1,2654.02,1276.67,52.10,43.46,0.10,-1,-1,-1
38,-1,2067.54,303.74,34.41,32.85,0.10,-1,-1,-1
38,-1,351.64,2056.50,36.28,27.93,0.09,-1,-1,-1
38,-1,2342.74,1345.73,12.78,21.24,0.09,-1,-1,-1
38,-1,188.48,1882.64,31.54,14.02,0.09,-1,-1,-1
38,-1,1103.18,630.47,27.32,17.84,0.09,-1,-1,-1
38,-1,3.87,1187.37,796.44,848.25,0.09,-1,-1,-1
38,-1,298.08,321.67,56.47,81.53,0.08,-1,-1,-1
38,-1,2350.05,-0.09,55.46,29.01,0.08,-1,-1,-1
38,-1,187.99,1874.65,36.19,21.54,0.08,-1,-1,-1
38,-1,385.51,2081.77,30.23,27.85,0.08,-1,-1,-1
38,-1,398.27,2125.83,68.08,32.83,0.08,-1,-1,-1
38,-1,2651.40,1274.11,58.74,95.80,0.08,-1,-1,-1
38,-1,1103.21,630.19,27.37,17.84,0.08,-1,-1,-1
38,-1,385.37,2081.72,30.50,28.50,0.07,-1,-1,-1
38,-1,2606.95,736.04,13.58,19.42,0.07,-1,-1,-1
38,-1,2650.38,879.25,48.69,35.20,0.07,-1,-1,-1
38,-1,378.09,2081.99,36.89,60.22,0.07,-1,-1,-1
38,-1,2489.84,409.94,30.96,42.63,0.07,-1,-1,-1
38,-1,2078.56,308.11,66.28,55.26,0.07,-1,-1,-1
38,-1,1994.15,913.60,44.56,53.57,0.07,-1,-1,-1
38,-1,433.93,2057.13,34.82,32.78,0.07,-1,-1,-1
38,-1,2649.37,884.11,26.06,27.19,0.06,-1,-1,-1
38,-1,718.04,891.05,17.12,12.20,0.06,-1,-1,-1
38,-1,1997.78,844.04,81.12,137.03,0.06,-1,-1,-1
38,-1,1920.93,1367.98,64.31,63.06,0.06,-1,-1,-1
38,-1,2.10,1365.54,799.89,805.90,0.06,-1,-1,-1
38,-1,2310.81,1346.33,44.34,35.55,0.06,-1,-1,-1
38,-1,397.77,2130.59,37.72,28.01,0.05,-1,-1,-1
38,-1,1919.84,1368.17,65.73,64.82,0.05,-1,-1,-1
38,-1,2106.64,302.97,37.39,44.63,0.05,-1,-1,-1
38,-1,2343.67,1347.01,12.42,18.14,0.05,-1,-1,-1
38,-1,2661.56,804.60,51.96,88.62,0.05,-1,-1,-1
38,-1,398.61,2126.49,68.21,32.51,0.05,-1,-1,-1
38,-1,443.19,180.33,114.36,146.60,0.05,-1,-1,-1
38,-1,2654.65,1277.17,52.49,43.67,0.05,-1,-1,-1
39,-1,1362.23,45.69,157.01,56.24,0.87,-1,-1,-1
39,-1,465.67,2025.39,35.35,32.20,0.81,-1,-1,-1
39,-1,2442.61,349.85,114.58,54.25,0.79,-1,-1,-1
39,-1,382.78,2022.64,39.51,26.43,0.72,-1,-1,-1
39,-1,1661.94,867.86,72.00,99.29,0.71,-1,-1,-1
39,-1,2095.37,653.55,37.49,65.17,0.69,-1,-1,-1
39,-1,2691.27,772.01,70.68,134.69,0.65,-1,-1,-1
39,-1,2442.52,349.62,116.85,54.74,0.58,-1,-1,-1
39,-1,2095.03,223.30,101.33,100.66,0.49,-1,-1,-1
39,-1,419.32,2043.88,35.61,32.92,0.49,-1,-1,-1
39,-1,428.92,2084.03,71.88,49.54,0.47,-1,-1,-1
39,-1,2414.49,1079.67,21.92,22.91,0.45,-1,-1,-1
39,-1,2196.09,528.38,28.82,34.71,0.45,-1,-1,-1
39,-1,351.53,1871.82,32.49,27.22,0.44,-1,-1,-1
39,-1,2638.43,687.54,51.00,56.48,0.42,-1,-1,-1
39,-1,2089.98,225.83,109.48,108.58,0.33,-1,-1,-1
39,-1,2349.18,1313.96,33.53,34.18,0.32,-1,-1,-1
39,-1,2349.64,1315.90,33.08,32.00,0.27,-1,-1,-1
39,-1,2137.39,225.90,61.00,89.53,0.27,-1,-1,-1
39,-1,2501.73,782.15,56.99,49.02,0.26,-1,-1,-1
39,-1,1889.22,984.31,97.24,76.30,0.26,-1,-1,-1
39,-1,1946.78,1332.60,73.00,68.19,0.26,-1,-1,-1
39,-1,2060.89,806.25,29.20,29.35,0.25,-1,-1,-1
39,-1,1967.04,986.61,17.15,27.56,0.23,-1,-1,-1
39,-1,2321.91,751.07,80.13,60.77,0.22,-1,-1,-1
39,-1,2092.64,266.22,67.73,64.61,0.22,-1,-1,-1
39,-1,216.89,1841.04,45.05,75.22,0.22,-1,-1,-1
39,-1,465.88,2025.52,35.25,31.64,0.21,-1,-1,-1
39,-1,757.52,696.45,43.75,62.66,0.21,-1,-1,-1
39,-1,2141.67,223.87,54.40,45.62,0.21,-1,-1,-1
39,-1,2657.72,736.68,24.86,21.16,0.19,-1,-1,-1
39,-1,2367.71,1314.60,17.22,21.95,0.18,-1,-1,-1
39,-1,2102.71,682.62,27.12,37.82,0.18,-1,-1,-1
39,-1,2638.66,720.77,44.05,35.68,0.18,-1,-1,-1
39,-1,2171.43,224.60,27.03,59.53,0.18,-1,-1,-1
39,-1,1873.60,1032.34,58.65,35.53,0.17,-1,-1,-1
39,-1,428.60,2088.49,71.70,44.73,0.17,-1,-1,-1
39,-1,229.16,1842.64,29.27,20.56,0.17,-1,-1,-1
39,-1,8.35,1032.24,812.91,844.75,0.16,-1,-1,-1
39,-1,261.75,1853.18,39.56,29.69,0.15,-1,-1,-1
39,-1,2353.43,1165.27,20.19,41.52,0.14,-1,-1,-1
39,-1,216.85,1842.43,42.01,29.56,0.13,-1,-1,-1
39,-1,2502.45,782.20,34.46,31.80,0.13,-1,-1,-1
39,-1,2093.92,293.93,50.40,37.07,0.13,-1,-1,-1
39,-1,2391.40,-0.10,66.42,12.00,0.13,-1,-1,-1
39,-1,2015.50,895.15,104.94,61.69,0.12,-1,-1,-1
39,-1,2707.95,858.23,41.62,47.78,0.12,-1,-1,-1
39,-1,352.47,1895.71,24.22,30.83,0.12,-1,-1,-1
39,-1,2639.10,721.31,25.15,22.40,0.12,-1,-1,-1
39,-1,2185.41,526.97,40.22,58.91,0.11,-1,-1,-1
39,-1,351.65,1872.01,32.53,26.81,0.11,-1,-1,-1
39,-1,2663.17,717.10,30.48,28.39,0.10,-1,-1,-1
39,-1,2641.79,758.82,22.28,13.61,0.10,-1,-1,-1
39,-1,2580.54,1162.40,187.67,201.97,0.10,-1,-1,-1
39,-1,2094.60,308.70,49.99,25.95,0.09,-1,-1,-1
39,-1,2676.66,852.02,34.37,28.96,0.09,-1,-1,-1
39,-1,2662.14,730.35,24.75,21.80,0.09,-1,-1,-1
39,-1,2686.80,1250.01,50.46,35.42,0.08,-1,-1,-1
39,-1,261.36,1853.79,40.35,29.95,0.08,-1,-1,-1
39,-1,7.32,1363.72,813.36,808.58,0.08,-1,-1,-1
39,-1,1890.79,984.07,100.76,82.24,0.08,-1,-1,-1
39,-1,52.70,1345.08,823.78,820.96,0.08,-1,-1,-1
39,-1,330.35,290.32,48.04,73.67,0.07,-1,-1,-1
39,-1,261.92,1853.40,39.23,29.51,0.07,-1,-1,-1
39,-1,2359.67,314.49,67.01,65.71,0.07,-1,-1,-1
39,-1,382.56,2022.88,39.42,26.48,0.07,-1,-1,-1
39,-1,1886.38,876.60,239.66,108.93,0.07,-1,-1,-1
39,-1,1890.19,1011.90,35.81,44.77,0.07,-1,-1,-1
39,-1,2662.40,717.87,31.68,28.41,0.06,-1,-1,-1
39,-1,419.39,2043.79,36.10,33.55,0.06,-1,-1,-1
39,-1,2577.86,1165.72,188.62,199.08,0.06,-1,-1,-1
39,-1,2681.91,785.46,71.51,120.88,0.06,-1,-1,-1
39,-1,1930.36,885.03,28.05,22.07,0.06,-1,-1,-1
39,-1,216.99,1845.64,40.57,25.42,0.06,-1,-1,-1
39,-1,456.97,2077.41,44.26,40.42,0.05,-1,-1,-1
39,-1,2015.67,895.10,51.37,27.93,0.05,-1,-1,-1
39,-1,217.48,1844.00,40.45,19.21,0.05,-1,-1,-1
39,-1,771.04,738.31,28.84,20.58,0.05,-1,-1,-1
40,-1,2471.19,319.33,118.56,52.39,0.91,-1,-1,-1
40,-1,1385.31,13.36,158.81,57.10,0.89,-1,-1,-1
40,-1,2723.95,741.00,77.22,129.65,0.64,-1,-1,-1
40,-1,465.10,2046.92,68.82,55.99,0.64,-1,-1,-1
40,-1,2669.70,662.52,49.46,51.48,0.62,-1,-1,-1
40,-1,2353.98,715.70,83.60,55.46,0.58,-1,-1,-1
40,-1,1697.95,839.31,73.90,100.81,0.57,-1,-1,-1
40,-1,2381.01,1278.83,38.85,59.68,0.55,-1,-1,-1
40,-1,2129.03,192.27,103.36,103.78,0.53,-1,-1,-1
40,-1,499.50,1992.64,34.14,32.14,0.52,-1,-1,-1
40,-1,1999.14,956.93,17.42,26.71,0.47,-1,-1,-1
40,-1,2223.41,494.23,51.14,44.13,0.45,-1,-1,-1
40,-1,454.98,2006.32,33.34,35.63,0.44,-1,-1,-1
40,-1,381.68,1840.50,32.74,57.98,0.41,-1,-1,-1
40,-1,2124.60,622.64,51.75,75.59,0.40,-1,-1,-1
40,-1,247.50,1805.83,52.87,36.87,0.40,-1,-1,-1
40,-1,1982.82,1312.12,70.59,57.98,0.39,-1,-1,-1
40,-1,418.46,1989.38,34.91,25.61,0.32,-1,-1,-1
40,-1,2537.59,748.51,44.91,44.43,0.32,-1,-1,-1
40,-1,2052.28,852.94,100.18,60.37,0.30,-1,-1,-1
40,-1,2743.72,824.55,41.72,46.25,0.30,-1,-1,-1
40,-1,797.08,687.91,32.41,39.60,0.28,-1,-1,-1
40,-1,416.05,1987.40,38.78,68.76,0.28,-1,-1,-1
40,-1,2130.19,273.60,46.83,23.12,0.27,-1,-1,-1
40,-1,2710.41,812.75,39.95,41.96,0.27,-1,-1,-1
40,-1,2126.44,225.34,68.14,72.44,0.27,-1,-1,-1
40,-1,2387.17,1145.70,20.11,30.79,0.24,-1,-1,-1
40,-1,247.69,1805.19,52.66,36.72,0.22,-1,-1,-1
40,-1,293.66,1819.86,43.37,33.21,0.21,-1,-1,-1
40,-1,383.95,1841.69,30.87,27.11,0.20,-1,-1,-1
40,-1,361.56,257.94,56.75,77.73,0.19,-1,-1,-1
40,-1,456.04,2024.19,28.10,17.84,0.18,-1,-1,-1
40,-1,1983.17,1312.26,70.44,57.90,0.18,-1,-1,-1
40,-1,1698.41,839.85,74.22,101.25,0.17,-1,-1,-1
40,-1,2173.77,192.71,59.04,51.92,0.17,-1,-1,-1
40,-1,1441.83,22.96,49.11,28.93,0.17,-1,-1,-1
40,-1,2380.95,1314.47,21.62,27.49,0.17,-1,-1,-1
40,-1,2053.83,853.70,49.44,47.01,0.17,-1,-1,-1
40,-1,2176.13,218.85,46.89,67.47,0.16,-1,-1,-1
40,-1,146.83,1315.09,827.23,847.19,0.15,-1,-1,-1
40,-1,383.90,1841.48,30.76,27.12,0.15,-1,-1,-1
40,-1,244.29,1803.74,57.89,88.67,0.15,-1,-1,-1
40,-1,2125.20,622.43,49.37,76.25,0.15,-1,-1,-1
40,-1,2127.87,259.15,32.49,36.51,0.14,-1,-1,-1
40,-1,2724.67,740.87,47.05,87.53,0.14,-1,-1,-1
40,-1,463.17,2061.19,70.71,42.36,0.14,-1,-1,-1
40,-1,2720.34,1217.49,51.51,36.83,0.13,-1,-1,-1
40,-1,2127.98,195.19,104.47,101.94,0.13,-1,-1,-1
40,-1,2126.18,196.19,107.76,102.47,0.13,-1,-1,-1
40,-1,447.99,2015.78,38.17,70.85,0.13,-1,-1,-1
40,-1,1929.07,1000.60,19.81,24.52,0.13,-1,-1,-1
40,-1,2127.35,229.35,68.60,68.29,0.11,-1,-1,-1
40,-1,803.22,706.20,24.73,21.62,0.11,-1,-1,-1
40,-1,1961.29,852.18,26.46,24.56,0.11,-1,-1,-1
40,-1,2394.19,1265.39,47.40,31.23,0.09,-1,-1,-1
40,-1,2719.36,1230.15,46.78,21.11,0.09,-1,-1,-1
40,-1,2395.13,1264.97,31.78,11.18,0.09,-1,-1,-1
40,-1,3531.92,1886.48,17.81,16.58,0.09,-1,-1,-1
40,-1,2086.24,773.95,45.59,44.89,0.08,-1,-1,-1
40,-1,1923.49,977.39,33.27,46.56,0.08,-1,-1,-1
40,-1,2703.54,718.90,49.03,50.90,0.08,-1,-1,-1
40,-1,1961.24,852.49,26.48,24.65,0.07,-1,-1,-1
40,-1,1167.59,566.11,26.86,18.48,0.07,-1,-1,-1
40,-1,2416.52,897.36,70.85,45.04,0.07,-1,-1,-1
40,-1,418.44,1989.41,34.44,25.78,0.07,-1,-1,-1
40,-1,2345.50,1349.82,24.08,14.51,0.07,-1,-1,-1
40,-1,1167.53,565.73,27.45,18.83,0.06,-1,-1,-1
40,-1,1961.12,846.13,191.86,71.31,0.06,-1,-1,-1
40,-1,244.19,709.21,825.87,853.74,0.06,-1,-1,-1
40,-1,1.03,1028.44,798.21,850.10,0.06,-1,-1,-1
40,-1,2139.38,205.24,60.63,50.00,0.06,-1,-1,-1
40,-1,2222.18,516.11,34.13,22.58,0.06,-1,-1,-1
40,-1,289.52,1817.61,47.45,80.14,0.06,-1,-1,-1
40,-1,1163.98,566.09,32.87,43.62,0.05,-1,-1,-1
40,-1,19.01,1363.83,830.32,804.38,0.05,-1,-1,-1
40,-1,435.07,997.11,825.23,851.09,0.05,-1,-1,-1
40,-1,2669.02,663.40,85.37,105.73,0.05,-1,-1,-1
41,-1,2503.07,287.38,117.20,51.32,0.90,-1,-1,-1
41,-1,1410.70,0.41,157.05,38.11,0.89,-1,-1,-1
41,-1,414.75,1808.61,34.56,58.97,0.80,-1,-1,-1
41,-1,276.85,1779.98,56.11,84.93,0.80,-1,-1,-1
41,-1,2430.51,676.38,37.47,43.61,0.77,-1,-1,-1
41,-1,321.26,1790.93,53.74,78.83,0.76,-1,-1,-1
41,-1,824.43,628.70,40.06,65.06,0.71,-1,-1,-1
41,-1,2163.43,159.56,105.77,105.28,0.67,-1,-1,-1
41,-1,519.35,2016.96,47.57,44.04,0.50,-1,-1,-1
41,-1,2016.37,1283.66,73.97,55.02,0.49,-1,-1,-1
41,-1,1468.01,0.13,43.74,15.34,0.48,-1,-1,-1
41,-1,2419.74,1115.52,22.90,27.55,0.47,-1,-1,-1
41,-1,2156.58,193.66,68.99,71.29,0.45,-1,-1,-1
41,-1,2702.18,626.54,61.87,69.56,0.45,-1,-1,-1
41,-1,1735.27,810.61,76.72,103.33,0.45,-1,-1,-1
41,-1,534.04,1959.65,35.23,33.18,0.43,-1,-1,-1
41,-1,2758.23,706.43,66.11,129.43,0.42,-1,-1,-1
41,-1,448.61,1955.46,40.69,69.60,0.37,-1,-1,-1
41,-1,2757.96,706.22,69.91,130.26,0.36,-1,-1,-1
41,-1,2411.37,1243.52,42.54,62.38,0.36,-1,-1,-1
41,-1,497.79,2035.04,34.22,35.63,0.35,-1,-1,-1
41,-1,452.84,1957.01,35.37,24.10,0.33,-1,-1,-1
41,-1,2447.45,869.89,80.85,40.20,0.32,-1,-1,-1
41,-1,1995.34,827.53,15.13,21.26,0.28,-1,-1,-1
41,-1,2158.20,160.50,109.84,103.60,0.28,-1,-1,-1
41,-1,491.66,1976.47,34.83,28.46,0.27,-1,-1,-1
41,-1,837.92,674.47,29.04,20.34,0.27,-1,-1,-1
41,-1,2484.43,1000.00,23.62,41.92,0.27,-1,-1,-1
41,-1,2089.16,830.47,97.01,49.44,0.26,-1,-1,-1
41,-1,533.85,1959.70,35.25,32.35,0.25,-1,-1,-1
41,-1,325.36,1790.32,50.99,37.77,0.24,-1,-1,-1
41,-1,2423.83,1247.27,30.12,39.47,0.23,-1,-1,-1
41,-1,2288.28,896.34,89.08,72.99,0.22,-1,-1,-1
41,-1,2388.34,676.81,80.16,64.47,0.22,-1,-1,-1
41,-1,2164.37,240.42,43.98,22.85,0.20,-1,-1,-1
41,-1,1994.91,819.80,33.69,27.01,0.20,-1,-1,-1
41,-1,2741.35,783.79,43.41,34.40,0.19,-1,-1,-1
41,-1,2159.04,588.48,53.85,72.45,0.17,-1,-1,-1
41,-1,0.90,969.47,796.21,842.65,0.16,-1,-1,-1
41,-1,491.76,1976.50,35.02,28.34,0.15,-1,-1,-1
41,-1,1201.20,533.57,29.05,17.55,0.14,-1,-1,-1
41,-1,2169.64,841.35,44.88,57.39,0.14,-1,-1,-1
41,-1,2378.62,1326.06,94.60,31.97,0.14,-1,-1,-1
41,-1,1201.57,533.98,28.81,17.64,0.14,-1,-1,-1
41,-1,2030.04,911.00,31.52,36.97,0.14,-1,-1,-1
41,-1,2089.01,829.82,59.06,37.49,0.13,-1,-1,-1
41,-1,1735.22,810.84,76.91,103.62,0.13,-1,-1,-1
41,-1,837.27,680.82,19.25,14.67,0.13,-1,-1,-1
41,-1,2770.68,1192.01,35.58,30.85,0.12,-1,-1,-1
41,-1,2366.48,1236.30,95.23,97.14,0.12,-1,-1,-1
41,-1,1906.97,805.93,152.03,194.48,0.12,-1,-1,-1
41,-1,487.54,1971.23,40.41,65.50,0.12,-1,-1,-1
41,-1,452.75,1956.47,35.98,24.58,0.12,-1,-1,-1
41,-1,2474.81,882.28,52.59,27.57,0.11,-1,-1,-1
41,-1,499.60,2050.78,30.61,20.46,0.10,-1,-1,-1
41,-1,179.00,1318.10,825.99,845.69,0.10,-1,-1,-1
41,-1,2030.32,915.14,27.79,32.19,0.10,-1,-1,-1
41,-1,2418.62,257.76,74.47,59.58,0.09,-1,-1,-1
41,-1,497.22,2012.10,70.95,59.09,0.09,-1,-1,-1
41,-1,533.48,1959.39,35.22,33.17,0.09,-1,-1,-1
41,-1,2568.54,710.79,37.11,26.61,0.08,-1,-1,-1
41,-1,2044.23,1317.21,31.80,19.97,0.08,-1,-1,-1
41,-1,2701.82,626.05,92.91,108.08,0.08,-1,-1,-1
41,-1,2106.94,843.27,40.93,22.45,0.08,-1,-1,-1
41,-1,2159.11,161.58,109.51,103.27,0.08,-1,-1,-1
41,-1,2167.65,159.46,101.01,94.39,0.08,-1,-1,-1
41,-1,1765.99,891.35,22.57,24.92,0.07,-1,-1,-1
41,-1,2484.95,1030.22,34.06,16.96,0.07,-1,-1,-1
41,-1,114.08,1359.43,826.77,809.73,0.07,-1,-1,-1
41,-1,397.65,1876.41,34.84,14.78,0.07,-1,-1,-1
41,-1,342.65,168.40,822.84,846.40,0.07,-1,-1,-1
41,-1,2408.40,1245.17,45.79,59.90,0.07,-1,-1,-1
41,-1,2168.31,200.15,75.86,64.15,0.06,-1,-1,-1
41,-1,563.21,6.74,826.85,852.04,0.06,-1,-1,-1
41,-1,2568.48,710.01,53.54,54.14,0.06,-1,-1,-1
41,-1,52.00,1752.45,15.58,12.89,0.06,-1,-1,-1
41,-1,2157.93,841.32,30.10,39.91,0.06,-1,-1,-1
41,-1,307.58,1345.87,823.93,818.41,0.05,-1,-1,-1
41,-1,1252.34,809.29,21.41,15.79,0.05,-1,-1,-1
41,-1,1771.33,874.89,35.68,38.44,0.05,-1,-1,-1
42,-1,2528.17,261.39,118.99,49.28,0.90,-1,-1,-1
42,-1,2048.76,1253.52,71.43,59.76,0.83,-1,-1,-1
42,-1,2783.32,677.24,68.04,130.64,0.74,-1,-1,-1
42,-1,306.31,1764.45,48.85,72.47,0.65,-1,-1,-1
42,-1,521.51,1946.71,35.54,30.48,0.63,-1,-1,-1
42,-1,2447.34,1088.53,26.02,27.42,0.61,-1,-1,-1
42,-1,2479.99,843.50,72.41,40.18,0.59,-1,-1,-1
42,-1,2188.45,133.53,106.93,105.57,0.59,-1,-1,-1
42,-1,349.92,1771.73,52.53,73.38,0.58,-1,-1,-1
42,-1,2443.20,1210.64,42.60,70.31,0.54,-1,-1,-1
42,-1,570.44,1946.12,27.37,20.32,0.50,-1,-1,-1
42,-1,354.77,1772.22,46.16,29.19,0.50,-1,-1,-1
42,-1,1432.76,-0.21,111.63,14.09,0.46,-1,-1,-1
42,-1,2732.31,595.47,60.19,76.50,0.36,-1,-1,-1
42,-1,563.15,1933.95,31.73,28.50,0.36,-1,-1,-1
42,-1,524.99,1981.89,69.03,64.49,0.36,-1,-1,-1
42,-1,1766.32,788.24,74.14,99.62,0.34,-1,-1,-1
42,-1,2189.33,201.57,47.76,63.34,0.32,-1,-1,-1
42,-1,1766.47,788.87,74.56,100.48,0.31,-1,-1,-1
42,-1,2262.20,134.53,35.27,42.32,0.31,-1,-1,-1
42,-1,442.79,1783.90,34.05,26.89,0.30,-1,-1,-1
42,-1,2514.08,982.09,27.75,26.81,0.28,-1,-1,-1
42,-1,2191.09,174.79,66.56,63.07,0.27,-1,-1,-1
42,-1,563.11,1934.50,30.30,25.19,0.26,-1,-1,-1
42,-1,859.12,624.63,36.99,42.38,0.26,-1,-1,-1
42,-1,2190.45,202.49,36.50,35.15,0.26,-1,-1,-1
42,-1,481.51,1930.75,35.35,23.64,0.25,-1,-1,-1
42,-1,563.44,1934.22,30.40,26.71,0.25,-1,-1,-1
42,-1,2230.34,134.20,66.89,96.23,0.24,-1,-1,-1
42,-1,546.30,1983.21,47.12,46.12,0.24,-1,-1,-1
42,-1,2185.55,553.92,45.56,78.88,0.24,-1,-1,-1
42,-1,308.33,1764.98,45.87,25.61,0.23,-1,-1,-1
42,-1,2479.22,846.10,36.69,22.49,0.23,-1,-1,-1
42,-1,2400.91,1208.98,86.76,96.01,0.21,-1,-1,-1
42,-1,1766.46,789.95,73.68,98.34,0.20,-1,-1,-1
42,-1,2122.55,708.06,63.54,127.88,0.19,-1,-1,-1
42,-1,2416.66,652.43,85.06,69.02,0.19,-1,-1,-1
42,-1,2288.75,438.02,38.98,40.83,0.18,-1,-1,-1
42,-1,481.50,1930.63,34.96,24.04,0.17,-1,-1,-1
42,-1,2402.73,1211.04,84.30,93.96,0.16,-1,-1,-1
42,-1,1788.78,866.21,24.12,26.30,0.15,-1,-1,-1
42,-1,2193.16,824.25,35.75,40.98,0.14,-1,-1,-1
42,-1,2237.81,134.26,58.12,56.87,0.14,-1,-1,-1
42,-1,2233.78,174.61,28.36,36.62,0.14,-1,-1,-1
42,-1,2125.25,807.40,31.24,27.24,0.14,-1,-1,-1
42,-1,2192.91,202.45,58.57,35.04,0.13,-1,-1,-1
42,-1,2186.92,133.81,111.53,109.44,0.11,-1,-1,-1
42,-1,2802.01,1166.69,33.57,30.40,0.11,-1,-1,-1
42,-1,2125.54,807.40,31.07,27.02,0.11,-1,-1,-1
42,-1,2783.90,677.89,77.34,130.20,0.10,-1,-1,-1
42,-1,526.06,2011.52,35.35,33.43,0.10,-1,-1,-1
42,-1,441.98,1785.34,33.60,54.17,0.10,-1,-1,-1
42,-1,2237.24,163.29,46.70,60.72,0.09,-1,-1,-1
42,-1,2022.99,790.05,35.08,24.78,0.09,-1,-1,-1
42,-1,320.97,1765.03,32.94,15.96,0.09,-1,-1,-1
42,-1,867.77,646.35,28.15,21.25,0.08,-1,-1,-1
42,-1,2398.83,1283.23,76.41,54.64,0.07,-1,-1,-1
42,-1,2125.31,807.41,32.63,28.08,0.07,-1,-1,-1
42,-1,2028.87,702.90,190.34,159.00,0.07,-1,-1,-1
42,-1,526.53,2020.82,39.25,25.14,0.07,-1,-1,-1
42,-1,2441.73,1256.64,23.99,25.51,0.07,-1,-1,-1
42,-1,442.97,1783.76,33.91,26.83,0.06,-1,-1,-1
42,-1,1283.92,785.89,15.55,11.43,0.06,-1,-1,-1
42,-1,2199.78,588.99,22.41,44.07,0.06,-1,-1,-1
42,-1,553.77,1980.31,14.91,12.74,0.06,-1,-1,-1
42,-1,144.71,1338.96,830.18,827.05,0.06,-1,-1,-1
42,-1,2416.98,651.99,84.60,70.01,0.06,-1,-1,-1
42,-1,1229.82,507.23,28.52,20.15,0.06,-1,-1,-1
42,-1,2193.55,825.59,43.04,40.90,0.06,-1,-1,-1
42,-1,208.60,1313.80,829.43,849.34,0.06,-1,-1,-1
42,-1,1784.12,868.89,36.33,34.00,0.05,-1,-1,-1
43,-1,2567.48,228.81,114.31,49.28,0.91,-1,-1,-1
43,-1,391.25,1739.27,57.33,75.37,0.81,-1,-1,-1
43,-1,346.20,1734.95,49.82,71.89,0.78,-1,-1,-1
43,-1,478.74,1748.98,37.04,58.81,0.75,-1,-1,-1
43,-1,511.87,1896.99,42.88,70.24,0.73,-1,-1,-1
43,-1,2819.61,644.68,73.77,125.64,0.73,-1,-1,-1
43,-1,2769.66,563.33,50.25,40.42,0.62,-1,-1,-1
43,-1,1808.54,757.63,71.32,99.95,0.61,-1,-1,-1
43,-1,562.28,1914.07,31.10,29.85,0.56,-1,-1,-1
43,-1,2819.46,644.57,73.97,126.22,0.55,-1,-1,-1
43,-1,565.95,1947.81,63.57,62.70,0.51,-1,-1,-1
43,-1,602.37,1900.98,33.85,31.36,0.49,-1,-1,-1
43,-1,2494.10,1180.39,30.29,47.38,0.48,-1,-1,-1
43,-1,518.50,1897.40,35.85,26.86,0.45,-1,-1,-1
43,-1,896.28,594.41,34.88,40.75,0.44,-1,-1,-1
43,-1,2226.13,528.18,44.43,30.25,0.41,-1,-1,-1
43,-1,602.36,1900.56,33.59,31.76,0.39,-1,-1,-1
43,-1,2629.97,641.11,58.42,60.77,0.38,-1,-1,-1
43,-1,2492.59,1054.91,23.04,25.69,0.35,-1,-1,-1
43,-1,2233.89,138.31,63.79,61.98,0.34,-1,-1,-1
43,-1,2258.67,131.56,55.70,61.18,0.33,-1,-1,-1
43,-1,564.19,1970.35,32.29,38.79,0.31,-1,-1,-1
43,-1,2229.27,100.40,104.14,99.41,0.30,-1,-1,-1
43,-1,1811.68,829.41,59.56,46.12,0.30,-1,-1,-1
43,-1,2840.65,1133.71,33.33,31.31,0.29,-1,-1,-1
43,-1,2190.20,674.28,23.43,34.54,0.28,-1,-1,-1
43,-1,562.14,1913.95,31.26,29.73,0.28,-1,-1,-1
43,-1,2226.37,103.27,113.25,101.56,0.27,-1,-1,-1
43,-1,2812.97,715.41,37.53,38.93,0.26,-1,-1,-1
43,-1,2552.40,949.79,31.90,29.09,0.25,-1,-1,-1
43,-1,2098.89,865.13,18.98,23.38,0.24,-1,-1,-1
43,-1,2276.92,101.42,55.38,39.41,0.23,-1,-1,-1
43,-1,2452.64,622.43,79.48,72.37,0.22,-1,-1,-1
43,-1,562.28,1914.45,31.06,29.57,0.22,-1,-1,-1
43,-1,589.75,1944.40,40.16,43.16,0.20,-1,-1,-1
43,-1,2089.76,1211.75,71.92,69.21,0.20,-1,-1,-1
43,-1,394.86,1739.51,53.61,29.95,0.19,-1,-1,-1
43,-1,2308.22,106.48,31.12,53.94,0.19,-1,-1,-1
43,-1,2483.62,1193.46,34.66,64.43,0.19,-1,-1,-1
43,-1,2227.73,175.89,48.89,27.94,0.18,-1,-1,-1
43,-1,2001.30,681.03,255.58,266.34,0.18,-1,-1,-1
43,-1,2231.33,162.91,45.41,38.47,0.16,-1,-1,-1
43,-1,2257.90,103.16,73.15,62.01,0.14,-1,-1,-1
43,-1,2840.66,1133.69,33.22,31.36,0.14,-1,-1,-1
43,-1,2233.72,141.59,37.20,47.17,0.14,-1,-1,-1
43,-1,2239.56,104.63,100.66,96.45,0.13,-1,-1,-1
43,-1,2779.69,595.93,52.28,30.02,0.13,-1,-1,-1
43,-1,2492.20,1180.13,31.59,61.14,0.12,-1,-1,-1
43,-1,564.11,1945.81,66.12,64.71,0.12,-1,-1,-1
43,-1,2280.07,129.34,38.33,38.12,0.12,-1,-1,-1
43,-1,902.68,617.32,19.66,18.14,0.10,-1,-1,-1
43,-1,0.86,1002.41,800.59,844.29,0.09,-1,-1,-1
43,-1,2836.51,1314.81,824.96,841.13,0.09,-1,-1,-1
43,-1,2776.13,592.24,56.30,23.93,0.08,-1,-1,-1
43,-1,1842.59,808.57,31.04,48.07,0.08,-1,-1,-1
43,-1,2321.56,399.19,55.64,49.29,0.08,-1,-1,-1
43,-1,2868.71,1313.66,823.50,841.51,0.07,-1,-1,-1
43,-1,592.00,1943.65,16.09,14.11,0.07,-1,-1,-1
43,-1,2289.08,102.95,50.61,77.12,0.07,-1,-1,-1
43,-1,2089.32,1211.22,72.28,68.92,0.07,-1,-1,-1
43,-1,2205.22,522.72,74.09,123.15,0.06,-1,-1,-1
43,-1,2225.40,514.57,71.44,44.26,0.06,-1,-1,-1
43,-1,2784.61,603.00,48.04,21.32,0.06,-1,-1,-1
43,-1,2627.79,649.89,62.32,54.21,0.06,-1,-1,-1
43,-1,1808.96,757.02,69.54,98.25,0.06,-1,-1,-1
43,-1,1013.95,1345.88,822.69,821.48,0.06,-1,-1,-1
43,-1,1268.21,474.75,24.64,18.40,0.06,-1,-1,-1
43,-1,2089.77,1211.56,71.73,69.66,0.06,-1,-1,-1
43,-1,896.25,607.63,24.29,28.32,0.05,-1,-1,-1
43,-1,2475.23,201.00,236.14,86.53,0.05,-1,-1,-1
43,-1,903.69,626.59,14.74,10.29,0.05,-1,-1,-1
43,-1,0.90,1126.37,801.56,846.88,0.05,-1,-1,-1
43,-1,348.85,1735.71,45.21,24.15,0.05,-1,-1,-1
44,-1,2602.20,193.03,117.93,51.31,0.90,-1,-1,-1
44,-1,1850.33,728.18,70.16,99.24,0.88,-1,-1,-1
44,-1,388.32,1705.31,50.79,74.84,0.83,-1,-1,-1
44,-1,435.03,1708.56,55.91,74.45,0.77,-1,-1,-1
44,-1,2855.58,608.64,77.86,125.74,0.76,-1,-1,-1
44,-1,2267.24,63.65,111.36,102.51,0.74,-1,-1,-1
44,-1,2522.67,1144.48,38.99,84.30,0.66,-1,-1,-1
44,-1,2363.10,361.75,47.49,56.55,0.63,-1,-1,-1
44,-1,2123.55,1188.24,80.85,59.32,0.59,-1,-1,-1
44,-1,519.85,1714.84,32.98,56.03,0.57,-1,-1,-1
44,-1,2808.30,531.51,49.15,38.92,0.51,-1,-1,-1
44,-1,642.56,1867.30,32.38,31.85,0.45,-1,-1,-1
44,-1,936.70,559.98,32.79,39.67,0.43,-1,-1,-1
44,-1,2273.12,66.17,106.71,101.68,0.42,-1,-1,-1
44,-1,642.18,1867.36,32.53,31.55,0.38,-1,-1,-1
44,-1,602.89,1882.77,31.29,27.70,0.36,-1,-1,-1
44,-1,2495.86,581.44,72.21,76.55,0.35,-1,-1,-1
44,-1,1859.17,804.55,42.40,26.28,0.33,-1,-1,-1
44,-1,2512.59,169.48,77.38,61.87,0.32,-1,-1,-1
44,-1,603.73,1913.96,62.48,60.25,0.30,-1,-1,-1
44,-1,521.48,1715.49,30.57,26.90,0.30,-1,-1,-1
44,-1,2101.26,725.86,35.47,21.08,0.27,-1,-1,-1
44,-1,2662.53,601.64,43.35,48.79,0.24,-1,-1,-1
44,-1,2138.65,827.75,22.11,27.44,0.20,-1,-1,-1
44,-1,1307.25,440.43,30.52,18.92,0.20,-1,-1,-1
44,-1,2535.76,1021.18,17.29,28.51,0.20,-1,-1,-1
44,-1,2011.10,721.50,144.94,194.69,0.20,-1,-1,-1
44,-1,438.17,1708.42,52.33,30.40,0.20,-1,-1,-1
44,-1,2807.84,532.35,70.19,59.81,0.20,-1,-1,-1
44,-1,557.84,1863.75,35.09,27.88,0.18,-1,-1,-1
44,-1,2592.32,888.96,48.58,56.45,0.18,-1,-1,-1
44,-1,2198.28,744.73,40.47,32.89,0.18,-1,-1,-1
44,-1,944.95,580.03,21.61,19.95,0.16,-1,-1,-1
44,-1,2261.45,66.63,118.83,116.11,0.12,-1,-1,-1
44,-1,2196.81,740.49,95.23,40.22,0.12,-1,-1,-1
44,-1,2538.10,581.08,29.22,47.84,0.12,-1,-1,-1
44,-1,2663.69,601.20,36.28,33.66,0.11,-1,-1,-1
44,-1,2564.83,763.91,74.44,51.26,0.11,-1,-1,-1
44,-1,436.87,1346.18,825.57,820.01,0.11,-1,-1,-1
44,-1,2474.46,1142.92,91.71,103.43,0.11,-1,-1,-1
44,-1,2260.13,737.45,33.45,41.87,0.10,-1,-1,-1
44,-1,557.82,1864.37,34.86,27.03,0.09,-1,-1,-1
44,-1,632.30,1909.36,12.01,13.24,0.09,-1,-1,-1
44,-1,603.71,1915.22,62.07,58.16,0.09,-1,-1,-1
44,-1,620.64,1921.54,45.33,33.36,0.09,-1,-1,-1
44,-1,2524.12,1197.46,14.93,32.48,0.09,-1,-1,-1
44,-1,557.83,1864.40,34.99,26.88,0.09,-1,-1,-1
44,-1,935.59,576.11,21.67,24.58,0.09,-1,-1,-1
44,-1,2267.38,106.29,43.84,59.47,0.08,-1,-1,-1
44,-1,501.12,1345.17,824.67,821.99,0.08,-1,-1,-1
44,-1,925.56,534.79,43.57,66.65,0.08,-1,-1,-1
44,-1,2270.58,141.58,46.44,24.86,0.08,-1,-1,-1
44,-1,603.02,1882.85,31.19,27.79,0.08,-1,-1,-1
44,-1,642.57,1867.02,31.00,30.26,0.07,-1,-1,-1
44,-1,2124.06,1188.61,79.70,59.15,0.07,-1,-1,-1
44,-1,1306.92,440.69,29.78,18.26,0.07,-1,-1,-1
44,-1,604.09,1950.57,28.65,23.23,0.07,-1,-1,-1
44,-1,2565.60,785.68,26.66,14.21,0.07,-1,-1,-1
44,-1,2848.08,683.49,42.78,35.74,0.07,-1,-1,-1
44,-1,2138.73,825.69,30.51,29.51,0.06,-1,-1,-1
44,-1,603.96,1955.02,28.67,18.49,0.06,-1,-1,-1
44,-1,2349.95,386.24,40.16,33.28,0.06,-1,-1,-1
44,-1,2868.13,611.58,55.36,74.16,0.06,-1,-1,-1
44,-1,2851.45,607.01,82.79,127.50,0.06,-1,-1,-1
44,-1,2137.86,833.37,12.13,22.53,0.06,-1,-1,-1
44,-1,2318.51,63.94,60.41,44.64,0.06,-1,-1,-1
44,-1,2513.31,168.55,76.99,62.87,0.05,-1,-1,-1
44,-1,2592.53,911.64,31.08,33.53,0.05,-1,-1,-1
44,-1,2017.20,707.52,281.28,210.02,0.05,-1,-1,-1
44,-1,2210.07,638.62,76.76,144.55,0.05,-1,-1,-1
44,-1,620.22,1921.88,45.61,34.15,0.05,-1,-1,-1
45,-1,2630.77,171.26,115.96,52.08,0.90,-1,-1,-1
45,-1,2883.67,585.96,80.24,121.57,0.89,-1,-1,-1
45,-1,1879.20,710.69,73.10,100.04,0.79,-1,-1,-1
45,-1,669.05,1846.14,33.46,31.61,0.68,-1,-1,-1
45,-1,2553.72,1138.29,39.25,51.01,0.62,-1,-1,-1
45,-1,956.77,513.62,36.88,65.57,0.59,-1,-1,-1
45,-1,631.04,1863.92,28.01,26.57,0.53,-1,-1,-1
45,-1,2292.57,40.81,113.46,102.34,0.52,-1,-1,-1
45,-1,2295.79,73.21,74.62,69.30,0.48,-1,-1,-1
45,-1,2839.31,503.18,43.05,34.32,0.40,-1,-1,-1
45,-1,2301.36,40.95,107.69,102.59,0.39,-1,-1,-1
45,-1,581.39,1846.82,36.24,26.42,0.38,-1,-1,-1
45,-1,2150.11,780.86,54.12,56.67,0.30,-1,-1,-1
45,-1,2897.46,589.10,66.82,98.51,0.27,-1,-1,-1
45,-1,422.03,1690.57,39.83,23.84,0.26,-1,-1,-1
45,-1,632.13,1901.64,59.63,39.08,0.25,-1,-1,-1
45,-1,2150.91,801.88,38.12,34.63,0.24,-1,-1,-1
45,-1,465.71,1690.62,48.70,75.96,0.22,-1,-1,-1
45,-1,1892.71,782.52,42.47,28.42,0.21,-1,-1,-1
45,-1,549.38,1694.33,31.89,26.77,0.21,-1,-1,-1
45,-1,470.89,1691.50,42.04,26.55,0.20,-1,-1,-1
45,-1,2120.28,702.75,45.80,20.74,0.19,-1,-1,-1
45,-1,2149.96,821.24,25.36,16.43,0.19,-1,-1,-1
45,-1,2618.68,875.81,37.37,52.86,0.18,-1,-1,-1
45,-1,2287.24,42.19,120.72,101.42,0.17,-1,-1,-1
45,-1,2122.20,701.15,198.65,99.72,0.17,-1,-1,-1
45,-1,545.77,1716.93,20.21,34.02,0.17,-1,-1,-1
45,-1,418.91,1687.68,54.31,77.27,0.16,-1,-1,-1
45,-1,2858.32,503.51,24.44,20.04,0.16,-1,-1,-1
45,-1,2221.23,724.38,96.79,34.48,0.16,-1,-1,-1
45,-1,626.86,1933.43,26.23,16.52,0.16,-1,-1,-1
45,-1,544.81,1696.28,35.28,56.56,0.16,-1,-1,-1
45,-1,2276.52,477.71,60.80,52.48,0.15,-1,-1,-1
45,-1,0.91,965.56,777.74,848.97,0.14,-1,-1,-1
45,-1,549.05,1701.83,29.72,19.52,0.14,-1,-1,-1
45,-1,549.22,1694.18,32.14,26.60,0.14,-1,-1,-1
45,-1,627.25,1898.81,64.38,51.36,0.13,-1,-1,-1
45,-1,2153.40,1171.02,83.12,57.15,0.13,-1,-1,-1
45,-1,2380.43,334.65,54.68,68.01,0.11,-1,-1,-1
45,-1,186.99,1638.83,15.13,12.07,0.10,-1,-1,-1
45,-1,2858.81,502.92,23.79,20.49,0.10,-1,-1,-1
45,-1,2346.73,41.94,59.80,45.94,0.10,-1,-1,-1
45,-1,627.14,1915.65,29.50,33.68,0.09,-1,-1,-1
45,-1,627.30,1895.40,63.91,54.93,0.09,-1,-1,-1
45,-1,963.35,552.50,23.38,28.96,0.08,-1,-1,-1
45,-1,2120.60,703.30,46.40,20.15,0.08,-1,-1,-1
45,-1,658.54,1888.13,13.10,14.50,0.08,-1,-1,-1
45,-1,2837.02,521.34,43.46,35.23,0.07,-1,-1,-1
45,-1,1334.70,417.99,30.32,18.63,0.07,-1,-1,-1
45,-1,2295.75,119.71,49.09,23.89,0.07,-1,-1,-1
45,-1,581.33,1846.78,35.91,26.23,0.07,-1,-1,-1
45,-1,2688.10,578.81,41.74,42.30,0.07,-1,-1,-1
45,-1,2699.69,197.98,30.70,33.28,0.07,-1,-1,-1
45,-1,2343.60,64.84,50.92,69.61,0.06,-1,-1,-1
45,-1,632.56,1863.73,27.01,26.09,0.06,-1,-1,-1
45,-1,670.38,1846.20,27.01,16.67,0.06,-1,-1,-1
45,-1,2862.18,521.75,21.70,18.28,0.06,-1,-1,-1
45,-1,2347.00,42.56,57.44,42.78,0.06,-1,-1,-1
45,-1,626.94,1922.29,49.58,28.98,0.06,-1,-1,-1
45,-1,2257.87,613.29,23.85,29.51,0.06,-1,-1,-1
45,-1,279.12,-0.64,819.96,810.55,0.05,-1,-1,-1
45,-1,1335.09,418.11,29.27,18.12,0.05,-1,-1,-1
45,-1,2355.97,40.87,52.77,85.37,0.05,-1,-1,-1
45,-1,2276.24,477.94,61.59,53.13,0.05,-1,-1,-1
45,-1,2888.41,662.78,26.60,29.60,0.05,-1,-1,-1
46,-1,2902.54,568.69,85.13,120.16,0.92,-1,-1,-1
46,-1,2644.88,154.94,117.34,55.18,0.74,-1,-1,-1
46,-1,1900.30,700.13,74.12,99.31,0.66,-1,-1,-1
46,-1,2645.52,155.09,117.39,55.15,0.65,-1,-1,-1
46,-1,985.29,533.27,25.80,28.14,0.64,-1,-1,-1
46,-1,649.79,1848.83,28.32,26.60,0.54,-1,-1,-1
46,-1,2709.35,153.06,78.85,67.89,0.49,-1,-1,-1
46,-1,564.19,1678.28,33.97,58.47,0.45,-1,-1,-1
46,-1,2569.89,1118.16,41.89,59.60,0.42,-1,-1,-1
46,-1,2300.74,699.64,46.16,47.49,0.42,-1,-1,-1
46,-1,2182.28,791.22,25.50,25.75,0.40,-1,-1,-1
46,-1,688.31,1832.37,32.17,30.31,0.39,-1,-1,-1
46,-1,2317.70,90.30,28.90,36.51,0.38,-1,-1,-1
46,-1,2276.56,595.71,25.11,29.50,0.38,-1,-1,-1
46,-1,1899.14,700.00,74.53,97.85,0.37,-1,-1,-1
46,-1,2639.18,875.17,28.40,36.89,0.35,-1,-1,-1
46,-1,688.84,1833.64,31.07,29.53,0.35,-1,-1,-1
46,-1,445.02,1680.28,35.43,22.84,0.33,-1,-1,-1
46,-1,745.75,2113.17,20.43,19.21,0.32,-1,-1,-1
46,-1,494.59,1678.67,36.08,27.82,0.32,-1,-1,-1
46,-1,2358.09,66.92,28.79,43.03,0.31,-1,-1,-1
46,-1,457.27,1677.57,23.76,21.92,0.30,-1,-1,-1
46,-1,2435.41,776.64,13.35,22.00,0.29,-1,-1,-1
46,-1,2173.44,1154.72,85.90,59.28,0.26,-1,-1,-1
46,-1,2173.86,1154.60,85.23,59.60,0.26,-1,-1,-1
46,-1,990.46,545.41,17.48,17.16,0.25,-1,-1,-1
46,-1,2323.61,27.92,105.77,79.39,0.25,-1,-1,-1
46,-1,2363.50,47.49,60.23,70.40,0.24,-1,-1,-1
46,-1,643.49,1910.73,26.90,22.96,0.24,-1,-1,-1
46,-1,2242.80,709.12,42.65,37.63,0.22,-1,-1,-1
46,-1,598.10,1837.47,36.79,23.20,0.22,-1,-1,-1
46,-1,2343.34,67.41,17.57,31.75,0.21,-1,-1,-1
46,-1,598.12,1837.19,37.22,23.81,0.20,-1,-1,-1
46,-1,2363.77,40.42,65.04,76.32,0.20,-1,-1,-1
46,-1,664.75,1887.84,45.47,33.12,0.20,-1,-1,-1
46,-1,2318.57,69.51,40.26,56.41,0.20,-1,-1,-1
46,-1,2293.01,462.09,58.96,33.29,0.20,-1,-1,-1
46,-1,992.97,543.58,17.57,18.36,0.20,-1,-1,-1
46,-1,2342.17,89.63,46.71,34.69,0.19,-1,-1,-1
46,-1,947.45,325.23,22.95,17.25,0.18,-1,-1,-1
46,-1,974.76,501.50,36.09,61.48,0.17,-1,-1,-1
46,-1,642.83,1885.65,67.20,48.80,0.15,-1,-1,-1
46,-1,2365.53,29.09,63.46,55.66,0.15,-1,-1,-1
46,-1,2569.06,1118.20,42.41,61.48,0.15,-1,-1,-1
46,-1,2136.43,687.48,49.06,28.85,0.15,-1,-1,-1
46,-1,644.49,1918.58,24.97,14.74,0.14,-1,-1,-1
46,-1,2341.21,84.65,21.55,33.16,0.13,-1,-1,-1
46,-1,2289.12,462.12,63.59,82.51,0.13,-1,-1,-1
46,-1,1355.19,402.35,25.23,18.24,0.11,-1,-1,-1
46,-1,947.23,325.13,23.17,17.68,0.11,-1,-1,-1
46,-1,2364.77,65.32,22.98,23.30,0.11,-1,-1,-1
46,-1,2951.83,628.35,55.08,40.21,0.11,-1,-1,-1
46,-1,2347.36,29.51,64.21,39.96,0.11,-1,-1,-1
46,-1,664.05,1896.63,18.29,18.31,0.11,-1,-1,-1
46,-1,2709.68,183.55,37.24,35.64,0.11,-1,-1,-1
46,-1,2256.24,595.11,46.37,41.10,0.10,-1,-1,-1
46,-1,2340.21,95.16,52.74,28.29,0.10,-1,-1,-1
46,-1,2365.59,92.18,23.41,26.51,0.10,-1,-1,-1
46,-1,643.27,1846.50,37.39,64.08,0.10,-1,-1,-1
46,-1,2325.32,68.53,31.00,31.77,0.10,-1,-1,-1
46,-1,488.86,1676.84,41.16,74.05,0.09,-1,-1,-1
46,-1,567.47,1679.64,29.14,28.20,0.09,-1,-1,-1
46,-1,2241.13,708.51,45.37,38.81,0.08,-1,-1,-1
46,-1,2582.73,1120.20,28.92,37.10,0.08,-1,-1,-1
46,-1,2920.11,569.29,82.31,100.79,0.08,-1,-1,-1
46,-1,664.24,1887.85,45.83,33.33,0.08,-1,-1,-1
46,-1,440.57,1676.67,45.02,79.05,0.08,-1,-1,-1
46,-1,2290.88,461.76,61.39,32.32,0.08,-1,-1,-1
46,-1,2312.66,32.20,118.04,94.98,0.08,-1,-1,-1
46,-1,271.35,1875.11,36.69,13.64,0.08,-1,-1,-1
46,-1,1354.72,402.53,25.45,17.83,0.07,-1,-1,-1
46,-1,2302.57,723.88,42.73,24.06,0.07,-1,-1,-1
46,-1,2326.96,28.50,104.65,44.04,0.07,-1,-1,-1
46,-1,2316.55,101.80,59.55,24.32,0.07,-1,-1,-1
46,-1,589.98,1834.00,51.05,71.60,0.07,-1,-1,-1
46,-1,2407.61,42.35,19.93,28.51,0.07,-1,-1,-1
46,-1,2394.17,41.46,33.59,40.33,0.07,-1,-1,-1
46,-1,946.83,325.10,23.44,17.84,0.07,-1,-1,-1
46,-1,982.41,538.68,23.44,24.20,0.06,-1,-1,-1
46,-1,7.32,935.30,811.87,848.64,0.06,-1,-1,-1
46,-1,2584.93,1141.74,26.58,16.35,0.06,-1,-1,-1
46,-1,2341.31,105.05,22.28,17.62,0.06,-1,-1,-1
46,-1,1354.58,403.16,25.84,18.13,0.06,-1,-1,-1
46,-1,687.92,1831.84,31.13,28.58,0.06,-1,-1,-1
46,-1,647.02,1896.25,34.57,33.98,0.06,-1,-1,-1
46,-1,643.04,1908.17,49.22,27.22,0.06,-1,-1,-1
46,-1,677.43,1874.27,13.69,13.63,0.06,-1,-1,-1
46,-1,2362.67,107.95,27.33,12.54,0.06,-1,-1,-1
46,-1,2135.65,680.18,154.25,148.56,0.05,-1,-1,-1
46,-1,2345.07,61.32,15.20,25.27,0.05,-1,-1,-1
47,-1,2652.59,149.98,116.75,53.32,0.90,-1,-1,-1
47,-1,2910.47,558.23,88.50,119.63,0.81,-1,-1,-1
47,-1,696.43,1824.33,32.58,31.01,0.74,-1,-1,-1
47,-1,2578.03,1109.82,42.45,55.67,0.72,-1,-1,-1
47,-1,1912.39,695.34,73.15,99.13,0.67,-1,-1,-1
47,-1,2150.68,674.39,34.37,30.66,0.57,-1,-1,-1
47,-1,2326.96,20.83,111.51,96.21,0.50,-1,-1,-1
47,-1,991.66,522.19,29.75,34.91,0.44,-1,-1,-1
47,-1,2650.18,876.29,30.48,31.48,0.41,-1,-1,-1
47,-1,455.47,1675.84,33.89,20.00,0.41,-1,-1,-1
47,-1,2188.35,782.26,22.17,26.72,0.41,-1,-1,-1
47,-1,2581.42,1130.11,41.00,37.59,0.40,-1,-1,-1
47,-1,2327.92,21.27,110.19,97.00,0.36,-1,-1,-1
47,-1,651.07,1902.07,27.94,23.17,0.29,-1,-1,-1
47,-1,2186.11,1135.20,83.99,72.01,0.27,-1,-1,-1
47,-1,668.48,1869.87,51.60,43.69,0.27,-1,-1,-1
47,-1,602.98,1830.57,39.35,24.29,0.27,-1,-1,-1
47,-1,2296.92,455.78,65.02,48.95,0.25,-1,-1,-1
47,-1,575.86,1671.60,33.27,27.29,0.24,-1,-1,-1
47,-1,2255.68,699.42,74.82,40.63,0.23,-1,-1,-1
47,-1,2707.00,537.85,49.96,77.62,0.22,-1,-1,-1
47,-1,575.98,1671.57,33.22,26.75,0.21,-1,-1,-1
47,-1,2553.58,1133.88,66.75,42.29,0.20,-1,-1,-1
47,-1,669.59,1870.91,50.34,42.51,0.19,-1,-1,-1
47,-1,2285.76,585.81,22.01,30.34,0.19,-1,-1,-1
47,-1,504.66,1674.20,36.60,24.51,0.18,-1,-1,-1
47,-1,602.88,1830.61,39.58,24.43,0.16,-1,-1,-1
47,-1,2707.01,537.30,49.50,77.17,0.15,-1,-1,-1
47,-1,2706.95,537.87,49.75,77.58,0.15,-1,-1,-1
47,-1,2332.25,95.85,42.63,21.85,0.14,-1,-1,-1
47,-1,2255.58,700.99,30.40,38.11,0.14,-1,-1,-1
47,-1,2907.46,625.68,42.88,50.02,0.13,-1,-1,-1
47,-1,658.72,1842.25,28.90,26.50,0.13,-1,-1,-1
47,-1,2553.65,1160.08,34.90,15.59,0.13,-1,-1,-1
47,-1,504.76,1673.35,37.09,25.86,0.12,-1,-1,-1
47,-1,2864.65,476.57,44.50,45.57,0.12,-1,-1,-1
47,-1,2589.30,974.10,26.24,27.68,0.12,-1,-1,-1
47,-1,504.58,1674.25,36.46,24.45,0.12,-1,-1,-1
47,-1,2552.89,526.34,206.06,94.34,0.12,-1,-1,-1
47,-1,2552.62,526.56,208.61,91.79,0.11,-1,-1,-1
47,-1,696.58,1824.09,32.44,30.90,0.11,-1,-1,-1
47,-1,687.75,1865.67,12.57,13.03,0.11,-1,-1,-1
47,-1,571.66,1671.09,38.66,59.14,0.11,-1,-1,-1
47,-1,571.80,1691.24,17.92,37.33,0.10,-1,-1,-1
47,-1,2311.27,704.16,20.72,31.97,0.10,-1,-1,-1
47,-1,213.76,1616.24,14.36,12.23,0.09,-1,-1,-1
47,-1,403.20,1315.20,826.27,842.16,0.09,-1,-1,-1
47,-1,696.62,1824.22,32.28,31.41,0.09,-1,-1,-1
47,-1,1912.44,697.20,71.60,96.60,0.08,-1,-1,-1
47,-1,575.93,1683.45,26.46,15.40,0.08,-1,-1,-1
47,-1,3502.62,1842.43,196.97,298.90,0.08,-1,-1,-1
47,-1,2652.86,858.81,15.65,28.20,0.08,-1,-1,-1
47,-1,602.43,1830.23,40.39,24.89,0.07,-1,-1,-1
47,-1,2551.49,525.68,81.50,79.23,0.07,-1,-1,-1
47,-1,0.87,935.08,800.91,852.14,0.07,-1,-1,-1
47,-1,681.43,1867.29,31.73,22.37,0.07,-1,-1,-1
47,-1,2655.44,139.94,144.47,67.90,0.07,-1,-1,-1
47,-1,2328.00,66.19,43.02,50.34,0.07,-1,-1,-1
47,-1,575.67,1683.29,26.33,15.01,0.06,-1,-1,-1
47,-1,671.97,1884.77,26.14,22.19,0.06,-1,-1,-1
47,-1,658.13,1841.89,29.52,27.00,0.06,-1,-1,-1
47,-1,658.20,1841.94,29.44,26.93,0.06,-1,-1,-1
47,-1,649.64,1913.07,10.71,13.02,0.06,-1,-1,-1
47,-1,2907.36,623.15,91.12,55.70,0.06,-1,-1,-1
47,-1,2550.85,524.29,209.56,93.33,0.06,-1,-1,-1
47,-1,2551.46,525.98,79.96,78.58,0.06,-1,-1,-1
47,-1,916.91,1344.88,822.83,822.24,0.06,-1,-1,-1
47,-1,561.32,1313.90,826.92,848.41,0.05,-1,-1,-1
47,-1,2962.67,613.97,52.74,46.41,0.05,-1,-1,-1
47,-1,0.57,1285.48,801.17,850.43,0.05,-1,-1,-1
48,-1,2656.99,140.32,118.39,56.56,0.90,-1,-1,-1
48,-1,2193.64,1143.27,98.75,56.23,0.89,-1,-1,-1
48,-1,2915.26,548.77,94.33,112.83,0.78,-1,-1,-1
48,-1,2915.28,548.05,94.30,113.76,0.74,-1,-1,-1
48,-1,1926.76,691.92,71.04,100.91,0.73,-1,-1,-1
48,-1,2109.84,807.05,58.43,54.69,0.67,-1,-1,-1
48,-1,704.99,1815.00,32.53,30.62,0.61,-1,-1,-1
48,-1,2334.36,12.42,112.18,98.09,0.59,-1,-1,-1
48,-1,1002.80,507.51,27.36,37.67,0.53,-1,-1,-1
48,-1,665.76,1837.15,29.40,24.97,0.51,-1,-1,-1
48,-1,2599.97,1109.42,33.88,30.24,0.48,-1,-1,-1
48,-1,1925.76,691.41,71.59,101.23,0.45,-1,-1,-1
48,-1,676.62,1858.60,54.30,41.75,0.45,-1,-1,-1
48,-1,2660.47,865.56,31.07,32.04,0.43,-1,-1,-1
48,-1,2972.94,600.97,44.47,40.71,0.42,-1,-1,-1
48,-1,704.78,1814.82,33.57,31.01,0.40,-1,-1,-1
48,-1,506.29,1665.65,40.04,79.83,0.37,-1,-1,-1
48,-1,221.61,1604.30,17.11,13.82,0.33,-1,-1,-1
48,-1,609.37,1823.18,39.38,24.48,0.33,-1,-1,-1
48,-1,578.12,1663.25,30.43,60.70,0.33,-1,-1,-1
48,-1,2878.91,460.23,37.14,58.25,0.32,-1,-1,-1
48,-1,2334.22,12.57,112.91,98.40,0.30,-1,-1,-1
48,-1,660.92,1896.54,25.24,15.92,0.27,-1,-1,-1
48,-1,515.23,1668.23,31.57,28.47,0.27,-1,-1,-1
48,-1,2294.25,573.06,23.28,23.32,0.26,-1,-1,-1
48,-1,452.30,1671.96,49.82,80.15,0.25,-1,-1,-1
48,-1,2301.23,581.28,16.57,15.23,0.25,-1,-1,-1
48,-1,2269.63,691.38,62.27,29.16,0.22,-1,-1,-1
48,-1,583.76,1663.39,29.37,21.66,0.20,-1,-1,-1
48,-1,676.60,1853.14,54.47,45.78,0.19,-1,-1,-1
48,-1,583.32,1676.08,25.01,16.67,0.18,-1,-1,-1
48,-1,2710.47,526.38,38.56,47.87,0.18,-1,-1,-1
48,-1,2336.83,83.61,46.04,26.43,0.17,-1,-1,-1
48,-1,2159.62,659.75,32.19,34.21,0.17,-1,-1,-1
48,-1,2609.22,970.85,16.52,19.72,0.16,-1,-1,-1
48,-1,2600.08,1109.50,33.58,29.70,0.16,-1,-1,-1
48,-1,999.92,529.34,22.22,18.73,0.14,-1,-1,-1
48,-1,2553.65,1108.17,82.05,73.84,0.14,-1,-1,-1
48,-1,2559.76,525.64,73.67,64.40,0.14,-1,-1,-1
48,-1,462.59,1664.41,39.93,34.86,0.12,-1,-1,-1
48,-1,608.65,1836.82,14.41,12.35,0.11,-1,-1,-1
48,-1,583.44,1675.65,25.67,16.84,0.11,-1,-1,-1
48,-1,2599.25,1109.39,35.29,32.97,0.11,-1,-1,-1
48,-1,288.45,1855.98,38.87,15.68,0.11,-1,-1,-1
48,-1,2290.21,549.68,30.62,46.55,0.10,-1,-1,-1
48,-1,463.51,1679.39,30.27,18.15,0.09,-1,-1,-1
48,-1,660.24,1888.65,27.42,23.27,0.09,-1,-1,-1
48,-1,1372.83,386.02,29.58,18.12,0.09,-1,-1,-1
48,-1,2335.33,53.49,47.98,54.39,0.09,-1,-1,-1
48,-1,458.75,1679.69,34.43,20.71,0.09,-1,-1,-1
48,-1,2448.30,738.63,76.79,70.04,0.09,-1,-1,-1
48,-1,658.47,1837.48,40.41,72.36,0.09,-1,-1,-1
48,-1,1372.71,385.39,30.54,18.63,0.08,-1,-1,-1
48,-1,695.96,1851.95,33.32,25.88,0.08,-1,-1,-1
48,-1,3315.34,739.17,21.12,15.94,0.08,-1,-1,-1
48,-1,2364.04,12.47,83.08,42.84,0.07,-1,-1,-1
48,-1,514.93,1668.56,31.98,29.26,0.07,-1,-1,-1
48,-1,2935.66,1050.20,47.99,55.86,0.07,-1,-1,-1
48,-1,2554.83,1108.08,81.56,74.06,0.07,-1,-1,-1
48,-1,2619.32,712.49,78.39,51.78,0.07,-1,-1,-1
48,-1,696.06,1852.14,15.46,14.26,0.07,-1,-1,-1
48,-1,1372.63,386.20,30.40,19.02,0.07,-1,-1,-1
48,-1,624.44,1822.05,24.11,11.38,0.07,-1,-1,-1
48,-1,533.58,1.92,819.11,807.07,0.06,-1,-1,-1
48,-1,685.88,1867.89,19.41,20.69,0.06,-1,-1,-1
48,-1,2269.61,691.37,30.61,26.25,0.06,-1,-1,-1
48,-1,2710.74,526.15,39.36,47.41,0.05,-1,-1,-1
48,-1,374.01,0.93,822.08,807.88,0.05,-1,-1,-1
48,-1,761.69,2097.07,20.10,18.47,0.05,-1,-1,-1
48,-1,608.81,1823.69,40.07,25.95,0.05,-1,-1,-1
48,-1,2190.72,771.45,29.09,19.47,0.05,-1,-1,-1
49,-1,2657.38,137.32,114.84,56.96,0.90,-1,-1,-1
49,-1,2913.55,544.41,98.22,110.24,0.86,-1,-1,-1
49,-1,2601.84,1104.26,37.67,35.00,0.77,-1,-1,-1
49,-1,2194.76,766.21,24.24,37.62,0.74,-1,-1,-1
49,-1,2158.58,660.77,32.26,43.75,0.59,-1,-1,-1
49,-1,1.69,1034.18,795.08,843.06,0.57,-1,-1,-1
49,-1,665.84,1834.14,30.27,25.82,0.54,-1,-1,-1
49,-1,2106.03,805.37,61.37,57.70,0.53,-1,-1,-1
49,-1,2193.80,1139.63,108.48,58.11,0.49,-1,-1,-1
49,-1,2610.34,962.99,18.98,27.06,0.47,-1,-1,-1
49,-1,2335.69,6.61,111.35,100.32,0.47,-1,-1,-1
49,-1,609.88,1821.90,39.64,23.06,0.46,-1,-1,-1
49,-1,706.62,1811.41,32.20,30.17,0.46,-1,-1,-1
49,-1,993.61,477.60,37.72,63.55,0.44,-1,-1,-1
49,-1,1929.05,692.40,72.25,96.30,0.44,-1,-1,-1
49,-1,2184.26,787.11,45.28,24.73,0.40,-1,-1,-1
49,-1,2712.77,516.25,38.64,60.90,0.34,-1,-1,-1
49,-1,514.83,1663.41,33.96,31.98,0.33,-1,-1,-1
49,-1,2592.62,1128.47,32.30,13.78,0.31,-1,-1,-1
49,-1,685.50,1858.48,46.72,34.00,0.29,-1,-1,-1
49,-1,711.80,1825.14,27.46,16.99,0.26,-1,-1,-1
49,-1,2336.41,49.89,38.29,55.88,0.26,-1,-1,-1
49,-1,661.42,1887.01,27.15,20.72,0.25,-1,-1,-1
49,-1,461.15,1669.97,41.38,28.41,0.25,-1,-1,-1
49,-1,2194.14,1141.78,108.49,55.43,0.24,-1,-1,-1
49,-1,584.83,1675.60,23.77,14.07,0.22,-1,-1,-1
49,-1,2383.50,6.31,65.16,93.67,0.21,-1,-1,-1
49,-1,2975.68,601.43,35.80,33.55,0.20,-1,-1,-1
49,-1,706.51,1810.57,31.47,29.25,0.18,-1,-1,-1
49,-1,2949.81,1049.04,47.37,55.39,0.18,-1,-1,-1
49,-1,572.64,72.45,49.25,67.21,0.17,-1,-1,-1
49,-1,458.26,1682.38,32.32,18.05,0.17,-1,-1,-1
49,-1,763.85,2093.74,19.22,18.58,0.17,-1,-1,-1
49,-1,2660.76,867.17,29.27,28.44,0.17,-1,-1,-1
49,-1,661.85,1859.24,68.20,47.07,0.17,-1,-1,-1
49,-1,584.21,1663.09,28.55,26.09,0.17,-1,-1,-1
49,-1,2271.72,692.04,72.75,34.88,0.16,-1,-1,-1
49,-1,2949.26,1048.98,48.15,55.35,0.16,-1,-1,-1
49,-1,514.90,1663.90,33.65,30.83,0.16,-1,-1,-1
49,-1,458.02,1682.49,32.77,17.11,0.16,-1,-1,-1
49,-1,223.11,1602.92,15.76,11.88,0.15,-1,-1,-1
49,-1,584.19,1662.24,28.48,22.29,0.15,-1,-1,-1
49,-1,2346.23,42.76,62.28,58.76,0.15,-1,-1,-1
49,-1,2321.28,699.05,36.12,12.39,0.15,-1,-1,-1
49,-1,2272.01,692.55,67.06,35.19,0.14,-1,-1,-1
49,-1,580.31,1683.64,19.74,35.26,0.13,-1,-1,-1
49,-1,572.01,71.74,52.40,69.83,0.12,-1,-1,-1
49,-1,700.82,1855.31,32.59,34.80,0.12,-1,-1,-1
49,-1,489.10,1666.62,16.32,24.81,0.12,-1,-1,-1
49,-1,514.63,1663.87,34.19,35.08,0.11,-1,-1,-1
49,-1,584.22,1662.47,28.46,25.61,0.10,-1,-1,-1
49,-1,580.66,1658.73,30.48,60.76,0.10,-1,-1,-1
49,-1,2326.42,439.73,35.37,35.92,0.10,-1,-1,-1
49,-1,2378.69,47.04,29.79,43.66,0.09,-1,-1,-1
49,-1,2310.82,701.74,17.90,19.64,0.09,-1,-1,-1
49,-1,624.64,1818.90,24.06,12.41,0.09,-1,-1,-1
49,-1,572.08,71.97,48.90,64.75,0.09,-1,-1,-1
49,-1,514.89,1663.83,33.80,32.82,0.09,-1,-1,-1
49,-1,2339.56,80.88,44.25,24.96,0.09,-1,-1,-1
49,-1,451.24,1664.85,96.06,89.42,0.09,-1,-1,-1
49,-1,2327.01,439.23,35.49,37.41,0.08,-1,-1,-1
49,-1,2342.02,68.58,59.31,37.50,0.08,-1,-1,-1
49,-1,999.86,514.58,26.47,27.63,0.08,-1,-1,-1
49,-1,2104.98,842.61,32.49,24.04,0.08,-1,-1,-1
49,-1,585.08,1676.41,22.74,13.39,0.07,-1,-1,-1
49,-1,264.83,1580.70,13.49,18.05,0.07,-1,-1,-1
49,-1,2913.36,1048.25,84.93,87.69,0.07,-1,-1,-1
49,-1,608.56,1823.04,40.69,24.26,0.07,-1,-1,-1
49,-1,1373.42,381.62,32.64,18.16,0.07,-1,-1,-1
49,-1,661.87,1868.91,37.64,37.32,0.07,-1,-1,-1
49,-1,2948.91,1049.17,48.27,55.23,0.07,-1,-1,-1
49,-1,1929.74,692.04,71.55,99.13,0.06,-1,-1,-1
49,-1,451.68,1681.44,46.61,72.23,0.06,-1,-1,-1
49,-1,999.62,510.28,29.15,31.55,0.06,-1,-1,-1
49,-1,696.22,1846.77,15.52,12.37,0.06,-1,-1,-1
49,-1,2291.66,559.60,25.19,30.42,0.06,-1,-1,-1
49,-1,2384.28,72.06,18.32,23.79,0.06,-1,-1,-1
49,-1,695.53,1847.76,35.70,29.39,0.06,-1,-1,-1
49,-1,533.10,0.77,821.41,807.66,0.05,-1,-1,-1
49,-1,1.90,390.51,795.89,842.41,0.05,-1,-1,-1
49,-1,288.46,1853.46,41.29,14.62,0.05,-1,-1,-1
49,-1,2105.56,841.46,26.36,23.70,0.05,-1,-1,-1
50,-1,2910.10,540.71,105.88,102.59,0.93,-1,-1,-1
50,-1,2648.36,139.46,117.14,53.54,0.89,-1,-1,-1
50,-1,1931.59,700.28,86.63,89.63,0.89,-1,-1,-1
50,-1,2196.79,1141.86,75.95,56.83,0.70,-1,-1,-1
50,-1,2334.28,8.73,118.30,93.30,0.66,-1,-1,-1
50,-1,2180.56,761.97,59.78,50.75,0.64,-1,-1,-1
50,-1,705.52,1811.52,31.92,30.42,0.58,-1,-1,-1
50,-1,608.07,1814.72,34.52,41.93,0.52,-1,-1,-1
50,-1,1001.76,505.08,27.62,32.79,0.52,-1,-1,-1
50,-1,2267.57,693.42,70.97,49.10,0.52,-1,-1,-1
50,-1,1899.50,717.28,110.04,95.31,0.51,-1,-1,-1
50,-1,513.70,1679.31,39.26,24.27,0.48,-1,-1,-1
50,-1,664.69,1835.82,29.53,24.75,0.48,-1,-1,-1
50,-1,666.59,1852.05,65.04,49.38,0.44,-1,-1,-1
50,-1,475.06,1678.16,28.56,32.06,0.39,-1,-1,-1
50,-1,578.68,1660.69,32.70,57.30,0.36,-1,-1,-1
50,-1,2590.68,1130.25,26.55,13.78,0.29,-1,-1,-1
50,-1,2602.21,1093.73,47.43,30.03,0.28,-1,-1,-1
50,-1,582.54,1661.75,29.18,26.88,0.26,-1,-1,-1
50,-1,2094.45,808.94,73.01,47.21,0.25,-1,-1,-1
50,-1,2698.27,502.55,31.39,52.08,0.25,-1,-1,-1
50,-1,1000.73,513.28,21.52,25.42,0.21,-1,-1,-1
50,-1,666.78,1873.59,30.03,27.80,0.21,-1,-1,-1
50,-1,582.70,1662.03,28.95,26.48,0.19,-1,-1,-1
50,-1,464.20,1695.55,31.21,21.44,0.18,-1,-1,-1
50,-1,2591.31,1127.09,26.38,17.06,0.16,-1,-1,-1
50,-1,2593.05,1097.21,46.52,43.28,0.16,-1,-1,-1
50,-1,2609.79,1103.10,27.25,20.24,0.12,-1,-1,-1
50,-1,1.79,358.80,794.30,845.80,0.12,-1,-1,-1
50,-1,458.75,1680.94,91.14,87.16,0.12,-1,-1,-1
50,-1,2977.94,588.44,32.39,36.59,0.12,-1,-1,-1
50,-1,2338.32,0.15,99.82,99.25,0.11,-1,-1,-1
50,-1,2180.90,762.30,59.36,50.41,0.11,-1,-1,-1
50,-1,2668.54,869.79,22.58,23.89,0.11,-1,-1,-1
50,-1,852.97,1344.66,822.66,822.71,0.10,-1,-1,-1
50,-1,498.11,1315.14,829.82,851.20,0.10,-1,-1,-1
50,-1,513.54,1679.61,39.06,18.59,0.10,-1,-1,-1
50,-1,705.29,1811.78,31.30,30.73,0.10,-1,-1,-1
50,-1,1928.66,734.19,66.21,53.42,0.09,-1,-1,-1
50,-1,599.01,1813.37,43.06,89.88,0.08,-1,-1,-1
50,-1,2338.49,35.37,66.30,64.22,0.08,-1,-1,-1
50,-1,2934.37,1049.97,59.56,64.84,0.07,-1,-1,-1
50,-1,2609.81,1106.74,26.82,16.98,0.07,-1,-1,-1
50,-1,2933.47,1049.53,59.76,66.12,0.07,-1,-1,-1
50,-1,2094.16,824.98,73.06,30.17,0.07,-1,-1,-1
50,-1,2298.71,695.47,40.11,32.92,0.06,-1,-1,-1
50,-1,697.15,1854.77,35.41,35.12,0.06,-1,-1,-1
50,-1,2933.22,1049.64,60.23,65.79,0.06,-1,-1,-1
50,-1,19.91,355.20,826.32,855.60,0.05,-1,-1,-1
50,-1,2918.33,616.47,50.35,31.36,0.05,-1,-1,-1
51,-1,2908.04,540.92,108.56,99.35,0.92,-1,-1,-1
51,-1,1937.54,699.85,87.40,86.75,0.90,-1,-1,-1
51,-1,2643.40,138.62,117.44,55.82,0.89,-1,-1,-1
51,-1,705.27,1813.54,31.20,29.34,0.61,-1,-1,-1
51,-1,2588.29,1084.91,68.90,62.65,0.56,-1,-1,-1
51,-1,662.62,1836.62,30.74,25.57,0.51,-1,-1,-1
51,-1,607.62,1816.55,32.59,40.35,0.49,-1,-1,-1
51,-1,2333.33,10.01,116.30,90.11,0.44,-1,-1,-1
51,-1,2088.24,811.32,74.89,71.09,0.42,-1,-1,-1
51,-1,2267.61,690.28,59.24,34.90,0.41,-1,-1,-1
51,-1,2874.54,460.33,41.78,46.17,0.38,-1,-1,-1
51,-1,2684.03,495.40,53.95,80.21,0.38,-1,-1,-1
51,-1,582.30,1663.27,27.10,24.44,0.37,-1,-1,-1
51,-1,2184.97,760.74,20.48,24.04,0.35,-1,-1,-1
51,-1,665.98,1861.93,64.95,39.72,0.34,-1,-1,-1
51,-1,2938.44,1064.19,50.06,56.16,0.32,-1,-1,-1
51,-1,2936.72,1064.42,52.26,56.66,0.31,-1,-1,-1
51,-1,1955.51,756.58,42.09,33.09,0.27,-1,-1,-1
51,-1,2197.06,1141.60,73.46,60.64,0.26,-1,-1,-1
51,-1,582.59,1675.48,25.92,12.76,0.24,-1,-1,-1
51,-1,582.46,1663.33,27.04,24.45,0.24,-1,-1,-1
51,-1,2500.00,1633.74,24.38,11.59,0.23,-1,-1,-1
51,-1,2499.76,1633.69,24.82,11.71,0.22,-1,-1,-1
51,-1,2684.00,495.60,53.76,79.99,0.22,-1,-1,-1
51,-1,466.94,1699.91,37.20,21.82,0.22,-1,-1,-1
51,-1,2332.97,10.82,116.72,89.81,0.21,-1,-1,-1
51,-1,2978.93,582.81,31.52,40.16,0.21,-1,-1,-1
51,-1,666.02,1870.59,34.99,30.58,0.20,-1,-1,-1
51,-1,467.47,1699.75,37.10,21.62,0.18,-1,-1,-1
51,-1,996.86,501.37,34.54,38.89,0.18,-1,-1,-1
51,-1,2333.03,10.92,116.77,89.18,0.17,-1,-1,-1
51,-1,2282.35,534.34,22.22,25.22,0.17,-1,-1,-1
51,-1,705.14,1812.91,30.68,29.22,0.16,-1,-1,-1
51,-1,666.24,1862.08,65.17,39.27,0.15,-1,-1,-1
51,-1,516.45,1681.95,40.01,20.46,0.14,-1,-1,-1
51,-1,2559.22,1139.60,71.79,16.29,0.14,-1,-1,-1
51,-1,516.57,1681.53,39.97,20.61,0.14,-1,-1,-1
51,-1,2240.32,690.25,91.34,63.94,0.12,-1,-1,-1
51,-1,2158.11,661.77,27.05,27.79,0.11,-1,-1,-1
51,-1,2318.51,432.99,41.03,37.46,0.11,-1,-1,-1
51,-1,2351.12,45.73,31.36,51.88,0.11,-1,-1,-1
51,-1,2543.35,1083.40,115.45,91.62,0.11,-1,-1,-1
51,-1,2571.30,479.25,76.06,109.14,0.11,-1,-1,-1
51,-1,621.14,1816.18,17.99,21.36,0.10,-1,-1,-1
51,-1,2172.65,761.09,34.41,38.97,0.10,-1,-1,-1
51,-1,2433.40,281.49,28.70,33.33,0.09,-1,-1,-1
51,-1,701.22,1862.45,30.68,27.69,0.09,-1,-1,-1
51,-1,656.46,1839.93,53.62,62.69,0.09,-1,-1,-1
51,-1,2926.54,538.89,44.51,44.91,0.09,-1,-1,-1
51,-1,2335.37,36.23,71.46,65.18,0.09,-1,-1,-1
51,-1,500.40,1315.84,825.94,846.45,0.08,-1,-1,-1
51,-1,582.38,1676.56,26.23,12.47,0.08,-1,-1,-1
51,-1,2318.26,432.90,41.46,38.40,0.08,-1,-1,-1
51,-1,1921.30,720.54,89.31,90.50,0.08,-1,-1,-1
51,-1,665.42,1865.35,60.22,36.77,0.08,-1,-1,-1
51,-1,288.49,1854.64,36.39,13.40,0.07,-1,-1,-1
51,-1,665.93,1875.97,29.60,25.40,0.07,-1,-1,-1
51,-1,2333.57,72.36,46.28,28.79,0.07,-1,-1,-1
51,-1,2938.11,1064.50,49.51,56.29,0.07,-1,-1,-1
51,-1,2364.88,9.84,84.10,54.35,0.07,-1,-1,-1
51,-1,601.32,1818.52,38.81,83.18,0.07,-1,-1,-1
51,-1,2584.47,1108.62,54.70,43.02,0.07,-1,-1,-1
51,-1,1371.61,381.57,29.36,18.08,0.06,-1,-1,-1
51,-1,2178.41,762.30,28.80,35.32,0.06,-1,-1,-1
51,-1,2157.28,667.85,20.32,14.93,0.06,-1,-1,-1
51,-1,2564.57,1087.01,92.97,68.27,0.06,-1,-1,-1
51,-1,2377.35,42.83,26.61,48.37,0.06,-1,-1,-1
51,-1,2539.80,132.43,243.96,64.70,0.06,-1,-1,-1
51,-1,500.61,1.10,821.88,806.70,0.06,-1,-1,-1
51,-1,607.57,1833.70,31.28,22.85,0.06,-1,-1,-1
51,-1,1371.27,381.33,29.55,18.68,0.05,-1,-1,-1
51,-1,2301.32,691.16,31.72,57.98,0.05,-1,-1,-1
51,-1,500.45,1285.49,827.09,848.64,0.05,-1,-1,-1
51,-1,262.93,1580.23,11.38,13.34,0.05,-1,-1,-1
51,-1,2926.53,539.26,87.20,81.15,0.05,-1,-1,-1
52,-1,1941.01,703.23,93.73,79.49,0.91,-1,-1,-1
52,-1,2635.65,142.35,116.69,54.44,0.90,-1,-1,-1
52,-1,2905.71,540.11,115.60,94.71,0.86,-1,-1,-1
52,-1,704.64,1816.94,30.00,27.92,0.85,-1,-1,-1
52,-1,578.89,1664.46,33.75,22.97,0.78,-1,-1,-1
52,-1,662.84,1841.57,34.62,28.03,0.62,-1,-1,-1
52,-1,2258.90,693.65,70.06,58.43,0.61,-1,-1,-1
52,-1,467.33,1706.20,38.66,25.61,0.61,-1,-1,-1
52,-1,2331.96,48.37,46.82,51.37,0.60,-1,-1,-1
52,-1,988.26,477.79,38.56,63.14,0.59,-1,-1,-1
52,-1,2568.49,1079.64,67.66,77.88,0.52,-1,-1,-1
52,-1,2871.68,467.59,43.54,42.71,0.49,-1,-1,-1
52,-1,2151.04,661.57,35.17,25.91,0.48,-1,-1,-1
52,-1,2979.75,585.33,38.04,41.63,0.44,-1,-1,-1
52,-1,2921.38,1065.49,60.75,50.87,0.40,-1,-1,-1
52,-1,2210.18,1139.71,62.04,67.42,0.38,-1,-1,-1
52,-1,523.87,1694.24,37.34,20.53,0.37,-1,-1,-1
52,-1,702.07,1865.57,28.00,26.34,0.37,-1,-1,-1
52,-1,601.54,1834.88,35.83,21.89,0.35,-1,-1,-1
52,-1,2406.34,15.42,41.72,54.88,0.33,-1,-1,-1
52,-1,2375.67,46.70,28.01,44.69,0.32,-1,-1,-1
52,-1,664.43,1874.78,30.16,24.03,0.31,-1,-1,-1
52,-1,998.90,518.73,22.30,24.01,0.28,-1,-1,-1
52,-1,2386.94,45.34,18.20,27.65,0.27,-1,-1,-1
52,-1,2356.09,48.88,25.66,34.25,0.25,-1,-1,-1
52,-1,2330.47,2.17,119.51,92.05,0.24,-1,-1,-1
52,-1,2331.97,76.96,48.75,23.82,0.24,-1,-1,-1
52,-1,687.44,1874.20,29.02,23.08,0.24,-1,-1,-1
52,-1,2684.53,485.71,35.38,71.06,0.24,-1,-1,-1
52,-1,2389.45,1.26,63.00,43.29,0.22,-1,-1,-1
52,-1,2379.01,46.08,15.70,23.27,0.20,-1,-1,-1
52,-1,664.59,1858.91,57.36,39.80,0.20,-1,-1,-1
52,-1,2330.07,7.00,124.14,92.45,0.20,-1,-1,-1
52,-1,2405.45,40.49,28.97,32.21,0.19,-1,-1,-1
52,-1,2154.86,745.32,41.42,35.04,0.19,-1,-1,-1
52,-1,664.00,1863.57,54.51,35.23,0.17,-1,-1,-1
52,-1,2546.89,1075.41,111.90,109.89,0.16,-1,-1,-1
52,-1,286.00,1855.07,37.71,15.06,0.15,-1,-1,-1
52,-1,2360.60,31.99,19.63,23.79,0.14,-1,-1,-1
52,-1,2350.33,33.17,29.27,33.16,0.13,-1,-1,-1
52,-1,2684.25,485.63,34.67,70.38,0.13,-1,-1,-1
52,-1,1958.35,760.02,49.12,29.28,0.13,-1,-1,-1
52,-1,2273.32,525.27,30.35,36.29,0.13,-1,-1,-1
52,-1,1.44,356.45,798.41,851.38,0.12,-1,-1,-1
52,-1,2378.72,45.19,50.77,45.93,0.12,-1,-1,-1
52,-1,2917.43,611.02,26.36,24.42,0.12,-1,-1,-1
52,-1,2331.81,53.03,27.69,28.11,0.11,-1,-1,-1
52,-1,664.44,1875.35,29.81,23.55,0.11,-1,-1,-1
52,-1,500.12,1318.55,826.09,842.69,0.11,-1,-1,-1
52,-1,0.80,904.07,800.55,846.84,0.11,-1,-1,-1
52,-1,2334.12,14.06,117.58,83.84,0.11,-1,-1,-1
52,-1,2274.24,525.52,17.30,24.79,0.10,-1,-1,-1
52,-1,601.50,1835.03,35.32,21.81,0.10,-1,-1,-1
52,-1,2375.27,70.80,24.84,24.97,0.09,-1,-1,-1
52,-1,1941.89,701.97,92.43,81.06,0.09,-1,-1,-1
52,-1,678.83,1873.84,35.66,23.95,0.09,-1,-1,-1
52,-1,702.09,1866.06,28.93,25.60,0.08,-1,-1,-1
52,-1,2924.49,541.78,34.06,36.19,0.08,-1,-1,-1
52,-1,521.19,1701.69,25.58,15.91,0.07,-1,-1,-1
52,-1,3464.97,1115.48,35.62,19.56,0.07,-1,-1,-1
52,-1,2552.40,478.88,109.59,119.42,0.07,-1,-1,-1
52,-1,2153.17,744.75,43.02,35.19,0.07,-1,-1,-1
52,-1,2331.93,431.78,31.82,40.83,0.07,-1,-1,-1
52,-1,687.01,1852.55,43.62,38.81,0.06,-1,-1,-1
52,-1,2154.82,746.54,76.27,43.54,0.06,-1,-1,-1
52,-1,0.21,1061.37,796.67,847.78,0.06,-1,-1,-1
52,-1,2609.85,958.06,14.92,21.83,0.06,-1,-1,-1
52,-1,2332.21,431.94,31.67,40.37,0.06,-1,-1,-1
52,-1,664.95,1877.60,28.55,21.60,0.06,-1,-1,-1
52,-1,2553.42,1140.61,63.45,20.85,0.06,-1,-1,-1
52,-1,2389.47,0.09,32.25,24.51,0.05,-1,-1,-1
52,-1,209.45,836.59,832.36,851.75,0.05,-1,-1,-1
52,-1,2365.62,24.45,43.73,28.01,0.05,-1,-1,-1
53,-1,2899.79,537.29,121.77,90.65,0.92,-1,-1,-1
53,-1,1943.33,706.35,97.96,74.77,0.91,-1,-1,-1
53,-1,2620.52,150.80,116.70,53.52,0.89,-1,-1,-1
53,-1,2206.85,1154.60,68.84,59.75,0.69,-1,-1,-1
53,-1,2591.90,1101.61,50.50,44.66,0.67,-1,-1,-1
53,-1,2894.64,1081.56,79.11,40.47,0.60,-1,-1,-1
53,-1,659.96,1875.05,35.02,24.60,0.50,-1,-1,-1
53,-1,2332.44,12.83,119.44,86.55,0.48,-1,-1,-1
53,-1,2259.60,699.07,62.70,41.08,0.40,-1,-1,-1
53,-1,589.11,1829.34,48.39,28.72,0.37,-1,-1,-1
53,-1,703.40,1819.40,28.53,27.85,0.34,-1,-1,-1
53,-1,662.40,1845.63,32.55,22.70,0.33,-1,-1,-1
53,-1,703.53,1819.47,28.27,27.82,0.31,-1,-1,-1
53,-1,2607.52,965.10,17.88,18.94,0.30,-1,-1,-1
53,-1,464.78,1725.59,43.47,20.28,0.29,-1,-1,-1
53,-1,2336.24,13.56,116.74,88.00,0.27,-1,-1,-1
53,-1,576.64,1664.20,31.57,22.75,0.26,-1,-1,-1
53,-1,2592.84,1122.80,50.85,22.61,0.26,-1,-1,-1
53,-1,525.72,1698.28,36.20,27.61,0.26,-1,-1,-1
53,-1,2166.22,755.39,21.12,23.69,0.25,-1,-1,-1
53,-1,1369.69,385.33,26.27,18.26,0.24,-1,-1,-1
53,-1,674.96,1864.68,51.81,34.44,0.24,-1,-1,-1
53,-1,2333.24,14.52,119.30,86.28,0.23,-1,-1,-1
53,-1,2149.91,756.76,34.61,29.30,0.23,-1,-1,-1
53,-1,583.38,1828.61,55.43,77.69,0.23,-1,-1,-1
53,-1,2261.63,702.03,20.47,15.74,0.22,-1,-1,-1
53,-1,2666.97,880.27,24.84,28.42,0.21,-1,-1,-1
53,-1,2206.20,1154.78,69.43,59.57,0.20,-1,-1,-1
53,-1,1963.24,760.54,46.46,34.00,0.19,-1,-1,-1
53,-1,525.08,1698.50,37.38,28.02,0.19,-1,-1,-1
53,-1,2322.46,426.10,33.97,38.75,0.18,-1,-1,-1
53,-1,660.49,1875.15,35.00,24.97,0.18,-1,-1,-1
53,-1,-0.26,1032.80,796.96,846.05,0.18,-1,-1,-1
53,-1,663.08,1861.21,34.79,11.49,0.18,-1,-1,-1
53,-1,464.65,1725.33,43.51,20.38,0.17,-1,-1,-1
53,-1,2157.13,668.01,19.74,15.07,0.17,-1,-1,-1
53,-1,284.19,1857.76,37.83,13.56,0.17,-1,-1,-1
53,-1,685.71,1871.83,40.23,26.81,0.15,-1,-1,-1
53,-1,2347.02,41.14,61.86,55.77,0.15,-1,-1,-1
53,-1,993.32,505.71,31.85,37.36,0.15,-1,-1,-1
53,-1,576.66,1664.19,31.55,22.76,0.14,-1,-1,-1
53,-1,2302.79,720.91,20.37,19.14,0.14,-1,-1,-1
53,-1,2650.83,881.08,41.04,40.16,0.14,-1,-1,-1
53,-1,2335.74,68.57,62.76,31.92,0.13,-1,-1,-1
53,-1,468.32,1063.77,824.53,841.74,0.13,-1,-1,-1
53,-1,2420.04,271.39,43.19,51.47,0.13,-1,-1,-1
53,-1,663.67,1860.27,33.21,11.89,0.13,-1,-1,-1
53,-1,2377.76,44.15,30.02,36.30,0.13,-1,-1,-1
53,-1,2651.04,881.99,39.69,39.36,0.12,-1,-1,-1
53,-1,422.17,1635.80,26.72,15.50,0.12,-1,-1,-1
53,-1,2088.07,815.82,64.55,48.90,0.12,-1,-1,-1
53,-1,0.86,1003.61,775.22,842.85,0.12,-1,-1,-1
53,-1,1368.47,382.32,32.60,23.35,0.11,-1,-1,-1
53,-1,1424.31,660.57,14.90,10.32,0.09,-1,-1,-1
53,-1,2927.52,596.08,28.85,36.98,0.09,-1,-1,-1
53,-1,1.65,358.32,796.42,844.63,0.08,-1,-1,-1
53,-1,1943.57,705.25,96.99,75.50,0.07,-1,-1,-1
53,-1,435.73,998.82,827.20,847.86,0.07,-1,-1,-1
53,-1,2389.62,13.74,61.58,57.58,0.07,-1,-1,-1
53,-1,1370.16,385.11,25.79,18.17,0.07,-1,-1,-1
53,-1,525.15,1698.33,37.56,28.23,0.07,-1,-1,-1
53,-1,2150.91,755.03,40.14,50.19,0.06,-1,-1,-1
53,-1,613.42,1829.74,25.92,14.03,0.06,-1,-1,-1
53,-1,464.77,1725.42,43.23,20.47,0.06,-1,-1,-1
53,-1,2262.91,700.14,41.82,18.84,0.06,-1,-1,-1
53,-1,2333.75,47.82,51.61,51.74,0.06,-1,-1,-1
53,-1,2361.85,46.52,71.22,51.60,0.06,-1,-1,-1
53,-1,2322.77,425.93,34.36,41.02,0.05,-1,-1,-1
53,-1,18.26,353.99,830.82,855.33,0.05,-1,-1,-1
53,-1,658.97,1860.95,67.76,38.93,0.05,-1,-1,-1
54,-1,2899.47,539.16,126.05,82.05,0.94,-1,-1,-1
54,-1,1943.22,703.61,96.13,77.32,0.91,-1,-1,-1
54,-1,2614.14,154.56,118.90,53.95,0.89,-1,-1,-1
54,-1,2211.54,1147.27,72.56,70.18,0.69,-1,-1,-1
54,-1,1895.26,707.28,135.23,138.80,0.65,-1,-1,-1
54,-1,2420.05,274.47,43.09,48.52,0.57,-1,-1,-1
54,-1,2091.51,815.49,48.63,58.06,0.56,-1,-1,-1
54,-1,576.43,1663.42,31.44,21.71,0.51,-1,-1,-1
54,-1,2668.18,453.84,63.00,96.48,0.46,-1,-1,-1
54,-1,471.17,1731.73,43.91,21.32,0.45,-1,-1,-1
54,-1,2882.27,1090.71,97.50,48.19,0.42,-1,-1,-1
54,-1,2930.13,593.03,28.64,33.96,0.40,-1,-1,-1
54,-1,2318.71,418.61,41.18,49.59,0.40,-1,-1,-1
54,-1,704.76,1820.49,27.50,27.52,0.34,-1,-1,-1
54,-1,2159.02,749.20,24.11,25.55,0.30,-1,-1,-1
54,-1,660.81,1845.45,36.94,25.99,0.30,-1,-1,-1
54,-1,2335.63,14.97,118.10,86.81,0.29,-1,-1,-1
54,-1,2584.50,1107.75,55.98,39.41,0.29,-1,-1,-1
54,-1,2878.70,1091.31,49.63,43.34,0.29,-1,-1,-1
54,-1,665.28,1867.92,63.11,31.84,0.29,-1,-1,-1
54,-1,2337.44,38.55,72.43,62.43,0.29,-1,-1,-1
54,-1,1961.52,766.20,39.87,36.76,0.28,-1,-1,-1
54,-1,595.72,1832.24,33.60,23.09,0.26,-1,-1,-1
54,-1,2870.42,463.68,46.44,60.34,0.25,-1,-1,-1
54,-1,994.86,504.82,33.18,38.23,0.25,-1,-1,-1
54,-1,526.68,1703.69,38.51,31.92,0.23,-1,-1,-1
54,-1,2336.01,14.86,117.66,87.50,0.22,-1,-1,-1
54,-1,2253.46,703.94,69.00,39.61,0.21,-1,-1,-1
54,-1,526.70,1703.70,38.50,32.01,0.21,-1,-1,-1
54,-1,660.80,1876.38,31.08,22.87,0.21,-1,-1,-1
54,-1,2432.25,750.95,18.99,14.43,0.20,-1,-1,-1
54,-1,2335.43,14.77,118.07,86.56,0.20,-1,-1,-1
54,-1,2668.32,453.25,63.50,96.61,0.19,-1,-1,-1
54,-1,661.30,1845.27,28.36,23.83,0.19,-1,-1,-1
54,-1,594.99,1831.05,38.34,24.63,0.18,-1,-1,-1
54,-1,2379.32,43.35,29.22,34.27,0.17,-1,-1,-1
54,-1,705.29,1819.92,27.79,28.34,0.17,-1,-1,-1
54,-1,1370.12,385.50,29.40,18.58,0.16,-1,-1,-1
54,-1,1729.03,81.79,17.68,15.77,0.16,-1,-1,-1
54,-1,660.79,1876.26,32.52,23.07,0.16,-1,-1,-1
54,-1,1.02,937.13,799.06,847.89,0.15,-1,-1,-1
54,-1,2660.39,863.72,38.30,43.12,0.14,-1,-1,-1
54,-1,660.31,1863.83,67.31,36.24,0.13,-1,-1,-1
54,-1,1443.16,1569.17,51.53,45.33,0.12,-1,-1,-1
54,-1,1424.61,660.98,15.38,10.03,0.12,-1,-1,-1
54,-1,1943.28,703.09,95.33,78.20,0.11,-1,-1,-1
54,-1,2409.55,15.28,43.92,50.48,0.11,-1,-1,-1
54,-1,661.88,1858.83,34.52,14.29,0.11,-1,-1,-1
54,-1,996.11,530.26,20.86,14.24,0.10,-1,-1,-1
54,-1,1370.44,385.09,29.02,18.94,0.09,-1,-1,-1
54,-1,2929.92,592.11,63.11,58.02,0.09,-1,-1,-1
54,-1,2611.75,964.59,15.84,20.90,0.09,-1,-1,-1
54,-1,820.39,1343.53,822.22,824.01,0.09,-1,-1,-1
54,-1,2304.24,724.61,14.91,17.92,0.09,-1,-1,-1
54,-1,2670.17,884.54,22.46,21.90,0.09,-1,-1,-1
54,-1,2601.03,1130.68,37.68,16.96,0.09,-1,-1,-1
54,-1,660.18,1873.98,66.02,26.09,0.08,-1,-1,-1
54,-1,2667.10,736.68,14.27,19.03,0.08,-1,-1,-1
54,-1,2356.20,48.07,23.47,39.64,0.08,-1,-1,-1
54,-1,2134.10,731.65,54.94,86.28,0.08,-1,-1,-1
54,-1,2561.62,448.06,177.77,167.67,0.07,-1,-1,-1
54,-1,2268.96,704.10,17.36,17.48,0.07,-1,-1,-1
54,-1,595.18,1346.22,825.37,816.46,0.07,-1,-1,-1
54,-1,2335.27,69.58,27.05,31.00,0.07,-1,-1,-1
54,-1,2034.69,882.93,97.20,57.62,0.07,-1,-1,-1
54,-1,-0.01,1062.88,792.57,850.46,0.07,-1,-1,-1
54,-1,698.44,1866.72,29.99,31.42,0.07,-1,-1,-1
54,-1,2606.60,860.17,94.70,127.54,0.07,-1,-1,-1
54,-1,22.71,324.28,825.21,853.28,0.07,-1,-1,-1
54,-1,273.14,934.61,831.39,846.72,0.06,-1,-1,-1
54,-1,2584.77,1108.14,55.36,40.31,0.06,-1,-1,-1
54,-1,595.63,1832.31,33.51,23.13,0.06,-1,-1,-1
54,-1,500.75,1317.30,825.45,839.72,0.06,-1,-1,-1
54,-1,595.15,1831.61,36.16,24.31,0.06,-1,-1,-1
54,-1,2318.45,420.53,41.90,47.25,0.06,-1,-1,-1
54,-1,2586.23,1112.26,62.88,35.72,0.06,-1,-1,-1
54,-1,2372.82,45.42,56.29,51.58,0.06,-1,-1,-1
54,-1,2396.43,15.33,56.33,52.11,0.06,-1,-1,-1
54,-1,2336.03,49.44,40.13,51.07,0.06,-1,-1,-1
54,-1,1.54,328.00,797.02,845.37,0.06,-1,-1,-1
54,-1,307.34,452.44,827.33,854.76,0.06,-1,-1,-1
54,-1,2270.62,521.43,29.16,29.59,0.06,-1,-1,-1
54,-1,662.82,1855.54,44.65,20.42,0.05,-1,-1,-1
54,-1,2670.90,884.66,21.97,21.52,0.05,-1,-1,-1
54,-1,1370.14,385.25,29.35,18.64,0.05,-1,-1,-1
55,-1,1941.52,702.28,93.68,77.51,0.91,-1,-1,-1
55,-1,2609.53,155.20,115.03,53.44,0.91,-1,-1,-1
55,-1,2895.72,539.46,126.74,78.39,0.89,-1,-1,-1
55,-1,2211.60,1146.59,69.70,72.62,0.85,-1,-1,-1
55,-1,2577.66,1114.22,46.42,32.20,0.57,-1,-1,-1
55,-1,2599.01,1123.16,50.29,26.77,0.57,-1,-1,-1
55,-1,525.54,1715.77,41.06,23.11,0.49,-1,-1,-1
55,-1,657.09,1841.90,31.83,30.47,0.48,-1,-1,-1
55,-1,703.69,1816.87,28.18,30.17,0.43,-1,-1,-1
55,-1,2332.95,68.32,29.82,44.88,0.41,-1,-1,-1
55,-1,472.74,1736.37,33.12,18.57,0.39,-1,-1,-1
55,-1,2372.72,53.78,25.88,37.88,0.38,-1,-1,-1
55,-1,574.20,1662.80,29.61,20.75,0.37,-1,-1,-1
55,-1,661.80,1854.18,62.98,45.25,0.36,-1,-1,-1
55,-1,2358.75,47.06,18.86,32.99,0.36,-1,-1,-1
55,-1,658.75,1874.79,34.78,24.04,0.35,-1,-1,-1
55,-1,595.14,1830.20,35.43,21.81,0.34,-1,-1,-1
55,-1,985.12,475.76,40.39,64.86,0.34,-1,-1,-1
55,-1,2929.31,590.38,30.41,27.94,0.32,-1,-1,-1
55,-1,2331.71,13.86,120.88,95.50,0.31,-1,-1,-1
55,-1,2382.76,44.33,23.02,29.55,0.30,-1,-1,-1
55,-1,703.82,1815.02,30.00,31.67,0.28,-1,-1,-1
55,-1,2294.13,723.80,33.43,30.50,0.27,-1,-1,-1
55,-1,2093.11,822.40,33.41,43.69,0.25,-1,-1,-1
55,-1,2148.35,669.58,51.57,16.98,0.22,-1,-1,-1
55,-1,2421.56,15.71,31.28,44.76,0.22,-1,-1,-1
55,-1,2405.00,46.02,21.35,22.49,0.21,-1,-1,-1
55,-1,2406.98,15.18,44.56,48.46,0.21,-1,-1,-1
55,-1,2357.28,47.75,38.23,47.28,0.20,-1,-1,-1
55,-1,2336.95,75.97,58.44,20.92,0.20,-1,-1,-1
55,-1,2606.42,964.29,16.92,16.21,0.20,-1,-1,-1
55,-1,2337.41,16.03,115.57,86.68,0.19,-1,-1,-1
55,-1,2330.97,14.29,120.32,91.32,0.17,-1,-1,-1
55,-1,2332.36,46.05,43.42,64.85,0.17,-1,-1,-1
55,-1,2595.78,1125.91,28.29,12.85,0.17,-1,-1,-1
55,-1,2650.19,466.69,50.38,42.27,0.17,-1,-1,-1
55,-1,1788.24,309.96,14.14,16.29,0.16,-1,-1,-1
55,-1,656.93,1855.80,67.15,44.42,0.16,-1,-1,-1
55,-1,993.37,504.96,32.95,35.19,0.15,-1,-1,-1
55,-1,1887.24,705.07,314.27,168.18,0.15,-1,-1,-1
55,-1,1367.57,384.04,28.86,18.52,0.14,-1,-1,-1
55,-1,2876.09,1090.25,93.43,40.30,0.14,-1,-1,-1
55,-1,2364.05,15.46,84.23,39.13,0.14,-1,-1,-1
55,-1,992.87,513.97,23.62,27.73,0.14,-1,-1,-1
55,-1,525.10,1714.39,43.17,24.60,0.14,-1,-1,-1
55,-1,2675.14,467.08,24.58,36.27,0.14,-1,-1,-1
55,-1,280.39,1858.16,38.21,12.70,0.13,-1,-1,-1
55,-1,480.93,1733.61,32.26,13.61,0.13,-1,-1,-1
55,-1,2979.52,563.92,42.04,47.18,0.12,-1,-1,-1
55,-1,2315.78,407.50,45.24,56.84,0.11,-1,-1,-1
55,-1,703.66,1815.27,29.95,31.62,0.11,-1,-1,-1
55,-1,1941.34,701.64,93.61,78.30,0.11,-1,-1,-1
55,-1,2333.23,73.34,36.57,27.41,0.11,-1,-1,-1
55,-1,2270.31,521.05,13.99,14.27,0.11,-1,-1,-1
55,-1,2876.74,1090.10,94.85,40.30,0.10,-1,-1,-1
55,-1,2634.39,734.38,48.59,23.90,0.08,-1,-1,-1
55,-1,2671.56,870.25,21.29,32.39,0.08,-1,-1,-1
55,-1,2816.90,832.66,18.08,16.77,0.08,-1,-1,-1
55,-1,2876.44,1037.84,112.99,95.35,0.08,-1,-1,-1
55,-1,657.99,1872.26,66.61,28.05,0.08,-1,-1,-1
55,-1,1885.73,704.85,315.98,172.69,0.08,-1,-1,-1
55,-1,2263.56,702.09,18.17,17.14,0.08,-1,-1,-1
55,-1,2427.02,749.82,13.87,16.38,0.07,-1,-1,-1
55,-1,997.54,520.08,30.34,20.64,0.07,-1,-1,-1
55,-1,995.78,529.45,19.33,13.43,0.07,-1,-1,-1
55,-1,2294.07,724.18,33.18,31.15,0.06,-1,-1,-1
55,-1,916.57,1344.99,823.80,822.73,0.06,-1,-1,-1
55,-1,2382.85,47.05,45.51,33.44,0.06,-1,-1,-1
55,-1,1.58,874.75,800.87,846.20,0.06,-1,-1,-1
55,-1,1073.87,1363.34,826.44,808.53,0.06,-1,-1,-1
55,-1,2255.38,698.81,72.87,57.40,0.06,-1,-1,-1
55,-1,648.93,1870.21,67.08,69.02,0.05,-1,-1,-1
55,-1,2403.11,48.73,27.43,25.37,0.05,-1,-1,-1
55,-1,2080.28,822.31,47.05,62.92,0.05,-1,-1,-1
56,-1,2868.24,550.57,130.16,68.59,0.92,-1,-1,-1
56,-1,1915.88,704.76,91.60,80.76,0.90,-1,-1,-1
56,-1,2581.49,160.83,117.32,55.99,0.89,-1,-1,-1
56,-1,2180.92,1164.50,79.16,60.77,0.86,-1,-1,-1
56,-1,2395.14,276.24,40.64,45.61,0.62,-1,-1,-1
56,-1,548.68,1666.08,31.16,21.48,0.56,-1,-1,-1
56,-1,2841.39,470.75,45.82,60.44,0.55,-1,-1,-1
56,-1,637.67,1871.41,60.53,33.18,0.52,-1,-1,-1
56,-1,2581.95,967.97,17.21,21.83,0.49,-1,-1,-1
56,-1,969.81,505.92,33.98,39.71,0.43,-1,-1,-1
56,-1,2855.85,1086.75,74.24,40.07,0.42,-1,-1,-1
56,-1,2891.88,549.14,53.12,66.47,0.40,-1,-1,-1
56,-1,632.19,1848.54,31.69,27.20,0.39,-1,-1,-1
56,-1,2377.56,745.11,69.01,37.86,0.39,-1,-1,-1
56,-1,2537.38,1120.30,81.91,33.58,0.35,-1,-1,-1
56,-1,2381.70,21.32,47.66,51.24,0.35,-1,-1,-1
56,-1,548.52,1665.93,31.22,21.53,0.35,-1,-1,-1
56,-1,452.65,1746.96,33.40,19.94,0.33,-1,-1,-1
56,-1,573.38,1836.07,35.45,22.21,0.33,-1,-1,-1
56,-1,2309.53,23.01,120.22,79.07,0.30,-1,-1,-1
56,-1,2238.69,697.37,18.18,24.52,0.29,-1,-1,-1
56,-1,634.41,1879.40,31.82,24.17,0.26,-1,-1,-1
56,-1,2646.90,873.35,26.56,42.71,0.24,-1,-1,-1
56,-1,678.30,1827.62,27.74,24.81,0.24,-1,-1,-1
56,-1,2619.86,739.79,38.15,26.60,0.24,-1,-1,-1
56,-1,1916.19,704.05,91.11,82.13,0.24,-1,-1,-1
56,-1,508.72,1727.96,41.31,20.35,0.23,-1,-1,-1
56,-1,960.18,480.33,42.50,68.50,0.20,-1,-1,-1
56,-1,2541.67,966.05,57.76,52.01,0.19,-1,-1,-1
56,-1,678.21,1826.95,27.83,25.56,0.19,-1,-1,-1
56,-1,573.97,1836.67,35.01,21.45,0.18,-1,-1,-1
56,-1,678.19,1826.98,27.72,25.47,0.18,-1,-1,-1
56,-1,2377.38,750.34,35.99,31.26,0.17,-1,-1,-1
56,-1,2537.17,1077.74,93.62,77.39,0.17,-1,-1,-1
56,-1,2346.44,62.00,28.54,37.83,0.15,-1,-1,-1
56,-1,2310.53,50.19,66.90,52.94,0.14,-1,-1,-1
56,-1,2051.99,837.09,45.25,46.38,0.13,-1,-1,-1
56,-1,967.87,519.74,21.05,28.49,0.13,-1,-1,-1
56,-1,2580.37,1131.65,45.85,22.80,0.12,-1,-1,-1
56,-1,2365.36,51.60,16.43,28.37,0.12,-1,-1,-1
56,-1,662.33,1857.17,35.96,43.05,0.12,-1,-1,-1
56,-1,2309.39,64.08,28.56,53.96,0.11,-1,-1,-1
56,-1,634.31,1879.49,32.21,24.09,0.11,-1,-1,-1
56,-1,0.20,935.52,803.46,849.88,0.11,-1,-1,-1
56,-1,2272.21,719.84,34.22,64.90,0.10,-1,-1,-1
56,-1,960.38,489.10,25.08,59.47,0.10,-1,-1,-1
56,-1,2235.91,698.87,67.51,66.82,0.10,-1,-1,-1
56,-1,1.44,391.90,797.77,848.21,0.09,-1,-1,-1
56,-1,22.52,648.60,824.73,846.74,0.09,-1,-1,-1
56,-1,2378.24,757.57,33.04,23.88,0.08,-1,-1,-1
56,-1,2351.10,53.12,25.33,33.10,0.08,-1,-1,-1
56,-1,1341.54,387.72,32.94,21.34,0.08,-1,-1,-1
56,-1,2188.96,697.35,116.31,86.30,0.07,-1,-1,-1
56,-1,1343.92,390.24,27.36,17.28,0.07,-1,-1,-1
56,-1,1343.81,390.60,27.46,17.14,0.07,-1,-1,-1
56,-1,971.95,528.12,28.69,18.67,0.07,-1,-1,-1
56,-1,2367.27,55.07,32.50,31.64,0.07,-1,-1,-1
56,-1,508.70,1728.15,41.18,20.25,0.07,-1,-1,-1
56,-1,2538.23,1123.27,86.13,31.06,0.07,-1,-1,-1
56,-1,1732.19,912.48,9.37,14.45,0.07,-1,-1,-1
56,-1,256.10,1862.80,37.01,13.07,0.07,-1,-1,-1
56,-1,508.61,1728.02,40.92,20.42,0.07,-1,-1,-1
56,-1,2310.42,72.98,63.65,29.63,0.06,-1,-1,-1
56,-1,2583.10,1121.58,38.39,30.49,0.06,-1,-1,-1
56,-1,2603.35,1130.98,22.23,19.70,0.06,-1,-1,-1
56,-1,2619.11,740.17,38.80,26.16,0.06,-1,-1,-1
56,-1,2866.54,1087.41,63.62,38.84,0.05,-1,-1,-1
56,-1,2404.97,303.52,22.42,19.40,0.05,-1,-1,-1
56,-1,1393.24,1187.11,829.65,855.10,0.05,-1,-1,-1
56,-1,493.46,1718.54,71.82,41.06,0.05,-1,-1,-1
57,-1,1893.53,709.68,90.36,82.22,0.92,-1,-1,-1
57,-1,2844.92,556.94,130.56,66.99,0.91,-1,-1,-1
57,-1,2558.20,168.16,114.07,57.79,0.91,-1,-1,-1
57,-1,2370.05,285.24,45.06,60.74,0.82,-1,-1,-1
57,-1,2159.02,1171.21,85.02,61.30,0.66,-1,-1,-1
57,-1,655.95,1834.37,27.48,25.88,0.66,-1,-1,-1
57,-1,2520.62,1132.58,74.38,29.13,0.58,-1,-1,-1
57,-1,432.02,1755.76,34.20,21.80,0.57,-1,-1,-1
57,-1,2867.19,555.79,50.49,68.24,0.56,-1,-1,-1
57,-1,525.62,1672.58,32.09,21.82,0.50,-1,-1,-1
57,-1,2284.36,22.21,122.65,86.29,0.48,-1,-1,-1
57,-1,551.91,1846.51,31.05,20.30,0.46,-1,-1,-1
57,-1,2038.47,842.94,29.32,38.59,0.46,-1,-1,-1
57,-1,2821.31,477.91,41.20,51.89,0.45,-1,-1,-1
57,-1,491.80,1737.84,39.40,19.51,0.43,-1,-1,-1
57,-1,2559.92,974.03,15.62,22.60,0.39,-1,-1,-1
57,-1,234.56,1868.70,35.67,13.21,0.37,-1,-1,-1
57,-1,550.99,1845.82,32.96,21.03,0.32,-1,-1,-1
57,-1,2288.18,56.50,71.69,52.53,0.26,-1,-1,-1
57,-1,946.12,512.72,28.95,39.16,0.25,-1,-1,-1
57,-1,2158.55,1171.68,85.85,60.66,0.23,-1,-1,-1
57,-1,632.50,1878.14,43.24,32.03,0.22,-1,-1,-1
57,-1,2559.29,1143.31,40.14,17.66,0.20,-1,-1,-1
57,-1,610.40,1855.44,32.95,28.22,0.20,-1,-1,-1
57,-1,2327.47,24.70,80.22,49.02,0.20,-1,-1,-1
57,-1,2324.67,57.25,35.24,45.66,0.18,-1,-1,-1
57,-1,2845.71,1098.46,57.36,41.15,0.18,-1,-1,-1
57,-1,2285.30,87.18,50.01,22.44,0.17,-1,-1,-1
57,-1,947.19,530.69,28.31,22.42,0.17,-1,-1,-1
57,-1,526.07,1675.15,31.70,19.61,0.16,-1,-1,-1
57,-1,629.05,1877.15,47.22,33.92,0.15,-1,-1,-1
57,-1,2286.40,28.08,121.66,81.91,0.15,-1,-1,-1
57,-1,2310.57,58.26,20.99,30.74,0.14,-1,-1,-1
57,-1,2285.07,67.62,31.68,39.83,0.13,-1,-1,-1
57,-1,2110.63,757.04,25.92,23.64,0.13,-1,-1,-1
57,-1,2520.60,1134.01,68.05,27.43,0.13,-1,-1,-1
57,-1,611.89,1879.49,64.05,31.55,0.12,-1,-1,-1
57,-1,2614.96,163.09,82.03,77.67,0.11,-1,-1,-1
57,-1,2345.53,3.58,61.14,51.67,0.11,-1,-1,-1
57,-1,531.37,1315.47,824.20,840.97,0.11,-1,-1,-1
57,-1,611.82,1886.55,31.59,24.21,0.11,-1,-1,-1
57,-1,2038.59,842.86,29.63,38.81,0.11,-1,-1,-1
57,-1,2331.02,56.93,29.17,23.11,0.10,-1,-1,-1
57,-1,2623.38,880.80,24.68,38.18,0.10,-1,-1,-1
57,-1,2323.69,56.70,60.60,47.74,0.09,-1,-1,-1
57,-1,2326.12,41.71,71.18,60.82,0.09,-1,-1,-1
57,-1,2316.60,57.93,13.44,21.32,0.09,-1,-1,-1
57,-1,2604.31,747.33,32.31,27.17,0.07,-1,-1,-1
57,-1,2360.01,31.30,44.53,49.95,0.07,-1,-1,-1
57,-1,868.93,933.95,10.57,9.61,0.07,-1,-1,-1
57,-1,2558.13,875.76,92.73,122.27,0.07,-1,-1,-1
57,-1,2604.47,747.40,32.17,26.64,0.07,-1,-1,-1
57,-1,2285.18,62.76,87.71,47.13,0.07,-1,-1,-1
57,-1,1893.23,709.59,91.04,82.42,0.07,-1,-1,-1
57,-1,2283.86,26.67,123.92,83.71,0.07,-1,-1,-1
57,-1,709.17,2109.60,20.48,19.60,0.07,-1,-1,-1
57,-1,2520.40,1134.22,27.73,13.16,0.07,-1,-1,-1
57,-1,2253.81,716.33,33.66,85.33,0.07,-1,-1,-1
57,-1,0.79,932.39,799.48,852.69,0.06,-1,-1,-1
57,-1,868.90,934.04,10.91,9.79,0.06,-1,-1,-1
57,-1,166.98,1615.36,15.64,12.39,0.06,-1,-1,-1
57,-1,1845.21,740.49,127.54,133.91,0.06,-1,-1,-1
57,-1,1322.14,396.46,31.09,19.40,0.06,-1,-1,-1
57,-1,2845.20,1098.64,57.72,41.65,0.06,-1,-1,-1
57,-1,531.33,1253.76,824.01,849.77,0.06,-1,-1,-1
57,-1,1613.21,1211.60,12.13,14.05,0.06,-1,-1,-1
57,-1,405.28,1345.72,824.39,815.88,0.06,-1,-1,-1
57,-1,1918.54,780.00,24.29,36.85,0.05,-1,-1,-1
57,-1,148.85,934.13,824.65,846.81,0.05,-1,-1,-1
57,-1,1613.20,1211.47,12.04,13.99,0.05,-1,-1,-1
58,-1,2815.53,567.16,132.52,63.89,0.91,-1,-1,-1
58,-1,2526.33,178.42,115.94,56.75,0.90,-1,-1,-1
58,-1,2134.14,1171.48,90.79,71.52,0.85,-1,-1,-1
58,-1,1861.66,717.47,92.91,83.01,0.81,-1,-1,-1
58,-1,625.89,1842.36,29.65,26.87,0.70,-1,-1,-1
58,-1,497.91,1681.11,30.05,22.90,0.62,-1,-1,-1
58,-1,918.46,522.24,31.17,38.57,0.58,-1,-1,-1
58,-1,1863.72,718.00,90.57,81.86,0.56,-1,-1,-1
58,-1,2525.38,1142.86,52.15,36.94,0.54,-1,-1,-1
58,-1,2830.58,565.90,66.94,65.94,0.49,-1,-1,-1
58,-1,2592.90,893.69,46.29,38.06,0.49,-1,-1,-1
58,-1,2531.66,977.65,15.32,23.96,0.47,-1,-1,-1
58,-1,585.70,1874.41,62.87,46.11,0.42,-1,-1,-1
58,-1,626.03,1842.20,29.35,26.57,0.29,-1,-1,-1
58,-1,1873.08,787.18,45.74,42.46,0.28,-1,-1,-1
58,-1,402.77,1769.76,36.80,22.10,0.26,-1,-1,-1
58,-1,583.01,1857.15,33.44,31.22,0.25,-1,-1,-1
58,-1,467.22,1747.83,35.07,29.14,0.23,-1,-1,-1
58,-1,2257.40,27.83,126.76,89.24,0.22,-1,-1,-1
58,-1,524.27,1855.64,31.37,22.75,0.21,-1,-1,-1
58,-1,2072.97,687.62,39.93,21.55,0.20,-1,-1,-1
58,-1,1293.94,405.58,27.13,17.47,0.19,-1,-1,-1
58,-1,1293.85,405.53,27.38,17.49,0.19,-1,-1,-1
58,-1,2341.94,293.62,48.14,30.03,0.19,-1,-1,-1
58,-1,583.03,1857.19,34.07,32.43,0.18,-1,-1,-1
58,-1,2224.50,764.58,22.89,19.87,0.17,-1,-1,-1
58,-1,583.74,1894.01,31.37,24.81,0.17,-1,-1,-1
58,-1,2183.32,719.10,76.72,65.72,0.17,-1,-1,-1
58,-1,577.82,1877.36,70.71,44.60,0.17,-1,-1,-1
58,-1,467.59,1748.39,34.56,28.09,0.16,-1,-1,-1
58,-1,2077.50,768.44,29.27,15.41,0.16,-1,-1,-1
58,-1,919.46,552.06,21.48,10.86,0.16,-1,-1,-1
58,-1,402.64,1770.12,36.76,22.11,0.14,-1,-1,-1
58,-1,2257.75,26.02,125.83,91.38,0.14,-1,-1,-1
58,-1,2.88,1065.37,767.14,844.85,0.14,-1,-1,-1
58,-1,524.14,1855.80,31.53,22.99,0.11,-1,-1,-1
58,-1,2257.73,26.66,125.68,90.32,0.11,-1,-1,-1
58,-1,2580.66,910.46,35.34,30.18,0.11,-1,-1,-1
58,-1,2220.13,734.14,35.56,49.78,0.10,-1,-1,-1
58,-1,2525.23,1144.13,23.83,31.77,0.10,-1,-1,-1
58,-1,2590.63,909.70,22.12,21.64,0.10,-1,-1,-1
58,-1,2000.49,849.21,45.53,58.70,0.10,-1,-1,-1
58,-1,917.17,531.01,26.85,30.39,0.09,-1,-1,-1
58,-1,2498.50,1131.30,80.85,49.03,0.09,-1,-1,-1
58,-1,618.53,1880.55,30.15,36.10,0.09,-1,-1,-1
58,-1,586.26,1874.43,18.94,15.20,0.09,-1,-1,-1
58,-1,2257.92,27.78,125.59,89.67,0.08,-1,-1,-1
58,-1,2817.34,1112.37,50.85,32.89,0.08,-1,-1,-1
58,-1,467.03,1747.87,35.53,29.72,0.08,-1,-1,-1
58,-1,2816.96,1112.49,59.21,37.30,0.08,-1,-1,-1
58,-1,2591.58,926.46,22.66,15.31,0.07,-1,-1,-1
58,-1,524.27,1855.91,31.71,23.02,0.07,-1,-1,-1
58,-1,2257.80,28.20,126.09,89.33,0.07,-1,-1,-1
58,-1,911.45,496.87,33.84,65.08,0.06,-1,-1,-1
58,-1,2185.22,719.57,29.04,34.27,0.06,-1,-1,-1
58,-1,2532.20,1156.76,48.63,22.60,0.06,-1,-1,-1
58,-1,918.51,552.91,22.80,24.16,0.06,-1,-1,-1
58,-1,467.52,1747.94,35.23,29.33,0.06,-1,-1,-1
58,-1,117.93,871.00,826.74,849.04,0.06,-1,-1,-1
58,-1,2817.14,1112.22,52.04,35.22,0.05,-1,-1,-1
58,-1,2814.20,1111.14,76.52,68.34,0.05,-1,-1,-1
58,-1,6.88,680.38,811.17,844.14,0.05,-1,-1,-1
58,-1,2499.60,1131.35,38.41,27.45,0.05,-1,-1,-1
58,-1,2262.76,60.50,72.31,56.55,0.05,-1,-1,-1
59,-1,2787.22,574.95,133.86,63.67,0.90,-1,-1,-1
59,-1,2106.96,1185.19,97.74,65.84,0.89,-1,-1,-1
59,-1,1838.10,724.41,88.61,83.65,0.83,-1,-1,-1
59,-1,2496.70,185.78,117.49,58.60,0.83,-1,-1,-1
59,-1,2480.95,1151.08,71.47,41.14,0.69,-1,-1,-1
59,-1,600.23,1851.63,29.38,26.38,0.65,-1,-1,-1
59,-1,1838.51,726.26,88.81,81.32,0.57,-1,-1,-1
59,-1,2317.80,300.55,44.91,30.91,0.54,-1,-1,-1
59,-1,2230.47,39.35,122.29,87.39,0.39,-1,-1,-1
59,-1,566.32,1895.85,55.13,33.48,0.33,-1,-1,-1
59,-1,2502.82,987.65,17.42,21.12,0.32,-1,-1,-1
59,-1,471.51,1690.38,31.68,23.01,0.32,-1,-1,-1
59,-1,2030.33,776.87,57.17,17.78,0.31,-1,-1,-1
59,-1,376.44,1783.98,39.74,20.12,0.29,-1,-1,-1
59,-1,2496.71,184.05,118.71,60.43,0.26,-1,-1,-1
59,-1,2161.62,728.53,16.47,16.56,0.24,-1,-1,-1
59,-1,2806.97,566.70,60.82,59.47,0.24,-1,-1,-1
59,-1,556.90,1902.50,30.03,26.27,0.24,-1,-1,-1
59,-1,2389.47,178.37,90.65,14.27,0.23,-1,-1,-1
59,-1,2230.29,50.64,102.46,76.32,0.22,-1,-1,-1
59,-1,885.14,501.40,38.41,68.48,0.22,-1,-1,-1
59,-1,557.38,1866.31,33.42,29.98,0.20,-1,-1,-1
59,-1,498.66,1865.83,31.86,25.75,0.20,-1,-1,-1
59,-1,2572.42,886.67,39.56,51.64,0.19,-1,-1,-1
59,-1,442.33,1757.26,35.85,27.16,0.19,-1,-1,-1
59,-1,570.63,1896.04,51.09,33.02,0.19,-1,-1,-1
59,-1,2230.79,39.76,122.21,86.80,0.16,-1,-1,-1
59,-1,894.21,529.90,28.44,39.19,0.16,-1,-1,-1
59,-1,557.04,1896.12,64.81,34.00,0.16,-1,-1,-1
59,-1,498.45,1866.20,32.18,25.37,0.15,-1,-1,-1
59,-1,97.25,874.54,818.72,841.31,0.12,-1,-1,-1
59,-1,2477.05,1148.68,38.00,23.02,0.12,-1,-1,-1
59,-1,242.94,1221.57,830.55,846.38,0.12,-1,-1,-1
59,-1,376.70,1783.57,39.57,20.50,0.12,-1,-1,-1
59,-1,2197.07,767.19,37.23,46.26,0.12,-1,-1,-1
59,-1,2046.11,700.23,40.76,17.22,0.11,-1,-1,-1
59,-1,557.46,1866.28,33.13,29.94,0.11,-1,-1,-1
59,-1,2159.12,728.46,79.46,85.75,0.11,-1,-1,-1
59,-1,2196.91,767.94,37.16,44.54,0.11,-1,-1,-1
59,-1,2777.32,498.41,40.93,30.04,0.10,-1,-1,-1
59,-1,556.96,1902.67,29.56,26.57,0.10,-1,-1,-1
59,-1,2556.06,885.71,56.99,64.77,0.10,-1,-1,-1
59,-1,604.59,560.20,15.29,20.12,0.10,-1,-1,-1
59,-1,2556.92,457.92,40.72,37.13,0.09,-1,-1,-1
59,-1,897.75,546.11,24.26,23.40,0.08,-1,-1,-1
59,-1,1229.58,1712.39,14.48,13.15,0.07,-1,-1,-1
59,-1,2506.86,1178.26,31.27,14.23,0.07,-1,-1,-1
59,-1,449.84,1770.03,22.31,15.20,0.07,-1,-1,-1
59,-1,442.12,1757.75,34.95,21.43,0.07,-1,-1,-1
59,-1,468.16,1315.88,824.02,844.11,0.07,-1,-1,-1
59,-1,467.92,1342.07,823.28,823.00,0.07,-1,-1,-1
59,-1,2559.66,917.46,27.42,28.87,0.06,-1,-1,-1
59,-1,403.99,1223.65,828.89,847.32,0.06,-1,-1,-1
59,-1,583.26,1854.93,9.28,12.99,0.06,-1,-1,-1
59,-1,460.65,1684.97,56.23,36.39,0.06,-1,-1,-1
59,-1,180.08,1887.90,36.28,10.91,0.06,-1,-1,-1
59,-1,1229.29,1712.40,14.37,13.05,0.06,-1,-1,-1
59,-1,2029.82,777.71,57.38,16.56,0.05,-1,-1,-1
59,-1,320.67,1662.86,17.22,13.28,0.05,-1,-1,-1
60,-1,2747.59,590.99,135.71,58.96,0.92,-1,-1,-1
60,-1,2458.81,201.01,113.06,56.24,0.89,-1,-1,-1
60,-1,2068.07,1206.31,106.01,57.96,0.79,-1,-1,-1
60,-1,1799.82,737.33,89.24,83.39,0.76,-1,-1,-1
60,-1,2763.21,578.29,62.11,94.44,0.73,-1,-1,-1
60,-1,563.74,1864.79,26.91,26.52,0.64,-1,-1,-1
60,-1,2196.23,73.23,98.75,67.45,0.48,-1,-1,-1
60,-1,337.60,1798.75,45.84,21.93,0.47,-1,-1,-1
60,-1,519.93,1909.16,62.59,33.78,0.46,-1,-1,-1
60,-1,2438.51,1159.32,76.39,46.48,0.44,-1,-1,-1
60,-1,2282.22,312.37,41.19,30.61,0.43,-1,-1,-1
60,-1,518.94,1910.12,62.90,32.56,0.40,-1,-1,-1
60,-1,1799.63,736.19,89.41,84.80,0.37,-1,-1,-1
60,-1,523.54,1868.17,32.80,35.17,0.27,-1,-1,-1
60,-1,524.41,1867.66,33.78,35.60,0.26,-1,-1,-1
60,-1,2006.90,789.01,23.91,15.93,0.25,-1,-1,-1
60,-1,403.32,1773.88,35.87,22.67,0.22,-1,-1,-1
60,-1,946.83,1961.86,11.98,8.96,0.22,-1,-1,-1
60,-1,2464.09,999.90,18.27,19.75,0.21,-1,-1,-1
60,-1,518.05,1915.72,32.54,25.34,0.20,-1,-1,-1
60,-1,847.31,514.67,36.85,66.31,0.20,-1,-1,-1
60,-1,2738.83,512.26,30.71,29.33,0.20,-1,-1,-1
60,-1,2472.83,1193.93,29.39,12.63,0.19,-1,-1,-1
60,-1,2516.30,465.04,40.05,40.70,0.19,-1,-1,-1
60,-1,459.77,1887.91,35.24,22.45,0.16,-1,-1,-1
60,-1,2193.11,53.48,123.19,89.44,0.16,-1,-1,-1
60,-1,2067.07,1208.57,107.65,55.22,0.14,-1,-1,-1
60,-1,2745.03,1133.92,78.74,57.13,0.14,-1,-1,-1
60,-1,2257.71,52.97,57.73,56.56,0.14,-1,-1,-1
60,-1,2196.85,103.27,62.39,36.37,0.14,-1,-1,-1
60,-1,2439.46,1159.71,75.02,46.17,0.13,-1,-1,-1
60,-1,459.95,1888.12,34.54,22.48,0.12,-1,-1,-1
60,-1,524.72,1882.57,23.48,20.41,0.12,-1,-1,-1
60,-1,2182.31,106.62,88.35,36.35,0.12,-1,-1,-1
60,-1,2260.54,53.24,55.54,53.63,0.12,-1,-1,-1
60,-1,1230.03,424.74,25.90,19.10,0.10,-1,-1,-1
60,-1,853.11,544.87,29.48,35.97,0.10,-1,-1,-1
60,-1,2008.66,709.72,32.66,18.49,0.10,-1,-1,-1
60,-1,2543.40,927.65,13.00,15.58,0.10,-1,-1,-1
60,-1,431.59,1703.10,32.44,23.23,0.10,-1,-1,-1
60,-1,2005.78,788.96,35.44,25.92,0.09,-1,-1,-1
60,-1,2745.78,1133.84,77.32,56.16,0.09,-1,-1,-1
60,-1,520.39,1910.00,62.61,32.88,0.09,-1,-1,-1
60,-1,431.63,1703.13,32.24,23.62,0.09,-1,-1,-1
60,-1,333.69,1800.28,49.27,71.35,0.09,-1,-1,-1
60,-1,403.34,1346.34,824.99,818.15,0.09,-1,-1,-1
60,-1,1224.99,422.56,33.65,23.02,0.08,-1,-1,-1
60,-1,1934.20,869.70,40.74,49.99,0.08,-1,-1,-1
60,-1,555.29,1909.11,27.73,30.06,0.08,-1,-1,-1
60,-1,2193.33,101.34,35.82,33.94,0.08,-1,-1,-1
60,-1,434.91,1345.92,825.16,818.88,0.08,-1,-1,-1
60,-1,2159.68,784.23,37.83,51.99,0.08,-1,-1,-1
60,-1,2291.31,332.96,27.84,20.33,0.07,-1,-1,-1
60,-1,2185.58,51.31,129.72,90.37,0.07,-1,-1,-1
60,-1,2067.00,1206.51,109.63,57.34,0.07,-1,-1,-1
60,-1,2246.50,79.46,50.87,54.68,0.07,-1,-1,-1
60,-1,855.17,571.18,23.71,11.02,0.07,-1,-1,-1
60,-1,2473.13,1180.89,46.62,30.72,0.06,-1,-1,-1
60,-1,2196.82,85.72,38.57,32.08,0.06,-1,-1,-1
60,-1,553.02,1909.59,30.11,29.82,0.06,-1,-1,-1
60,-1,341.87,-1.33,821.92,815.03,0.06,-1,-1,-1
60,-1,459.98,1888.33,33.86,22.36,0.06,-1,-1,-1
60,-1,853.61,555.39,27.22,25.75,0.06,-1,-1,-1
60,-1,2180.80,107.59,42.74,24.77,0.06,-1,-1,-1
60,-1,2258.87,55.89,38.04,25.43,0.05,-1,-1,-1
60,-1,1230.12,424.37,26.05,19.48,0.05,-1,-1,-1
60,-1,402.96,1773.63,36.62,23.15,0.05,-1,-1,-1
61,-1,2415.31,217.14,116.50,56.17,0.90,-1,-1,-1
61,-1,2706.69,608.10,135.64,56.75,0.89,-1,-1,-1
61,-1,518.83,1879.67,30.44,27.77,0.74,-1,-1,-1
61,-1,1757.92,751.02,89.29,84.69,0.71,-1,-1,-1
61,-1,1758.03,752.66,89.56,82.71,0.70,-1,-1,-1
61,-1,2029.06,1223.46,107.38,56.87,0.69,-1,-1,-1
61,-1,2409.08,1176.13,55.77,49.37,0.68,-1,-1,-1
61,-1,484.80,1882.89,29.52,30.05,0.59,-1,-1,-1
61,-1,389.49,1719.85,32.28,21.63,0.48,-1,-1,-1
61,-1,2689.28,528.33,41.83,54.36,0.47,-1,-1,-1
61,-1,2725.47,586.84,32.37,64.86,0.43,-1,-1,-1
61,-1,302.87,1813.79,43.16,21.82,0.41,-1,-1,-1
61,-1,1967.33,722.30,25.76,26.19,0.40,-1,-1,-1
61,-1,476.70,1919.96,66.21,37.96,0.40,-1,-1,-1
61,-1,2156.11,103.44,59.54,49.88,0.40,-1,-1,-1
61,-1,2231.30,67.25,41.84,54.88,0.38,-1,-1,-1
61,-1,2470.08,473.89,47.18,39.34,0.37,-1,-1,-1
61,-1,418.52,1904.77,41.35,25.13,0.36,-1,-1,-1
61,-1,2220.98,806.62,27.93,36.01,0.36,-1,-1,-1
61,-1,1954.76,802.56,43.24,51.95,0.36,-1,-1,-1
61,-1,1959.12,802.25,38.64,51.19,0.34,-1,-1,-1
61,-1,1897.41,890.63,35.44,38.07,0.34,-1,-1,-1
61,-1,2422.03,1013.60,20.02,19.87,0.33,-1,-1,-1
61,-1,362.46,1789.69,38.67,26.91,0.32,-1,-1,-1
61,-1,2497.02,941.55,25.67,23.81,0.30,-1,-1,-1
61,-1,475.58,1923.26,65.83,35.14,0.29,-1,-1,-1
61,-1,2702.16,1148.25,53.25,31.25,0.28,-1,-1,-1
61,-1,2072.73,754.40,79.68,83.07,0.27,-1,-1,-1
61,-1,2182.84,102.28,42.01,47.92,0.25,-1,-1,-1
61,-1,1954.48,803.22,43.28,51.51,0.24,-1,-1,-1
61,-1,475.95,1918.52,66.98,39.81,0.23,-1,-1,-1
61,-1,2199.78,102.45,28.25,29.18,0.22,-1,-1,-1
61,-1,419.17,1904.90,40.22,24.79,0.21,-1,-1,-1
61,-1,2114.59,68.59,162.36,89.27,0.21,-1,-1,-1
61,-1,2201.89,95.96,49.49,53.27,0.21,-1,-1,-1
61,-1,2442.32,1205.49,21.41,20.55,0.20,-1,-1,-1
61,-1,2153.53,68.49,121.74,84.06,0.16,-1,-1,-1
61,-1,2153.52,112.13,34.13,41.79,0.15,-1,-1,-1
61,-1,2734.24,585.76,21.45,24.16,0.13,-1,-1,-1
61,-1,2701.27,1148.14,54.43,30.92,0.13,-1,-1,-1
61,-1,2721.99,590.18,65.32,73.13,0.13,-1,-1,-1
61,-1,1953.83,803.90,43.04,50.12,0.12,-1,-1,-1
61,-1,2031.91,1226.15,102.46,53.52,0.12,-1,-1,-1
61,-1,2215.47,78.55,34.40,17.52,0.11,-1,-1,-1
61,-1,2227.34,97.49,25.10,30.32,0.11,-1,-1,-1
61,-1,813.01,552.50,33.20,43.01,0.10,-1,-1,-1
61,-1,181.51,1094.11,825.64,844.28,0.10,-1,-1,-1
61,-1,2201.73,101.18,47.09,48.40,0.10,-1,-1,-1
61,-1,299.50,1819.62,33.83,19.99,0.08,-1,-1,-1
61,-1,2111.63,793.87,44.12,64.73,0.08,-1,-1,-1
61,-1,1755.90,882.88,179.81,50.19,0.08,-1,-1,-1
61,-1,2236.36,68.60,39.98,44.23,0.08,-1,-1,-1
61,-1,2169.75,125.20,48.61,28.69,0.08,-1,-1,-1
61,-1,475.24,1929.75,34.62,27.00,0.08,-1,-1,-1
61,-1,364.07,1801.17,36.13,15.97,0.08,-1,-1,-1
61,-1,2241.70,328.53,39.34,47.88,0.07,-1,-1,-1
61,-1,2179.90,102.69,21.74,20.65,0.07,-1,-1,-1
61,-1,2220.22,830.14,17.70,14.53,0.07,-1,-1,-1
61,-1,2409.03,1176.98,56.48,48.84,0.07,-1,-1,-1
61,-1,1877.26,890.97,56.82,68.80,0.07,-1,-1,-1
61,-1,363.93,1798.91,36.26,18.98,0.06,-1,-1,-1
61,-1,2196.35,75.49,54.69,26.49,0.06,-1,-1,-1
61,-1,2064.46,754.98,185.41,98.02,0.05,-1,-1,-1
61,-1,2702.23,1148.38,52.38,30.42,0.05,-1,-1,-1
61,-1,2.21,905.11,797.40,845.08,0.05,-1,-1,-1
61,-1,475.74,1929.54,33.75,26.99,0.05,-1,-1,-1
62,-1,2624.79,655.00,137.47,52.68,0.90,-1,-1,-1
62,-1,1675.34,795.65,87.25,85.33,0.88,-1,-1,-1
62,-1,1957.46,1263.79,94.39,64.84,0.85,-1,-1,-1
62,-1,2330.03,263.57,113.84,55.36,0.84,-1,-1,-1
62,-1,2341.67,1217.25,46.91,64.56,0.79,-1,-1,-1
62,-1,244.35,1845.60,82.12,65.91,0.74,-1,-1,-1
62,-1,1095.55,-0.01,129.55,27.94,0.68,-1,-1,-1
62,-1,2328.99,262.56,117.74,56.74,0.62,-1,-1,-1
62,-1,1095.29,-0.06,131.65,28.05,0.49,-1,-1,-1
62,-1,306.82,1766.16,31.26,23.17,0.49,-1,-1,-1
62,-1,731.98,600.98,29.96,38.21,0.48,-1,-1,-1
62,-1,2371.71,1263.71,26.49,19.76,0.46,-1,-1,-1
62,-1,1675.57,794.88,87.18,86.76,0.43,-1,-1,-1
62,-1,2363.24,943.51,102.82,80.75,0.42,-1,-1,-1
62,-1,2078.80,111.93,112.59,82.78,0.42,-1,-1,-1
62,-1,1870.42,763.35,183.57,120.27,0.38,-1,-1,-1
62,-1,2613.58,1197.60,64.32,30.18,0.34,-1,-1,-1
62,-1,2393.25,258.84,78.29,68.08,0.29,-1,-1,-1
62,-1,2114.61,112.43,80.20,39.02,0.29,-1,-1,-1
62,-1,2077.58,143.41,61.65,52.28,0.28,-1,-1,-1
62,-1,2413.64,981.54,27.38,41.16,0.28,-1,-1,-1
62,-1,406.96,1964.35,51.27,41.75,0.25,-1,-1,-1
62,-1,2376.03,507.20,93.76,51.01,0.23,-1,-1,-1
62,-1,409.75,1927.13,55.79,29.42,0.22,-1,-1,-1
62,-1,1874.32,761.85,40.90,21.97,0.19,-1,-1,-1
62,-1,2143.73,111.65,49.22,61.14,0.18,-1,-1,-1
62,-1,2160.98,112.13,33.72,45.27,0.17,-1,-1,-1
62,-1,343.24,1951.43,34.85,26.79,0.17,-1,-1,-1
62,-1,410.06,1927.68,55.42,28.44,0.16,-1,-1,-1
62,-1,2209.67,247.24,263.39,77.61,0.16,-1,-1,-1
62,-1,392.40,1979.91,31.75,25.53,0.15,-1,-1,-1
62,-1,343.00,1951.11,35.36,27.21,0.13,-1,-1,-1
62,-1,392.31,1962.00,64.68,44.02,0.13,-1,-1,-1
62,-1,2103.55,162.67,34.64,31.11,0.12,-1,-1,-1
62,-1,1109.16,484.99,28.49,17.44,0.12,-1,-1,-1
62,-1,1108.89,485.15,28.87,17.72,0.12,-1,-1,-1
62,-1,2676.93,674.34,32.95,51.35,0.11,-1,-1,-1
62,-1,392.13,1979.46,33.17,26.46,0.11,-1,-1,-1
62,-1,2072.31,112.13,122.07,86.05,0.11,-1,-1,-1
62,-1,409.81,1927.37,55.99,29.00,0.11,-1,-1,-1
62,-1,410.16,1926.88,55.39,29.68,0.11,-1,-1,-1
62,-1,2077.99,112.67,116.76,84.95,0.11,-1,-1,-1
62,-1,343.27,1951.27,34.62,27.04,0.10,-1,-1,-1
62,-1,308.56,1344.46,822.23,821.62,0.10,-1,-1,-1
62,-1,2073.99,165.33,31.81,32.13,0.10,-1,-1,-1
62,-1,2613.48,577.29,32.89,30.10,0.10,-1,-1,-1
62,-1,392.31,1979.72,32.63,25.54,0.10,-1,-1,-1
62,-1,2337.66,1060.68,27.14,18.14,0.09,-1,-1,-1
62,-1,1997.57,571.91,43.64,28.98,0.09,-1,-1,-1
62,-1,2071.91,144.25,36.88,39.82,0.09,-1,-1,-1
62,-1,981.29,1345.08,822.93,824.02,0.09,-1,-1,-1
62,-1,409.75,1927.37,55.90,28.90,0.08,-1,-1,-1
62,-1,343.27,1951.51,35.18,26.77,0.08,-1,-1,-1
62,-1,231.60,1870.93,35.41,16.07,0.08,-1,-1,-1
62,-1,735.80,625.49,18.86,14.37,0.08,-1,-1,-1
62,-1,2091.07,139.35,16.57,26.43,0.08,-1,-1,-1
62,-1,2072.01,164.44,63.48,33.06,0.07,-1,-1,-1
62,-1,728.55,607.21,27.27,33.58,0.07,-1,-1,-1
62,-1,2142.63,132.57,31.84,38.98,0.07,-1,-1,-1
62,-1,734.66,616.88,22.13,23.03,0.07,-1,-1,-1
62,-1,2647.29,655.18,63.75,70.11,0.07,-1,-1,-1
62,-1,394.59,1960.72,64.38,45.51,0.07,-1,-1,-1
62,-1,1012.65,1344.79,822.93,824.05,0.07,-1,-1,-1
62,-1,947.31,1285.76,826.32,850.96,0.06,-1,-1,-1
62,-1,2092.09,139.57,34.87,25.78,0.06,-1,-1,-1
62,-1,2072.04,147.79,95.69,49.22,0.06,-1,-1,-1
62,-1,2395.06,945.54,52.65,76.94,0.05,-1,-1,-1
62,-1,1807.48,946.81,48.02,34.47,0.05,-1,-1,-1
62,-1,1163.02,759.61,11.54,9.40,0.05,-1,-1,-1
62,-1,2071.38,165.29,28.94,15.31,0.05,-1,-1,-1
62,-1,2413.94,993.33,25.96,29.66,0.05,-1,-1,-1
62,-1,118.08,168.36,822.74,848.51,0.05,-1,-1,-1
63,-1,1058.27,0.53,156.74,54.32,0.91,-1,-1,-1
63,-1,2296.27,289.41,116.71,55.28,0.89,-1,-1,-1
63,-1,2593.15,681.86,136.83,50.70,0.88,-1,-1,-1
63,-1,1932.44,1291.66,63.14,63.11,0.79,-1,-1,-1
63,-1,2314.86,1241.42,47.89,65.77,0.76,-1,-1,-1
63,-1,1644.34,822.05,86.75,84.55,0.74,-1,-1,-1
63,-1,242.93,1872.92,55.53,65.65,0.70,-1,-1,-1
63,-1,2046.96,168.29,68.88,54.26,0.62,-1,-1,-1
63,-1,1644.10,819.03,86.76,88.13,0.59,-1,-1,-1
63,-1,379.88,1953.22,53.94,29.60,0.57,-1,-1,-1
63,-1,360.58,1987.10,53.25,44.87,0.52,-1,-1,-1
63,-1,198.31,1892.53,46.73,77.08,0.46,-1,-1,-1
63,-1,2043.74,140.68,120.02,85.91,0.43,-1,-1,-1
63,-1,2370.14,867.35,30.48,27.40,0.37,-1,-1,-1
63,-1,2580.80,605.27,31.24,28.41,0.35,-1,-1,-1
63,-1,2580.30,1225.56,61.53,28.95,0.35,-1,-1,-1
63,-1,2580.45,1225.60,61.45,29.15,0.33,-1,-1,-1
63,-1,2043.30,140.90,119.93,87.05,0.33,-1,-1,-1
63,-1,1120.72,0.08,38.81,26.28,0.30,-1,-1,-1
63,-1,322.27,1979.05,27.70,24.66,0.26,-1,-1,-1
63,-1,1838.14,792.65,46.35,14.29,0.26,-1,-1,-1
63,-1,360.20,2001.46,64.91,32.85,0.25,-1,-1,-1
63,-1,2305.36,978.97,112.77,128.32,0.23,-1,-1,-1
63,-1,2329.26,1276.44,33.45,31.28,0.23,-1,-1,-1
63,-1,2.07,1365.15,797.09,805.62,0.23,-1,-1,-1
63,-1,2043.94,138.38,114.54,85.24,0.22,-1,-1,-1
63,-1,363.04,2001.98,62.43,32.26,0.22,-1,-1,-1
63,-1,202.89,1892.73,43.26,23.99,0.20,-1,-1,-1
63,-1,1964.65,828.57,25.12,21.35,0.20,-1,-1,-1
63,-1,2357.23,284.34,79.98,69.70,0.20,-1,-1,-1
63,-1,1838.46,789.28,46.03,17.65,0.19,-1,-1,-1
63,-1,2390.38,1014.12,22.39,25.47,0.18,-1,-1,-1
63,-1,2081.91,137.72,72.08,55.89,0.16,-1,-1,-1
63,-1,2.98,1317.20,797.00,849.70,0.15,-1,-1,-1
63,-1,2346.59,1294.04,23.19,16.64,0.15,-1,-1,-1
63,-1,2110.65,139.73,53.26,61.76,0.14,-1,-1,-1
63,-1,2092.17,161.29,48.84,56.07,0.13,-1,-1,-1
63,-1,274.99,1790.38,38.04,26.45,0.13,-1,-1,-1
63,-1,2358.96,321.78,30.99,30.46,0.13,-1,-1,-1
63,-1,244.49,1874.08,53.25,29.64,0.12,-1,-1,-1
63,-1,2611.81,685.12,52.12,45.16,0.12,-1,-1,-1
63,-1,2117.84,137.51,32.53,51.95,0.10,-1,-1,-1
63,-1,197.87,1872.38,99.19,97.28,0.10,-1,-1,-1
63,-1,2112.60,398.40,60.78,43.33,0.10,-1,-1,-1
63,-1,699.62,625.72,30.28,40.48,0.10,-1,-1,-1
63,-1,365.06,2002.35,60.45,32.17,0.09,-1,-1,-1
63,-1,2130.75,140.38,32.52,43.20,0.09,-1,-1,-1
63,-1,2041.99,197.57,64.92,30.52,0.08,-1,-1,-1
63,-1,1842.55,865.90,19.87,26.18,0.08,-1,-1,-1
63,-1,359.78,2007.30,30.90,19.95,0.08,-1,-1,-1
63,-1,2878.51,241.72,10.50,10.46,0.07,-1,-1,-1
63,-1,2302.40,1277.09,52.75,34.21,0.07,-1,-1,-1
63,-1,388.95,1987.76,34.98,43.60,0.07,-1,-1,-1
63,-1,313.34,1979.65,36.35,25.02,0.06,-1,-1,-1
63,-1,2369.73,867.92,30.80,27.03,0.06,-1,-1,-1
63,-1,114.32,1026.11,828.58,856.48,0.06,-1,-1,-1
63,-1,212.19,1344.57,826.16,822.88,0.06,-1,-1,-1
63,-1,2112.62,163.94,26.63,32.09,0.06,-1,-1,-1
63,-1,2643.85,1344.64,825.25,824.72,0.06,-1,-1,-1
63,-1,2320.92,1292.76,47.72,21.17,0.05,-1,-1,-1
63,-1,393.32,1986.90,19.17,22.12,0.05,-1,-1,-1
63,-1,379.80,1952.96,53.94,29.88,0.05,-1,-1,-1
64,-1,1015.49,29.26,154.01,64.51,0.91,-1,-1,-1
64,-1,2253.42,326.25,119.64,54.74,0.91,-1,-1,-1
64,-1,2553.03,721.68,137.79,49.55,0.89,-1,-1,-1
64,-1,1605.16,858.29,85.13,86.74,0.88,-1,-1,-1
64,-1,2271.97,1278.53,57.79,68.76,0.71,-1,-1,-1
64,-1,1074.01,33.60,40.94,34.91,0.58,-1,-1,-1
64,-1,1896.96,1334.46,60.37,61.48,0.57,-1,-1,-1
64,-1,341.32,1991.72,53.31,30.38,0.57,-1,-1,-1
64,-1,213.29,1912.78,46.35,65.65,0.50,-1,-1,-1
64,-1,164.62,1934.72,38.04,26.50,0.49,-1,-1,-1
64,-1,2298.16,1319.62,31.56,27.53,0.48,-1,-1,-1
64,-1,320.65,2025.83,61.60,46.32,0.45,-1,-1,-1
64,-1,2061.85,178.73,62.64,41.03,0.43,-1,-1,-1
64,-1,273.53,2018.17,39.22,28.86,0.40,-1,-1,-1
64,-1,1604.57,856.98,85.61,88.29,0.38,-1,-1,-1
64,-1,2542.16,640.64,29.71,31.85,0.36,-1,-1,-1
64,-1,273.37,2018.10,39.35,28.63,0.35,-1,-1,-1
64,-1,20.56,1343.93,826.59,823.28,0.34,-1,-1,-1
64,-1,661.51,666.64,28.59,36.42,0.33,-1,-1,-1
64,-1,2002.92,176.76,118.46,87.54,0.33,-1,-1,-1
64,-1,2088.56,174.46,21.93,40.80,0.32,-1,-1,-1
64,-1,2016.49,230.70,19.86,29.44,0.31,-1,-1,-1
64,-1,321.47,2037.39,65.24,36.63,0.30,-1,-1,-1
64,-1,2303.18,560.96,61.88,68.26,0.29,-1,-1,-1
64,-1,235.31,1829.61,32.26,25.03,0.28,-1,-1,-1
64,-1,2026.71,210.25,46.91,49.09,0.28,-1,-1,-1
64,-1,215.03,1913.35,47.51,29.79,0.25,-1,-1,-1
64,-1,2074.99,200.89,26.00,34.33,0.23,-1,-1,-1
64,-1,2539.94,1264.06,56.47,30.56,0.22,-1,-1,-1
64,-1,2037.56,203.23,62.54,55.74,0.20,-1,-1,-1
64,-1,2350.44,1054.86,27.44,23.03,0.17,-1,-1,-1
64,-1,662.53,678.94,26.00,24.66,0.16,-1,-1,-1
64,-1,323.66,2041.74,62.92,31.88,0.15,-1,-1,-1
64,-1,325.22,2041.83,61.28,31.81,0.15,-1,-1,-1
64,-1,1037.51,549.50,31.93,17.05,0.13,-1,-1,-1
64,-1,2085.09,432.60,53.12,35.48,0.13,-1,-1,-1
64,-1,2332.11,904.89,31.63,28.10,0.12,-1,-1,-1
64,-1,2014.98,228.31,42.53,32.11,0.12,-1,-1,-1
64,-1,2097.24,178.84,27.69,41.04,0.12,-1,-1,-1
64,-1,2058.92,209.62,15.68,23.14,0.10,-1,-1,-1
64,-1,1.20,1365.11,774.30,807.04,0.10,-1,-1,-1
64,-1,2084.76,433.33,53.04,35.33,0.10,-1,-1,-1
64,-1,163.78,1932.24,42.00,76.03,0.10,-1,-1,-1
64,-1,2003.66,208.90,52.74,42.43,0.09,-1,-1,-1
64,-1,2009.70,236.87,41.03,23.96,0.09,-1,-1,-1
64,-1,356.51,2024.57,26.20,24.88,0.08,-1,-1,-1
64,-1,321.42,2042.35,39.84,29.14,0.08,-1,-1,-1
64,-1,2002.83,183.06,115.11,79.91,0.08,-1,-1,-1
64,-1,2027.30,192.42,47.82,39.38,0.08,-1,-1,-1
64,-1,2267.19,1115.24,34.79,27.51,0.08,-1,-1,-1
64,-1,2267.65,1126.30,21.08,16.01,0.08,-1,-1,-1
64,-1,2025.24,208.81,30.68,23.68,0.07,-1,-1,-1
64,-1,2304.62,571.30,49.60,54.27,0.07,-1,-1,-1
64,-1,164.50,1934.90,38.20,27.51,0.07,-1,-1,-1
64,-1,146.00,1343.88,827.48,825.53,0.06,-1,-1,-1
64,-1,235.90,1828.92,31.98,25.75,0.06,-1,-1,-1
64,-1,2273.19,1308.38,55.29,38.18,0.06,-1,-1,-1
64,-1,243.16,231.10,47.54,63.72,0.05,-1,-1,-1
64,-1,2541.35,640.59,38.54,41.17,0.05,-1,-1,-1
65,-1,930.71,122.16,154.35,67.41,0.91,-1,-1,-1
65,-1,1529.83,951.58,85.28,87.77,0.90,-1,-1,-1
65,-1,2475.41,815.75,139.08,50.70,0.86,-1,-1,-1
65,-1,2194.91,36.55,112.93,65.11,0.83,-1,-1,-1
65,-1,146.30,2011.36,41.29,65.57,0.80,-1,-1,-1
65,-1,2176.91,419.68,120.33,49.48,0.80,-1,-1,-1
65,-1,2191.21,1359.78,96.65,120.98,0.76,-1,-1,-1
65,-1,2177.74,419.76,120.11,49.55,0.61,-1,-1,-1
65,-1,88.86,2028.27,46.68,38.41,0.53,-1,-1,-1
65,-1,1929.97,322.12,30.28,31.45,0.52,-1,-1,-1
65,-1,2023.98,530.05,34.23,34.93,0.51,-1,-1,-1
65,-1,270.24,2121.07,39.18,37.50,0.51,-1,-1,-1
65,-1,1997.93,293.86,30.22,41.51,0.48,-1,-1,-1
65,-1,1974.17,309.24,25.41,41.65,0.46,-1,-1,-1
65,-1,2024.37,273.68,25.80,41.42,0.46,-1,-1,-1
65,-1,1828.51,1432.79,43.63,59.05,0.45,-1,-1,-1
65,-1,1955.65,318.01,22.99,34.85,0.44,-1,-1,-1
65,-1,2192.31,1217.63,21.04,17.31,0.42,-1,-1,-1
65,-1,88.19,2026.07,44.12,82.06,0.41,-1,-1,-1
65,-1,199.17,2115.65,39.49,32.41,0.33,-1,-1,-1
65,-1,2458.81,1344.63,70.08,49.86,0.32,-1,-1,-1
65,-1,266.00,2081.60,52.67,36.18,0.30,-1,-1,-1
65,-1,1943.33,319.21,35.86,49.72,0.30,-1,-1,-1
65,-1,265.78,2082.40,53.91,35.43,0.26,-1,-1,-1
65,-1,1951.28,298.15,30.92,28.19,0.26,-1,-1,-1
65,-1,243.75,2130.50,41.96,28.52,0.22,-1,-1,-1
65,-1,587.31,763.13,29.70,34.15,0.22,-1,-1,-1
65,-1,1977.69,269.18,70.34,43.50,0.21,-1,-1,-1
65,-1,2450.04,728.13,45.04,47.59,0.20,-1,-1,-1
65,-1,1837.55,960.53,37.71,32.31,0.19,-1,-1,-1
65,-1,1982.39,304.25,17.63,23.25,0.19,-1,-1,-1
65,-1,1970.53,271.22,69.53,40.84,0.19,-1,-1,-1
65,-1,21.28,1344.78,825.72,818.76,0.16,-1,-1,-1
65,-1,1660.79,1112.04,36.20,37.07,0.16,-1,-1,-1
65,-1,2271.92,1136.20,25.70,38.94,0.16,-1,-1,-1
65,-1,1928.67,267.73,122.50,90.20,0.15,-1,-1,-1
65,-1,2500.47,813.67,27.48,44.10,0.14,-1,-1,-1
65,-1,160.82,1923.55,33.35,25.96,0.14,-1,-1,-1
65,-1,2016.80,269.47,32.22,43.57,0.13,-1,-1,-1
65,-1,2238.22,455.30,32.03,33.19,0.13,-1,-1,-1
65,-1,1973.18,327.08,23.48,40.13,0.13,-1,-1,-1
65,-1,2247.84,1443.23,39.55,37.60,0.12,-1,-1,-1
65,-1,2459.50,1362.92,49.78,30.89,0.12,-1,-1,-1
65,-1,1725.43,1004.40,20.04,24.75,0.12,-1,-1,-1
65,-1,1981.96,304.65,23.27,38.88,0.12,-1,-1,-1
65,-1,1530.25,950.95,85.12,88.97,0.11,-1,-1,-1
65,-1,2496.19,814.76,66.89,51.36,0.10,-1,-1,-1
65,-1,2450.14,728.42,43.58,44.25,0.09,-1,-1,-1
65,-1,2239.32,1134.49,58.99,41.27,0.09,-1,-1,-1
65,-1,1878.94,1011.44,58.79,39.64,0.09,-1,-1,-1
65,-1,1936.69,268.56,112.24,74.24,0.09,-1,-1,-1
65,-1,1950.96,309.54,28.56,23.89,0.08,-1,-1,-1
65,-1,160.75,1923.44,33.40,26.29,0.08,-1,-1,-1
65,-1,1857.59,667.88,95.91,69.81,0.08,-1,-1,-1
65,-1,2459.14,1374.71,12.98,19.17,0.07,-1,-1,-1
65,-1,587.43,770.90,28.51,26.40,0.07,-1,-1,-1
65,-1,2234.90,418.23,86.65,73.73,0.07,-1,-1,-1
65,-1,2262.42,997.92,29.69,35.43,0.07,-1,-1,-1
65,-1,1659.69,1112.21,38.23,37.25,0.06,-1,-1,-1
65,-1,2199.74,1399.65,87.88,81.84,0.06,-1,-1,-1
65,-1,986.27,132.18,42.39,32.15,0.06,-1,-1,-1
65,-1,1693.66,925.79,100.41,122.19,0.06,-1,-1,-1
65,-1,221.77,2117.77,16.21,19.10,0.06,-1,-1,-1
65,-1,2000.44,1012.72,60.34,32.74,0.06,-1,-1,-1
65,-1,1971.11,269.46,78.77,45.44,0.06,-1,-1,-1
65,-1,83.39,1315.29,829.19,849.84,0.06,-1,-1,-1
65,-1,2205.91,1404.65,81.13,76.35,0.06,-1,-1,-1
65,-1,1893.65,1019.93,18.06,14.84,0.05,-1,-1,-1
65,-1,2051.25,406.90,93.71,45.22,0.05,-1,-1,-1
66,-1,2439.22,873.03,138.32,51.96,0.86,-1,-1,-1
66,-1,890.21,177.30,154.72,67.91,0.86,-1,-1,-1
66,-1,1494.07,1007.75,83.91,87.66,0.85,-1,-1,-1
66,-1,2160.69,94.76,131.27,67.11,0.83,-1,-1,-1
66,-1,2416.28,787.53,46.32,57.68,0.78,-1,-1,-1
66,-1,2139.90,475.55,116.55,48.47,0.76,-1,-1,-1
66,-1,2166.14,1417.78,64.62,97.78,0.74,-1,-1,-1
66,-1,2455.93,866.80,72.09,57.94,0.65,-1,-1,-1
66,-1,2197.86,509.54,34.45,29.58,0.58,-1,-1,-1
66,-1,1493.74,1006.97,83.90,88.38,0.58,-1,-1,-1
66,-1,2140.91,475.48,120.92,48.42,0.54,-1,-1,-1
66,-1,52.29,2090.57,43.36,37.62,0.54,-1,-1,-1
66,-1,3129.89,502.64,53.50,54.76,0.47,-1,-1,-1
66,-1,551.28,813.42,29.21,38.56,0.46,-1,-1,-1
66,-1,1620.61,1167.10,38.01,40.19,0.44,-1,-1,-1
66,-1,111.15,2067.37,42.28,69.35,0.34,-1,-1,-1
66,-1,1948.45,325.84,67.42,45.92,0.27,-1,-1,-1
66,-1,1519.63,1087.07,33.85,46.71,0.25,-1,-1,-1
66,-1,111.44,2067.15,41.18,32.04,0.22,-1,-1,-1
66,-1,550.29,826.54,22.85,26.41,0.21,-1,-1,-1
66,-1,2223.86,1052.28,36.04,46.69,0.21,-1,-1,-1
66,-1,2420.57,1433.70,14.61,18.18,0.21,-1,-1,-1
66,-1,7.29,1344.71,812.77,818.16,0.19,-1,-1,-1
66,-1,1806.80,1013.72,32.28,39.09,0.19,-1,-1,-1
66,-1,2154.33,1272.66,22.13,18.85,0.18,-1,-1,-1
66,-1,1938.46,351.04,55.02,56.16,0.15,-1,-1,-1
66,-1,2223.70,1052.27,36.50,46.85,0.15,-1,-1,-1
66,-1,1700.48,975.99,28.57,26.61,0.15,-1,-1,-1
66,-1,1886.92,323.59,126.09,92.89,0.15,-1,-1,-1
66,-1,890.03,176.83,155.63,69.12,0.15,-1,-1,-1
66,-1,2222.30,1052.56,37.75,49.94,0.15,-1,-1,-1
66,-1,1975.20,579.93,50.17,45.79,0.13,-1,-1,-1
66,-1,1794.79,1486.66,41.95,65.11,0.13,-1,-1,-1
66,-1,1886.53,324.65,129.88,91.33,0.13,-1,-1,-1
66,-1,2421.87,1421.11,49.99,29.41,0.13,-1,-1,-1
66,-1,1795.09,1486.84,41.42,63.81,0.13,-1,-1,-1
66,-1,2421.44,1421.26,50.08,28.85,0.12,-1,-1,-1
66,-1,125.26,1978.55,32.51,26.32,0.12,-1,-1,-1
66,-1,1795.00,1487.24,41.36,63.68,0.12,-1,-1,-1
66,-1,21.35,1342.02,824.81,822.36,0.12,-1,-1,-1
66,-1,2197.90,1476.96,35.00,32.74,0.11,-1,-1,-1
66,-1,2144.14,1444.46,88.20,66.76,0.10,-1,-1,-1
66,-1,1687.30,1055.95,21.51,27.23,0.10,-1,-1,-1
66,-1,2458.12,867.32,36.25,50.87,0.10,-1,-1,-1
66,-1,1810.62,1016.97,27.43,22.23,0.10,-1,-1,-1
66,-1,125.60,1978.52,32.14,27.10,0.10,-1,-1,-1
66,-1,1955.31,1063.02,68.42,43.77,0.09,-1,-1,-1
66,-1,2420.73,1421.69,50.37,29.05,0.09,-1,-1,-1
66,-1,2420.82,1421.25,50.40,29.80,0.08,-1,-1,-1
66,-1,945.00,192.98,39.41,29.20,0.08,-1,-1,-1
66,-1,1621.66,1167.25,34.59,32.87,0.08,-1,-1,-1
66,-1,2202.80,716.09,24.56,32.75,0.08,-1,-1,-1
66,-1,1891.74,339.96,81.07,73.17,0.08,-1,-1,-1
66,-1,1917.29,373.54,35.59,36.70,0.08,-1,-1,-1
66,-1,1961.62,340.14,31.61,50.55,0.07,-1,-1,-1
66,-1,1903.79,339.70,57.89,41.83,0.06,-1,-1,-1
66,-1,552.62,841.86,21.55,12.59,0.06,-1,-1,-1
67,-1,2411.75,921.59,138.44,51.75,0.86,-1,-1,-1
67,-1,1466.31,1055.48,82.96,88.22,0.85,-1,-1,-1
67,-1,2110.71,523.31,119.45,47.17,0.84,-1,-1,-1
67,-1,858.30,225.18,154.46,68.79,0.84,-1,-1,-1
67,-1,2112.93,1469.22,118.83,122.29,0.80,-1,-1,-1
67,-1,2134.06,146.28,131.85,66.00,0.78,-1,-1,-1
67,-1,2389.19,842.05,41.87,48.97,0.70,-1,-1,-1
67,-1,2168.84,555.17,33.42,29.90,0.65,-1,-1,-1
67,-1,2432.66,916.75,64.12,55.59,0.64,-1,-1,-1
67,-1,1768.89,1538.17,40.78,62.96,0.51,-1,-1,-1
67,-1,1863.67,371.75,121.67,86.21,0.40,-1,-1,-1
67,-1,1465.65,1054.57,84.35,89.20,0.36,-1,-1,-1
67,-1,1915.91,401.32,48.13,53.15,0.36,-1,-1,-1
67,-1,1956.71,627.18,44.70,46.30,0.29,-1,-1,-1
67,-1,1769.35,1538.44,40.77,62.13,0.28,-1,-1,-1
67,-1,8.45,1346.16,811.56,813.78,0.27,-1,-1,-1
67,-1,96.75,2026.57,39.56,26.99,0.27,-1,-1,-1
67,-1,32.63,2137.62,35.70,21.44,0.24,-1,-1,-1
67,-1,1910.13,374.97,76.86,44.36,0.23,-1,-1,-1
67,-1,2198.06,1103.11,31.87,43.63,0.23,-1,-1,-1
67,-1,2110.63,523.36,120.59,46.77,0.22,-1,-1,-1
67,-1,2213.99,1244.15,20.74,44.71,0.22,-1,-1,-1
67,-1,1885.87,423.96,34.23,31.40,0.22,-1,-1,-1
67,-1,1908.13,405.79,26.67,44.60,0.22,-1,-1,-1
67,-1,1882.28,404.69,52.00,50.71,0.20,-1,-1,-1
67,-1,1956.48,374.69,30.42,43.74,0.18,-1,-1,-1
67,-1,2197.03,1103.20,33.09,43.90,0.18,-1,-1,-1
67,-1,1653.98,1024.69,58.59,16.72,0.17,-1,-1,-1
67,-1,2134.27,146.18,131.98,65.94,0.17,-1,-1,-1
67,-1,1864.80,374.51,121.68,80.69,0.15,-1,-1,-1
67,-1,1939.24,403.88,25.61,43.57,0.14,-1,-1,-1
67,-1,2166.75,521.78,89.85,70.53,0.14,-1,-1,-1
67,-1,2196.08,1103.27,33.78,45.05,0.14,-1,-1,-1
67,-1,1586.92,1212.20,42.97,53.58,0.13,-1,-1,-1
67,-1,858.06,225.10,155.35,69.50,0.13,-1,-1,-1
67,-1,2169.04,752.04,33.52,42.02,0.12,-1,-1,-1
67,-1,1865.89,408.11,47.90,47.22,0.12,-1,-1,-1
67,-1,2389.35,1485.23,12.72,16.91,0.11,-1,-1,-1
67,-1,522.59,872.14,29.92,29.70,0.10,-1,-1,-1
67,-1,2434.10,916.90,26.88,49.70,0.10,-1,-1,-1
67,-1,2138.49,163.45,82.25,46.33,0.10,-1,-1,-1
67,-1,1594.61,1213.80,30.96,30.67,0.09,-1,-1,-1
67,-1,84.94,2114.32,43.51,36.31,0.09,-1,-1,-1
67,-1,2389.85,1468.18,54.17,32.48,0.09,-1,-1,-1
67,-1,2389.94,1468.07,54.24,33.17,0.09,-1,-1,-1
67,-1,1867.38,374.73,120.37,70.86,0.09,-1,-1,-1
67,-1,1816.42,1120.84,56.81,30.95,0.08,-1,-1,-1
67,-1,1818.60,1120.92,50.08,29.66,0.08,-1,-1,-1
67,-1,1653.82,1024.20,59.17,17.17,0.08,-1,-1,-1
67,-1,2190.98,1242.22,43.62,46.27,0.08,-1,-1,-1
67,-1,2415.92,864.01,26.55,28.03,0.08,-1,-1,-1
67,-1,1885.58,405.01,26.85,23.59,0.08,-1,-1,-1
67,-1,85.08,2114.44,42.91,36.41,0.07,-1,-1,-1
67,-1,523.02,872.57,29.45,29.29,0.07,-1,-1,-1
67,-1,1866.64,427.95,30.59,29.24,0.06,-1,-1,-1
67,-1,1912.56,406.20,20.43,25.27,0.06,-1,-1,-1
67,-1,2125.12,1321.92,25.76,18.40,0.06,-1,-1,-1
67,-1,85.08,2114.88,43.28,35.60,0.05,-1,-1,-1
67,-1,23.14,901.46,824.96,856.00,0.05,-1,-1,-1
67,-1,2465.57,941.99,29.09,30.58,0.05,-1,-1,-1
67,-1,2392.53,863.20,29.77,27.46,0.05,-1,-1,-1
67,-1,308.47,263.47,822.79,847.35,0.05,-1,-1,-1
67,-1,48.98,2141.28,19.01,17.71,0.05,-1,-1,-1
68,-1,2075.11,587.82,120.13,43.54,0.90,-1,-1,-1
68,-1,819.86,292.05,155.36,67.33,0.90,-1,-1,-1
68,-1,2101.56,212.97,131.18,67.14,0.88,-1,-1,-1
68,-1,2377.88,987.95,137.81,49.63,0.88,-1,-1,-1
68,-1,2350.08,1531.24,64.26,36.72,0.77,-1,-1,-1
68,-1,1431.83,1118.54,82.86,89.63,0.75,-1,-1,-1
68,-1,2352.63,912.58,51.55,54.01,0.72,-1,-1,-1
68,-1,1431.69,1119.02,83.10,89.44,0.62,-1,-1,-1
68,-1,2105.09,1545.96,61.56,71.42,0.59,-1,-1,-1
68,-1,1831.80,438.66,122.73,84.27,0.58,-1,-1,-1
68,-1,2349.23,1551.90,15.17,16.75,0.52,-1,-1,-1
68,-1,1735.27,1612.11,41.84,55.30,0.43,-1,-1,-1
68,-1,1832.10,438.64,122.10,83.54,0.28,-1,-1,-1
68,-1,2402.11,986.90,24.05,43.55,0.23,-1,-1,-1
68,-1,1919.03,698.06,45.69,42.59,0.22,-1,-1,-1
68,-1,1545.00,1274.73,53.27,78.95,0.21,-1,-1,-1
68,-1,2166.48,1167.95,31.33,39.06,0.21,-1,-1,-1
68,-1,1619.80,1095.72,59.27,11.88,0.18,-1,-1,-1
68,-1,1560.74,1275.44,36.50,46.59,0.17,-1,-1,-1
68,-1,1884.82,461.29,49.91,57.40,0.16,-1,-1,-1
68,-1,1735.62,1612.14,41.71,54.63,0.15,-1,-1,-1
68,-1,491.45,930.67,32.07,33.29,0.15,-1,-1,-1
68,-1,2091.59,1376.71,26.41,26.87,0.15,-1,-1,-1
68,-1,1620.33,1095.67,58.10,12.13,0.15,-1,-1,-1
68,-1,2129.63,588.05,91.86,60.14,0.14,-1,-1,-1
68,-1,1560.79,1275.04,36.31,46.84,0.12,-1,-1,-1
68,-1,2132.16,617.79,33.93,33.35,0.12,-1,-1,-1
68,-1,1714.35,1121.25,246.19,139.92,0.11,-1,-1,-1
68,-1,2166.45,1168.47,31.29,38.36,0.10,-1,-1,-1
68,-1,64.91,2091.62,37.27,26.53,0.09,-1,-1,-1
68,-1,1590.11,1147.35,63.76,93.25,0.09,-1,-1,-1
68,-1,2181.02,1303.02,22.55,39.38,0.08,-1,-1,-1
68,-1,1935.75,699.89,27.44,26.91,0.08,-1,-1,-1
68,-1,2396.60,987.55,70.09,49.61,0.08,-1,-1,-1
68,-1,2105.87,231.25,82.38,47.60,0.08,-1,-1,-1
68,-1,2105.04,1547.51,62.32,69.84,0.08,-1,-1,-1
68,-1,1456.35,1198.72,30.41,57.26,0.08,-1,-1,-1
68,-1,3.29,231.58,794.29,847.06,0.07,-1,-1,-1
68,-1,64.87,2091.76,36.50,26.16,0.07,-1,-1,-1
68,-1,2117.50,1567.35,49.16,49.11,0.07,-1,-1,-1
68,-1,1874.34,439.08,69.04,47.50,0.06,-1,-1,-1
68,-1,1717.67,1120.32,236.74,140.62,0.06,-1,-1,-1
68,-1,1831.96,464.21,72.35,57.38,0.05,-1,-1,-1
68,-1,1.20,1343.54,793.94,824.92,0.05,-1,-1,-1
68,-1,2092.01,1387.32,25.37,16.20,0.05,-1,-1,-1
68,-1,180.06,1284.61,826.02,850.76,0.05,-1,-1,-1
69,-1,2289.89,1203.73,138.66,49.30,0.85,-1,-1,-1
69,-1,2019.19,435.31,131.31,68.31,0.83,-1,-1,-1
69,-1,1983.41,796.82,123.43,44.92,0.76,-1,-1,-1
69,-1,1847.51,913.42,36.17,29.97,0.71,-1,-1,-1
69,-1,2032.37,1000.49,33.95,44.96,0.70,-1,-1,-1
69,-1,2058.88,1373.27,68.98,45.70,0.70,-1,-1,-1
69,-1,717.77,506.74,155.84,65.91,0.69,-1,-1,-1
69,-1,1346.70,1332.07,80.49,90.69,0.68,-1,-1,-1
69,-1,717.58,506.97,156.52,65.81,0.67,-1,-1,-1
69,-1,1982.33,796.59,118.91,44.79,0.67,-1,-1,-1
69,-1,2247.26,1737.06,54.45,49.79,0.64,-1,-1,-1
69,-1,2009.97,1757.80,72.39,78.02,0.62,-1,-1,-1
69,-1,1743.09,629.39,128.75,110.47,0.57,-1,-1,-1
69,-1,2028.28,1007.26,36.30,40.18,0.51,-1,-1,-1
69,-1,2040.69,826.79,35.45,28.12,0.50,-1,-1,-1
69,-1,1346.17,1330.46,82.22,92.40,0.50,-1,-1,-1
69,-1,2010.35,1758.05,72.53,78.00,0.49,-1,-1,-1
69,-1,2243.12,1767.88,31.62,20.50,0.45,-1,-1,-1
69,-1,2695.98,308.20,28.70,38.48,0.43,-1,-1,-1
69,-1,1993.79,313.27,132.99,146.66,0.42,-1,-1,-1
69,-1,2259.65,1133.10,60.75,46.60,0.40,-1,-1,-1
69,-1,1774.83,682.09,40.66,52.32,0.40,-1,-1,-1
69,-1,407.91,1136.51,35.21,38.41,0.38,-1,-1,-1
69,-1,2088.31,1518.97,30.28,47.52,0.36,-1,-1,-1
69,-1,1808.67,632.96,61.71,71.09,0.29,-1,-1,-1
69,-1,2311.29,1209.23,64.19,44.12,0.28,-1,-1,-1
69,-1,1820.28,685.33,25.17,27.60,0.27,-1,-1,-1
69,-1,1651.40,1821.78,47.51,74.70,0.27,-1,-1,-1
69,-1,2005.64,1588.09,24.80,30.97,0.27,-1,-1,-1
69,-1,2005.76,1587.59,24.75,31.51,0.25,-1,-1,-1
69,-1,2087.21,1547.54,22.81,18.77,0.25,-1,-1,-1
69,-1,1799.73,1385.48,52.34,62.16,0.24,-1,-1,-1
69,-1,1744.88,630.81,125.89,107.18,0.23,-1,-1,-1
69,-1,1651.46,1822.63,46.96,73.67,0.23,-1,-1,-1
69,-1,1746.12,692.35,51.10,45.13,0.22,-1,-1,-1
69,-1,1801.88,688.14,20.46,30.38,0.17,-1,-1,-1
69,-1,2314.89,1206.33,23.12,42.92,0.16,-1,-1,-1
69,-1,2695.74,308.12,29.54,38.54,0.16,-1,-1,-1
69,-1,2058.91,1373.54,68.84,46.46,0.15,-1,-1,-1
69,-1,1715.14,1379.96,136.26,70.33,0.14,-1,-1,-1
69,-1,1851.86,827.28,79.29,10.21,0.12,-1,-1,-1
69,-1,1799.73,685.91,46.17,40.16,0.11,-1,-1,-1
69,-1,408.36,1152.37,26.19,23.01,0.11,-1,-1,-1
69,-1,1716.46,1400.52,15.92,16.41,0.11,-1,-1,-1
69,-1,1796.15,703.29,18.12,32.11,0.10,-1,-1,-1
69,-1,785.34,1023.68,28.81,18.23,0.10,-1,-1,-1
69,-1,2052.58,1515.83,66.49,52.32,0.10,-1,-1,-1
69,-1,413.30,1163.53,16.38,12.25,0.09,-1,-1,-1
69,-1,785.31,1023.62,29.06,18.79,0.09,-1,-1,-1
69,-1,1791.99,673.20,27.16,39.65,0.09,-1,-1,-1
69,-1,2347.19,1223.87,23.29,28.60,0.09,-1,-1,-1
69,-1,2038.55,1789.65,43.27,44.73,0.09,-1,-1,-1
69,-1,1756.72,662.46,56.64,46.68,0.09,-1,-1,-1
69,-1,1542.95,1294.36,45.88,30.37,0.08,-1,-1,-1
69,-1,1789.71,654.62,66.38,61.26,0.08,-1,-1,-1
69,-1,2009.81,1758.01,39.27,34.59,0.07,-1,-1,-1
69,-1,1466.88,1477.31,44.10,81.04,0.07,-1,-1,-1
69,-1,2039.22,796.32,89.72,57.57,0.07,-1,-1,-1
69,-1,2378.08,1197.82,28.89,46.84,0.07,-1,-1,-1
69,-1,2088.26,1518.73,31.45,47.10,0.07,-1,-1,-1
69,-1,2058.89,1397.61,43.69,20.50,0.07,-1,-1,-1
69,-1,1827.37,919.27,38.67,45.56,0.06,-1,-1,-1
69,-1,1479.26,1478.77,27.82,38.25,0.06,-1,-1,-1
69,-1,1660.53,1334.90,41.59,29.47,0.06,-1,-1,-1
69,-1,1799.23,638.17,71.69,66.18,0.06,-1,-1,-1
69,-1,2087.89,1408.00,13.21,13.87,0.05,-1,-1,-1
69,-1,2047.07,1029.56,18.80,16.94,0.05,-1,-1,-1
69,-1,1745.64,692.30,58.83,44.93,0.05,-1,-1,-1
70,-1,2001.21,496.57,130.11,69.01,0.87,-1,-1,-1
70,-1,2269.53,1264.20,139.92,53.58,0.84,-1,-1,-1
70,-1,1960.43,855.85,124.96,45.03,0.81,-1,-1,-1
70,-1,693.30,566.97,158.23,64.52,0.79,-1,-1,-1
70,-1,2226.70,1790.08,53.98,60.55,0.78,-1,-1,-1
70,-1,1326.97,1389.39,81.07,93.75,0.77,-1,-1,-1
70,-1,1831.45,975.24,34.12,27.29,0.75,-1,-1,-1
70,-1,1724.96,689.61,127.66,108.07,0.74,-1,-1,-1
70,-1,1996.49,1814.04,76.51,77.47,0.69,-1,-1,-1
70,-1,2220.82,1817.38,24.90,36.88,0.67,-1,-1,-1
70,-1,2039.33,1434.94,64.74,44.63,0.65,-1,-1,-1
70,-1,693.12,567.26,158.74,63.57,0.64,-1,-1,-1
70,-1,1633.98,1880.96,46.72,80.54,0.63,-1,-1,-1
70,-1,2004.11,1053.76,42.52,51.89,0.56,-1,-1,-1
70,-1,2001.34,496.41,130.30,69.68,0.49,-1,-1,-1
70,-1,1515.26,1439.59,39.81,53.90,0.47,-1,-1,-1
70,-1,2278.22,1270.52,79.67,52.39,0.43,-1,-1,-1
70,-1,1514.99,1356.75,50.67,28.06,0.43,-1,-1,-1
70,-1,1355.60,1482.12,41.67,49.02,0.38,-1,-1,-1
70,-1,1716.29,1120.35,33.52,25.39,0.38,-1,-1,-1
70,-1,1995.90,1814.24,76.53,78.03,0.31,-1,-1,-1
70,-1,1515.28,1439.43,39.82,53.97,0.30,-1,-1,-1
70,-1,2017.53,886.48,37.04,29.08,0.28,-1,-1,-1
70,-1,1328.58,1393.69,79.17,89.18,0.27,-1,-1,-1
70,-1,1614.42,1391.43,72.26,50.71,0.26,-1,-1,-1
70,-1,1633.55,1882.36,46.99,78.72,0.26,-1,-1,-1
70,-1,2038.21,1453.78,60.21,25.74,0.25,-1,-1,-1
70,-1,1986.37,1648.89,25.49,30.11,0.24,-1,-1,-1
70,-1,1756.78,740.28,42.37,54.31,0.24,-1,-1,-1
70,-1,1960.22,856.14,112.21,43.88,0.22,-1,-1,-1
70,-1,1829.18,888.47,83.36,11.02,0.21,-1,-1,-1
70,-1,1716.30,1113.11,35.33,33.14,0.19,-1,-1,-1
70,-1,1652.65,1123.58,37.06,22.22,0.15,-1,-1,-1
70,-1,1787.03,1445.97,47.63,60.82,0.14,-1,-1,-1
70,-1,388.20,1195.33,36.12,40.41,0.14,-1,-1,-1
70,-1,2293.24,1268.30,26.26,43.80,0.14,-1,-1,-1
70,-1,1653.38,1123.59,36.25,21.57,0.14,-1,-1,-1
70,-1,2016.48,887.74,57.62,48.40,0.13,-1,-1,-1
70,-1,1770.13,704.83,81.37,65.94,0.13,-1,-1,-1
70,-1,2073.26,1571.61,27.63,53.97,0.12,-1,-1,-1
70,-1,2242.52,1186.79,55.13,53.77,0.10,-1,-1,-1
70,-1,2241.73,1187.29,55.87,53.49,0.10,-1,-1,-1
70,-1,1716.42,1118.48,35.31,27.26,0.09,-1,-1,-1
70,-1,2003.44,1056.86,43.30,49.58,0.09,-1,-1,-1
70,-1,2003.27,1065.25,41.70,41.16,0.09,-1,-1,-1
70,-1,1801.94,747.81,25.06,26.41,0.09,-1,-1,-1
70,-1,1695.69,1458.96,18.82,16.82,0.08,-1,-1,-1
70,-1,2038.43,1461.00,35.03,18.46,0.08,-1,-1,-1
70,-1,2088.81,498.59,30.30,58.12,0.08,-1,-1,-1
70,-1,1505.86,1351.16,177.99,92.25,0.08,-1,-1,-1
70,-1,1463.01,1543.33,33.36,35.82,0.07,-1,-1,-1
70,-1,1809.34,690.96,40.88,66.41,0.07,-1,-1,-1
70,-1,1463.64,1544.11,25.92,31.83,0.07,-1,-1,-1
70,-1,1781.98,739.10,44.89,35.54,0.07,-1,-1,-1
70,-1,1816.26,691.26,17.12,28.14,0.06,-1,-1,-1
70,-1,1727.59,739.18,58.89,52.43,0.06,-1,-1,-1
70,-1,2327.14,1282.22,29.20,41.17,0.06,-1,-1,-1
70,-1,2037.91,1562.03,71.60,65.86,0.06,-1,-1,-1
70,-1,2079.72,1592.58,19.39,32.69,0.06,-1,-1,-1
70,-1,1800.71,1492.54,20.42,13.76,0.06,-1,-1,-1
70,-1,2023.53,1086.30,21.89,15.47,0.06,-1,-1,-1
70,-1,1704.73,1156.17,21.09,21.23,0.06,-1,-1,-1
70,-1,1614.13,1391.95,73.13,49.83,0.05,-1,-1,-1
70,-1,1774.48,691.98,76.36,73.25,0.05,-1,-1,-1
70,-1,1716.16,1118.35,35.19,26.83,0.05,-1,-1,-1
71,-1,1981.81,574.02,127.99,71.64,0.92,-1,-1,-1
71,-1,1303.27,1465.74,79.95,94.53,0.81,-1,-1,-1
71,-1,2246.97,1341.78,138.02,55.49,0.78,-1,-1,-1
71,-1,1608.83,1956.58,53.37,84.28,0.77,-1,-1,-1
71,-1,1933.27,932.14,141.30,46.95,0.76,-1,-1,-1
71,-1,1935.95,440.43,155.43,162.50,0.75,-1,-1,-1
71,-1,2239.94,1272.77,30.76,45.14,0.73,-1,-1,-1
71,-1,1493.65,1429.72,49.18,38.87,0.71,-1,-1,-1
71,-1,663.48,646.84,161.52,61.56,0.70,-1,-1,-1
71,-1,2015.90,1512.79,65.01,50.38,0.70,-1,-1,-1
71,-1,1932.50,932.67,121.92,46.01,0.69,-1,-1,-1
71,-1,2191.00,1861.21,59.53,71.59,0.67,-1,-1,-1
71,-1,1702.87,773.81,126.74,103.20,0.61,-1,-1,-1
71,-1,1807.93,1052.02,37.41,33.63,0.58,-1,-1,-1
71,-1,663.29,647.28,161.90,60.72,0.56,-1,-1,-1
71,-1,1991.26,963.18,37.72,28.58,0.46,-1,-1,-1
71,-1,1617.30,1464.52,40.15,47.24,0.40,-1,-1,-1
71,-1,2015.16,1643.74,65.68,64.58,0.40,-1,-1,-1
71,-1,2305.36,1354.25,26.61,49.87,0.40,-1,-1,-1
71,-1,1735.25,821.08,37.21,49.62,0.39,-1,-1,-1
71,-1,1746.27,767.76,82.28,76.71,0.38,-1,-1,-1
71,-1,1963.21,1724.67,27.16,32.89,0.33,-1,-1,-1
71,-1,1975.33,1122.36,40.74,52.95,0.27,-1,-1,-1
71,-1,1441.42,1616.58,27.93,34.35,0.25,-1,-1,-1
71,-1,366.63,1270.95,30.68,39.62,0.25,-1,-1,-1
71,-1,1989.07,933.71,90.02,59.04,0.21,-1,-1,-1
71,-1,1756.63,825.35,44.23,45.12,0.21,-1,-1,-1
71,-1,2268.61,1345.35,39.43,42.82,0.20,-1,-1,-1
71,-1,2226.34,1907.53,23.89,12.93,0.18,-1,-1,-1
71,-1,1975.45,1122.53,40.47,51.51,0.17,-1,-1,-1
71,-1,1695.59,1196.73,32.47,24.78,0.16,-1,-1,-1
71,-1,1780.29,822.03,23.51,27.97,0.16,-1,-1,-1
71,-1,1494.89,1521.20,32.52,34.08,0.16,-1,-1,-1
71,-1,1494.50,1461.47,35.85,11.34,0.16,-1,-1,-1
71,-1,1759.14,827.09,21.34,28.86,0.15,-1,-1,-1
71,-1,2266.37,1351.10,67.65,52.06,0.15,-1,-1,-1
71,-1,1717.95,784.19,49.50,60.33,0.15,-1,-1,-1
71,-1,1608.93,1956.11,53.29,85.22,0.14,-1,-1,-1
71,-1,1735.58,844.04,20.44,25.77,0.14,-1,-1,-1
71,-1,2240.29,1272.57,30.62,45.74,0.14,-1,-1,-1
71,-1,1632.92,1192.07,38.11,27.67,0.13,-1,-1,-1
71,-1,1704.38,831.81,48.96,40.53,0.13,-1,-1,-1
71,-1,1907.11,1349.64,62.88,58.50,0.12,-1,-1,-1
71,-1,1770.57,1535.22,35.53,46.99,0.11,-1,-1,-1
71,-1,1798.01,796.31,31.08,39.22,0.11,-1,-1,-1
71,-1,1441.98,1617.01,27.23,33.93,0.10,-1,-1,-1
71,-1,1769.92,1535.24,35.80,47.80,0.10,-1,-1,-1
71,-1,1704.42,839.58,41.33,33.63,0.10,-1,-1,-1
71,-1,1493.77,1521.12,34.87,48.39,0.10,-1,-1,-1
71,-1,1529.30,1431.70,16.54,24.63,0.10,-1,-1,-1
71,-1,1978.88,1891.28,46.71,80.69,0.10,-1,-1,-1
71,-1,1493.74,1435.42,51.52,37.28,0.09,-1,-1,-1
71,-1,1704.37,839.49,41.83,33.81,0.09,-1,-1,-1
71,-1,1704.73,836.64,46.68,36.72,0.09,-1,-1,-1
71,-1,1763.27,767.85,53.43,52.81,0.09,-1,-1,-1
71,-1,1732.45,818.21,30.93,30.28,0.08,-1,-1,-1
71,-1,2221.19,1881.19,28.83,39.64,0.08,-1,-1,-1
71,-1,2220.12,1879.93,29.95,41.10,0.08,-1,-1,-1
71,-1,1757.57,846.15,19.25,25.32,0.08,-1,-1,-1
71,-1,1974.67,1122.32,62.29,76.47,0.08,-1,-1,-1
71,-1,1425.47,1616.49,46.33,72.51,0.07,-1,-1,-1
71,-1,1647.62,1532.97,74.51,49.62,0.07,-1,-1,-1
71,-1,2061.60,1670.41,18.84,35.97,0.07,-1,-1,-1
71,-1,725.49,665.19,36.16,25.60,0.06,-1,-1,-1
71,-1,1717.06,816.04,37.90,28.33,0.06,-1,-1,-1
71,-1,1975.25,1122.20,40.18,52.51,0.06,-1,-1,-1
71,-1,1442.17,1617.50,27.01,33.39,0.06,-1,-1,-1
71,-1,2546.33,615.53,825.63,848.34,0.06,-1,-1,-1
71,-1,1744.16,785.74,84.84,57.19,0.05,-1,-1,-1
71,-1,2016.88,1534.27,54.40,28.81,0.05,-1,-1,-1
72,-1,637.85,727.06,159.35,61.33,0.90,-1,-1,-1
72,-1,1998.79,1596.45,63.55,50.45,0.89,-1,-1,-1
72,-1,1961.54,652.98,129.50,71.49,0.87,-1,-1,-1
72,-1,2225.34,1421.88,138.23,55.82,0.86,-1,-1,-1
72,-1,1908.84,1011.69,122.72,44.98,0.77,-1,-1,-1
72,-1,1283.21,1543.35,78.56,95.18,0.74,-1,-1,-1
72,-1,1588.00,2038.02,56.04,85.59,0.63,-1,-1,-1
72,-1,1962.44,1974.28,38.78,88.69,0.61,-1,-1,-1
72,-1,1683.30,854.58,126.03,100.35,0.57,-1,-1,-1
72,-1,1941.39,1806.78,28.52,31.14,0.53,-1,-1,-1
72,-1,1948.12,1193.38,71.36,96.72,0.51,-1,-1,-1
72,-1,1586.63,1535.94,46.37,65.09,0.51,-1,-1,-1
72,-1,2248.05,1428.58,63.74,56.04,0.50,-1,-1,-1
72,-1,1908.78,1012.13,121.38,44.31,0.49,-1,-1,-1
72,-1,1282.45,1543.15,79.03,95.30,0.49,-1,-1,-1
72,-1,1961.45,652.89,129.86,71.91,0.46,-1,-1,-1
72,-1,2220.97,1350.66,26.97,48.14,0.41,-1,-1,-1
72,-1,347.62,1353.50,30.41,35.00,0.35,-1,-1,-1
72,-1,2000.61,1737.75,61.73,57.98,0.32,-1,-1,-1
72,-1,2221.58,1351.06,26.47,47.48,0.32,-1,-1,-1
72,-1,1965.74,1045.89,41.86,24.34,0.31,-1,-1,-1
72,-1,1485.26,1508.05,29.95,50.02,0.30,-1,-1,-1
72,-1,1947.79,1193.32,43.78,58.56,0.25,-1,-1,-1
72,-1,1677.06,1276.45,27.72,24.22,0.22,-1,-1,-1
72,-1,1424.60,1694.06,24.52,35.42,0.22,-1,-1,-1
72,-1,1716.61,901.98,33.16,47.51,0.21,-1,-1,-1
72,-1,1963.49,1009.57,89.53,53.22,0.20,-1,-1,-1
72,-1,1173.31,0.92,277.59,210.90,0.19,-1,-1,-1
72,-1,1612.79,1269.56,41.25,25.04,0.19,-1,-1,-1
72,-1,1962.99,1975.72,38.27,86.86,0.17,-1,-1,-1
72,-1,1790.92,1128.44,35.28,32.27,0.16,-1,-1,-1
72,-1,2248.81,1426.85,34.95,40.85,0.16,-1,-1,-1
72,-1,1725.06,864.52,77.62,67.80,0.15,-1,-1,-1
72,-1,1677.05,1276.59,27.33,24.07,0.14,-1,-1,-1
72,-1,1612.09,1262.26,43.84,32.18,0.13,-1,-1,-1
72,-1,1759.26,901.53,23.53,28.47,0.13,-1,-1,-1
72,-1,1684.78,908.26,43.49,44.04,0.13,-1,-1,-1
72,-1,1583.51,1536.22,116.36,98.27,0.12,-1,-1,-1
72,-1,1684.97,907.81,43.75,44.73,0.12,-1,-1,-1
72,-1,2197.05,1957.12,33.17,45.22,0.12,-1,-1,-1
72,-1,2001.32,1742.58,35.90,25.16,0.11,-1,-1,-1
72,-1,1941.92,1815.13,27.76,23.18,0.10,-1,-1,-1
72,-1,1728.64,931.67,22.38,21.25,0.10,-1,-1,-1
72,-1,1998.57,1611.76,24.98,35.78,0.10,-1,-1,-1
72,-1,2281.53,1433.95,29.61,51.02,0.09,-1,-1,-1
72,-1,1588.05,2037.86,56.16,86.34,0.09,-1,-1,-1
72,-1,1948.97,1211.17,44.57,62.44,0.09,-1,-1,-1
72,-1,1628.99,1262.06,26.91,15.49,0.09,-1,-1,-1
72,-1,1676.90,1276.56,27.45,24.40,0.08,-1,-1,-1
72,-1,1741.16,904.84,17.75,34.26,0.08,-1,-1,-1
72,-1,1611.00,1265.26,47.94,78.82,0.08,-1,-1,-1
72,-1,349.40,1365.14,26.16,23.51,0.07,-1,-1,-1
72,-1,700.14,744.71,36.33,27.44,0.06,-1,-1,-1
72,-1,1703.26,886.03,41.83,36.33,0.06,-1,-1,-1
72,-1,1484.83,1508.69,48.14,51.66,0.06,-1,-1,-1
72,-1,1760.84,905.46,22.78,25.53,0.05,-1,-1,-1
72,-1,1798.85,1133.42,28.06,25.95,0.05,-1,-1,-1
72,-1,1639.62,1612.97,61.61,17.81,0.05,-1,-1,-1
73,-1,614.96,806.76,159.93,60.12,0.92,-1,-1,-1
73,-1,1980.44,1674.66,63.47,57.69,0.87,-1,-1,-1
73,-1,2205.18,1501.23,138.04,53.57,0.79,-1,-1,-1
73,-1,1942.00,734.05,128.55,71.23,0.79,-1,-1,-1
73,-1,1884.33,1091.96,120.58,44.77,0.74,-1,-1,-1
73,-1,1942.44,734.05,128.50,71.24,0.73,-1,-1,-1
73,-1,1761.99,1207.90,47.54,41.41,0.73,-1,-1,-1
73,-1,1262.78,1621.60,77.95,96.15,0.67,-1,-1,-1
73,-1,1919.64,1885.01,30.93,33.40,0.63,-1,-1,-1
73,-1,1262.78,1621.58,77.95,96.24,0.61,-1,-1,-1
73,-1,2227.38,1508.05,63.38,40.15,0.60,-1,-1,-1
73,-1,1922.26,1265.92,70.44,77.92,0.59,-1,-1,-1
73,-1,1882.57,1092.04,120.73,44.42,0.57,-1,-1,-1
73,-1,328.39,1434.84,32.76,32.23,0.55,-1,-1,-1
73,-1,1697.34,980.74,37.64,51.44,0.50,-1,-1,-1
73,-1,1467.33,1585.86,26.73,46.72,0.49,-1,-1,-1
73,-1,1661.00,997.84,46.20,35.37,0.46,-1,-1,-1
73,-1,2199.06,1420.28,29.14,60.63,0.43,-1,-1,-1
73,-1,1657.78,927.91,132.29,104.73,0.41,-1,-1,-1
73,-1,1401.31,1772.51,31.56,38.20,0.40,-1,-1,-1
73,-1,1576.11,1614.32,43.64,49.51,0.37,-1,-1,-1
73,-1,1754.14,1122.09,81.31,17.95,0.36,-1,-1,-1
73,-1,1939.63,1125.28,36.42,26.18,0.34,-1,-1,-1
73,-1,1945.21,755.47,79.74,47.53,0.33,-1,-1,-1
73,-1,1921.51,651.17,146.09,114.99,0.31,-1,-1,-1
73,-1,1141.82,-0.13,27.54,14.35,0.31,-1,-1,-1
73,-1,1706.17,936.68,66.25,73.85,0.30,-1,-1,-1
73,-1,1677.60,975.26,34.32,27.90,0.28,-1,-1,-1
73,-1,1740.71,979.82,23.54,30.14,0.25,-1,-1,-1
73,-1,1715.92,982.51,24.26,36.33,0.25,-1,-1,-1
73,-1,2028.93,736.94,27.42,53.36,0.25,-1,-1,-1
73,-1,1943.45,2056.68,36.61,90.89,0.24,-1,-1,-1
73,-1,1779.32,1071.12,64.60,68.25,0.24,-1,-1,-1
73,-1,2199.47,1420.57,28.58,60.71,0.23,-1,-1,-1
73,-1,1943.75,2056.78,61.16,90.45,0.20,-1,-1,-1
73,-1,674.02,826.58,40.78,31.51,0.20,-1,-1,-1
73,-1,332.77,1453.57,16.94,14.24,0.20,-1,-1,-1
73,-1,1586.89,1614.74,21.00,30.74,0.20,-1,-1,-1
73,-1,1705.86,932.77,82.78,71.83,0.18,-1,-1,-1
73,-1,1978.77,1720.37,26.57,13.31,0.18,-1,-1,-1
73,-1,1121.78,0.56,308.91,294.03,0.18,-1,-1,-1
73,-1,1263.01,1622.27,78.35,95.98,0.16,-1,-1,-1
73,-1,1575.04,1646.82,43.81,16.77,0.15,-1,-1,-1
73,-1,1724.53,927.90,59.49,58.86,0.15,-1,-1,-1
73,-1,1619.15,1694.50,35.64,13.13,0.14,-1,-1,-1
73,-1,2173.11,2033.83,40.14,53.39,0.14,-1,-1,-1
73,-1,1660.36,996.96,47.19,36.63,0.13,-1,-1,-1
73,-1,1593.00,1332.87,93.29,47.24,0.13,-1,-1,-1
73,-1,1472.57,1615.10,20.08,17.10,0.13,-1,-1,-1
73,-1,1921.14,1898.03,28.51,20.86,0.12,-1,-1,-1
73,-1,1759.29,956.08,29.49,38.99,0.12,-1,-1,-1
73,-1,1704.88,937.45,24.18,39.89,0.10,-1,-1,-1
73,-1,1805.46,1109.09,37.21,30.09,0.09,-1,-1,-1
73,-1,1754.94,1111.17,89.41,28.51,0.09,-1,-1,-1
73,-1,1933.56,1092.98,95.81,56.54,0.09,-1,-1,-1
73,-1,1674.56,1941.62,45.39,24.02,0.09,-1,-1,-1
73,-1,1591.55,1342.63,45.41,26.33,0.09,-1,-1,-1
73,-1,1990.87,1799.33,66.28,102.76,0.08,-1,-1,-1
73,-1,1655.43,1356.70,29.95,22.97,0.08,-1,-1,-1
73,-1,1745.83,994.52,18.76,16.91,0.08,-1,-1,-1
73,-1,2421.96,191.53,15.62,11.46,0.08,-1,-1,-1
73,-1,2173.27,2033.57,39.55,52.75,0.08,-1,-1,-1
73,-1,1575.72,1646.45,43.55,16.64,0.08,-1,-1,-1
73,-1,1921.00,654.15,146.13,111.86,0.08,-1,-1,-1
73,-1,708.16,0.78,728.26,312.57,0.07,-1,-1,-1
73,-1,1974.19,1749.17,36.45,13.97,0.07,-1,-1,-1
73,-1,1619.97,1694.22,39.46,17.76,0.06,-1,-1,-1
73,-1,1398.25,1772.42,34.23,38.24,0.06,-1,-1,-1
73,-1,1661.65,997.46,45.74,35.69,0.06,-1,-1,-1
73,-1,1992.89,1801.53,45.79,58.69,0.06,-1,-1,-1
73,-1,1661.09,997.51,46.31,35.82,0.06,-1,-1,-1
73,-1,1397.84,1771.59,34.31,39.27,0.06,-1,-1,-1
73,-1,1756.76,928.51,31.15,64.99,0.06,-1,-1,-1
73,-1,1978.88,1715.84,68.49,18.17,0.06,-1,-1,-1
73,-1,1943.79,2056.67,62.34,91.03,0.06,-1,-1,-1
73,-1,1284.61,1714.05,58.20,68.22,0.06,-1,-1,-1
73,-1,1398.70,1772.56,33.67,37.98,0.06,-1,-1,-1
73,-1,1745.44,993.24,19.30,17.03,0.05,-1,-1,-1
73,-1,331.44,1446.77,30.07,20.21,0.05,-1,-1,-1
74,-1,1929.20,799.03,127.05,71.93,0.93,-1,-1,-1
74,-1,1127.29,49.85,27.06,27.86,0.84,-1,-1,-1
74,-1,1969.11,1730.22,60.80,64.70,0.79,-1,-1,-1
74,-1,1692.58,991.49,80.71,77.99,0.71,-1,-1,-1
74,-1,1650.45,1062.54,41.49,35.17,0.69,-1,-1,-1
74,-1,1867.46,1157.17,115.92,43.21,0.66,-1,-1,-1
74,-1,597.17,871.35,159.62,59.41,0.64,-1,-1,-1
74,-1,2189.56,1566.25,138.97,54.73,0.63,-1,-1,-1
74,-1,1867.31,1155.72,140.56,44.91,0.63,-1,-1,-1
74,-1,1902.21,1949.91,37.35,36.55,0.61,-1,-1,-1
74,-1,1902.96,1322.94,44.73,54.36,0.59,-1,-1,-1
74,-1,1738.80,1184.90,78.00,23.27,0.57,-1,-1,-1
74,-1,2211.99,1574.20,62.71,42.53,0.56,-1,-1,-1
74,-1,1923.30,1188.42,36.04,27.23,0.54,-1,-1,-1
74,-1,2182.55,1485.18,32.47,66.14,0.53,-1,-1,-1
74,-1,1248.18,1685.90,77.50,97.89,0.48,-1,-1,-1
74,-1,596.88,871.39,160.90,59.32,0.47,-1,-1,-1
74,-1,314.44,1498.17,28.99,32.86,0.46,-1,-1,-1
74,-1,1908.40,763.42,83.31,72.33,0.45,-1,-1,-1
74,-1,2189.27,1565.94,138.97,55.40,0.43,-1,-1,-1
74,-1,1681.45,1045.07,38.66,51.18,0.42,-1,-1,-1
74,-1,1248.44,1686.72,78.00,97.18,0.42,-1,-1,-1
74,-1,1747.42,1275.62,48.08,44.42,0.40,-1,-1,-1
74,-1,1700.99,1049.65,22.11,47.22,0.39,-1,-1,-1
74,-1,651.52,891.18,42.03,37.57,0.36,-1,-1,-1
74,-1,2183.27,1485.52,31.79,66.27,0.33,-1,-1,-1
74,-1,1248.28,1685.80,77.48,97.70,0.32,-1,-1,-1
74,-1,1561.21,1683.17,32.99,48.74,0.31,-1,-1,-1
74,-1,2155.38,2099.16,39.75,53.24,0.31,-1,-1,-1
74,-1,1768.62,1136.86,56.93,69.61,0.31,-1,-1,-1
74,-1,1393.08,1835.65,32.95,36.21,0.27,-1,-1,-1
74,-1,1650.03,1009.61,127.10,86.59,0.22,-1,-1,-1
74,-1,1644.92,1421.22,27.22,24.09,0.21,-1,-1,-1
74,-1,1570.33,1391.95,100.79,78.84,0.21,-1,-1,-1
74,-1,1270.88,1779.29,50.83,33.10,0.21,-1,-1,-1
74,-1,1722.98,1046.16,24.31,25.51,0.20,-1,-1,-1
74,-1,1972.58,1868.39,100.77,122.17,0.20,-1,-1,-1
74,-1,1660.76,1045.55,47.60,48.10,0.19,-1,-1,-1
74,-1,1900.83,1953.52,27.59,32.45,0.18,-1,-1,-1
74,-1,1910.02,701.18,141.87,133.04,0.18,-1,-1,-1
74,-1,1450.23,1651.85,32.39,45.05,0.15,-1,-1,-1
74,-1,1903.75,1340.03,56.62,66.82,0.14,-1,-1,-1
74,-1,1398.79,1737.60,77.23,36.89,0.13,-1,-1,-1
74,-1,1989.37,703.55,60.25,88.44,0.12,-1,-1,-1
74,-1,1668.09,1041.62,104.21,37.10,0.12,-1,-1,-1
74,-1,1918.25,1156.38,93.12,45.16,0.11,-1,-1,-1
74,-1,1661.81,1041.79,35.32,26.90,0.11,-1,-1,-1
74,-1,1393.24,1835.94,32.67,35.75,0.11,-1,-1,-1
74,-1,317.33,1515.09,20.36,16.58,0.11,-1,-1,-1
74,-1,211.28,1343.87,822.67,824.35,0.11,-1,-1,-1
74,-1,1902.94,1336.31,61.18,71.28,0.11,-1,-1,-1
74,-1,1650.37,1061.98,41.72,35.17,0.10,-1,-1,-1
74,-1,1393.23,1836.05,32.22,35.56,0.09,-1,-1,-1
74,-1,317.73,1523.77,18.29,9.90,0.08,-1,-1,-1
74,-1,1737.89,1136.45,88.43,72.77,0.08,-1,-1,-1
74,-1,1570.49,1402.36,52.63,66.61,0.08,-1,-1,-1
74,-1,147.20,1344.82,824.34,822.77,0.07,-1,-1,-1
74,-1,1650.53,1062.38,41.85,34.91,0.07,-1,-1,-1
74,-1,1968.52,1729.39,64.39,65.64,0.07,-1,-1,-1
74,-1,1450.70,1666.93,31.20,29.76,0.07,-1,-1,-1
74,-1,1142.96,44.35,280.29,313.78,0.07,-1,-1,-1
74,-1,2213.78,1574.24,30.04,39.15,0.07,-1,-1,-1
74,-1,1901.55,1322.20,98.42,79.29,0.07,-1,-1,-1
74,-1,1968.84,1729.46,63.58,65.50,0.07,-1,-1,-1
74,-1,1722.18,1060.50,31.31,14.48,0.06,-1,-1,-1
74,-1,1936.84,2126.42,21.08,32.37,0.06,-1,-1,-1
74,-1,1741.48,994.22,31.08,65.29,0.06,-1,-1,-1
74,-1,147.24,1254.59,824.47,850.38,0.06,-1,-1,-1
74,-1,1746.02,1275.67,49.53,44.13,0.06,-1,-1,-1
74,-1,1651.07,1062.43,40.19,34.32,0.05,-1,-1,-1
74,-1,1703.28,1052.00,50.56,32.83,0.05,-1,-1,-1
75,-1,1111.42,133.54,26.91,27.08,0.87,-1,-1,-1
75,-1,1232.40,1770.75,74.46,95.91,0.86,-1,-1,-1
75,-1,575.19,954.36,159.48,58.71,0.84,-1,-1,-1
75,-1,1950.69,1809.69,63.83,69.21,0.82,-1,-1,-1
75,-1,1880.78,1400.42,68.04,91.74,0.80,-1,-1,-1
75,-1,1847.33,1238.15,118.76,44.04,0.76,-1,-1,-1
75,-1,632.93,970.94,47.15,44.72,0.76,-1,-1,-1
75,-1,2171.79,1651.49,137.42,51.66,0.71,-1,-1,-1
75,-1,1914.04,883.09,124.28,75.02,0.71,-1,-1,-1
75,-1,1914.75,883.20,124.08,74.86,0.68,-1,-1,-1
75,-1,1748.33,1360.68,31.48,34.43,0.67,-1,-1,-1
75,-1,2159.29,1570.42,40.85,68.06,0.64,-1,-1,-1
75,-1,1632.08,1082.88,127.01,99.68,0.58,-1,-1,-1
75,-1,1848.20,1237.71,119.66,45.30,0.57,-1,-1,-1
75,-1,2194.76,1659.62,62.64,43.09,0.55,-1,-1,-1
75,-1,1678.30,1072.25,71.73,86.85,0.52,-1,-1,-1
75,-1,1629.99,1502.89,27.62,24.97,0.49,-1,-1,-1
75,-1,1834.82,1668.38,52.33,47.76,0.45,-1,-1,-1
75,-1,1663.06,1126.52,31.63,49.60,0.42,-1,-1,-1
75,-1,1905.06,1271.49,31.78,26.84,0.38,-1,-1,-1
75,-1,1916.65,906.78,76.97,48.47,0.32,-1,-1,-1
75,-1,1682.74,1132.98,28.35,45.25,0.30,-1,-1,-1
75,-1,1646.14,1120.90,40.00,28.38,0.26,-1,-1,-1
75,-1,1547.91,1472.64,107.22,95.89,0.20,-1,-1,-1
75,-1,1835.01,1668.50,52.18,47.32,0.20,-1,-1,-1
75,-1,1880.59,2031.23,38.30,39.26,0.20,-1,-1,-1
75,-1,1645.83,1121.65,39.57,27.61,0.17,-1,-1,-1
75,-1,1679.87,1147.20,23.34,34.68,0.16,-1,-1,-1
75,-1,1722.72,1228.13,82.39,69.82,0.16,-1,-1,-1
75,-1,1944.67,1865.02,21.48,30.05,0.16,-1,-1,-1
75,-1,1722.89,1266.58,72.46,30.74,0.16,-1,-1,-1
75,-1,1431.88,1752.76,31.95,36.41,0.15,-1,-1,-1
75,-1,1255.00,1860.39,51.88,63.08,0.14,-1,-1,-1
75,-1,1633.60,1143.31,41.42,34.09,0.14,-1,-1,-1
75,-1,575.53,954.69,158.41,58.97,0.14,-1,-1,-1
75,-1,1574.34,1474.52,35.22,29.03,0.12,-1,-1,-1
75,-1,2171.53,1649.93,138.11,52.75,0.12,-1,-1,-1
75,-1,1947.39,1865.84,18.52,28.26,0.12,-1,-1,-1
75,-1,1964.50,1973.56,35.68,29.54,0.11,-1,-1,-1
75,-1,1543.73,1769.28,45.93,51.49,0.11,-1,-1,-1
75,-1,1690.07,1131.48,20.73,28.61,0.10,-1,-1,-1
75,-1,1653.87,1151.29,21.61,24.56,0.09,-1,-1,-1
75,-1,2195.55,1653.22,24.32,46.49,0.09,-1,-1,-1
75,-1,2170.65,1647.60,139.00,56.63,0.09,-1,-1,-1
75,-1,1938.87,792.35,99.61,124.30,0.08,-1,-1,-1
75,-1,1231.26,1767.38,75.98,99.09,0.08,-1,-1,-1
75,-1,1867.29,1670.50,18.49,22.13,0.08,-1,-1,-1
75,-1,1431.53,1752.24,28.47,36.70,0.08,-1,-1,-1
75,-1,1700.36,1124.60,31.28,33.23,0.08,-1,-1,-1
75,-1,1634.58,1143.83,44.82,35.07,0.07,-1,-1,-1
75,-1,1417.99,1380.85,15.70,10.09,0.07,-1,-1,-1
75,-1,1123.26,120.84,282.58,327.10,0.07,-1,-1,-1
75,-1,1633.11,1143.70,22.27,28.27,0.07,-1,-1,-1
75,-1,1574.21,1474.04,35.89,29.83,0.06,-1,-1,-1
75,-1,1924.99,1864.26,40.38,29.91,0.06,-1,-1,-1
75,-1,2198.43,1639.27,104.30,63.26,0.06,-1,-1,-1
75,-1,1572.30,1825.27,77.02,62.43,0.06,-1,-1,-1
75,-1,1964.67,1973.00,35.62,29.56,0.06,-1,-1,-1
75,-1,1572.11,1474.72,83.86,54.92,0.05,-1,-1,-1
75,-1,1633.98,1142.86,42.58,35.00,0.05,-1,-1,-1
75,-1,1676.97,1854.34,51.59,64.09,0.05,-1,-1,-1
75,-1,1676.94,1854.62,51.05,64.09,0.05,-1,-1,-1
76,-1,555.96,1036.90,159.68,59.21,0.90,-1,-1,-1
76,-1,1829.28,1321.03,118.32,42.69,0.89,-1,-1,-1
76,-1,1096.40,218.30,27.58,27.35,0.87,-1,-1,-1
76,-1,2156.03,1732.82,136.62,55.20,0.77,-1,-1,-1
76,-1,1898.38,967.96,126.05,78.36,0.75,-1,-1,-1
76,-1,1215.55,1850.00,74.27,99.92,0.67,-1,-1,-1
76,-1,1735.09,1443.89,29.78,35.50,0.65,-1,-1,-1
76,-1,2179.59,1743.94,60.07,38.13,0.65,-1,-1,-1
76,-1,1617.47,1169.66,126.11,92.40,0.61,-1,-1,-1
76,-1,1898.12,968.35,125.81,77.63,0.58,-1,-1,-1
76,-1,1971.84,898.12,39.85,62.30,0.53,-1,-1,-1
76,-1,1865.27,1487.86,62.42,80.97,0.50,-1,-1,-1
76,-1,1401.93,1827.46,43.02,54.47,0.44,-1,-1,-1
76,-1,1618.44,1155.86,121.57,105.67,0.42,-1,-1,-1
76,-1,1521.17,1851.87,55.18,64.03,0.37,-1,-1,-1
76,-1,1933.79,1907.98,65.57,53.76,0.36,-1,-1,-1
76,-1,1399.67,1826.56,44.14,37.84,0.34,-1,-1,-1
76,-1,1563.05,1550.16,36.39,32.11,0.34,-1,-1,-1
76,-1,1538.79,1890.96,12.10,25.98,0.32,-1,-1,-1
76,-1,613.23,1053.90,45.67,48.33,0.31,-1,-1,-1
76,-1,1215.66,1852.05,74.48,98.48,0.30,-1,-1,-1
76,-1,1614.15,1588.36,26.76,23.72,0.27,-1,-1,-1
76,-1,283.31,1656.55,27.39,38.45,0.27,-1,-1,-1
76,-1,2145.75,1650.50,40.85,73.34,0.25,-1,-1,-1
76,-1,1679.46,1155.53,59.60,75.28,0.22,-1,-1,-1
76,-1,1925.82,941.53,54.04,59.43,0.22,-1,-1,-1
76,-1,2146.45,1651.05,39.93,72.99,0.20,-1,-1,-1
76,-1,2243.75,1729.39,28.69,46.14,0.20,-1,-1,-1
76,-1,1933.53,1907.51,65.78,54.50,0.18,-1,-1,-1
76,-1,1888.22,1352.07,33.09,28.64,0.18,-1,-1,-1
76,-1,1554.84,1549.22,90.39,65.68,0.15,-1,-1,-1
76,-1,2179.71,1742.04,21.77,39.91,0.15,-1,-1,-1
76,-1,1411.45,1905.36,26.29,22.27,0.15,-1,-1,-1
76,-1,2146.88,1650.32,39.46,73.76,0.14,-1,-1,-1
76,-1,1663.15,1186.85,54.34,69.36,0.12,-1,-1,-1
76,-1,287.03,1672.91,20.54,22.46,0.11,-1,-1,-1
76,-1,1630.42,1180.00,63.61,53.82,0.11,-1,-1,-1
76,-1,1865.58,1488.47,44.09,41.10,0.11,-1,-1,-1
76,-1,283.89,1662.01,26.48,33.70,0.10,-1,-1,-1
76,-1,1523.37,1875.14,28.20,40.92,0.09,-1,-1,-1
76,-1,1644.62,1210.13,39.75,47.50,0.09,-1,-1,-1
76,-1,245.38,1317.50,822.74,845.25,0.08,-1,-1,-1
76,-1,1362.25,1990.77,45.28,39.07,0.08,-1,-1,-1
76,-1,1951.48,937.99,28.47,45.67,0.08,-1,-1,-1
76,-1,1933.11,1907.62,66.49,54.29,0.08,-1,-1,-1
76,-1,2249.78,1744.35,22.35,25.32,0.08,-1,-1,-1
76,-1,1865.39,1488.60,62.70,81.04,0.08,-1,-1,-1
76,-1,1829.77,1321.22,140.08,42.70,0.07,-1,-1,-1
76,-1,1522.89,1877.41,28.96,38.16,0.07,-1,-1,-1
76,-1,149.69,1346.57,821.45,820.46,0.07,-1,-1,-1
76,-1,1980.75,1910.17,19.36,36.88,0.07,-1,-1,-1
76,-1,1537.12,1549.35,63.32,64.95,0.07,-1,-1,-1
76,-1,85.23,1346.88,821.86,820.17,0.06,-1,-1,-1
76,-1,1408.96,1906.03,54.15,40.51,0.06,-1,-1,-1
76,-1,1951.37,936.28,28.88,47.03,0.06,-1,-1,-1
76,-1,1858.89,2105.29,47.31,51.95,0.06,-1,-1,-1
76,-1,1613.47,1581.75,30.01,30.43,0.06,-1,-1,-1
76,-1,1870.29,880.13,142.63,129.87,0.06,-1,-1,-1
76,-1,1888.13,1359.97,27.24,20.41,0.06,-1,-1,-1
76,-1,1735.55,1454.41,29.01,25.42,0.05,-1,-1,-1
76,-1,2367.89,419.63,27.85,14.70,0.05,-1,-1,-1
77,-1,1884.78,1049.92,123.43,78.39,0.93,-1,-1,-1
77,-1,538.02,1117.24,157.39,63.81,0.92,-1,-1,-1
77,-1,1083.12,300.26,26.88,27.00,0.87,-1,-1,-1
77,-1,2139.86,1812.88,137.07,56.54,0.74,-1,-1,-1
77,-1,1600.20,1665.03,29.44,27.00,0.65,-1,-1,-1
77,-1,1200.51,1930.22,74.13,100.24,0.64,-1,-1,-1
77,-1,591.94,1139.42,54.93,76.88,0.64,-1,-1,-1
77,-1,1853.37,959.12,139.22,128.04,0.55,-1,-1,-1
77,-1,1691.63,1399.38,82.68,65.97,0.54,-1,-1,-1
77,-1,1810.80,1400.94,115.75,41.94,0.50,-1,-1,-1
77,-1,1716.21,1524.49,32.86,40.52,0.50,-1,-1,-1
77,-1,1601.64,1235.65,127.06,108.30,0.45,-1,-1,-1
77,-1,1200.64,1934.54,73.44,96.17,0.38,-1,-1,-1
77,-1,1917.60,1978.75,65.56,63.29,0.38,-1,-1,-1
77,-1,1811.09,1401.02,120.38,42.05,0.38,-1,-1,-1
77,-1,1200.55,1931.41,74.31,99.21,0.36,-1,-1,-1
77,-1,1870.08,1432.69,29.21,28.38,0.34,-1,-1,-1
77,-1,1812.57,1817.09,52.82,62.36,0.30,-1,-1,-1
77,-1,1542.31,1624.10,86.94,69.56,0.28,-1,-1,-1
77,-1,1861.48,1573.49,41.89,47.04,0.28,-1,-1,-1
77,-1,2119.54,1722.62,48.48,78.57,0.26,-1,-1,-1
77,-1,1442.14,1620.44,189.54,144.81,0.24,-1,-1,-1
77,-1,1812.00,1817.41,53.40,62.51,0.24,-1,-1,-1
77,-1,1668.14,1236.96,54.70,63.59,0.24,-1,-1,-1
77,-1,1912.41,968.18,80.65,117.59,0.23,-1,-1,-1
77,-1,2163.84,1827.60,59.55,36.18,0.22,-1,-1,-1
77,-1,2119.70,1722.31,48.48,78.99,0.20,-1,-1,-1
77,-1,2227.62,1810.49,29.77,44.39,0.19,-1,-1,-1
77,-1,2163.12,1816.58,22.48,49.43,0.19,-1,-1,-1
77,-1,267.80,1737.31,30.57,38.83,0.17,-1,-1,-1
77,-1,1956.23,1979.17,27.71,45.23,0.13,-1,-1,-1
77,-1,1933.93,992.46,58.10,83.62,0.12,-1,-1,-1
77,-1,1646.31,1260.88,36.22,54.57,0.12,-1,-1,-1
77,-1,1722.94,1540.47,23.66,24.29,0.12,-1,-1,-1
77,-1,1650.94,1291.99,50.23,45.80,0.11,-1,-1,-1
77,-1,1678.16,1292.83,23.04,25.87,0.10,-1,-1,-1
77,-1,1631.36,1290.17,35.40,29.10,0.10,-1,-1,-1
77,-1,1089.21,281.25,288.37,339.01,0.09,-1,-1,-1
77,-1,1388.25,1910.63,48.15,53.50,0.08,-1,-1,-1
77,-1,1909.57,1058.82,31.54,26.45,0.08,-1,-1,-1
77,-1,1908.87,1039.27,66.63,45.94,0.07,-1,-1,-1
77,-1,1616.29,1277.51,54.79,40.48,0.07,-1,-1,-1
77,-1,2233.81,1825.83,23.46,24.38,0.07,-1,-1,-1
77,-1,1695.49,1267.33,32.81,38.69,0.06,-1,-1,-1
77,-1,1645.31,1306.91,27.73,35.74,0.06,-1,-1,-1
77,-1,1916.86,1979.31,67.36,63.69,0.06,-1,-1,-1
77,-1,2139.97,1811.17,136.08,58.88,0.06,-1,-1,-1
77,-1,1695.22,1267.14,32.88,38.84,0.06,-1,-1,-1
77,-1,1646.46,1254.83,75.01,64.27,0.06,-1,-1,-1
77,-1,2188.19,1828.88,34.84,26.96,0.06,-1,-1,-1
77,-1,8.79,1348.15,807.42,819.85,0.05,-1,-1,-1
78,-1,508.81,1253.08,155.89,71.50,0.92,-1,-1,-1
78,-1,1859.89,1196.78,125.37,73.85,0.88,-1,-1,-1
78,-1,1060.33,441.67,27.28,26.96,0.87,-1,-1,-1
78,-1,1779.96,1539.28,120.26,39.86,0.87,-1,-1,-1
78,-1,1174.98,2068.28,72.14,90.14,0.73,-1,-1,-1
78,-1,1696.29,1665.24,30.21,44.74,0.73,-1,-1,-1
78,-1,2113.62,1950.93,135.44,56.73,0.72,-1,-1,-1
78,-1,562.82,1275.80,49.99,58.84,0.64,-1,-1,-1
78,-1,1838.97,1570.41,29.72,28.01,0.55,-1,-1,-1
78,-1,1879.90,2123.84,78.53,35.31,0.47,-1,-1,-1
78,-1,1582.74,1378.40,121.15,101.88,0.42,-1,-1,-1
78,-1,1580.93,1399.90,126.06,82.07,0.39,-1,-1,-1
78,-1,1174.77,2068.46,73.35,90.24,0.35,-1,-1,-1
78,-1,1943.23,1140.94,26.25,55.72,0.30,-1,-1,-1
78,-1,2112.98,1951.40,136.42,56.06,0.22,-1,-1,-1
78,-1,2135.49,1964.95,62.44,39.65,0.19,-1,-1,-1
78,-1,1859.56,1204.26,113.16,65.87,0.16,-1,-1,-1
78,-1,2205.34,1965.22,24.44,26.35,0.14,-1,-1,-1
78,-1,2113.32,1951.46,134.71,57.05,0.12,-1,-1,-1
78,-1,2.44,1350.11,795.68,818.64,0.11,-1,-1,-1
78,-1,1567.49,1806.28,34.67,36.40,0.11,-1,-1,-1
78,-1,1578.74,1809.98,24.39,20.12,0.11,-1,-1,-1
78,-1,1522.76,1760.52,80.81,106.86,0.11,-1,-1,-1
78,-1,1698.32,1687.97,24.13,21.84,0.10,-1,-1,-1
78,-1,1174.99,2068.61,72.54,90.20,0.09,-1,-1,-1
78,-1,622.41,1765.33,27.67,18.82,0.09,-1,-1,-1
78,-1,583.63,1275.89,24.02,37.21,0.08,-1,-1,-1
78,-1,622.63,1764.57,27.62,20.23,0.08,-1,-1,-1
78,-1,246.88,1880.00,26.06,33.54,0.08,-1,-1,-1
78,-1,1909.11,1140.57,62.91,86.68,0.08,-1,-1,-1
78,-1,622.41,1765.14,27.10,18.90,0.08,-1,-1,-1
78,-1,1558.80,1810.52,45.33,59.90,0.08,-1,-1,-1
78,-1,1670.27,1541.73,71.19,68.57,0.08,-1,-1,-1
78,-1,1838.04,1095.15,131.11,136.42,0.08,-1,-1,-1
78,-1,2109.63,1899.40,29.04,34.74,0.07,-1,-1,-1
78,-1,22.21,1318.20,823.27,848.18,0.07,-1,-1,-1
78,-1,1582.77,1429.26,90.50,53.45,0.07,-1,-1,-1
78,-1,1669.75,1541.38,71.44,69.30,0.07,-1,-1,-1
78,-1,1879.75,2123.93,78.36,35.14,0.07,-1,-1,-1
78,-1,1072.22,422.72,284.35,327.31,0.06,-1,-1,-1
78,-1,1526.92,1760.95,35.63,43.91,0.06,-1,-1,-1
78,-1,2109.62,1899.32,29.01,34.77,0.06,-1,-1,-1
78,-1,250.95,1891.74,21.53,21.83,0.06,-1,-1,-1
78,-1,1704.38,1583.62,19.82,27.43,0.06,-1,-1,-1
78,-1,1779.12,1539.26,134.23,40.31,0.05,-1,-1,-1
78,-1,1802.59,1975.87,25.59,35.08,0.05,-1,-1,-1
79,-1,481.49,1399.49,152.14,78.58,0.92,-1,-1,-1
79,-1,1036.89,591.23,27.74,26.36,0.86,-1,-1,-1
79,-1,1745.99,1685.20,120.19,38.52,0.84,-1,-1,-1
79,-1,1839.03,1345.54,123.32,77.97,0.83,-1,-1,-1
79,-1,1558.08,1521.99,127.53,107.20,0.74,-1,-1,-1
79,-1,533.87,1427.13,53.91,43.72,0.69,-1,-1,-1
79,-1,2089.55,2095.41,135.44,60.57,0.68,-1,-1,-1
79,-1,1902.92,1304.61,50.04,107.23,0.66,-1,-1,-1
79,-1,1796.66,1841.43,54.44,45.27,0.43,-1,-1,-1
79,-1,1582.72,1573.07,43.60,51.77,0.33,-1,-1,-1
79,-1,2089.24,2095.48,136.21,60.63,0.31,-1,-1,-1
79,-1,1665.46,1688.07,47.43,75.13,0.30,-1,-1,-1
79,-1,1489.32,1894.86,95.28,103.00,0.25,-1,-1,-1
79,-1,2076.72,2034.12,43.50,61.66,0.25,-1,-1,-1
79,-1,1653.29,1688.06,60.47,77.38,0.24,-1,-1,-1
79,-1,1578.24,1519.98,77.82,83.37,0.17,-1,-1,-1
79,-1,1821.25,1311.27,77.60,70.56,0.17,-1,-1,-1
79,-1,1503.60,1895.58,40.34,30.54,0.15,-1,-1,-1
79,-1,2076.31,2034.06,43.97,61.50,0.15,-1,-1,-1
79,-1,1819.41,1269.13,140.84,136.29,0.14,-1,-1,-1
79,-1,1503.67,1895.79,40.38,30.44,0.14,-1,-1,-1
79,-1,1492.00,1895.82,52.38,51.96,0.14,-1,-1,-1
79,-1,1612.81,1580.88,30.99,27.18,0.11,-1,-1,-1
79,-1,1795.91,1841.97,56.19,46.49,0.10,-1,-1,-1
79,-1,1808.56,1712.69,26.35,30.32,0.09,-1,-1,-1
79,-1,1664.17,1825.18,39.23,42.93,0.07,-1,-1,-1
79,-1,1534.52,1949.82,49.26,57.03,0.07,-1,-1,-1
79,-1,1559.05,1583.05,32.57,40.53,0.07,-1,-1,-1
79,-1,2313.46,790.75,17.52,12.22,0.07,-1,-1,-1
79,-1,2164.11,1344.25,823.26,823.44,0.07,-1,-1,-1
79,-1,1839.04,1370.62,86.00,51.82,0.06,-1,-1,-1
79,-1,1604.20,1560.00,49.64,46.13,0.06,-1,-1,-1
79,-1,2088.92,2090.85,135.34,64.39,0.06,-1,-1,-1
79,-1,1932.56,1346.93,28.71,41.16,0.06,-1,-1,-1
79,-1,1795.11,1840.81,70.87,100.01,0.06,-1,-1,-1
79,-1,600.65,1912.41,30.58,19.86,0.06,-1,-1,-1
79,-1,600.64,1912.17,30.75,20.13,0.06,-1,-1,-1
79,-1,1558.77,1585.51,61.50,41.33,0.05,-1,-1,-1
79,-1,1578.41,1520.21,44.78,48.85,0.05,-1,-1,-1
79,-1,1796.17,1841.51,55.21,44.96,0.05,-1,-1,-1
80,-1,2406.51,1215.00,89.05,96.41,0.90,-1,-1,-1
80,-1,3057.87,1036.01,90.66,83.43,0.90,-1,-1,-1
80,-1,2275.21,532.73,123.50,74.82,0.88,-1,-1,-1
80,-1,2297.39,1235.71,82.01,116.98,0.81,-1,-1,-1
80,-1,3170.99,398.98,43.00,85.14,0.73,-1,-1,-1
80,-1,2570.92,561.99,82.45,62.79,0.70,-1,-1,-1
80,-1,2915.40,707.91,34.72,27.16,0.65,-1,-1,-1
80,-1,2520.33,1271.06,45.01,80.04,0.64,-1,-1,-1
80,-1,2269.71,1241.16,120.90,114.24,0.57,-1,-1,-1
80,-1,3032.52,2106.48,139.00,52.18,0.56,-1,-1,-1
80,-1,2916.51,1000.31,38.92,32.50,0.52,-1,-1,-1
80,-1,2471.48,1189.88,51.62,26.56,0.49,-1,-1,-1
80,-1,2372.82,559.26,39.38,41.26,0.44,-1,-1,-1
80,-1,1980.61,1179.28,130.20,74.38,0.43,-1,-1,-1
80,-1,3171.30,397.96,43.25,85.97,0.40,-1,-1,-1
80,-1,3142.16,903.16,32.07,25.70,0.37,-1,-1,-1
80,-1,2294.48,538.98,24.92,58.96,0.37,-1,-1,-1
80,-1,2320.03,548.59,29.82,26.63,0.33,-1,-1,-1
80,-1,2296.26,619.38,29.62,34.83,0.33,-1,-1,-1
80,-1,2890.60,861.95,54.70,30.78,0.31,-1,-1,-1
80,-1,3084.68,918.74,35.95,21.18,0.28,-1,-1,-1
80,-1,2297.08,540.72,21.89,29.66,0.28,-1,-1,-1
80,-1,3086.23,902.37,88.95,38.74,0.28,-1,-1,-1
80,-1,1981.21,1179.29,129.49,74.37,0.27,-1,-1,-1
80,-1,1980.97,1179.71,129.58,73.37,0.24,-1,-1,-1
80,-1,2443.75,1186.64,80.07,55.27,0.23,-1,-1,-1
80,-1,2443.41,1209.85,26.16,28.39,0.23,-1,-1,-1
80,-1,3031.83,2106.63,139.96,52.29,0.21,-1,-1,-1
80,-1,2908.96,634.38,47.82,32.26,0.16,-1,-1,-1
80,-1,2672.88,424.75,30.48,23.44,0.15,-1,-1,-1
80,-1,2542.63,1215.28,26.60,30.94,0.15,-1,-1,-1
80,-1,2602.27,749.42,31.17,38.46,0.13,-1,-1,-1
80,-1,2660.35,417.08,102.55,32.96,0.13,-1,-1,-1
80,-1,2909.26,634.35,47.84,32.30,0.13,-1,-1,-1
80,-1,2738.09,221.50,31.37,41.75,0.12,-1,-1,-1
80,-1,2738.27,221.50,31.04,40.61,0.11,-1,-1,-1
80,-1,2910.23,634.32,46.80,32.17,0.11,-1,-1,-1
80,-1,2474.69,966.80,36.20,27.75,0.10,-1,-1,-1
80,-1,2514.22,1192.35,13.69,18.54,0.10,-1,-1,-1
80,-1,3086.18,917.76,35.55,21.06,0.09,-1,-1,-1
80,-1,2617.57,1066.22,28.72,19.93,0.08,-1,-1,-1
80,-1,2543.03,1215.38,26.08,30.80,0.08,-1,-1,-1
80,-1,2916.18,1007.06,36.15,26.38,0.08,-1,-1,-1
80,-1,2257.04,889.13,10.29,16.12,0.08,-1,-1,-1
80,-1,2501.11,1214.66,69.67,53.21,0.07,-1,-1,-1
80,-1,2278.17,537.78,109.81,70.53,0.07,-1,-1,-1
80,-1,2658.27,425.67,44.45,24.70,0.07,-1,-1,-1
80,-1,2257.00,889.25,10.35,16.22,0.07,-1,-1,-1
80,-1,3108.68,1052.20,29.58,40.32,0.07,-1,-1,-1
80,-1,2908.49,634.58,48.18,32.05,0.06,-1,-1,-1
80,-1,2569.76,561.89,84.51,63.36,0.06,-1,-1,-1
80,-1,2268.12,1194.62,255.76,164.34,0.06,-1,-1,-1
80,-1,2291.28,538.36,27.84,57.45,0.06,-1,-1,-1
80,-1,2522.35,1281.39,29.67,86.19,0.05,-1,-1,-1
80,-1,1980.89,1181.34,132.43,76.63,0.05,-1,-1,-1
80,-1,3170.70,398.37,43.62,85.29,0.05,-1,-1,-1
80,-1,3464.40,1467.20,15.47,12.62,0.05,-1,-1,-1
81,-1,3019.12,1050.59,92.42,84.70,0.92,-1,-1,-1
81,-1,2374.12,1235.78,87.24,95.54,0.91,-1,-1,-1
81,-1,2238.89,548.96,124.05,73.73,0.87,-1,-1,-1
81,-1,3134.00,409.58,42.47,90.07,0.78,-1,-1,-1
81,-1,1944.13,1193.14,132.66,74.81,0.74,-1,-1,-1
81,-1,2263.27,1249.58,67.14,101.91,0.71,-1,-1,-1
81,-1,2534.64,578.14,66.63,64.85,0.62,-1,-1,-1
81,-1,3105.96,916.81,32.38,26.16,0.61,-1,-1,-1
81,-1,2885.48,1015.92,35.40,30.15,0.59,-1,-1,-1
81,-1,2863.12,878.36,35.95,26.04,0.52,-1,-1,-1
81,-1,2294.16,1288.52,76.65,79.38,0.51,-1,-1,-1
81,-1,2409.52,1204.14,89.11,62.50,0.47,-1,-1,-1
81,-1,2478.07,1227.61,62.43,155.36,0.42,-1,-1,-1
81,-1,3133.55,409.78,42.79,88.48,0.38,-1,-1,-1
81,-1,3672.44,1861.08,31.70,45.74,0.35,-1,-1,-1
81,-1,2569.24,765.99,26.64,37.75,0.34,-1,-1,-1
81,-1,3014.05,2121.85,122.68,36.79,0.28,-1,-1,-1
81,-1,2701.36,235.75,33.94,44.23,0.27,-1,-1,-1
81,-1,3048.17,916.33,90.98,38.97,0.26,-1,-1,-1
81,-1,3048.65,916.86,90.91,39.06,0.26,-1,-1,-1
81,-1,2880.78,720.61,31.73,27.68,0.25,-1,-1,-1
81,-1,1942.81,1193.35,134.42,76.17,0.22,-1,-1,-1
81,-1,2870.24,651.16,45.61,31.47,0.21,-1,-1,-1
81,-1,3016.93,2122.49,119.06,36.78,0.20,-1,-1,-1
81,-1,2258.64,635.45,29.30,33.27,0.18,-1,-1,-1
81,-1,1298.20,1434.88,10.73,15.82,0.18,-1,-1,-1
81,-1,2885.19,1020.93,32.87,25.54,0.16,-1,-1,-1
81,-1,2870.05,651.06,46.03,31.71,0.15,-1,-1,-1
81,-1,2258.21,1245.71,115.38,122.15,0.14,-1,-1,-1
81,-1,2258.06,555.66,27.42,55.14,0.14,-1,-1,-1
81,-1,2626.79,441.99,43.42,24.58,0.14,-1,-1,-1
81,-1,3661.17,1860.71,46.09,75.43,0.14,-1,-1,-1
81,-1,3056.84,1062.65,51.33,40.77,0.13,-1,-1,-1
81,-1,1298.13,1434.70,11.16,16.29,0.12,-1,-1,-1
81,-1,2839.82,252.02,63.88,46.43,0.11,-1,-1,-1
81,-1,2847.88,252.54,55.02,40.58,0.11,-1,-1,-1
81,-1,2626.47,442.76,43.46,23.49,0.10,-1,-1,-1
81,-1,2581.92,1082.88,28.97,19.77,0.08,-1,-1,-1
81,-1,3165.70,443.92,9.11,8.66,0.08,-1,-1,-1
81,-1,2285.28,564.43,29.96,26.40,0.08,-1,-1,-1
81,-1,2700.47,235.84,34.59,43.67,0.08,-1,-1,-1
81,-1,2534.84,580.14,27.15,40.30,0.08,-1,-1,-1
81,-1,2869.82,651.72,46.35,30.27,0.07,-1,-1,-1
81,-1,2251.22,552.61,77.42,61.25,0.07,-1,-1,-1
81,-1,2854.89,254.01,33.77,29.06,0.07,-1,-1,-1
81,-1,2893.91,1029.86,20.98,15.32,0.07,-1,-1,-1
81,-1,2870.12,651.35,46.12,31.05,0.07,-1,-1,-1
81,-1,2534.59,578.11,66.85,64.78,0.07,-1,-1,-1
81,-1,2869.66,649.68,47.17,33.61,0.07,-1,-1,-1
81,-1,2267.61,635.99,19.52,23.53,0.07,-1,-1,-1
81,-1,2286.34,564.13,52.17,47.48,0.06,-1,-1,-1
81,-1,2705.20,436.06,19.52,21.02,0.06,-1,-1,-1
81,-1,2494.14,1289.73,42.80,91.22,0.05,-1,-1,-1
81,-1,2441.95,1211.59,58.19,31.26,0.05,-1,-1,-1
81,-1,2556.44,611.48,43.75,30.42,0.05,-1,-1,-1
81,-1,2604.64,775.38,13.42,17.57,0.05,-1,-1,-1
82,-1,2996.73,1058.87,92.53,84.77,0.92,-1,-1,-1
82,-1,2355.21,1244.27,87.45,98.90,0.88,-1,-1,-1
82,-1,2219.51,557.77,123.49,73.13,0.84,-1,-1,-1
82,-1,3108.21,417.53,44.08,88.79,0.80,-1,-1,-1
82,-1,2524.56,584.16,56.90,67.77,0.75,-1,-1,-1
82,-1,2864.94,1020.29,35.73,34.52,0.65,-1,-1,-1
82,-1,1925.64,1201.27,131.20,73.30,0.65,-1,-1,-1
82,-1,2243.92,1254.35,66.59,103.43,0.64,-1,-1,-1
82,-1,3018.46,1062.16,73.19,52.21,0.63,-1,-1,-1
82,-1,3009.98,2127.18,106.05,31.89,0.61,-1,-1,-1
82,-1,2277.91,1296.81,87.17,55.93,0.54,-1,-1,-1
82,-1,2841.99,884.84,36.63,27.26,0.44,-1,-1,-1
82,-1,2612.07,452.79,34.56,22.92,0.36,-1,-1,-1
82,-1,3027.71,922.85,90.74,41.45,0.34,-1,-1,-1
82,-1,2435.38,1226.96,40.98,30.43,0.26,-1,-1,-1
82,-1,2536.16,623.72,43.66,27.69,0.24,-1,-1,-1
82,-1,2682.72,444.15,20.57,22.89,0.22,-1,-1,-1
82,-1,2861.28,728.21,29.38,28.53,0.22,-1,-1,-1
82,-1,2846.68,660.72,46.95,29.23,0.22,-1,-1,-1
82,-1,2266.82,572.97,26.63,24.59,0.21,-1,-1,-1
82,-1,3083.92,923.06,33.49,28.17,0.21,-1,-1,-1
82,-1,1925.35,1200.06,130.42,75.60,0.19,-1,-1,-1
82,-1,2476.85,1295.75,42.73,94.16,0.18,-1,-1,-1
82,-1,2510.61,590.17,69.97,61.81,0.18,-1,-1,-1
82,-1,2247.06,643.85,18.93,25.17,0.17,-1,-1,-1
82,-1,3026.86,926.12,46.54,37.13,0.16,-1,-1,-1
82,-1,3408.34,1486.50,14.85,14.58,0.16,-1,-1,-1
82,-1,2265.02,572.13,44.74,43.70,0.14,-1,-1,-1
82,-1,2846.36,660.53,47.65,29.95,0.14,-1,-1,-1
82,-1,2242.69,1259.37,120.80,114.30,0.14,-1,-1,-1
82,-1,2678.36,243.35,33.17,39.91,0.14,-1,-1,-1
82,-1,2432.77,1233.94,89.75,156.88,0.13,-1,-1,-1
82,-1,2860.80,728.06,29.52,28.53,0.13,-1,-1,-1
82,-1,2242.22,566.36,21.04,29.04,0.13,-1,-1,-1
82,-1,2890.01,1023.62,13.32,30.68,0.12,-1,-1,-1
82,-1,2605.94,453.08,40.56,23.65,0.11,-1,-1,-1
82,-1,2545.98,773.80,28.05,37.38,0.11,-1,-1,-1
82,-1,2860.77,727.84,29.73,29.88,0.10,-1,-1,-1
82,-1,2865.40,1022.06,36.56,32.74,0.10,-1,-1,-1
82,-1,1278.19,1443.07,11.27,15.83,0.10,-1,-1,-1
82,-1,3651.81,1868.38,30.09,35.27,0.10,-1,-1,-1
82,-1,3403.94,1484.36,20.33,18.22,0.09,-1,-1,-1
82,-1,2498.16,1239.27,21.09,30.54,0.09,-1,-1,-1
82,-1,2603.97,452.59,42.56,26.17,0.08,-1,-1,-1
82,-1,2681.96,441.42,27.06,29.66,0.08,-1,-1,-1
82,-1,1278.17,1442.87,10.69,15.68,0.08,-1,-1,-1
82,-1,2610.99,452.52,35.31,23.68,0.08,-1,-1,-1
82,-1,2498.24,1239.14,21.14,30.60,0.07,-1,-1,-1
82,-1,3026.68,922.54,91.19,40.97,0.07,-1,-1,-1
82,-1,1138.80,1344.32,826.60,823.68,0.07,-1,-1,-1
82,-1,1171.81,1344.44,824.10,823.00,0.07,-1,-1,-1
82,-1,2392.12,1243.25,28.36,26.39,0.07,-1,-1,-1
82,-1,2604.12,455.49,40.99,24.03,0.06,-1,-1,-1
82,-1,2835.06,259.61,29.51,32.03,0.05,-1,-1,-1
82,-1,1924.72,1202.95,130.77,72.61,0.05,-1,-1,-1
82,-1,2846.10,660.42,47.98,29.90,0.05,-1,-1,-1
83,-1,2976.10,1065.08,92.15,83.75,0.93,-1,-1,-1
83,-1,2203.67,564.26,123.00,75.41,0.90,-1,-1,-1
83,-1,2344.18,1252.58,82.09,100.67,0.87,-1,-1,-1
83,-1,1913.23,1207.52,127.43,68.46,0.86,-1,-1,-1
83,-1,3085.50,423.62,49.41,87.32,0.84,-1,-1,-1
83,-1,2995.27,2129.95,104.21,29.01,0.67,-1,-1,-1
83,-1,2526.39,781.07,28.32,35.78,0.65,-1,-1,-1
83,-1,2225.84,1255.67,90.06,125.33,0.62,-1,-1,-1
83,-1,2495.78,593.21,79.21,68.81,0.56,-1,-1,-1
83,-1,2462.54,1301.22,42.95,92.68,0.56,-1,-1,-1
83,-1,2850.45,1021.74,35.74,36.68,0.52,-1,-1,-1
83,-1,2996.82,1055.41,74.68,65.95,0.49,-1,-1,-1
83,-1,2980.20,924.77,159.30,198.74,0.42,-1,-1,-1
83,-1,2826.76,668.73,45.90,30.91,0.38,-1,-1,-1
83,-1,1915.64,1196.12,82.62,85.66,0.35,-1,-1,-1
83,-1,2223.22,650.09,26.21,32.81,0.34,-1,-1,-1
83,-1,2266.84,1296.54,90.17,86.05,0.31,-1,-1,-1
83,-1,2826.32,889.00,38.44,27.71,0.28,-1,-1,-1
83,-1,2345.98,1254.15,80.58,100.04,0.28,-1,-1,-1
83,-1,2843.96,734.68,27.98,25.88,0.28,-1,-1,-1
83,-1,3006.05,928.10,90.24,35.69,0.27,-1,-1,-1
83,-1,2592.42,461.23,32.71,22.61,0.27,-1,-1,-1
83,-1,2660.41,249.23,32.60,44.16,0.26,-1,-1,-1
83,-1,2849.86,1021.50,16.06,34.64,0.25,-1,-1,-1
83,-1,2660.73,249.00,32.25,45.09,0.24,-1,-1,-1
83,-1,2843.70,734.77,27.76,26.05,0.22,-1,-1,-1
83,-1,2659.58,452.14,34.27,23.20,0.19,-1,-1,-1
83,-1,2852.25,1033.98,21.93,24.05,0.17,-1,-1,-1
83,-1,2849.63,1034.65,26.93,24.34,0.17,-1,-1,-1
83,-1,3630.71,1869.65,31.71,44.22,0.15,-1,-1,-1
83,-1,2544.45,1096.23,28.74,17.99,0.15,-1,-1,-1
83,-1,2422.09,1232.54,87.95,164.35,0.14,-1,-1,-1
83,-1,2497.18,592.75,27.13,45.38,0.13,-1,-1,-1
83,-1,2814.95,267.29,34.56,30.28,0.13,-1,-1,-1
83,-1,2659.55,452.13,34.07,23.33,0.12,-1,-1,-1
83,-1,3007.16,927.85,88.90,35.94,0.12,-1,-1,-1
83,-1,2827.02,669.05,45.65,30.04,0.12,-1,-1,-1
83,-1,2489.94,611.04,85.28,49.91,0.11,-1,-1,-1
83,-1,2492.12,1323.09,11.51,54.53,0.11,-1,-1,-1
83,-1,3620.34,1868.14,44.13,75.99,0.11,-1,-1,-1
83,-1,2496.93,615.05,73.63,46.93,0.10,-1,-1,-1
83,-1,2400.47,991.43,38.18,27.54,0.10,-1,-1,-1
83,-1,3387.92,1491.54,16.46,13.43,0.10,-1,-1,-1
83,-1,2425.16,1230.20,39.33,38.92,0.08,-1,-1,-1
83,-1,2222.91,571.14,25.09,43.76,0.08,-1,-1,-1
83,-1,2400.87,992.59,28.58,24.29,0.08,-1,-1,-1
83,-1,2814.90,266.94,35.73,31.16,0.08,-1,-1,-1
83,-1,2255.26,582.23,24.43,21.22,0.07,-1,-1,-1
83,-1,2589.53,453.34,105.26,31.41,0.07,-1,-1,-1
83,-1,3063.60,928.40,31.55,27.74,0.07,-1,-1,-1
83,-1,2592.02,461.42,32.66,22.43,0.07,-1,-1,-1
83,-1,2378.37,1244.60,27.39,43.66,0.07,-1,-1,-1
83,-1,3008.43,939.48,43.16,23.12,0.06,-1,-1,-1
83,-1,2225.36,1254.85,91.05,126.93,0.06,-1,-1,-1
83,-1,2423.51,1230.94,82.49,45.21,0.05,-1,-1,-1
83,-1,2872.83,1024.74,14.47,23.56,0.05,-1,-1,-1
83,-1,2233.93,572.45,75.52,56.16,0.05,-1,-1,-1
84,-1,2338.99,1260.11,79.89,100.40,0.90,-1,-1,-1
84,-1,2963.41,1069.94,93.16,80.31,0.90,-1,-1,-1
84,-1,2216.15,1256.31,89.92,125.24,0.89,-1,-1,-1
84,-1,3066.02,426.15,63.45,88.38,0.85,-1,-1,-1
84,-1,2987.00,2131.61,103.56,27.27,0.81,-1,-1,-1
84,-1,2195.11,569.12,122.87,75.23,0.80,-1,-1,-1
84,-1,2841.03,1020.83,39.73,39.26,0.71,-1,-1,-1
84,-1,2486.13,602.01,72.56,68.10,0.71,-1,-1,-1
84,-1,1903.37,1205.77,132.38,71.55,0.62,-1,-1,-1
84,-1,2459.14,1310.90,43.36,89.92,0.51,-1,-1,-1
84,-1,3621.04,1871.78,31.23,43.19,0.50,-1,-1,-1
84,-1,2839.48,1021.59,25.10,38.97,0.48,-1,-1,-1
84,-1,2239.82,584.57,61.43,48.39,0.44,-1,-1,-1
84,-1,2389.62,991.63,32.82,27.12,0.36,-1,-1,-1
84,-1,2515.02,784.18,27.45,35.38,0.35,-1,-1,-1
84,-1,2221.47,1290.35,129.36,91.27,0.35,-1,-1,-1
84,-1,2580.33,467.90,34.10,22.24,0.32,-1,-1,-1
84,-1,2965.47,1070.22,90.16,74.44,0.28,-1,-1,-1
84,-1,3053.94,931.52,29.48,28.80,0.28,-1,-1,-1
84,-1,2515.06,784.24,27.56,35.31,0.27,-1,-1,-1
84,-1,2816.31,672.74,45.89,33.03,0.26,-1,-1,-1
84,-1,2807.27,269.59,28.26,28.59,0.25,-1,-1,-1
84,-1,2216.49,576.79,22.40,32.16,0.24,-1,-1,-1
84,-1,2842.34,1042.85,22.62,17.22,0.23,-1,-1,-1
84,-1,2817.67,884.78,48.72,35.89,0.22,-1,-1,-1
84,-1,2533.05,647.91,33.17,23.09,0.22,-1,-1,-1
84,-1,2645.78,458.32,39.63,23.34,0.21,-1,-1,-1
84,-1,1256.39,1448.87,15.49,19.87,0.18,-1,-1,-1
84,-1,2458.90,1311.20,43.68,89.79,0.17,-1,-1,-1
84,-1,2997.81,941.09,36.22,21.92,0.17,-1,-1,-1
84,-1,2279.62,1293.07,75.11,67.94,0.16,-1,-1,-1
84,-1,2580.68,469.78,28.76,20.05,0.15,-1,-1,-1
84,-1,2239.69,585.18,32.74,34.47,0.14,-1,-1,-1
84,-1,3617.33,1871.75,52.38,65.69,0.14,-1,-1,-1
84,-1,2816.65,672.93,45.52,32.70,0.14,-1,-1,-1
84,-1,2832.21,737.93,27.59,27.01,0.13,-1,-1,-1
84,-1,1905.34,1201.74,127.70,82.30,0.13,-1,-1,-1
84,-1,1257.88,1451.38,12.00,16.35,0.13,-1,-1,-1
84,-1,2579.67,455.59,103.75,37.66,0.12,-1,-1,-1
84,-1,2998.17,931.45,85.55,33.40,0.12,-1,-1,-1
84,-1,2829.19,685.68,33.21,18.12,0.11,-1,-1,-1
84,-1,3377.24,1493.64,13.13,12.50,0.11,-1,-1,-1
84,-1,2424.23,1235.46,35.42,44.88,0.11,-1,-1,-1
84,-1,3044.54,876.22,787.85,842.04,0.09,-1,-1,-1
84,-1,2219.34,654.67,19.75,25.57,0.08,-1,-1,-1
84,-1,2832.30,738.03,26.71,26.62,0.08,-1,-1,-1
84,-1,2389.91,991.41,32.75,27.32,0.08,-1,-1,-1
84,-1,2997.61,941.44,36.34,21.67,0.08,-1,-1,-1
84,-1,3620.72,1871.83,31.92,43.31,0.08,-1,-1,-1
84,-1,2375.04,1261.03,23.49,31.30,0.08,-1,-1,-1
84,-1,2832.06,738.06,27.48,26.68,0.08,-1,-1,-1
84,-1,3100.52,462.11,15.26,52.68,0.07,-1,-1,-1
84,-1,2647.37,252.54,36.83,49.26,0.07,-1,-1,-1
84,-1,2191.78,569.24,124.58,76.01,0.07,-1,-1,-1
84,-1,3015.87,1091.68,41.56,27.48,0.07,-1,-1,-1
84,-1,2966.00,837.77,826.12,852.23,0.07,-1,-1,-1
84,-1,1903.25,1205.75,132.47,86.87,0.07,-1,-1,-1
84,-1,2963.39,1070.75,41.28,42.46,0.06,-1,-1,-1
84,-1,2486.69,1327.93,13.11,53.70,0.06,-1,-1,-1
84,-1,2620.16,454.76,54.26,33.50,0.06,-1,-1,-1
84,-1,1906.64,1201.45,116.75,96.73,0.05,-1,-1,-1
84,-1,1909.70,1206.11,119.08,89.71,0.05,-1,-1,-1
84,-1,2431.03,1236.69,76.01,165.61,0.05,-1,-1,-1
84,-1,2371.53,1262.73,34.31,59.80,0.05,-1,-1,-1
85,-1,2955.69,1073.13,96.23,78.35,0.91,-1,-1,-1
85,-1,3048.93,426.05,83.85,87.96,0.87,-1,-1,-1
85,-1,2334.95,1260.08,82.52,107.10,0.87,-1,-1,-1
85,-1,2987.71,2134.36,96.22,24.48,0.84,-1,-1,-1
85,-1,2487.32,596.45,72.34,73.96,0.80,-1,-1,-1
85,-1,2191.92,571.32,120.80,75.18,0.77,-1,-1,-1
85,-1,2457.10,1315.37,44.42,92.41,0.63,-1,-1,-1
85,-1,2209.05,1258.19,90.87,125.55,0.58,-1,-1,-1
85,-1,2831.88,1024.21,48.81,35.35,0.56,-1,-1,-1
85,-1,2643.15,254.11,34.42,36.32,0.55,-1,-1,-1
85,-1,2806.22,882.69,30.32,35.80,0.52,-1,-1,-1
85,-1,1898.49,1208.44,130.35,66.17,0.48,-1,-1,-1
85,-1,2806.79,899.98,27.07,19.86,0.44,-1,-1,-1
85,-1,2213.00,1301.68,113.25,82.12,0.41,-1,-1,-1
85,-1,2995.99,943.77,34.60,21.81,0.35,-1,-1,-1
85,-1,2573.00,471.39,35.12,22.98,0.33,-1,-1,-1
85,-1,1897.93,1207.50,130.52,78.99,0.32,-1,-1,-1
85,-1,2572.75,475.17,20.90,18.69,0.31,-1,-1,-1
85,-1,2429.43,1248.40,75.20,159.57,0.29,-1,-1,-1
85,-1,3034.15,932.87,41.59,33.40,0.25,-1,-1,-1
85,-1,2212.10,577.74,22.13,28.90,0.25,-1,-1,-1
85,-1,2235.24,586.04,61.40,50.11,0.25,-1,-1,-1
85,-1,1252.51,1454.15,9.82,14.22,0.20,-1,-1,-1
85,-1,1897.98,1206.66,130.02,79.57,0.20,-1,-1,-1
85,-1,2213.81,656.44,19.42,23.37,0.20,-1,-1,-1
85,-1,3033.99,932.92,41.84,33.83,0.20,-1,-1,-1
85,-1,3371.43,1494.93,14.06,11.92,0.19,-1,-1,-1
85,-1,2641.32,462.40,24.37,18.49,0.19,-1,-1,-1
85,-1,3614.99,1872.75,29.87,41.79,0.17,-1,-1,-1
85,-1,2804.10,269.72,29.50,28.25,0.14,-1,-1,-1
85,-1,3034.67,932.87,41.03,33.30,0.13,-1,-1,-1
85,-1,2514.81,646.88,46.67,30.27,0.13,-1,-1,-1
85,-1,3610.05,1871.72,43.19,71.25,0.13,-1,-1,-1
85,-1,2214.01,656.51,19.25,23.41,0.13,-1,-1,-1
85,-1,2388.28,737.89,19.30,30.02,0.13,-1,-1,-1
85,-1,3245.61,1709.07,28.19,32.27,0.12,-1,-1,-1
85,-1,2514.37,787.11,24.49,31.77,0.12,-1,-1,-1
85,-1,2811.53,677.94,44.79,31.36,0.12,-1,-1,-1
85,-1,2811.64,678.00,44.60,31.45,0.11,-1,-1,-1
85,-1,2826.22,739.42,27.98,27.33,0.11,-1,-1,-1
85,-1,3034.07,932.90,41.76,33.71,0.11,-1,-1,-1
85,-1,1252.60,1454.38,9.76,13.91,0.11,-1,-1,-1
85,-1,2380.65,736.53,30.70,68.15,0.11,-1,-1,-1
85,-1,2237.11,587.05,28.50,25.56,0.11,-1,-1,-1
85,-1,2208.52,1258.62,92.50,124.90,0.11,-1,-1,-1
85,-1,2639.92,462.16,26.13,23.91,0.10,-1,-1,-1
85,-1,2826.19,739.45,28.07,27.40,0.10,-1,-1,-1
85,-1,2485.02,1330.03,14.85,53.68,0.09,-1,-1,-1
85,-1,2472.99,605.66,85.02,68.75,0.09,-1,-1,-1
85,-1,2283.12,595.05,28.66,40.71,0.08,-1,-1,-1
85,-1,2536.58,636.33,25.72,40.73,0.08,-1,-1,-1
85,-1,2456.79,1315.13,46.56,89.78,0.07,-1,-1,-1
85,-1,3072.67,492.62,21.60,21.71,0.07,-1,-1,-1
85,-1,2512.14,787.09,26.86,31.90,0.07,-1,-1,-1
85,-1,2804.13,269.75,29.62,28.22,0.06,-1,-1,-1
85,-1,1903.44,1208.58,119.43,85.41,0.06,-1,-1,-1
85,-1,2831.91,1024.65,48.25,35.22,0.06,-1,-1,-1
85,-1,2995.53,945.33,32.15,20.28,0.06,-1,-1,-1
85,-1,2835.59,1041.93,26.05,17.68,0.05,-1,-1,-1
85,-1,2189.93,571.60,119.77,75.31,0.05,-1,-1,-1
85,-1,2513.52,787.20,25.22,31.75,0.05,-1,-1,-1
85,-1,2826.28,739.21,28.29,27.57,0.05,-1,-1,-1
85,-1,3329.83,1527.74,16.21,15.97,0.05,-1,-1,-1
85,-1,2811.85,677.09,44.15,32.63,0.05,-1,-1,-1
86,-1,2951.72,1073.41,95.04,77.96,0.90,-1,-1,-1
86,-1,2339.78,1269.29,79.13,102.25,0.90,-1,-1,-1
86,-1,3046.85,430.33,80.27,82.36,0.87,-1,-1,-1
86,-1,2205.19,1260.53,91.76,123.25,0.87,-1,-1,-1
86,-1,2988.36,2135.37,93.81,23.29,0.85,-1,-1,-1
86,-1,2190.08,571.32,122.10,75.93,0.79,-1,-1,-1
86,-1,1896.15,1212.33,131.31,60.74,0.76,-1,-1,-1
86,-1,2483.88,599.42,69.00,67.79,0.74,-1,-1,-1
86,-1,2829.92,1023.60,53.89,34.80,0.70,-1,-1,-1
86,-1,2460.15,1318.49,49.48,91.39,0.54,-1,-1,-1
86,-1,2253.09,1310.91,78.34,67.78,0.46,-1,-1,-1
86,-1,2802.77,268.16,29.83,28.34,0.45,-1,-1,-1
86,-1,2566.89,471.19,39.18,25.69,0.43,-1,-1,-1
86,-1,2565.95,479.25,21.12,18.23,0.36,-1,-1,-1
86,-1,3610.60,1871.84,35.16,44.39,0.27,-1,-1,-1
86,-1,2381.09,989.32,33.85,27.94,0.27,-1,-1,-1
86,-1,2995.99,944.84,31.52,19.43,0.26,-1,-1,-1
86,-1,2802.06,882.52,53.49,39.32,0.26,-1,-1,-1
86,-1,3032.48,934.49,39.64,32.72,0.23,-1,-1,-1
86,-1,2377.35,1270.63,24.62,34.29,0.22,-1,-1,-1
86,-1,2996.31,944.84,31.42,19.23,0.22,-1,-1,-1
86,-1,2381.09,989.16,33.90,28.11,0.22,-1,-1,-1
86,-1,2211.39,656.67,19.54,24.86,0.21,-1,-1,-1
86,-1,3032.50,934.53,39.40,33.09,0.20,-1,-1,-1
86,-1,2537.81,652.80,22.68,31.59,0.18,-1,-1,-1
86,-1,2808.57,681.72,44.52,31.38,0.17,-1,-1,-1
86,-1,2482.73,607.02,75.83,81.29,0.17,-1,-1,-1
86,-1,2246.44,1251.98,163.46,124.41,0.15,-1,-1,-1
86,-1,3601.80,1871.12,48.24,72.28,0.13,-1,-1,-1
86,-1,2234.47,587.45,60.19,51.41,0.13,-1,-1,-1
86,-1,2636.67,464.80,28.95,19.53,0.13,-1,-1,-1
86,-1,3369.23,1493.79,14.11,14.82,0.13,-1,-1,-1
86,-1,2211.48,579.48,21.52,29.21,0.13,-1,-1,-1
86,-1,3032.39,934.64,39.50,32.35,0.11,-1,-1,-1
86,-1,2375.78,1269.81,33.25,62.12,0.11,-1,-1,-1
86,-1,2840.21,1043.92,19.25,14.16,0.10,-1,-1,-1
86,-1,2633.44,464.82,40.83,26.21,0.10,-1,-1,-1
86,-1,2644.39,252.77,33.40,33.10,0.09,-1,-1,-1
86,-1,2633.12,468.92,13.58,19.87,0.09,-1,-1,-1
86,-1,2508.02,786.99,27.41,31.57,0.08,-1,-1,-1
86,-1,2458.26,1318.49,52.85,89.43,0.08,-1,-1,-1
86,-1,2467.37,617.61,20.83,25.40,0.07,-1,-1,-1
86,-1,2330.56,1253.62,76.80,81.15,0.07,-1,-1,-1
86,-1,2188.38,571.11,121.68,77.19,0.06,-1,-1,-1
86,-1,2567.49,473.17,38.68,23.81,0.06,-1,-1,-1
86,-1,1249.14,1454.38,12.21,16.75,0.06,-1,-1,-1
86,-1,2412.33,1248.72,55.21,55.08,0.06,-1,-1,-1
86,-1,2210.36,656.35,20.26,26.14,0.05,-1,-1,-1
86,-1,2507.95,786.99,27.57,31.57,0.05,-1,-1,-1
87,-1,2343.83,1273.84,78.67,100.52,0.91,-1,-1,-1
87,-1,2949.89,1072.46,95.63,78.07,0.88,-1,-1,-1
87,-1,2211.13,1260.95,83.24,124.20,0.86,-1,-1,-1
87,-1,2985.94,2133.95,94.82,24.73,0.85,-1,-1,-1
87,-1,2190.82,571.23,121.30,76.76,0.84,-1,-1,-1
87,-1,2830.90,1023.03,54.56,33.02,0.78,-1,-1,-1
87,-1,2478.96,599.02,74.64,69.89,0.73,-1,-1,-1
87,-1,3064.42,431.20,48.34,76.63,0.63,-1,-1,-1
87,-1,2457.41,1318.13,56.17,93.11,0.63,-1,-1,-1
87,-1,1895.75,1210.88,133.27,77.37,0.51,-1,-1,-1
87,-1,2636.41,466.43,43.65,27.75,0.43,-1,-1,-1
87,-1,2509.17,782.02,30.40,38.98,0.41,-1,-1,-1
87,-1,2569.96,474.24,35.92,24.19,0.41,-1,-1,-1
87,-1,3064.00,431.34,48.77,76.39,0.41,-1,-1,-1
87,-1,2822.99,739.24,30.91,26.02,0.33,-1,-1,-1
87,-1,1895.76,1211.57,133.11,74.38,0.33,-1,-1,-1
87,-1,2805.07,893.11,26.75,26.24,0.27,-1,-1,-1
87,-1,2439.26,1249.29,76.36,162.97,0.27,-1,-1,-1
87,-1,2478.99,609.51,75.98,57.38,0.25,-1,-1,-1
87,-1,3037.80,935.07,31.69,32.85,0.24,-1,-1,-1
87,-1,2569.48,474.44,34.78,24.27,0.22,-1,-1,-1
87,-1,2211.09,656.42,18.94,24.36,0.22,-1,-1,-1
87,-1,1250.77,1454.28,10.19,15.56,0.22,-1,-1,-1
87,-1,2442.35,1257.67,29.36,49.87,0.21,-1,-1,-1
87,-1,2997.02,943.65,32.93,19.24,0.21,-1,-1,-1
87,-1,2808.84,686.20,42.23,29.14,0.20,-1,-1,-1
87,-1,2208.12,1302.67,130.33,82.25,0.20,-1,-1,-1
87,-1,2212.04,578.89,21.43,29.21,0.19,-1,-1,-1
87,-1,2378.95,989.12,35.15,27.22,0.18,-1,-1,-1
87,-1,3037.71,935.16,31.66,32.62,0.17,-1,-1,-1
87,-1,2235.05,587.94,72.03,54.03,0.17,-1,-1,-1
87,-1,2863.73,1032.15,22.34,17.49,0.16,-1,-1,-1
87,-1,2380.46,1271.81,27.18,34.67,0.16,-1,-1,-1
87,-1,2233.93,587.57,70.66,52.97,0.15,-1,-1,-1
87,-1,2840.39,1042.68,20.31,13.21,0.14,-1,-1,-1
87,-1,2511.78,772.60,55.27,71.15,0.14,-1,-1,-1
87,-1,2803.74,266.43,33.44,26.08,0.14,-1,-1,-1
87,-1,2375.61,988.93,38.51,59.63,0.14,-1,-1,-1
87,-1,2207.71,1253.99,206.04,127.49,0.14,-1,-1,-1
87,-1,2784.23,776.86,17.10,26.64,0.13,-1,-1,-1
87,-1,3064.44,431.44,47.76,76.54,0.13,-1,-1,-1
87,-1,2808.76,686.08,42.35,29.06,0.12,-1,-1,-1
87,-1,2829.54,1030.06,56.33,28.42,0.12,-1,-1,-1
87,-1,2803.54,266.57,32.83,25.98,0.11,-1,-1,-1
87,-1,3037.74,935.01,32.07,33.09,0.11,-1,-1,-1
87,-1,3369.08,1495.50,16.43,12.38,0.11,-1,-1,-1
87,-1,2645.97,253.04,40.60,30.14,0.11,-1,-1,-1
87,-1,2996.52,944.03,33.13,18.97,0.10,-1,-1,-1
87,-1,2374.67,988.46,39.70,60.47,0.08,-1,-1,-1
87,-1,2509.68,650.40,57.01,41.40,0.08,-1,-1,-1
87,-1,2282.36,593.02,22.29,45.16,0.08,-1,-1,-1
87,-1,2808.54,685.83,42.38,29.36,0.08,-1,-1,-1
87,-1,2273.67,1300.23,61.29,59.69,0.07,-1,-1,-1
87,-1,2473.51,1248.38,25.66,27.94,0.07,-1,-1,-1
87,-1,2509.33,650.42,57.14,41.48,0.07,-1,-1,-1
87,-1,3607.19,1871.89,37.32,43.25,0.07,-1,-1,-1
87,-1,3037.67,934.51,32.29,33.67,0.06,-1,-1,-1
87,-1,2995.72,935.05,74.76,33.79,0.06,-1,-1,-1
87,-1,2687.49,1023.09,12.48,12.26,0.06,-1,-1,-1
87,-1,3064.34,431.46,48.68,77.81,0.06,-1,-1,-1
87,-1,2210.85,656.49,18.93,24.71,0.06,-1,-1,-1
87,-1,2834.82,697.08,16.53,17.54,0.06,-1,-1,-1
87,-1,1331.39,1342.96,826.52,826.98,0.06,-1,-1,-1
87,-1,2567.13,464.11,113.96,42.45,0.06,-1,-1,-1
87,-1,3242.73,1710.41,28.30,30.51,0.06,-1,-1,-1
87,-1,2379.29,988.91,34.54,26.66,0.05,-1,-1,-1
87,-1,3243.51,1712.29,27.16,28.46,0.05,-1,-1,-1
87,-1,2509.17,649.45,57.68,42.42,0.05,-1,-1,-1
87,-1,3117.65,438.71,13.71,17.56,0.05,-1,-1,-1
87,-1,2378.78,1271.00,33.25,63.20,0.05,-1,-1,-1
88,-1,2345.94,1277.14,79.16,98.96,0.93,-1,-1,-1
88,-1,2944.60,1073.16,97.02,77.18,0.92,-1,-1,-1
88,-1,2191.76,570.81,120.45,78.75,0.85,-1,-1,-1
88,-1,2482.47,604.31,75.25,70.36,0.83,-1,-1,-1
88,-1,1893.12,1211.11,135.65,58.54,0.83,-1,-1,-1
88,-1,2978.99,2133.17,99.82,25.66,0.82,-1,-1,-1
88,-1,3057.84,428.76,53.53,76.14,0.82,-1,-1,-1
88,-1,2570.73,475.71,34.48,25.16,0.75,-1,-1,-1
88,-1,2633.01,472.42,47.82,28.87,0.74,-1,-1,-1
88,-1,2201.22,1259.47,91.57,123.15,0.69,-1,-1,-1
88,-1,2837.18,1020.37,48.42,34.51,0.66,-1,-1,-1
88,-1,2206.20,655.99,23.91,31.58,0.66,-1,-1,-1
88,-1,2555.49,485.23,22.70,16.42,0.54,-1,-1,-1
88,-1,2193.27,617.42,24.69,24.23,0.49,-1,-1,-1
88,-1,2377.58,986.15,34.47,36.66,0.43,-1,-1,-1
88,-1,2803.83,266.98,28.51,23.88,0.39,-1,-1,-1
88,-1,2457.59,1246.15,62.70,166.78,0.38,-1,-1,-1
88,-1,3608.67,1870.07,32.89,42.01,0.36,-1,-1,-1
88,-1,2383.34,1273.96,26.61,37.37,0.34,-1,-1,-1
88,-1,2461.19,1313.58,43.37,96.06,0.26,-1,-1,-1
88,-1,2995.63,942.15,32.83,19.61,0.22,-1,-1,-1
88,-1,2797.14,873.65,49.41,48.62,0.22,-1,-1,-1
88,-1,2860.44,1032.55,26.65,16.79,0.19,-1,-1,-1
88,-1,1903.92,1199.43,106.92,74.80,0.19,-1,-1,-1
88,-1,3034.83,935.92,29.59,31.22,0.19,-1,-1,-1
88,-1,2799.82,892.11,34.42,28.70,0.17,-1,-1,-1
88,-1,2435.18,1266.80,36.89,44.33,0.17,-1,-1,-1
88,-1,2510.17,790.56,21.40,35.05,0.15,-1,-1,-1
88,-1,2212.41,579.84,22.82,31.84,0.15,-1,-1,-1
88,-1,2334.68,1259.04,76.13,55.14,0.14,-1,-1,-1
88,-1,2569.01,481.57,18.70,19.34,0.14,-1,-1,-1
88,-1,2647.33,255.52,28.23,27.94,0.14,-1,-1,-1
88,-1,2434.06,1245.84,66.07,66.00,0.13,-1,-1,-1
88,-1,3599.58,1869.43,47.31,67.54,0.12,-1,-1,-1
88,-1,3034.60,936.07,29.59,31.00,0.11,-1,-1,-1
88,-1,3034.81,935.83,29.56,31.52,0.11,-1,-1,-1
88,-1,2831.03,1031.86,55.02,24.16,0.11,-1,-1,-1
88,-1,3365.19,1493.80,14.53,12.95,0.11,-1,-1,-1
88,-1,2994.47,934.77,70.65,31.80,0.11,-1,-1,-1
88,-1,2198.57,1258.45,106.24,124.19,0.11,-1,-1,-1
88,-1,3242.40,1710.22,26.43,27.99,0.10,-1,-1,-1
88,-1,2377.66,985.95,34.57,33.85,0.10,-1,-1,-1
88,-1,2804.48,686.75,42.71,32.88,0.10,-1,-1,-1
88,-1,2833.34,1038.36,28.12,16.83,0.10,-1,-1,-1
88,-1,2237.72,588.75,58.52,52.00,0.10,-1,-1,-1
88,-1,2647.47,255.56,28.22,27.89,0.10,-1,-1,-1
88,-1,2824.55,746.26,24.37,18.45,0.09,-1,-1,-1
88,-1,2506.93,646.35,48.33,25.10,0.08,-1,-1,-1
88,-1,2806.51,690.55,40.60,28.80,0.08,-1,-1,-1
88,-1,2281.98,591.30,22.72,49.59,0.07,-1,-1,-1
88,-1,2204.53,1255.08,213.75,126.26,0.07,-1,-1,-1
88,-1,2237.43,589.52,24.02,27.57,0.06,-1,-1,-1
88,-1,2822.56,737.16,28.82,27.44,0.06,-1,-1,-1
88,-1,1651.71,1343.17,823.57,824.27,0.06,-1,-1,-1
88,-1,2515.14,646.72,57.14,46.39,0.06,-1,-1,-1
88,-1,2808.29,693.76,38.25,25.63,0.06,-1,-1,-1
88,-1,2507.86,647.59,50.55,26.35,0.06,-1,-1,-1
88,-1,2504.11,639.74,53.06,33.27,0.06,-1,-1,-1
88,-1,2245.81,591.08,23.88,28.65,0.06,-1,-1,-1
88,-1,2570.09,476.76,35.41,24.58,0.05,-1,-1,-1
88,-1,2205.64,655.92,24.73,31.74,0.05,-1,-1,-1
88,-1,2527.05,646.62,44.88,45.49,0.05,-1,-1,-1
88,-1,2802.73,266.92,29.82,24.26,0.05,-1,-1,-1
89,-1,2348.04,1279.44,80.57,97.97,0.92,-1,-1,-1
89,-1,2192.92,572.12,120.15,79.40,0.91,-1,-1,-1
89,-1,2940.55,1075.05,97.60,74.54,0.84,-1,-1,-1
89,-1,2479.43,612.42,72.13,56.50,0.81,-1,-1,-1
89,-1,1897.85,1208.33,132.07,62.00,0.78,-1,-1,-1
89,-1,3049.90,426.91,62.16,72.92,0.68,-1,-1,-1
89,-1,2202.28,1258.95,92.74,123.08,0.68,-1,-1,-1
89,-1,2624.98,479.64,52.50,35.41,0.63,-1,-1,-1
89,-1,2571.08,476.54,34.89,26.30,0.54,-1,-1,-1
89,-1,2992.44,941.25,31.59,19.75,0.49,-1,-1,-1
89,-1,2569.97,485.42,19.36,17.57,0.46,-1,-1,-1
89,-1,2839.69,1017.01,46.02,33.86,0.46,-1,-1,-1
89,-1,2839.38,1016.81,46.81,34.04,0.44,-1,-1,-1
89,-1,2571.20,475.23,106.61,40.44,0.41,-1,-1,-1
89,-1,3032.33,935.27,29.53,30.98,0.35,-1,-1,-1
89,-1,2802.91,267.45,29.04,21.88,0.34,-1,-1,-1
89,-1,2385.47,1275.83,29.12,37.90,0.34,-1,-1,-1
89,-1,2377.60,982.97,36.16,30.12,0.30,-1,-1,-1
89,-1,734.65,1678.69,11.10,13.79,0.29,-1,-1,-1
89,-1,2507.19,792.44,21.42,32.35,0.27,-1,-1,-1
89,-1,3603.50,1867.43,33.01,44.70,0.26,-1,-1,-1
89,-1,2434.40,1250.25,90.57,159.65,0.25,-1,-1,-1
89,-1,734.76,1678.52,10.66,13.80,0.21,-1,-1,-1
89,-1,2809.09,892.83,25.98,26.94,0.21,-1,-1,-1
89,-1,2465.93,1326.18,54.39,82.43,0.20,-1,-1,-1
89,-1,3073.26,470.18,19.10,30.10,0.19,-1,-1,-1
89,-1,2203.86,1258.23,116.19,116.10,0.18,-1,-1,-1
89,-1,2500.51,645.30,48.42,23.13,0.16,-1,-1,-1
89,-1,3587.56,1866.29,55.44,72.33,0.16,-1,-1,-1
89,-1,2210.10,656.88,19.47,24.16,0.16,-1,-1,-1
89,-1,1926.56,1177.30,68.63,99.78,0.16,-1,-1,-1
89,-1,2466.37,624.70,84.30,44.55,0.15,-1,-1,-1
89,-1,2377.38,982.59,36.58,34.39,0.14,-1,-1,-1
89,-1,3358.51,1491.93,16.05,12.45,0.14,-1,-1,-1
89,-1,2972.37,2132.89,105.05,26.05,0.13,-1,-1,-1
89,-1,3049.97,427.56,62.33,72.56,0.13,-1,-1,-1
89,-1,2828.39,1034.98,32.56,21.87,0.10,-1,-1,-1
89,-1,2210.18,657.00,19.22,24.46,0.10,-1,-1,-1
89,-1,2383.93,1275.55,41.74,59.87,0.10,-1,-1,-1
89,-1,2209.28,578.14,28.95,65.53,0.10,-1,-1,-1
89,-1,2802.88,685.66,43.19,37.73,0.10,-1,-1,-1
89,-1,2646.61,258.00,27.79,29.13,0.09,-1,-1,-1
89,-1,2841.09,1035.11,19.69,15.84,0.09,-1,-1,-1
89,-1,1931.29,1189.56,32.50,31.63,0.09,-1,-1,-1
89,-1,2646.68,257.92,27.70,29.19,0.08,-1,-1,-1
89,-1,2377.68,982.74,36.17,28.70,0.08,-1,-1,-1
89,-1,2827.86,1017.59,57.64,39.28,0.07,-1,-1,-1
89,-1,2214.75,582.23,22.46,29.09,0.07,-1,-1,-1
89,-1,3032.06,935.42,29.86,30.74,0.07,-1,-1,-1
89,-1,1254.71,1450.68,11.42,16.78,0.07,-1,-1,-1
89,-1,3050.17,427.13,62.70,73.09,0.06,-1,-1,-1
89,-1,2464.35,1325.83,55.26,84.06,0.06,-1,-1,-1
89,-1,1931.82,1177.37,53.94,42.67,0.06,-1,-1,-1
89,-1,2435.40,1277.07,41.18,33.61,0.05,-1,-1,-1
89,-1,2434.74,1244.67,70.76,66.76,0.05,-1,-1,-1
90,-1,2195.26,572.90,119.46,80.88,0.90,-1,-1,-1
90,-1,2935.13,1079.64,101.05,68.84,0.86,-1,-1,-1
90,-1,3062.22,423.45,39.42,77.91,0.85,-1,-1,-1
90,-1,2348.97,1279.63,83.76,99.75,0.83,-1,-1,-1
90,-1,1897.59,1202.52,132.61,62.61,0.78,-1,-1,-1
90,-1,2214.11,1257.62,79.14,121.56,0.72,-1,-1,-1
90,-1,2505.42,793.70,23.13,32.45,0.66,-1,-1,-1
90,-1,2373.53,980.79,39.66,30.98,0.64,-1,-1,-1
90,-1,2575.92,477.03,32.27,26.03,0.59,-1,-1,-1
90,-1,2620.03,485.35,39.71,40.04,0.56,-1,-1,-1
90,-1,2841.38,1013.12,45.76,34.97,0.56,-1,-1,-1
90,-1,2575.34,484.81,17.60,18.31,0.47,-1,-1,-1
90,-1,2388.11,1243.42,139.76,170.95,0.45,-1,-1,-1
90,-1,2475.62,622.27,72.47,49.81,0.44,-1,-1,-1
90,-1,2206.98,656.45,23.29,32.29,0.42,-1,-1,-1
90,-1,2388.00,750.88,14.42,16.15,0.40,-1,-1,-1
90,-1,2575.43,477.46,30.77,25.55,0.30,-1,-1,-1
90,-1,1314.95,1060.87,12.46,14.83,0.28,-1,-1,-1
90,-1,3032.10,934.67,28.68,31.87,0.21,-1,-1,-1
90,-1,2619.96,485.34,39.77,39.96,0.20,-1,-1,-1
90,-1,2993.37,938.01,29.64,22.37,0.20,-1,-1,-1
90,-1,3032.24,934.70,28.61,31.90,0.20,-1,-1,-1
90,-1,3360.80,1491.69,15.66,11.65,0.18,-1,-1,-1
90,-1,2802.30,267.87,28.21,23.39,0.18,-1,-1,-1
90,-1,2993.37,937.96,29.72,22.40,0.17,-1,-1,-1
90,-1,2810.31,894.13,19.64,23.71,0.17,-1,-1,-1
90,-1,2238.04,592.25,59.66,51.73,0.16,-1,-1,-1
90,-1,2388.05,1244.93,116.71,79.20,0.16,-1,-1,-1
90,-1,1315.26,1060.66,12.06,14.93,0.15,-1,-1,-1
90,-1,2845.98,1028.16,40.80,19.69,0.15,-1,-1,-1
90,-1,1897.11,1186.43,88.92,87.18,0.14,-1,-1,-1
90,-1,3601.51,1865.78,33.20,43.54,0.14,-1,-1,-1
90,-1,2217.14,582.43,21.70,37.08,0.13,-1,-1,-1
90,-1,2351.73,1282.70,80.31,96.52,0.13,-1,-1,-1
90,-1,2646.89,258.91,32.45,29.09,0.12,-1,-1,-1
90,-1,2373.82,981.26,38.87,30.20,0.12,-1,-1,-1
90,-1,2872.71,1843.46,60.48,79.36,0.12,-1,-1,-1
90,-1,2620.06,485.58,39.64,39.64,0.11,-1,-1,-1
90,-1,2967.14,2131.60,107.81,27.17,0.11,-1,-1,-1
90,-1,2651.30,496.28,13.14,27.13,0.11,-1,-1,-1
90,-1,2939.29,1080.45,96.26,67.13,0.11,-1,-1,-1
90,-1,3591.01,1864.24,48.63,71.81,0.11,-1,-1,-1
90,-1,2198.74,1255.55,115.22,125.18,0.11,-1,-1,-1
90,-1,2960.22,1082.74,32.98,35.19,0.10,-1,-1,-1
90,-1,2474.60,624.79,27.04,27.44,0.09,-1,-1,-1
90,-1,3032.32,934.45,28.59,31.95,0.09,-1,-1,-1
90,-1,2802.10,267.96,28.28,23.44,0.09,-1,-1,-1
90,-1,2500.10,635.64,46.28,36.12,0.08,-1,-1,-1
90,-1,2247.50,1302.49,78.32,62.09,0.08,-1,-1,-1
90,-1,3360.93,1491.96,14.94,11.25,0.08,-1,-1,-1
90,-1,3042.37,1288.69,791.56,846.30,0.07,-1,-1,-1
90,-1,2828.43,1017.46,58.41,34.99,0.07,-1,-1,-1
90,-1,2471.47,636.17,18.24,16.09,0.07,-1,-1,-1
90,-1,2474.07,625.47,26.58,26.73,0.07,-1,-1,-1
90,-1,2557.99,484.37,36.53,20.55,0.07,-1,-1,-1
90,-1,2431.69,623.64,9.76,25.37,0.06,-1,-1,-1
90,-1,2499.54,638.04,28.48,22.99,0.06,-1,-1,-1
90,-1,2462.80,1329.48,65.32,84.93,0.06,-1,-1,-1
90,-1,1255.73,1448.49,14.55,17.21,0.06,-1,-1,-1
90,-1,2542.70,795.92,16.51,12.65,0.06,-1,-1,-1
90,-1,2993.03,937.35,29.55,23.29,0.05,-1,-1,-1
90,-1,2499.22,638.03,28.46,25.71,0.05,-1,-1,-1
90,-1,3242.28,1710.50,21.03,24.76,0.05,-1,-1,-1
91,-1,2198.00,573.47,118.02,81.30,0.93,-1,-1,-1
91,-1,2352.11,1283.60,83.90,98.24,0.91,-1,-1,-1
91,-1,2217.87,1256.15,74.83,123.11,0.88,-1,-1,-1
91,-1,2933.60,1081.61,101.25,66.31,0.82,-1,-1,-1
91,-1,2846.37,1008.62,45.35,35.24,0.81,-1,-1,-1
91,-1,2797.08,892.65,37.27,27.48,0.75,-1,-1,-1
91,-1,1902.12,1189.22,129.77,72.94,0.64,-1,-1,-1
91,-1,2393.63,1243.32,137.55,176.28,0.62,-1,-1,-1
91,-1,2252.27,1300.84,70.22,59.44,0.62,-1,-1,-1
91,-1,2630.35,499.12,18.31,33.48,0.60,-1,-1,-1
91,-1,2614.39,477.66,38.40,54.40,0.59,-1,-1,-1
91,-1,2563.63,486.55,31.91,17.64,0.56,-1,-1,-1
91,-1,2933.56,1081.62,101.43,66.73,0.51,-1,-1,-1
91,-1,2578.97,476.91,41.78,52.79,0.50,-1,-1,-1
91,-1,3034.05,933.37,29.85,33.07,0.47,-1,-1,-1
91,-1,2480.21,623.75,68.52,43.32,0.46,-1,-1,-1
91,-1,3601.60,1866.09,31.86,41.57,0.44,-1,-1,-1
91,-1,2578.97,477.34,33.56,27.02,0.35,-1,-1,-1
91,-1,2803.14,267.44,28.52,23.90,0.34,-1,-1,-1
91,-1,2648.72,259.43,29.34,27.75,0.32,-1,-1,-1
91,-1,2390.95,1242.54,115.74,93.38,0.27,-1,-1,-1
91,-1,2211.34,656.97,19.29,24.52,0.26,-1,-1,-1
91,-1,3063.17,416.99,41.46,82.16,0.24,-1,-1,-1
91,-1,2991.79,928.28,32.03,29.77,0.23,-1,-1,-1
91,-1,2962.63,2130.74,111.92,28.44,0.19,-1,-1,-1
91,-1,3063.14,416.41,41.32,82.75,0.19,-1,-1,-1
91,-1,3360.60,1491.26,14.98,11.86,0.19,-1,-1,-1
91,-1,2991.61,928.10,31.91,29.92,0.18,-1,-1,-1
91,-1,3586.87,1865.86,52.16,64.00,0.17,-1,-1,-1
91,-1,2452.33,1293.79,77.67,126.69,0.16,-1,-1,-1
91,-1,2502.51,796.97,27.11,31.03,0.16,-1,-1,-1
91,-1,3033.83,933.33,30.05,33.42,0.15,-1,-1,-1
91,-1,2218.70,581.35,22.65,51.60,0.13,-1,-1,-1
91,-1,2615.02,493.48,32.83,38.83,0.12,-1,-1,-1
91,-1,1848.16,409.32,12.57,16.06,0.11,-1,-1,-1
91,-1,2822.14,745.09,24.39,18.75,0.10,-1,-1,-1
91,-1,3063.26,417.05,41.03,81.55,0.10,-1,-1,-1
91,-1,2802.80,267.01,28.82,24.30,0.09,-1,-1,-1
91,-1,2960.52,2130.83,114.70,28.31,0.08,-1,-1,-1
91,-1,2379.62,977.46,32.23,30.54,0.08,-1,-1,-1
91,-1,1909.23,1180.37,97.65,113.09,0.07,-1,-1,-1
91,-1,2480.87,624.25,65.34,39.98,0.07,-1,-1,-1
91,-1,3033.40,933.06,30.73,33.98,0.07,-1,-1,-1
91,-1,2379.15,978.36,32.49,29.26,0.07,-1,-1,-1
91,-1,1256.11,1448.48,14.95,19.29,0.06,-1,-1,-1
91,-1,3360.76,1491.58,14.38,11.28,0.06,-1,-1,-1
91,-1,2821.93,745.29,24.44,18.68,0.05,-1,-1,-1
91,-1,2579.79,487.01,21.64,16.52,0.05,-1,-1,-1
91,-1,2392.51,1243.22,113.94,91.81,0.05,-1,-1,-1
92,-1,2199.71,572.60,117.85,82.51,0.94,-1,-1,-1
92,-1,2354.03,1284.65,84.49,100.37,0.87,-1,-1,-1
92,-1,2928.64,1081.54,105.63,66.08,0.74,-1,-1,-1
92,-1,2217.88,1257.48,74.35,120.72,0.70,-1,-1,-1
92,-1,2929.11,1081.47,105.17,65.79,0.65,-1,-1,-1
92,-1,3034.64,931.88,31.94,33.50,0.64,-1,-1,-1
92,-1,1904.01,1196.28,128.62,66.55,0.61,-1,-1,-1
92,-1,3069.30,413.74,36.61,85.65,0.61,-1,-1,-1
92,-1,2254.43,1304.81,59.51,57.24,0.59,-1,-1,-1
92,-1,2403.86,1240.75,124.58,183.51,0.57,-1,-1,-1
92,-1,2474.00,622.93,74.80,39.15,0.54,-1,-1,-1
92,-1,1903.18,1191.60,90.07,93.88,0.49,-1,-1,-1
92,-1,2847.44,1005.00,44.90,37.18,0.41,-1,-1,-1
92,-1,2610.67,472.61,44.59,66.57,0.40,-1,-1,-1
92,-1,3589.58,1863.70,51.93,70.74,0.33,-1,-1,-1
92,-1,2504.62,798.18,29.53,29.95,0.32,-1,-1,-1
92,-1,2984.99,930.88,32.92,26.89,0.32,-1,-1,-1
92,-1,2803.72,266.71,29.47,23.41,0.29,-1,-1,-1
92,-1,2580.22,477.55,33.71,25.61,0.28,-1,-1,-1
92,-1,2195.93,1255.82,109.10,119.64,0.28,-1,-1,-1
92,-1,3601.86,1864.66,33.41,42.89,0.26,-1,-1,-1
92,-1,2847.56,1004.91,44.44,37.94,0.26,-1,-1,-1
92,-1,2800.16,891.88,41.20,31.15,0.26,-1,-1,-1
92,-1,3360.92,1491.16,14.94,12.17,0.25,-1,-1,-1
92,-1,2648.06,259.59,30.33,28.23,0.22,-1,-1,-1
92,-1,2207.13,656.36,24.03,29.31,0.21,-1,-1,-1
92,-1,2568.11,486.75,33.98,16.95,0.20,-1,-1,-1
92,-1,2799.75,892.45,41.77,30.77,0.19,-1,-1,-1
92,-1,1259.52,1450.67,10.52,15.67,0.17,-1,-1,-1
92,-1,1902.52,1190.18,94.91,97.29,0.17,-1,-1,-1
92,-1,2614.09,500.74,29.68,37.94,0.16,-1,-1,-1
92,-1,2525.09,1081.49,40.40,41.42,0.16,-1,-1,-1
92,-1,3069.54,413.81,36.68,85.94,0.16,-1,-1,-1
92,-1,2356.71,1290.70,82.35,94.30,0.14,-1,-1,-1
92,-1,2985.98,930.95,31.34,22.72,0.12,-1,-1,-1
92,-1,2379.74,976.28,33.98,30.54,0.11,-1,-1,-1
92,-1,2803.58,266.50,29.24,23.41,0.11,-1,-1,-1
92,-1,2968.04,2130.80,106.29,28.16,0.10,-1,-1,-1
92,-1,2396.03,1240.47,114.21,100.14,0.10,-1,-1,-1
92,-1,3069.14,413.74,36.93,84.48,0.10,-1,-1,-1
92,-1,2379.69,975.85,34.09,31.06,0.08,-1,-1,-1
92,-1,2799.72,892.03,41.41,31.07,0.08,-1,-1,-1
92,-1,2647.88,259.78,30.52,28.01,0.08,-1,-1,-1
92,-1,2647.91,259.66,30.36,28.39,0.07,-1,-1,-1
92,-1,2460.91,1301.62,65.06,122.41,0.07,-1,-1,-1
92,-1,2964.30,1285.27,823.96,850.79,0.07,-1,-1,-1
92,-1,2961.41,2130.43,112.34,28.83,0.07,-1,-1,-1
92,-1,2466.52,1319.58,60.56,104.65,0.05,-1,-1,-1
93,-1,2202.71,569.64,114.90,85.18,0.92,-1,-1,-1
93,-1,2360.71,1294.65,81.85,99.21,0.89,-1,-1,-1
93,-1,2928.74,1081.78,103.71,62.69,0.85,-1,-1,-1
93,-1,1904.69,1201.45,131.49,52.76,0.83,-1,-1,-1
93,-1,2217.05,1253.27,72.98,123.40,0.83,-1,-1,-1
93,-1,3064.38,409.38,42.15,84.82,0.81,-1,-1,-1
93,-1,2852.96,998.69,47.63,37.32,0.78,-1,-1,-1
93,-1,2969.40,925.36,42.95,30.66,0.74,-1,-1,-1
93,-1,3035.06,932.07,31.77,28.40,0.67,-1,-1,-1
93,-1,2397.04,1236.89,139.45,190.02,0.63,-1,-1,-1
93,-1,2800.02,891.26,48.55,46.70,0.63,-1,-1,-1
93,-1,2244.58,1300.10,61.64,72.10,0.52,-1,-1,-1
93,-1,1958.45,1236.69,48.62,44.86,0.50,-1,-1,-1
93,-1,2487.07,621.74,56.61,36.16,0.46,-1,-1,-1
93,-1,2206.96,653.96,23.57,31.19,0.46,-1,-1,-1
93,-1,2465.69,1292.66,65.06,132.32,0.44,-1,-1,-1
93,-1,2381.10,972.66,29.45,26.69,0.44,-1,-1,-1
93,-1,2571.12,478.68,43.76,26.90,0.43,-1,-1,-1
93,-1,2583.54,480.67,73.18,76.53,0.36,-1,-1,-1
93,-1,2486.54,620.34,81.97,56.27,0.33,-1,-1,-1
93,-1,2582.93,480.14,74.05,76.63,0.28,-1,-1,-1
93,-1,2570.87,478.44,43.70,26.57,0.28,-1,-1,-1
93,-1,3592.20,1863.24,50.57,70.36,0.27,-1,-1,-1
93,-1,1258.17,1448.81,11.08,15.57,0.27,-1,-1,-1
93,-1,2817.54,738.73,32.16,24.03,0.24,-1,-1,-1
93,-1,2795.72,703.66,30.29,32.02,0.23,-1,-1,-1
93,-1,3600.21,1864.51,35.67,42.64,0.22,-1,-1,-1
93,-1,2530.54,1099.05,26.37,23.31,0.18,-1,-1,-1
93,-1,2956.13,2123.31,119.30,35.67,0.16,-1,-1,-1
93,-1,2381.49,972.63,28.92,26.83,0.15,-1,-1,-1
93,-1,2841.63,1005.86,17.26,34.19,0.15,-1,-1,-1
93,-1,2583.97,509.78,45.87,47.57,0.15,-1,-1,-1
93,-1,2795.20,703.92,31.37,32.33,0.13,-1,-1,-1
93,-1,2963.53,2123.40,111.66,35.54,0.13,-1,-1,-1
93,-1,2982.71,2122.83,40.03,35.57,0.13,-1,-1,-1
93,-1,3359.70,1488.33,15.23,14.14,0.10,-1,-1,-1
93,-1,3049.89,429.66,20.96,27.64,0.10,-1,-1,-1
93,-1,2825.15,916.52,15.52,21.37,0.10,-1,-1,-1
93,-1,2963.98,2125.31,110.37,33.36,0.10,-1,-1,-1
93,-1,2834.60,903.60,20.38,13.87,0.10,-1,-1,-1
93,-1,2817.00,738.74,32.48,24.22,0.09,-1,-1,-1
93,-1,2530.44,1096.77,26.57,25.42,0.09,-1,-1,-1
93,-1,2795.90,703.65,30.28,32.27,0.09,-1,-1,-1
93,-1,2676.85,1224.28,824.72,850.20,0.07,-1,-1,-1
93,-1,2794.50,264.27,32.40,24.64,0.07,-1,-1,-1
93,-1,2650.92,257.44,30.46,28.42,0.06,-1,-1,-1
93,-1,2676.39,1316.88,823.09,844.53,0.06,-1,-1,-1
93,-1,2597.15,482.03,33.84,32.01,0.06,-1,-1,-1
93,-1,1904.41,1232.77,101.55,49.55,0.05,-1,-1,-1
93,-1,2503.71,802.00,34.15,27.18,0.05,-1,-1,-1
93,-1,2583.76,481.03,73.38,76.24,0.05,-1,-1,-1
93,-1,2823.55,903.53,31.49,34.28,0.05,-1,-1,-1
93,-1,3043.26,1349.04,791.21,820.33,0.05,-1,-1,-1
93,-1,2807.82,906.57,14.76,21.71,0.05,-1,-1,-1
93,-1,2625.00,481.32,30.23,27.23,0.05,-1,-1,-1
93,-1,2621.55,481.55,34.32,39.19,0.05,-1,-1,-1
93,-1,2402.30,1237.37,114.94,102.49,0.05,-1,-1,-1
93,-1,2651.24,257.37,29.71,28.21,0.05,-1,-1,-1
94,-1,2363.51,1299.21,81.34,97.55,0.92,-1,-1,-1
94,-1,2203.91,567.84,113.41,86.45,0.91,-1,-1,-1
94,-1,2215.15,1249.71,75.91,127.55,0.88,-1,-1,-1
94,-1,2926.84,1081.24,104.49,61.10,0.88,-1,-1,-1
94,-1,1907.00,1184.09,130.66,65.08,0.87,-1,-1,-1
94,-1,2855.27,995.80,44.19,34.97,0.81,-1,-1,-1
94,-1,2803.75,894.27,57.37,41.94,0.74,-1,-1,-1
94,-1,3062.84,407.51,45.54,85.36,0.73,-1,-1,-1
94,-1,2961.25,921.89,46.84,33.48,0.67,-1,-1,-1
94,-1,2250.36,1292.66,57.87,62.64,0.59,-1,-1,-1
94,-1,2573.03,484.07,83.42,81.50,0.54,-1,-1,-1
94,-1,3031.85,929.97,35.42,28.86,0.53,-1,-1,-1
94,-1,2475.12,1301.34,58.45,132.63,0.49,-1,-1,-1
94,-1,2964.48,2123.74,109.46,34.88,0.46,-1,-1,-1
94,-1,2567.73,478.48,47.53,32.27,0.41,-1,-1,-1
94,-1,2573.60,484.23,83.21,80.45,0.38,-1,-1,-1
94,-1,2531.17,1102.11,27.04,22.02,0.38,-1,-1,-1
94,-1,2210.53,652.28,19.33,27.26,0.35,-1,-1,-1
94,-1,3031.93,929.94,35.46,28.82,0.34,-1,-1,-1
94,-1,2352.80,1230.37,189.54,205.56,0.33,-1,-1,-1
94,-1,2382.31,971.67,28.26,25.87,0.28,-1,-1,-1
94,-1,3601.57,1863.57,32.86,41.52,0.28,-1,-1,-1
94,-1,2792.12,261.89,29.43,25.61,0.27,-1,-1,-1
94,-1,1907.20,1183.15,99.71,122.63,0.26,-1,-1,-1
94,-1,2468.77,615.56,90.77,61.58,0.21,-1,-1,-1
94,-1,2254.78,591.80,46.40,53.09,0.21,-1,-1,-1
94,-1,2399.15,1302.52,26.21,31.24,0.20,-1,-1,-1
94,-1,2857.55,1017.16,20.23,14.20,0.17,-1,-1,-1
94,-1,2395.91,1302.82,38.66,55.36,0.14,-1,-1,-1
94,-1,2806.76,908.30,30.18,28.67,0.13,-1,-1,-1
94,-1,2474.44,1300.46,59.48,134.41,0.13,-1,-1,-1
94,-1,2787.59,253.49,34.65,35.46,0.12,-1,-1,-1
94,-1,2848.15,1010.35,50.86,22.32,0.12,-1,-1,-1
94,-1,2191.27,1249.68,114.53,115.26,0.11,-1,-1,-1
94,-1,2839.96,1023.15,21.99,11.03,0.10,-1,-1,-1
94,-1,1255.77,1444.92,14.51,17.70,0.10,-1,-1,-1
94,-1,2223.84,578.89,21.81,35.75,0.09,-1,-1,-1
94,-1,2876.26,1008.61,23.84,17.38,0.09,-1,-1,-1
94,-1,2567.69,478.44,46.43,31.41,0.08,-1,-1,-1
94,-1,2797.74,704.05,27.74,31.51,0.08,-1,-1,-1
94,-1,2382.29,971.68,28.20,25.60,0.08,-1,-1,-1
94,-1,1257.70,1446.56,10.50,14.67,0.08,-1,-1,-1
94,-1,3599.63,1862.01,50.07,67.16,0.08,-1,-1,-1
94,-1,2382.31,971.74,28.02,25.70,0.08,-1,-1,-1
94,-1,2824.82,900.91,36.69,34.79,0.07,-1,-1,-1
94,-1,2484.86,622.94,49.51,34.27,0.07,-1,-1,-1
94,-1,2806.23,903.67,13.00,26.04,0.07,-1,-1,-1
94,-1,3063.38,407.91,45.38,85.05,0.06,-1,-1,-1
94,-1,2797.76,703.90,27.62,31.84,0.06,-1,-1,-1
94,-1,2972.70,2124.36,78.51,33.88,0.06,-1,-1,-1
94,-1,3602.23,1863.73,31.72,41.06,0.05,-1,-1,-1
95,-1,2926.26,1081.88,105.61,59.59,0.93,-1,-1,-1
95,-1,2204.33,565.34,113.74,88.18,0.90,-1,-1,-1
95,-1,2361.22,1291.49,86.74,109.86,0.88,-1,-1,-1
95,-1,1909.18,1187.19,132.53,54.64,0.85,-1,-1,-1
95,-1,2200.46,1250.68,95.55,123.21,0.79,-1,-1,-1
95,-1,2859.22,992.03,39.03,35.09,0.78,-1,-1,-1
95,-1,3070.20,403.67,40.20,86.17,0.78,-1,-1,-1
95,-1,2574.30,477.85,80.90,81.09,0.77,-1,-1,-1
95,-1,2474.58,1303.88,62.64,118.23,0.70,-1,-1,-1
95,-1,2815.97,894.35,34.24,36.77,0.61,-1,-1,-1
95,-1,1908.71,1186.54,132.94,55.59,0.59,-1,-1,-1
95,-1,3029.47,927.64,38.21,28.09,0.57,-1,-1,-1
95,-1,2954.34,919.06,58.96,34.76,0.49,-1,-1,-1
95,-1,2883.47,1005.42,19.23,15.93,0.47,-1,-1,-1
95,-1,2575.53,521.83,46.16,43.36,0.43,-1,-1,-1
95,-1,3603.33,1863.25,33.01,43.09,0.39,-1,-1,-1
95,-1,2256.12,1296.52,51.59,67.26,0.38,-1,-1,-1
95,-1,2256.80,590.41,46.13,53.10,0.35,-1,-1,-1
95,-1,1905.28,1230.40,107.04,87.86,0.29,-1,-1,-1
95,-1,2862.38,1012.16,18.28,15.68,0.28,-1,-1,-1
95,-1,2791.78,260.21,28.09,26.16,0.25,-1,-1,-1
95,-1,2475.92,1336.90,62.49,100.84,0.24,-1,-1,-1
95,-1,2474.30,1324.54,64.60,112.61,0.21,-1,-1,-1
95,-1,2817.74,925.42,17.88,14.84,0.20,-1,-1,-1
95,-1,2967.95,2119.70,105.80,39.21,0.20,-1,-1,-1
95,-1,2204.75,650.37,26.12,33.75,0.17,-1,-1,-1
95,-1,2792.05,260.36,28.03,26.07,0.17,-1,-1,-1
95,-1,2845.36,887.84,17.94,25.29,0.16,-1,-1,-1
95,-1,2192.08,1250.76,109.53,118.18,0.16,-1,-1,-1
95,-1,1256.44,1446.41,12.33,15.35,0.15,-1,-1,-1
95,-1,1396.57,1343.11,824.10,826.07,0.14,-1,-1,-1
95,-1,3360.25,1486.81,16.03,14.51,0.14,-1,-1,-1
95,-1,1651.74,1344.30,825.47,821.86,0.14,-1,-1,-1
95,-1,2384.68,967.37,23.98,26.55,0.11,-1,-1,-1
95,-1,2810.29,896.64,15.44,15.32,0.10,-1,-1,-1
95,-1,2810.14,896.62,14.13,14.56,0.10,-1,-1,-1
95,-1,2571.38,480.44,53.64,84.60,0.10,-1,-1,-1
95,-1,3237.81,1705.07,27.44,27.14,0.09,-1,-1,-1
95,-1,2826.31,735.81,28.94,25.56,0.09,-1,-1,-1
95,-1,2964.92,1083.46,44.32,37.12,0.09,-1,-1,-1
95,-1,3070.08,403.22,40.62,86.77,0.09,-1,-1,-1
95,-1,2963.95,2120.14,110.09,38.73,0.08,-1,-1,-1
95,-1,1924.55,1176.58,29.53,44.03,0.08,-1,-1,-1
95,-1,2384.65,967.53,23.81,26.10,0.08,-1,-1,-1
95,-1,2485.57,622.27,43.00,31.41,0.07,-1,-1,-1
95,-1,2964.27,2119.99,109.30,38.89,0.07,-1,-1,-1
95,-1,3030.11,927.64,37.68,27.98,0.07,-1,-1,-1
95,-1,2482.39,620.57,82.27,55.82,0.07,-1,-1,-1
95,-1,2585.69,487.49,76.07,73.98,0.07,-1,-1,-1
95,-1,1256.27,1446.61,12.02,14.99,0.06,-1,-1,-1
95,-1,3598.03,1862.70,47.72,66.69,0.05,-1,-1,-1
95,-1,2812.02,735.67,43.33,27.50,0.05,-1,-1,-1
96,-1,2923.12,1089.84,106.23,56.29,0.92,-1,-1,-1
96,-1,2204.75,570.90,115.00,87.89,0.90,-1,-1,-1
96,-1,2367.61,1309.44,80.72,100.20,0.88,-1,-1,-1
96,-1,1909.08,1183.97,135.05,59.73,0.83,-1,-1,-1
96,-1,2947.48,925.20,49.25,35.52,0.83,-1,-1,-1
96,-1,2215.00,1254.65,74.33,121.86,0.76,-1,-1,-1
96,-1,2982.17,2124.79,90.79,33.93,0.73,-1,-1,-1
96,-1,2844.38,995.75,62.15,40.61,0.73,-1,-1,-1
96,-1,3030.01,929.38,36.16,27.93,0.66,-1,-1,-1
96,-1,2571.97,484.01,75.75,85.50,0.65,-1,-1,-1
96,-1,2475.29,1313.04,63.47,115.89,0.62,-1,-1,-1
96,-1,2788.91,697.18,33.86,45.20,0.57,-1,-1,-1
96,-1,2813.29,904.24,30.95,26.09,0.56,-1,-1,-1
96,-1,3067.83,402.72,40.44,91.88,0.47,-1,-1,-1
96,-1,1909.74,1183.78,133.98,59.93,0.45,-1,-1,-1
96,-1,3603.65,1869.15,31.69,42.19,0.43,-1,-1,-1
96,-1,2476.64,1320.84,64.78,121.50,0.37,-1,-1,-1
96,-1,3068.05,402.01,40.14,92.37,0.36,-1,-1,-1
96,-1,2827.57,740.42,28.37,26.36,0.35,-1,-1,-1
96,-1,2252.62,1302.27,48.35,70.32,0.34,-1,-1,-1
96,-1,2479.54,620.17,39.63,34.70,0.33,-1,-1,-1
96,-1,2615.92,503.92,31.17,22.88,0.31,-1,-1,-1
96,-1,2382.69,971.48,28.25,28.63,0.25,-1,-1,-1
96,-1,2827.40,740.32,27.44,26.43,0.22,-1,-1,-1
96,-1,2811.34,928.53,25.67,20.58,0.20,-1,-1,-1
96,-1,2222.93,581.68,23.55,27.75,0.20,-1,-1,-1
96,-1,2827.58,740.50,27.42,26.11,0.18,-1,-1,-1
96,-1,2840.96,891.81,25.02,25.06,0.18,-1,-1,-1
96,-1,3242.32,1712.44,21.81,24.81,0.18,-1,-1,-1
96,-1,2219.96,579.62,26.85,55.81,0.17,-1,-1,-1
96,-1,2481.20,1230.35,56.75,131.65,0.17,-1,-1,-1
96,-1,2960.92,1082.11,50.24,40.81,0.16,-1,-1,-1
96,-1,2209.76,655.26,20.02,26.58,0.16,-1,-1,-1
96,-1,2574.99,484.93,29.66,22.57,0.14,-1,-1,-1
96,-1,2789.10,697.35,33.93,44.95,0.14,-1,-1,-1
96,-1,3067.70,401.74,40.66,92.46,0.14,-1,-1,-1
96,-1,2197.51,1255.55,103.09,118.79,0.13,-1,-1,-1
96,-1,2502.46,808.73,32.60,25.07,0.13,-1,-1,-1
96,-1,2258.86,595.67,42.37,52.54,0.13,-1,-1,-1
96,-1,2841.07,891.52,24.88,24.85,0.12,-1,-1,-1
96,-1,2209.60,655.24,20.21,26.63,0.12,-1,-1,-1
96,-1,2840.28,1023.73,23.08,14.66,0.11,-1,-1,-1
96,-1,2810.39,907.05,20.50,37.86,0.11,-1,-1,-1
96,-1,2479.23,620.08,89.61,59.22,0.10,-1,-1,-1
96,-1,2811.21,927.33,25.91,21.54,0.10,-1,-1,-1
96,-1,2212.19,1312.86,73.24,64.38,0.09,-1,-1,-1
96,-1,1942.58,1176.79,21.63,30.93,0.09,-1,-1,-1
96,-1,2841.32,1006.05,66.61,31.48,0.09,-1,-1,-1
96,-1,2864.79,1018.40,18.07,11.98,0.09,-1,-1,-1
96,-1,2787.87,702.62,20.83,28.88,0.09,-1,-1,-1
96,-1,2598.62,543.09,19.00,27.52,0.07,-1,-1,-1
96,-1,2528.36,1107.43,27.84,18.59,0.07,-1,-1,-1
96,-1,2526.76,1085.42,30.21,41.10,0.07,-1,-1,-1
96,-1,2483.67,1361.54,826.96,806.88,0.07,-1,-1,-1
96,-1,2573.17,529.89,31.60,35.38,0.06,-1,-1,-1
96,-1,2575.10,484.11,32.50,24.25,0.06,-1,-1,-1
96,-1,2884.99,1007.68,22.37,18.24,0.05,-1,-1,-1
97,-1,2365.32,1328.78,77.62,99.78,0.92,-1,-1,-1
97,-1,3060.11,415.48,39.79,89.45,0.87,-1,-1,-1
97,-1,1903.19,1195.50,135.80,57.38,0.86,-1,-1,-1
97,-1,2991.51,2139.28,76.50,19.52,0.82,-1,-1,-1
97,-1,2914.07,1103.33,107.31,54.53,0.82,-1,-1,-1
97,-1,2197.55,583.95,114.85,87.17,0.79,-1,-1,-1
97,-1,2208.78,1268.29,77.64,119.76,0.76,-1,-1,-1
97,-1,2858.60,1005.61,43.36,37.08,0.76,-1,-1,-1
97,-1,2931.31,936.86,68.34,35.47,0.74,-1,-1,-1
97,-1,2559.81,495.63,72.57,82.38,0.70,-1,-1,-1
97,-1,2802.69,913.79,47.50,32.97,0.67,-1,-1,-1
97,-1,2463.94,1240.28,74.80,214.22,0.55,-1,-1,-1
97,-1,3592.51,1881.81,35.85,42.45,0.55,-1,-1,-1
97,-1,2466.73,1329.01,57.59,124.12,0.49,-1,-1,-1
97,-1,3024.36,939.64,32.38,28.05,0.49,-1,-1,-1
97,-1,1903.38,1195.33,135.19,57.68,0.45,-1,-1,-1
97,-1,2559.13,534.05,24.86,45.17,0.38,-1,-1,-1
97,-1,2398.86,1330.84,30.15,34.62,0.37,-1,-1,-1
97,-1,2489.26,823.62,37.30,19.88,0.37,-1,-1,-1
97,-1,2184.38,1269.98,113.14,120.87,0.33,-1,-1,-1
97,-1,2246.00,606.83,51.03,53.99,0.32,-1,-1,-1
97,-1,2201.99,665.91,27.84,29.42,0.28,-1,-1,-1
97,-1,2587.51,496.40,48.63,45.26,0.28,-1,-1,-1
97,-1,2915.63,1104.04,95.03,47.73,0.27,-1,-1,-1
97,-1,2603.50,514.46,27.42,26.30,0.25,-1,-1,-1
97,-1,2818.75,751.82,28.71,27.29,0.24,-1,-1,-1
97,-1,2217.35,593.25,22.43,36.18,0.23,-1,-1,-1
97,-1,2781.36,716.48,33.77,38.61,0.23,-1,-1,-1
97,-1,2879.54,1017.24,24.30,19.82,0.20,-1,-1,-1
97,-1,2965.73,2142.06,36.46,16.49,0.19,-1,-1,-1
97,-1,2779.16,716.31,68.62,63.65,0.17,-1,-1,-1
97,-1,2780.06,277.03,28.97,27.86,0.15,-1,-1,-1
97,-1,2246.86,1310.15,47.14,78.20,0.15,-1,-1,-1
97,-1,3085.47,458.02,11.83,16.56,0.14,-1,-1,-1
97,-1,2273.49,613.28,39.42,45.40,0.14,-1,-1,-1
97,-1,1247.88,1463.52,14.01,15.86,0.14,-1,-1,-1
97,-1,2606.32,523.96,36.95,18.94,0.13,-1,-1,-1
97,-1,2375.94,980.42,32.30,28.78,0.13,-1,-1,-1
97,-1,2798.19,945.61,25.37,18.11,0.13,-1,-1,-1
97,-1,2798.27,945.77,25.16,17.74,0.13,-1,-1,-1
97,-1,2195.70,583.50,115.15,88.40,0.12,-1,-1,-1
97,-1,2375.89,980.77,32.43,29.42,0.11,-1,-1,-1
97,-1,2518.73,1123.08,28.18,19.82,0.11,-1,-1,-1
97,-1,3351.25,1506.39,14.39,12.61,0.11,-1,-1,-1
97,-1,2488.95,823.58,37.60,19.84,0.10,-1,-1,-1
97,-1,2834.72,1016.96,69.76,31.74,0.10,-1,-1,-1
97,-1,2833.93,1015.93,63.67,33.61,0.09,-1,-1,-1
97,-1,3573.39,1880.98,56.91,62.04,0.09,-1,-1,-1
97,-1,2781.54,716.55,33.66,38.82,0.09,-1,-1,-1
97,-1,2602.04,509.27,30.15,30.90,0.08,-1,-1,-1
97,-1,2817.51,752.23,29.55,27.19,0.07,-1,-1,-1
97,-1,2397.45,1329.02,42.18,73.10,0.07,-1,-1,-1
97,-1,2470.11,1335.56,69.05,121.77,0.06,-1,-1,-1
97,-1,2488.61,823.64,37.94,20.91,0.06,-1,-1,-1
97,-1,2834.56,1016.84,68.76,31.84,0.06,-1,-1,-1
97,-1,2508.03,1379.04,30.07,64.70,0.06,-1,-1,-1
97,-1,2244.60,607.31,28.44,37.82,0.06,-1,-1,-1
97,-1,2563.09,497.18,43.03,27.19,0.06,-1,-1,-1
97,-1,3060.21,416.10,39.45,89.36,0.05,-1,-1,-1
97,-1,2780.23,276.71,29.59,28.88,0.05,-1,-1,-1
98,-1,2333.15,1374.66,80.46,103.33,0.90,-1,-1,-1
98,-1,2874.11,1142.45,109.05,56.44,0.90,-1,-1,-1
98,-1,2164.11,622.22,112.90,89.96,0.89,-1,-1,-1
98,-1,1867.50,1226.07,133.07,56.71,0.82,-1,-1,-1
98,-1,2742.75,318.85,31.10,26.65,0.73,-1,-1,-1
98,-1,2449.99,863.02,38.13,37.15,0.72,-1,-1,-1
98,-1,2883.20,965.06,75.99,48.75,0.69,-1,-1,-1
98,-1,2743.45,760.49,30.53,36.51,0.67,-1,-1,-1
98,-1,3022.89,453.01,40.73,89.35,0.61,-1,-1,-1
98,-1,2826.46,1039.64,39.82,37.15,0.57,-1,-1,-1
98,-1,2520.90,536.22,70.77,89.97,0.56,-1,-1,-1
98,-1,2160.29,1306.90,94.20,123.14,0.51,-1,-1,-1
98,-1,1867.41,1225.63,133.27,56.88,0.49,-1,-1,-1
98,-1,2440.73,1375.83,64.86,121.45,0.47,-1,-1,-1
98,-1,2804.28,1040.21,62.43,55.92,0.46,-1,-1,-1
98,-1,2770.09,960.34,46.76,27.99,0.45,-1,-1,-1
98,-1,2166.00,1307.38,82.59,121.46,0.41,-1,-1,-1
98,-1,2785.26,788.73,21.17,30.79,0.41,-1,-1,-1
98,-1,2437.10,666.93,35.96,46.87,0.37,-1,-1,-1
98,-1,3023.03,452.84,40.45,89.01,0.30,-1,-1,-1
98,-1,2767.35,961.90,46.33,28.30,0.28,-1,-1,-1
98,-1,2165.48,706.39,25.29,28.56,0.27,-1,-1,-1
98,-1,2325.54,1273.03,181.55,224.82,0.27,-1,-1,-1
98,-1,2799.34,943.81,23.08,26.04,0.20,-1,-1,-1
98,-1,2340.85,1015.22,30.83,24.75,0.20,-1,-1,-1
98,-1,3557.84,1923.02,32.82,42.78,0.20,-1,-1,-1
98,-1,2615.76,312.30,33.23,31.06,0.19,-1,-1,-1
98,-1,1930.80,1227.47,28.24,61.05,0.18,-1,-1,-1
98,-1,2774.80,800.97,30.52,19.37,0.17,-1,-1,-1
98,-1,2776.15,941.61,47.81,43.87,0.13,-1,-1,-1
98,-1,2213.34,646.80,47.25,54.20,0.13,-1,-1,-1
98,-1,2809.69,932.88,21.83,25.78,0.12,-1,-1,-1
98,-1,2370.61,1379.25,35.07,56.45,0.12,-1,-1,-1
98,-1,2182.53,633.68,23.65,28.54,0.11,-1,-1,-1
98,-1,2520.93,537.53,70.48,87.87,0.11,-1,-1,-1
98,-1,1915.68,1220.06,45.26,87.40,0.11,-1,-1,-1
98,-1,2988.15,975.25,30.58,30.05,0.11,-1,-1,-1
98,-1,2482.02,1166.59,27.33,21.78,0.09,-1,-1,-1
98,-1,2762.74,759.62,11.11,17.94,0.09,-1,-1,-1
98,-1,2521.01,536.41,70.22,88.99,0.09,-1,-1,-1
98,-1,2786.51,805.51,17.85,14.60,0.09,-1,-1,-1
98,-1,2988.41,975.13,31.20,30.49,0.09,-1,-1,-1
98,-1,2323.78,1359.39,82.54,75.32,0.08,-1,-1,-1
98,-1,2789.22,979.78,24.10,10.38,0.08,-1,-1,-1
98,-1,2819.22,1056.23,47.52,23.36,0.07,-1,-1,-1
98,-1,2843.98,1056.12,23.22,17.51,0.07,-1,-1,-1
98,-1,3560.06,1923.51,27.95,24.88,0.07,-1,-1,-1
98,-1,2616.15,312.37,33.21,31.31,0.06,-1,-1,-1
98,-1,2987.90,975.12,31.19,30.53,0.06,-1,-1,-1
98,-1,1211.52,1502.12,9.79,15.89,0.06,-1,-1,-1
98,-1,2206.42,645.14,34.92,42.53,0.06,-1,-1,-1
98,-1,1211.37,1502.14,9.67,15.69,0.06,-1,-1,-1
98,-1,3420.93,1702.49,21.03,32.72,0.06,-1,-1,-1
98,-1,2827.53,1060.59,29.49,16.42,0.06,-1,-1,-1
98,-1,2748.00,753.17,25.90,29.84,0.06,-1,-1,-1
98,-1,2882.44,977.83,78.93,35.54,0.05,-1,-1,-1
98,-1,2151.67,1308.10,103.50,120.97,0.05,-1,-1,-1
99,-1,2282.38,1428.82,78.60,102.47,0.91,-1,-1,-1
99,-1,1809.36,1264.55,133.72,57.52,0.89,-1,-1,-1
99,-1,2813.76,1185.62,109.89,55.94,0.87,-1,-1,-1
99,-1,2967.10,496.08,38.89,86.83,0.85,-1,-1,-1
99,-1,2395.94,908.37,34.99,37.81,0.83,-1,-1,-1
99,-1,2110.27,667.30,112.19,90.99,0.78,-1,-1,-1
99,-1,2717.05,1006.94,48.46,32.46,0.67,-1,-1,-1
99,-1,2110.57,1352.02,73.34,120.42,0.66,-1,-1,-1
99,-1,2679.13,807.12,35.43,35.07,0.64,-1,-1,-1
99,-1,2108.29,751.24,25.12,27.60,0.61,-1,-1,-1
99,-1,2822.58,1014.91,65.93,40.63,0.61,-1,-1,-1
99,-1,2102.83,1368.54,110.95,103.31,0.53,-1,-1,-1
99,-1,2110.43,667.15,112.50,90.87,0.51,-1,-1,-1
99,-1,2560.13,356.75,47.74,46.43,0.50,-1,-1,-1
99,-1,2364.43,705.67,61.23,48.47,0.50,-1,-1,-1
99,-1,2765.01,1081.74,36.81,44.52,0.46,-1,-1,-1
99,-1,2471.62,579.05,38.30,27.40,0.41,-1,-1,-1
99,-1,2417.67,1204.89,35.12,29.26,0.39,-1,-1,-1
99,-1,2725.85,837.52,26.03,29.19,0.38,-1,-1,-1
99,-1,2817.22,1035.55,17.06,31.90,0.37,-1,-1,-1
99,-1,2774.70,1082.07,33.68,27.89,0.32,-1,-1,-1
99,-1,3502.02,1967.45,34.37,44.35,0.29,-1,-1,-1
99,-1,2687.59,366.63,31.38,26.95,0.27,-1,-1,-1
99,-1,2448.08,894.76,11.96,16.34,0.24,-1,-1,-1
99,-1,2927.67,1020.40,31.64,31.61,0.23,-1,-1,-1
99,-1,2393.78,1444.90,56.43,105.55,0.21,-1,-1,-1
99,-1,2129.70,678.52,21.66,26.46,0.20,-1,-1,-1
99,-1,2763.52,1110.51,13.38,21.58,0.19,-1,-1,-1
99,-1,2465.49,616.09,57.20,56.97,0.19,-1,-1,-1
99,-1,2775.80,1095.68,24.07,24.55,0.18,-1,-1,-1
99,-1,2092.00,1373.33,78.91,79.52,0.18,-1,-1,-1
99,-1,3255.72,1589.86,15.50,13.98,0.17,-1,-1,-1
99,-1,2738.55,1026.77,22.39,12.47,0.17,-1,-1,-1
99,-1,2688.01,366.88,30.18,26.69,0.16,-1,-1,-1
99,-1,2155.32,692.11,52.04,54.93,0.16,-1,-1,-1
99,-1,2465.70,579.64,46.29,91.58,0.15,-1,-1,-1
99,-1,2817.49,1035.85,16.39,31.55,0.15,-1,-1,-1
99,-1,2466.81,642.42,43.59,30.21,0.14,-1,-1,-1
99,-1,2398.46,1446.04,44.26,39.77,0.13,-1,-1,-1
99,-1,2687.88,366.48,31.18,27.22,0.13,-1,-1,-1
99,-1,2416.93,1204.27,35.43,30.41,0.12,-1,-1,-1
99,-1,2317.72,1430.77,30.70,25.64,0.12,-1,-1,-1
99,-1,2774.76,1098.38,22.53,21.88,0.11,-1,-1,-1
99,-1,2285.23,1057.34,26.99,27.59,0.11,-1,-1,-1
99,-1,2749.55,1013.19,16.86,13.06,0.11,-1,-1,-1
99,-1,2274.00,1413.55,78.75,74.65,0.11,-1,-1,-1
99,-1,2274.29,1310.10,183.46,244.20,0.11,-1,-1,-1
99,-1,2725.98,837.63,25.81,29.11,0.10,-1,-1,-1
99,-1,2364.42,705.85,101.56,84.72,0.10,-1,-1,-1
99,-1,1867.24,1267.37,37.75,67.67,0.10,-1,-1,-1
99,-1,2824.83,1024.64,36.19,28.45,0.10,-1,-1,-1
99,-1,2695.11,1026.36,26.77,23.99,0.09,-1,-1,-1
99,-1,2739.00,1015.12,27.74,24.46,0.09,-1,-1,-1
99,-1,3256.58,1590.20,14.48,13.90,0.09,-1,-1,-1
99,-1,2108.12,751.55,24.98,27.66,0.09,-1,-1,-1
99,-1,2417.26,1204.32,35.30,30.23,0.09,-1,-1,-1
99,-1,2488.86,615.90,37.43,33.12,0.09,-1,-1,-1
99,-1,1829.85,1261.67,35.47,41.04,0.08,-1,-1,-1
99,-1,2155.05,692.74,21.04,24.45,0.08,-1,-1,-1
99,-1,1791.05,1259.38,118.50,129.09,0.08,-1,-1,-1
99,-1,2726.23,838.18,25.48,28.59,0.08,-1,-1,-1
99,-1,2152.96,1389.26,60.35,80.60,0.07,-1,-1,-1
99,-1,2560.06,357.14,50.05,46.66,0.07,-1,-1,-1
99,-1,1810.66,1263.47,124.33,56.42,0.07,-1,-1,-1
99,-1,2417.36,1205.14,35.41,29.23,0.07,-1,-1,-1
99,-1,2685.00,797.18,10.74,23.87,0.07,-1,-1,-1
99,-1,2284.83,1055.82,33.46,30.83,0.07,-1,-1,-1
99,-1,2926.37,1012.39,58.33,41.04,0.07,-1,-1,-1
99,-1,2117.26,1403.34,53.18,66.49,0.06,-1,-1,-1
99,-1,2317.65,1430.84,30.99,26.54,0.06,-1,-1,-1
99,-1,2092.01,1374.85,35.66,65.58,0.06,-1,-1,-1
99,-1,2677.34,799.99,38.69,44.43,0.06,-1,-1,-1
99,-1,2931.04,1019.96,28.48,31.96,0.06,-1,-1,-1
99,-1,2819.16,1032.62,16.92,32.49,0.05,-1,-1,-1
99,-1,2135.81,1436.74,32.92,32.25,0.05,-1,-1,-1
99,-1,3135.10,1803.36,27.40,32.13,0.05,-1,-1,-1
99,-1,2556.00,387.45,31.52,21.90,0.05,-1,-1,-1
100,-1,2244.33,1459.93,77.03,102.81,0.90,-1,-1,-1
100,-1,2769.73,1220.68,110.93,45.16,0.89,-1,-1,-1
100,-1,1771.00,1287.76,132.84,57.44,0.88,-1,-1,-1
100,-1,2924.89,521.11,39.16,87.12,0.84,-1,-1,-1
100,-1,2068.92,692.76,113.41,92.04,0.80,-1,-1,-1
100,-1,2067.51,1378.54,72.76,120.91,0.79,-1,-1,-1
100,-1,2648.26,395.83,29.71,25.81,0.78,-1,-1,-1
100,-1,2520.66,382.23,44.76,51.08,0.73,-1,-1,-1
100,-1,2404.79,603.76,73.35,102.67,0.72,-1,-1,-1
100,-1,2734.22,1105.32,42.50,39.47,0.67,-1,-1,-1
100,-1,2329.55,733.79,47.56,44.94,0.57,-1,-1,-1
100,-1,2684.67,1039.57,37.04,30.04,0.56,-1,-1,-1
100,-1,1728.22,1333.89,139.39,82.69,0.51,-1,-1,-1
100,-1,2087.00,703.92,22.99,28.31,0.49,-1,-1,-1
100,-1,2636.39,827.88,47.29,42.48,0.49,-1,-1,-1
100,-1,2779.32,1042.06,65.58,40.36,0.47,-1,-1,-1
100,-1,2064.49,1411.04,91.52,85.49,0.38,-1,-1,-1
100,-1,2635.48,829.77,74.73,65.75,0.37,-1,-1,-1
100,-1,2520.65,381.51,44.80,51.38,0.37,-1,-1,-1
100,-1,2790.45,1210.77,38.70,38.38,0.37,-1,-1,-1
100,-1,2067.32,777.58,23.15,27.92,0.35,-1,-1,-1
100,-1,2545.15,386.16,21.42,29.23,0.34,-1,-1,-1
100,-1,2703.74,1011.10,28.05,34.29,0.32,-1,-1,-1
100,-1,2234.56,1337.58,182.82,245.66,0.31,-1,-1,-1
100,-1,2353.88,934.79,35.97,38.55,0.29,-1,-1,-1
100,-1,1822.16,1290.05,48.07,75.53,0.27,-1,-1,-1
100,-1,2684.25,865.51,26.19,28.05,0.23,-1,-1,-1
100,-1,2353.82,934.77,35.96,38.61,0.20,-1,-1,-1
100,-1,2698.06,1058.96,22.41,11.26,0.18,-1,-1,-1
100,-1,2422.49,643.45,52.51,60.11,0.14,-1,-1,-1
100,-1,2329.63,734.42,47.81,44.16,0.14,-1,-1,-1
100,-1,3461.39,1994.70,31.97,45.04,0.12,-1,-1,-1
100,-1,2684.25,866.33,26.05,27.57,0.12,-1,-1,-1
100,-1,2116.50,718.05,53.95,58.31,0.12,-1,-1,-1
100,-1,1730.12,1332.43,141.91,82.49,0.10,-1,-1,-1
100,-1,2774.94,1054.19,43.00,37.68,0.10,-1,-1,-1
100,-1,2114.35,718.74,21.98,25.28,0.10,-1,-1,-1
100,-1,2614.81,830.12,38.73,59.98,0.10,-1,-1,-1
100,-1,3448.62,1993.01,49.45,67.08,0.10,-1,-1,-1
100,-1,2329.49,734.45,47.92,44.27,0.10,-1,-1,-1
100,-1,2689.49,1044.12,32.34,25.28,0.09,-1,-1,-1
100,-1,2120.70,718.93,31.33,38.78,0.08,-1,-1,-1
100,-1,2615.31,831.21,15.24,36.51,0.08,-1,-1,-1
100,-1,2069.56,692.91,112.61,91.05,0.07,-1,-1,-1
100,-1,2281.50,1452.47,133.23,128.72,0.07,-1,-1,-1
100,-1,2064.89,736.99,65.08,70.07,0.07,-1,-1,-1
100,-1,2887.93,1047.68,28.57,30.39,0.07,-1,-1,-1
100,-1,2726.83,1129.99,13.61,26.00,0.07,-1,-1,-1
100,-1,2887.35,1047.62,28.70,30.70,0.07,-1,-1,-1
100,-1,2443.60,644.10,30.65,37.47,0.07,-1,-1,-1
100,-1,2636.64,841.77,38.38,28.35,0.07,-1,-1,-1
100,-1,2405.19,677.67,73.83,42.43,0.06,-1,-1,-1
100,-1,2689.46,1023.08,28.14,22.16,0.06,-1,-1,-1
100,-1,3215.73,1613.19,14.59,16.89,0.06,-1,-1,-1
100,-1,2925.08,521.20,39.09,87.44,0.06,-1,-1,-1
100,-1,2354.76,1476.62,57.88,105.60,0.06,-1,-1,-1
100,-1,2726.95,1130.84,13.61,25.30,0.05,-1,-1,-1
100,-1,3212.05,1610.79,19.63,20.72,0.05,-1,-1,-1
100,-1,2425.86,604.61,41.34,26.70,0.05,-1,-1,-1
100,-1,2283.85,1459.09,23.83,27.10,0.05,-1,-1,-1
100,-1,2786.39,1062.89,29.70,17.98,0.05,-1,-1,-1
100,-1,2725.67,1107.23,16.54,48.88,0.05,-1,-1,-1
100,-1,3041.75,1345.05,794.28,822.49,0.05,-1,-1,-1
101,-1,2200.94,1488.18,73.39,104.96,0.90,-1,-1,-1
101,-1,2023.37,717.90,111.10,92.68,0.89,-1,-1,-1
101,-1,2718.26,1247.90,112.05,42.54,0.87,-1,-1,-1
101,-1,2019.58,1404.39,78.30,118.46,0.84,-1,-1,-1
101,-1,2600.52,422.87,30.26,26.32,0.77,-1,-1,-1
101,-1,1724.04,1310.30,134.49,55.11,0.73,-1,-1,-1
101,-1,2677.72,1128.52,42.50,49.46,0.73,-1,-1,-1
101,-1,2304.43,960.03,37.43,39.86,0.72,-1,-1,-1
101,-1,1723.60,1309.72,134.08,55.83,0.66,-1,-1,-1
101,-1,2363.85,628.34,67.29,105.64,0.64,-1,-1,-1
101,-1,2293.67,765.80,46.31,43.18,0.58,-1,-1,-1
101,-1,2871.52,544.12,45.37,88.52,0.55,-1,-1,-1
101,-1,2308.67,1502.00,59.44,106.26,0.52,-1,-1,-1
101,-1,2641.69,1069.54,31.90,28.37,0.52,-1,-1,-1
101,-1,2741.59,1230.77,41.25,48.53,0.41,-1,-1,-1
101,-1,2327.90,1264.34,32.60,23.78,0.36,-1,-1,-1
101,-1,2723.20,1072.31,69.95,37.89,0.34,-1,-1,-1
101,-1,2586.40,857.43,77.29,62.03,0.34,-1,-1,-1
101,-1,2019.07,803.77,21.44,27.55,0.33,-1,-1,-1
101,-1,2042.96,1428.32,58.97,94.33,0.28,-1,-1,-1
101,-1,2393.12,629.34,23.66,24.20,0.20,-1,-1,-1
101,-1,2042.50,730.18,21.21,29.69,0.19,-1,-1,-1
101,-1,2236.74,1481.29,132.80,126.42,0.18,-1,-1,-1
101,-1,2002.88,1424.37,27.68,37.40,0.18,-1,-1,-1
101,-1,3049.73,1859.90,22.36,26.89,0.17,-1,-1,-1
101,-1,2871.90,544.73,45.03,88.08,0.16,-1,-1,-1
101,-1,2236.94,1484.84,37.01,57.06,0.14,-1,-1,-1
101,-1,2311.11,1502.71,50.85,39.78,0.13,-1,-1,-1
101,-1,2067.63,742.60,54.46,59.24,0.13,-1,-1,-1
101,-1,1735.25,1307.92,45.69,52.93,0.12,-1,-1,-1
101,-1,2348.14,679.61,40.83,67.66,0.11,-1,-1,-1
101,-1,1065.74,1596.97,10.17,13.28,0.11,-1,-1,-1
101,-1,2842.44,1073.42,25.17,30.22,0.11,-1,-1,-1
101,-1,2724.27,1087.24,22.34,28.74,0.10,-1,-1,-1
101,-1,3398.56,2018.86,51.65,64.95,0.10,-1,-1,-1
101,-1,2362.14,710.60,25.52,23.92,0.09,-1,-1,-1
101,-1,2722.35,1073.66,70.67,42.81,0.08,-1,-1,-1
101,-1,1065.71,1596.99,10.77,13.70,0.08,-1,-1,-1
101,-1,3167.25,1641.09,13.40,14.30,0.08,-1,-1,-1
101,-1,2073.24,744.74,19.50,24.25,0.08,-1,-1,-1
101,-1,2238.88,1487.56,22.64,22.13,0.08,-1,-1,-1
101,-1,2586.62,857.22,77.15,62.16,0.08,-1,-1,-1
101,-1,2007.50,1406.15,105.70,117.72,0.07,-1,-1,-1
101,-1,2018.86,803.74,21.30,27.34,0.07,-1,-1,-1
101,-1,2871.49,544.28,45.44,88.13,0.07,-1,-1,-1
101,-1,1700.59,1303.74,142.96,217.55,0.07,-1,-1,-1
101,-1,2348.75,706.96,23.98,38.25,0.07,-1,-1,-1
101,-1,2736.34,645.71,28.20,14.04,0.06,-1,-1,-1
101,-1,2475.06,406.93,29.35,48.71,0.05,-1,-1,-1
101,-1,2015.63,760.12,61.49,73.18,0.05,-1,-1,-1
101,-1,3043.31,1098.31,790.73,844.01,0.05,-1,-1,-1
101,-1,2477.69,405.00,52.48,52.87,0.05,-1,-1,-1
101,-1,2996.45,1220.00,823.49,851.61,0.05,-1,-1,-1
102,-1,2101.57,1535.43,73.15,108.41,0.89,-1,-1,-1
102,-1,1623.14,1350.03,135.15,50.83,0.80,-1,-1,-1
102,-1,1918.83,1443.50,73.63,120.65,0.79,-1,-1,-1
102,-1,2582.50,1165.06,36.11,46.67,0.78,-1,-1,-1
102,-1,2753.30,583.61,66.13,84.44,0.75,-1,-1,-1
102,-1,1593.81,1385.75,118.88,107.43,0.70,-1,-1,-1
102,-1,2535.52,1106.99,41.56,43.59,0.67,-1,-1,-1
102,-1,2608.55,1291.08,116.25,39.32,0.66,-1,-1,-1
102,-1,1922.94,758.24,108.84,93.62,0.66,-1,-1,-1
102,-1,1923.19,758.03,108.58,93.53,0.61,-1,-1,-1
102,-1,2247.33,667.86,81.62,115.18,0.57,-1,-1,-1
102,-1,2754.20,583.57,65.41,84.06,0.55,-1,-1,-1
102,-1,1952.43,1479.02,50.23,85.84,0.55,-1,-1,-1
102,-1,2199.17,1000.14,44.14,41.85,0.45,-1,-1,-1
102,-1,2499.45,467.57,31.46,25.71,0.39,-1,-1,-1
102,-1,1898.51,1446.11,110.09,116.99,0.38,-1,-1,-1
102,-1,1916.36,845.45,20.88,33.03,0.36,-1,-1,-1
102,-1,2191.80,811.06,32.65,31.46,0.33,-1,-1,-1
102,-1,2206.31,1387.70,35.74,37.05,0.32,-1,-1,-1
102,-1,3063.24,1683.30,12.87,12.65,0.30,-1,-1,-1
102,-1,2612.04,1289.98,111.83,40.37,0.30,-1,-1,-1
102,-1,2198.95,1000.12,44.25,41.96,0.29,-1,-1,-1
102,-1,2618.53,1108.58,47.01,54.46,0.28,-1,-1,-1
102,-1,2211.12,1537.99,65.44,114.08,0.24,-1,-1,-1
102,-1,2222.28,1305.58,31.78,24.70,0.24,-1,-1,-1
102,-1,1967.33,784.40,51.04,55.15,0.22,-1,-1,-1
102,-1,2190.38,808.10,87.15,68.45,0.19,-1,-1,-1
102,-1,2633.53,1110.53,31.57,30.48,0.19,-1,-1,-1
102,-1,1969.04,784.55,20.31,25.78,0.18,-1,-1,-1
102,-1,2483.40,891.75,32.60,36.81,0.17,-1,-1,-1
102,-1,2738.33,1115.72,23.03,29.58,0.16,-1,-1,-1
102,-1,2545.76,1130.50,21.22,20.55,0.13,-1,-1,-1
102,-1,2098.13,1140.18,41.16,27.28,0.13,-1,-1,-1
102,-1,1941.41,771.27,23.53,29.10,0.12,-1,-1,-1
102,-1,2559.86,1114.94,23.22,33.35,0.11,-1,-1,-1
102,-1,3162.97,1854.88,27.12,20.29,0.11,-1,-1,-1
102,-1,2529.75,939.27,32.07,24.40,0.11,-1,-1,-1
102,-1,1636.24,1346.50,42.57,41.42,0.11,-1,-1,-1
102,-1,2940.35,1896.88,27.85,29.79,0.10,-1,-1,-1
102,-1,2246.61,756.74,33.77,27.21,0.10,-1,-1,-1
102,-1,2192.02,811.92,32.11,28.63,0.09,-1,-1,-1
102,-1,2529.65,939.34,31.88,24.37,0.09,-1,-1,-1
102,-1,3163.68,1855.18,23.47,18.01,0.09,-1,-1,-1
102,-1,2138.88,1540.05,29.02,56.38,0.09,-1,-1,-1
102,-1,2535.11,1110.87,32.65,40.51,0.09,-1,-1,-1
102,-1,2483.57,894.28,30.80,29.68,0.09,-1,-1,-1
102,-1,2482.12,892.72,79.72,72.11,0.08,-1,-1,-1
102,-1,2098.20,1139.70,41.48,28.22,0.08,-1,-1,-1
102,-1,2726.16,621.57,14.71,10.32,0.08,-1,-1,-1
102,-1,2368.94,450.98,43.84,45.62,0.07,-1,-1,-1
102,-1,1995.14,809.52,24.22,28.86,0.07,-1,-1,-1
102,-1,2619.20,1145.64,29.32,27.56,0.07,-1,-1,-1
102,-1,2282.00,669.19,34.41,26.57,0.07,-1,-1,-1
102,-1,2552.74,1124.40,22.89,25.33,0.07,-1,-1,-1
102,-1,2776.14,638.72,24.37,32.33,0.07,-1,-1,-1
102,-1,2612.34,1257.06,57.13,73.62,0.07,-1,-1,-1
102,-1,3307.55,2060.50,35.00,43.28,0.07,-1,-1,-1
102,-1,2585.80,1180.30,35.15,31.82,0.07,-1,-1,-1
102,-1,2619.22,1145.02,12.79,19.02,0.07,-1,-1,-1
102,-1,2584.68,1193.12,24.78,18.67,0.06,-1,-1,-1
102,-1,2094.55,1519.17,76.74,77.20,0.06,-1,-1,-1
102,-1,2247.21,705.40,78.71,77.61,0.06,-1,-1,-1
102,-1,2222.34,1305.27,31.65,24.65,0.06,-1,-1,-1
102,-1,2940.18,1897.09,28.60,29.39,0.06,-1,-1,-1
102,-1,2544.57,1075.54,42.12,44.23,0.06,-1,-1,-1
102,-1,2283.04,682.18,26.43,13.32,0.06,-1,-1,-1
102,-1,2499.17,467.52,32.73,25.76,0.06,-1,-1,-1
102,-1,1919.76,1471.07,78.13,29.84,0.05,-1,-1,-1
102,-1,2281.76,669.98,33.92,26.14,0.05,-1,-1,-1
102,-1,2369.35,451.30,37.13,43.21,0.05,-1,-1,-1
102,-1,3290.08,2059.74,56.50,67.60,0.05,-1,-1,-1
102,-1,2738.01,1115.86,23.26,29.47,0.05,-1,-1,-1
103,-1,1969.88,1583.87,70.18,106.71,0.91,-1,-1,-1
103,-1,2465.42,1329.17,113.53,37.29,0.90,-1,-1,-1
103,-1,1485.89,1385.40,132.87,48.15,0.86,-1,-1,-1
103,-1,1787.70,794.10,108.16,96.62,0.74,-1,-1,-1
103,-1,2104.79,702.79,85.56,122.27,0.68,-1,-1,-1
103,-1,1788.25,794.17,107.68,96.41,0.65,-1,-1,-1
103,-1,2095.02,718.38,52.37,116.11,0.62,-1,-1,-1
103,-1,2479.99,1301.42,60.24,69.84,0.62,-1,-1,-1
103,-1,2003.64,1575.88,153.11,108.46,0.62,-1,-1,-1
103,-1,1783.58,1477.95,69.42,121.90,0.55,-1,-1,-1
103,-1,2611.79,614.69,76.87,78.55,0.52,-1,-1,-1
103,-1,1778.37,884.91,22.43,37.34,0.52,-1,-1,-1
103,-1,1758.02,1479.85,120.58,119.31,0.51,-1,-1,-1
103,-1,2404.22,1152.08,39.31,40.40,0.48,-1,-1,-1
103,-1,2415.34,1199.83,70.58,50.82,0.45,-1,-1,-1
103,-1,2083.12,1343.31,30.45,23.63,0.40,-1,-1,-1
103,-1,2076.73,1423.43,32.17,28.02,0.38,-1,-1,-1
103,-1,2342.13,918.05,34.09,45.35,0.37,-1,-1,-1
103,-1,2056.15,844.09,34.62,27.54,0.32,-1,-1,-1
103,-1,2359.32,508.10,33.24,26.60,0.31,-1,-1,-1
103,-1,2448.31,1199.83,37.18,41.72,0.30,-1,-1,-1
103,-1,2394.91,977.77,27.36,23.83,0.30,-1,-1,-1
103,-1,2145.86,704.03,37.31,27.58,0.26,-1,-1,-1
103,-1,1963.49,1174.82,26.38,25.77,0.25,-1,-1,-1
103,-1,2076.81,1423.70,30.96,27.72,0.25,-1,-1,-1
103,-1,2359.67,508.08,33.10,26.77,0.23,-1,-1,-1
103,-1,1821.16,1555.97,56.51,43.29,0.22,-1,-1,-1
103,-1,1833.59,821.76,15.82,22.60,0.22,-1,-1,-1
103,-1,2094.84,720.77,22.77,103.31,0.18,-1,-1,-1
103,-1,2077.44,1612.41,26.34,76.02,0.17,-1,-1,-1
103,-1,2061.94,1033.07,32.38,43.89,0.17,-1,-1,-1
103,-1,1842.79,826.80,35.18,48.76,0.17,-1,-1,-1
103,-1,2611.74,614.79,77.00,78.69,0.16,-1,-1,-1
103,-1,2922.90,1718.39,14.80,13.89,0.15,-1,-1,-1
103,-1,2359.53,508.13,33.15,26.29,0.13,-1,-1,-1
103,-1,2595.20,1150.93,26.47,30.63,0.11,-1,-1,-1
103,-1,1803.64,807.44,24.58,27.28,0.10,-1,-1,-1
103,-1,2595.27,1151.00,26.29,30.31,0.10,-1,-1,-1
103,-1,2612.05,614.84,77.05,78.53,0.10,-1,-1,-1
103,-1,2494.54,1140.39,37.80,37.21,0.10,-1,-1,-1
103,-1,1497.72,1358.87,47.61,72.23,0.09,-1,-1,-1
103,-1,2145.89,704.32,37.10,27.52,0.09,-1,-1,-1
103,-1,2342.16,918.10,34.19,45.54,0.09,-1,-1,-1
103,-1,12.54,1733.95,36.04,29.82,0.07,-1,-1,-1
103,-1,2098.14,798.11,47.15,35.54,0.06,-1,-1,-1
103,-1,2004.61,1584.28,50.40,73.61,0.06,-1,-1,-1
103,-1,2004.48,1417.65,152.33,272.98,0.06,-1,-1,-1
103,-1,2494.51,1152.65,19.17,23.88,0.06,-1,-1,-1
103,-1,2076.28,1600.90,69.35,88.50,0.06,-1,-1,-1
103,-1,2.35,1701.49,47.26,64.19,0.05,-1,-1,-1
103,-1,2342.06,918.40,33.98,44.08,0.05,-1,-1,-1
103,-1,1759.73,1498.07,74.21,73.81,0.05,-1,-1,-1
103,-1,1455.08,1336.69,160.65,200.26,0.05,-1,-1,-1
104,-1,1898.38,1600.92,68.37,107.65,0.91,-1,-1,-1
104,-1,1411.55,1397.03,133.13,48.76,0.88,-1,-1,-1
104,-1,1714.24,808.32,107.38,97.45,0.85,-1,-1,-1
104,-1,2279.15,526.25,34.25,26.15,0.76,-1,-1,-1
104,-1,2029.08,716.91,85.01,122.92,0.73,-1,-1,-1
104,-1,2531.81,620.30,73.12,81.24,0.68,-1,-1,-1
104,-1,2386.61,1343.43,112.61,37.19,0.62,-1,-1,-1
104,-1,1709.60,1489.37,63.66,86.70,0.60,-1,-1,-1
104,-1,2002.76,1605.17,69.55,98.08,0.58,-1,-1,-1
104,-1,2411.11,1316.18,43.79,71.69,0.54,-1,-1,-1
104,-1,1680.99,1506.17,111.19,105.63,0.41,-1,-1,-1
104,-1,1931.68,1602.59,26.08,38.79,0.38,-1,-1,-1
104,-1,2012.43,815.68,32.99,38.51,0.37,-1,-1,-1
104,-1,1702.17,900.28,24.27,38.92,0.36,-1,-1,-1
104,-1,2081.92,717.35,26.97,26.98,0.34,-1,-1,-1
104,-1,1730.17,1526.69,60.66,87.23,0.33,-1,-1,-1
104,-1,1769.27,842.83,34.30,47.62,0.31,-1,-1,-1
104,-1,2385.55,1344.61,112.52,35.57,0.29,-1,-1,-1
104,-1,2164.16,510.59,42.75,38.42,0.27,-1,-1,-1
104,-1,1979.16,858.65,33.90,29.87,0.27,-1,-1,-1
104,-1,2318.21,994.65,27.47,22.08,0.26,-1,-1,-1
104,-1,1755.43,837.23,19.33,25.96,0.24,-1,-1,-1
104,-1,1701.85,901.42,24.54,37.17,0.24,-1,-1,-1
104,-1,2516.61,1162.23,27.89,30.74,0.24,-1,-1,-1
104,-1,2008.77,1357.52,28.50,24.74,0.23,-1,-1,-1
104,-1,2008.76,1357.57,28.40,24.77,0.21,-1,-1,-1
104,-1,2263.66,926.79,82.51,90.96,0.20,-1,-1,-1
104,-1,1731.64,822.30,20.53,24.44,0.19,-1,-1,-1
104,-1,3238.85,1749.65,23.12,47.89,0.18,-1,-1,-1
104,-1,1702.06,900.14,24.14,39.18,0.18,-1,-1,-1
104,-1,1416.75,1371.33,58.59,82.01,0.16,-1,-1,-1
104,-1,2580.24,664.79,20.40,40.12,0.15,-1,-1,-1
104,-1,2163.50,494.28,72.24,55.28,0.11,-1,-1,-1
104,-1,2080.30,717.69,28.48,26.71,0.11,-1,-1,-1
104,-1,1682.51,1511.12,69.77,64.99,0.11,-1,-1,-1
104,-1,2264.80,927.23,37.71,37.58,0.10,-1,-1,-1
104,-1,1996.99,1435.15,45.69,85.76,0.10,-1,-1,-1
104,-1,1930.66,1605.16,32.20,66.93,0.09,-1,-1,-1
104,-1,2264.76,927.57,38.14,36.66,0.09,-1,-1,-1
104,-1,1980.03,860.57,31.13,27.51,0.08,-1,-1,-1
104,-1,3701.22,111.97,46.08,32.29,0.08,-1,-1,-1
104,-1,2011.08,747.53,34.74,107.25,0.08,-1,-1,-1
104,-1,1682.89,1513.07,40.39,36.83,0.07,-1,-1,-1
104,-1,2030.51,803.36,17.99,35.82,0.07,-1,-1,-1
104,-1,2002.40,1436.67,30.21,24.74,0.07,-1,-1,-1
104,-1,1978.05,857.45,83.30,56.49,0.07,-1,-1,-1
104,-1,1890.65,1581.74,71.00,82.55,0.07,-1,-1,-1
104,-1,2013.82,814.89,65.71,43.03,0.07,-1,-1,-1
104,-1,2030.22,800.62,37.62,39.31,0.06,-1,-1,-1
104,-1,1982.78,1048.41,53.25,37.64,0.05,-1,-1,-1
104,-1,1983.47,1056.50,30.57,28.91,0.05,-1,-1,-1
104,-1,1978.01,855.86,34.94,32.92,0.05,-1,-1,-1
105,-1,1801.45,1629.41,69.85,105.57,0.92,-1,-1,-1
105,-1,1353.28,1416.11,91.17,48.38,0.84,-1,-1,-1
105,-1,1608.72,1509.42,71.76,124.03,0.80,-1,-1,-1
105,-1,2444.08,660.04,49.35,49.99,0.79,-1,-1,-1
105,-1,1612.62,829.12,107.64,97.46,0.78,-1,-1,-1
105,-1,1599.47,921.60,25.31,38.64,0.72,-1,-1,-1
105,-1,1880.79,871.79,29.29,41.53,0.69,-1,-1,-1
105,-1,1612.32,828.69,107.66,98.29,0.68,-1,-1,-1
105,-1,2173.14,548.28,31.66,27.40,0.67,-1,-1,-1
105,-1,1833.66,1615.86,150.78,105.36,0.62,-1,-1,-1
105,-1,1637.07,1539.83,49.45,83.26,0.59,-1,-1,-1
105,-1,1895.34,1635.31,82.84,87.96,0.51,-1,-1,-1
105,-1,1352.78,1416.66,91.03,47.75,0.48,-1,-1,-1
105,-1,1311.83,1386.73,78.08,87.94,0.40,-1,-1,-1
105,-1,2278.49,1365.96,110.47,36.24,0.39,-1,-1,-1
105,-1,1919.46,816.40,57.83,51.76,0.37,-1,-1,-1
105,-1,1835.43,1619.10,52.81,51.58,0.36,-1,-1,-1
105,-1,1908.95,1378.08,26.12,23.75,0.31,-1,-1,-1
105,-1,2278.41,1365.15,113.09,37.33,0.31,-1,-1,-1
105,-1,1918.89,836.61,30.97,32.48,0.28,-1,-1,-1
105,-1,3597.47,131.57,44.67,34.86,0.27,-1,-1,-1
105,-1,2213.53,1014.55,29.00,24.97,0.27,-1,-1,-1
105,-1,1579.78,1515.56,113.19,109.17,0.26,-1,-1,-1
105,-1,2158.04,939.23,42.86,35.46,0.25,-1,-1,-1
105,-1,2276.36,1365.68,114.88,36.14,0.24,-1,-1,-1
105,-1,1983.53,735.79,24.25,30.49,0.24,-1,-1,-1
105,-1,1885.56,896.11,25.25,19.29,0.21,-1,-1,-1
105,-1,2277.72,1323.48,93.27,99.76,0.20,-1,-1,-1
105,-1,1918.87,733.97,95.84,134.91,0.20,-1,-1,-1
105,-1,2468.72,686.66,15.81,31.39,0.20,-1,-1,-1
105,-1,2444.17,673.48,32.88,44.31,0.20,-1,-1,-1
105,-1,1983.27,735.66,24.09,30.49,0.19,-1,-1,-1
105,-1,1599.27,921.75,25.62,38.33,0.19,-1,-1,-1
105,-1,2157.46,939.02,42.95,36.37,0.18,-1,-1,-1
105,-1,1656.46,857.19,22.13,24.35,0.17,-1,-1,-1
105,-1,2415.78,1173.99,26.18,30.48,0.16,-1,-1,-1
105,-1,1656.78,856.56,39.04,45.83,0.16,-1,-1,-1
105,-1,2746.21,1749.98,11.51,13.48,0.13,-1,-1,-1
105,-1,1877.43,883.41,28.71,31.21,0.13,-1,-1,-1
105,-1,2213.49,1015.79,28.88,23.71,0.11,-1,-1,-1
105,-1,1919.04,816.43,58.29,52.18,0.11,-1,-1,-1
105,-1,1919.28,832.92,29.88,35.62,0.11,-1,-1,-1
105,-1,2309.07,1188.73,20.78,27.79,0.11,-1,-1,-1
105,-1,2283.48,1396.06,73.27,25.01,0.10,-1,-1,-1
105,-1,2060.26,525.17,86.38,53.57,0.10,-1,-1,-1
105,-1,2156.72,950.64,25.76,24.04,0.10,-1,-1,-1
105,-1,2280.66,1371.61,75.35,46.19,0.09,-1,-1,-1
105,-1,1983.51,736.25,23.00,30.03,0.09,-1,-1,-1
105,-1,2156.87,939.91,84.16,100.17,0.09,-1,-1,-1
105,-1,1582.22,1532.08,36.59,40.53,0.08,-1,-1,-1
105,-1,1787.38,1204.71,28.72,26.75,0.08,-1,-1,-1
105,-1,2213.45,1017.04,28.90,22.56,0.08,-1,-1,-1
105,-1,1300.74,1389.16,104.05,171.55,0.08,-1,-1,-1
105,-1,1905.85,859.55,16.40,18.83,0.07,-1,-1,-1
105,-1,2631.19,1967.52,21.90,26.95,0.07,-1,-1,-1
105,-1,1931.51,911.37,23.77,19.34,0.07,-1,-1,-1
105,-1,1681.31,873.17,37.81,33.40,0.06,-1,-1,-1
105,-1,1303.05,1385.13,101.88,175.53,0.06,-1,-1,-1
105,-1,1311.02,1392.17,82.81,83.58,0.06,-1,-1,-1
105,-1,1904.03,1446.67,36.79,31.55,0.06,-1,-1,-1
105,-1,2467.23,697.10,12.85,22.07,0.06,-1,-1,-1
105,-1,2631.58,1968.44,21.49,26.22,0.05,-1,-1,-1
105,-1,1883.25,907.88,16.97,23.54,0.05,-1,-1,-1
106,-1,1762.04,1642.22,72.93,106.32,0.91,-1,-1,-1
106,-1,1566.94,1519.94,68.37,123.78,0.89,-1,-1,-1
106,-1,1271.93,1417.81,132.39,55.74,0.87,-1,-1,-1
106,-1,2230.79,1375.61,113.95,35.45,0.78,-1,-1,-1
106,-1,1571.15,837.26,105.04,98.75,0.77,-1,-1,-1
106,-1,2408.01,665.31,40.29,55.25,0.74,-1,-1,-1
106,-1,1861.06,1638.35,74.42,86.92,0.72,-1,-1,-1
106,-1,1835.56,879.48,29.44,52.01,0.68,-1,-1,-1
106,-1,1557.39,931.81,24.23,36.67,0.64,-1,-1,-1
106,-1,1571.38,837.20,105.56,98.58,0.63,-1,-1,-1
106,-1,1868.59,849.52,25.78,34.63,0.46,-1,-1,-1
106,-1,1594.79,1550.94,60.51,88.98,0.45,-1,-1,-1
106,-1,2130.49,559.77,30.61,25.58,0.45,-1,-1,-1
106,-1,1273.39,1421.36,69.43,61.88,0.41,-1,-1,-1
106,-1,2111.06,945.36,39.53,31.17,0.36,-1,-1,-1
106,-1,1535.12,1533.26,124.60,108.45,0.33,-1,-1,-1
106,-1,1869.85,846.20,27.32,37.32,0.31,-1,-1,-1
106,-1,2255.53,1319.42,75.72,62.07,0.29,-1,-1,-1
106,-1,2703.92,1760.17,13.76,13.52,0.26,-1,-1,-1
106,-1,1757.45,1623.97,177.85,105.11,0.23,-1,-1,-1
106,-1,3554.37,137.74,43.34,30.44,0.22,-1,-1,-1
106,-1,2171.48,1028.72,26.63,22.13,0.21,-1,-1,-1
106,-1,1557.25,931.28,24.21,37.19,0.21,-1,-1,-1
106,-1,1853.76,1664.18,41.10,63.44,0.21,-1,-1,-1
106,-1,2019.52,539.71,40.59,41.25,0.21,-1,-1,-1
106,-1,1619.38,869.28,43.78,55.49,0.17,-1,-1,-1
106,-1,1942.24,746.23,27.63,30.94,0.17,-1,-1,-1
106,-1,1942.42,746.17,27.76,31.38,0.16,-1,-1,-1
106,-1,2427.75,706.75,16.24,18.72,0.14,-1,-1,-1
106,-1,2192.26,1183.98,144.63,224.45,0.13,-1,-1,-1
106,-1,1942.50,746.17,27.40,31.44,0.13,-1,-1,-1
106,-1,2253.99,1196.69,31.86,33.96,0.13,-1,-1,-1
106,-1,2427.62,693.86,21.28,31.26,0.12,-1,-1,-1
106,-1,1872.55,745.46,99.04,135.30,0.12,-1,-1,-1
106,-1,1863.61,1453.45,38.44,38.13,0.11,-1,-1,-1
106,-1,2228.72,1375.21,116.74,36.25,0.09,-1,-1,-1
106,-1,1870.82,828.14,38.28,54.69,0.09,-1,-1,-1
106,-1,2228.38,1375.23,116.94,36.64,0.08,-1,-1,-1
106,-1,2371.12,1182.67,29.94,27.62,0.08,-1,-1,-1
106,-1,1868.26,1388.62,24.49,23.07,0.08,-1,-1,-1
106,-1,1835.44,1091.59,28.87,23.00,0.08,-1,-1,-1
106,-1,1863.55,1453.67,38.43,37.70,0.08,-1,-1,-1
106,-1,2129.17,559.53,31.54,26.69,0.05,-1,-1,-1
107,-1,1730.58,1654.03,74.73,105.73,0.91,-1,-1,-1
107,-1,1238.55,1427.33,132.09,54.60,0.84,-1,-1,-1
107,-1,1533.75,1528.29,63.84,122.72,0.78,-1,-1,-1
107,-1,1537.62,845.65,105.47,100.27,0.75,-1,-1,-1
107,-1,2195.74,1384.64,111.77,36.69,0.74,-1,-1,-1
107,-1,1978.70,545.84,53.46,47.95,0.70,-1,-1,-1
107,-1,1537.59,845.34,105.54,100.34,0.61,-1,-1,-1
107,-1,1834.63,1461.32,33.38,40.63,0.58,-1,-1,-1
107,-1,1977.33,563.29,21.24,31.39,0.54,-1,-1,-1
107,-1,2375.43,679.57,38.82,41.53,0.53,-1,-1,-1
107,-1,1524.51,940.78,25.65,35.54,0.50,-1,-1,-1
107,-1,1724.32,1634.03,182.00,105.20,0.46,-1,-1,-1
107,-1,1830.28,857.68,35.72,38.96,0.44,-1,-1,-1
107,-1,1557.88,1551.39,48.43,83.45,0.43,-1,-1,-1
107,-1,2191.31,1335.22,116.90,121.74,0.43,-1,-1,-1
107,-1,2096.78,570.22,30.06,25.79,0.42,-1,-1,-1
107,-1,1503.78,1547.97,97.38,69.80,0.38,-1,-1,-1
107,-1,1825.40,864.46,22.35,28.42,0.36,-1,-1,-1
107,-1,1836.30,1393.65,26.73,25.99,0.36,-1,-1,-1
107,-1,1237.90,1409.75,81.55,77.22,0.33,-1,-1,-1
107,-1,2074.23,951.22,35.66,36.03,0.30,-1,-1,-1
107,-1,1909.45,755.58,35.41,31.66,0.30,-1,-1,-1
107,-1,1578.36,875.89,51.92,56.76,0.22,-1,-1,-1
107,-1,1829.36,754.03,116.07,139.92,0.22,-1,-1,-1
107,-1,2336.67,1193.41,30.01,23.68,0.21,-1,-1,-1
107,-1,2134.03,1037.25,29.93,23.52,0.21,-1,-1,-1
107,-1,1910.32,775.79,22.08,11.69,0.19,-1,-1,-1
107,-1,3520.03,143.71,43.59,38.17,0.17,-1,-1,-1
107,-1,1832.45,881.59,20.71,15.44,0.16,-1,-1,-1
107,-1,2375.80,679.84,38.42,41.20,0.14,-1,-1,-1
107,-1,1275.82,1546.73,50.71,37.01,0.14,-1,-1,-1
107,-1,1576.75,878.83,20.29,20.82,0.13,-1,-1,-1
107,-1,2132.78,1037.40,30.82,23.42,0.12,-1,-1,-1
107,-1,1524.49,940.41,25.34,35.81,0.11,-1,-1,-1
107,-1,1829.29,1647.11,76.17,94.13,0.11,-1,-1,-1
107,-1,2075.61,951.63,34.44,27.65,0.11,-1,-1,-1
107,-1,2096.24,569.87,30.55,26.51,0.10,-1,-1,-1
107,-1,1830.54,833.63,70.14,57.43,0.10,-1,-1,-1
107,-1,1524.42,940.63,25.53,35.46,0.09,-1,-1,-1
107,-1,2098.61,951.42,12.15,18.55,0.09,-1,-1,-1
107,-1,1769.04,1644.58,52.80,62.80,0.08,-1,-1,-1
107,-1,1233.50,1402.23,99.60,177.70,0.08,-1,-1,-1
107,-1,1836.22,1393.21,26.37,25.83,0.08,-1,-1,-1
107,-1,1909.53,756.77,34.63,30.70,0.08,-1,-1,-1
107,-1,1849.88,1478.12,18.37,22.80,0.08,-1,-1,-1
107,-1,2099.19,951.56,10.99,14.75,0.07,-1,-1,-1
107,-1,2389.95,705.54,23.77,18.03,0.07,-1,-1,-1
107,-1,1851.57,1483.33,17.45,17.89,0.07,-1,-1,-1
107,-1,1859.69,1678.21,43.36,63.01,0.07,-1,-1,-1
107,-1,2557.18,1985.45,19.89,26.73,0.06,-1,-1,-1
107,-1,2375.45,678.76,39.49,43.38,0.06,-1,-1,-1
107,-1,1832.30,877.85,35.48,18.10,0.06,-1,-1,-1
107,-1,1834.96,1461.97,33.51,39.95,0.06,-1,-1,-1
107,-1,1802.56,892.23,34.93,36.49,0.05,-1,-1,-1
107,-1,2384.80,709.50,23.19,22.21,0.05,-1,-1,-1
107,-1,2073.95,957.37,29.92,28.34,0.05,-1,-1,-1
108,-1,2138.24,1388.35,111.98,37.50,0.89,-1,-1,-1
108,-1,1196.66,1423.09,131.44,58.76,0.83,-1,-1,-1
108,-1,1687.30,1661.87,79.35,100.06,0.80,-1,-1,-1
108,-1,1492.32,847.84,107.14,101.80,0.70,-1,-1,-1
108,-1,2023.80,946.99,27.11,29.31,0.61,-1,-1,-1
108,-1,1484.27,1529.89,70.15,123.89,0.59,-1,-1,-1
108,-1,2165.73,1381.91,22.77,44.65,0.56,-1,-1,-1
108,-1,2039.68,947.81,31.81,29.89,0.53,-1,-1,-1
108,-1,1481.65,942.52,26.88,37.35,0.46,-1,-1,-1
108,-1,1832.89,1652.62,23.01,46.35,0.45,-1,-1,-1
108,-1,1762.78,756.82,138.47,164.10,0.41,-1,-1,-1
108,-1,2329.48,682.96,34.00,37.14,0.39,-1,-1,-1
108,-1,1687.97,1662.24,78.49,100.18,0.39,-1,-1,-1
108,-1,1537.93,882.65,46.33,53.24,0.37,-1,-1,-1
108,-1,1456.00,1534.03,100.82,120.16,0.36,-1,-1,-1
108,-1,1866.44,755.89,31.77,40.40,0.36,-1,-1,-1
108,-1,1978.05,517.07,28.71,39.94,0.35,-1,-1,-1
108,-1,1668.68,1222.94,31.08,35.45,0.33,-1,-1,-1
108,-1,2048.40,582.38,34.04,30.07,0.27,-1,-1,-1
108,-1,2048.34,582.80,33.99,29.23,0.25,-1,-1,-1
108,-1,1794.94,1465.57,29.51,35.71,0.23,-1,-1,-1
108,-1,2314.34,681.55,65.53,87.87,0.22,-1,-1,-1
108,-1,2048.62,582.67,34.10,29.46,0.22,-1,-1,-1
108,-1,2089.81,1039.86,26.64,29.76,0.21,-1,-1,-1
108,-1,1929.71,542.92,50.73,56.26,0.21,-1,-1,-1
108,-1,2165.68,1213.66,31.80,31.62,0.18,-1,-1,-1
108,-1,1795.03,1465.65,29.09,35.53,0.17,-1,-1,-1
108,-1,2089.24,1041.92,26.69,28.47,0.17,-1,-1,-1
108,-1,1481.32,943.02,26.77,36.40,0.16,-1,-1,-1
108,-1,1792.51,1392.61,29.16,26.39,0.14,-1,-1,-1
108,-1,1794.96,1465.82,29.32,35.29,0.14,-1,-1,-1
108,-1,1749.14,1107.64,34.68,27.97,0.13,-1,-1,-1
108,-1,1789.15,1678.77,61.82,79.63,0.13,-1,-1,-1
108,-1,1675.92,1645.18,80.16,62.01,0.13,-1,-1,-1
108,-1,2096.69,1054.91,19.57,15.44,0.12,-1,-1,-1
108,-1,1727.69,1665.28,25.72,23.16,0.12,-1,-1,-1
108,-1,1929.80,541.91,50.88,57.52,0.12,-1,-1,-1
108,-1,2623.30,1770.47,10.77,14.08,0.11,-1,-1,-1
108,-1,1790.33,1658.67,60.60,94.06,0.11,-1,-1,-1
108,-1,1725.73,1664.92,34.23,48.82,0.10,-1,-1,-1
108,-1,1812.62,1657.15,25.59,40.43,0.10,-1,-1,-1
108,-1,2510.69,1987.52,20.36,27.11,0.09,-1,-1,-1
108,-1,2066.94,1008.21,49.06,61.78,0.09,-1,-1,-1
108,-1,2329.34,682.50,33.91,37.11,0.09,-1,-1,-1
108,-1,2145.98,1214.21,50.58,60.39,0.09,-1,-1,-1
108,-1,2146.46,1214.20,50.21,61.23,0.08,-1,-1,-1
108,-1,2170.41,1341.86,81.36,52.84,0.07,-1,-1,-1
108,-1,1516.56,1564.10,40.12,79.62,0.07,-1,-1,-1
108,-1,1684.97,1223.86,15.17,15.01,0.07,-1,-1,-1
108,-1,2023.53,946.77,93.34,122.78,0.07,-1,-1,-1
108,-1,1748.57,1107.75,35.66,29.06,0.06,-1,-1,-1
108,-1,1812.30,1682.63,33.64,46.41,0.06,-1,-1,-1
108,-1,1792.74,1392.76,28.81,26.24,0.06,-1,-1,-1
108,-1,1831.30,1653.23,31.13,84.27,0.06,-1,-1,-1
108,-1,1867.98,776.58,31.77,20.50,0.06,-1,-1,-1
108,-1,1762.14,843.71,78.64,76.56,0.06,-1,-1,-1
108,-1,1931.41,516.88,76.33,80.57,0.05,-1,-1,-1
108,-1,1930.02,542.17,50.43,57.16,0.05,-1,-1,-1
108,-1,2024.83,947.72,49.00,58.69,0.05,-1,-1,-1
108,-1,2547.88,132.91,826.95,851.93,0.05,-1,-1,-1
108,-1,2048.40,582.82,33.90,29.28,0.05,-1,-1,-1
109,-1,1674.61,1662.62,81.68,97.60,0.89,-1,-1,-1
109,-1,1479.50,847.41,102.26,102.71,0.82,-1,-1,-1
109,-1,1184.70,1426.11,129.91,55.26,0.81,-1,-1,-1
109,-1,2125.78,1386.46,106.55,38.37,0.76,-1,-1,-1
109,-1,2032.73,584.98,36.76,30.97,0.75,-1,-1,-1
109,-1,2009.57,942.03,93.72,132.18,0.69,-1,-1,-1
109,-1,1911.07,535.80,52.22,55.27,0.62,-1,-1,-1
109,-1,1748.52,764.65,141.63,156.09,0.60,-1,-1,-1
109,-1,1470.76,942.09,27.11,39.32,0.56,-1,-1,-1
109,-1,1442.67,1537.06,103.82,119.29,0.53,-1,-1,-1
109,-1,1470.08,1528.32,72.93,127.08,0.50,-1,-1,-1
109,-1,1782.19,1461.54,30.73,40.16,0.48,-1,-1,-1
109,-1,1521.21,881.03,47.35,52.98,0.45,-1,-1,-1
109,-1,1823.23,1658.77,24.48,34.78,0.43,-1,-1,-1
109,-1,3456.35,144.69,40.75,31.27,0.42,-1,-1,-1
109,-1,2136.93,1248.94,21.28,22.44,0.32,-1,-1,-1
109,-1,1182.49,1401.81,86.48,82.73,0.29,-1,-1,-1
109,-1,1747.83,842.29,79.65,81.81,0.24,-1,-1,-1
109,-1,1797.10,1483.83,15.98,17.72,0.23,-1,-1,-1
109,-1,709.29,1515.68,17.68,12.99,0.22,-1,-1,-1
109,-1,1471.62,1527.95,52.28,74.89,0.21,-1,-1,-1
109,-1,2315.89,681.04,33.90,35.45,0.19,-1,-1,-1
109,-1,1777.35,1390.39,29.09,27.58,0.18,-1,-1,-1
109,-1,2608.82,1769.10,12.60,13.35,0.17,-1,-1,-1
109,-1,2159.83,1339.87,84.43,57.40,0.15,-1,-1,-1
109,-1,1492.98,1556.29,50.65,96.82,0.14,-1,-1,-1
109,-1,2715.27,1936.74,18.47,20.05,0.12,-1,-1,-1
109,-1,2011.78,941.18,30.27,39.32,0.12,-1,-1,-1
109,-1,721.08,1781.43,16.08,13.86,0.11,-1,-1,-1
109,-1,1661.06,1645.13,84.39,47.26,0.11,-1,-1,-1
109,-1,2118.51,1337.11,133.91,97.32,0.11,-1,-1,-1
109,-1,1910.00,535.72,51.89,55.55,0.10,-1,-1,-1
109,-1,2012.04,941.10,29.67,39.10,0.10,-1,-1,-1
109,-1,1776.97,1686.39,50.63,75.71,0.10,-1,-1,-1
109,-1,1910.21,535.75,53.62,57.31,0.09,-1,-1,-1
109,-1,329.87,837.44,10.48,9.97,0.09,-1,-1,-1
109,-1,1778.08,1646.80,91.80,103.00,0.08,-1,-1,-1
109,-1,1661.45,1638.93,217.39,120.39,0.08,-1,-1,-1
109,-1,2491.83,1979.40,25.46,32.39,0.08,-1,-1,-1
109,-1,1777.38,1390.59,28.74,27.67,0.08,-1,-1,-1
109,-1,1794.71,1484.39,17.88,18.31,0.08,-1,-1,-1
109,-1,2316.58,681.63,32.21,34.56,0.08,-1,-1,-1
109,-1,2120.16,1385.50,112.78,39.78,0.08,-1,-1,-1
109,-1,1918.89,575.12,14.30,19.43,0.07,-1,-1,-1
109,-1,1935.61,535.75,23.57,17.71,0.07,-1,-1,-1
109,-1,2011.85,940.91,28.45,38.98,0.07,-1,-1,-1
109,-1,721.56,1781.70,15.56,14.86,0.07,-1,-1,-1
109,-1,2567.72,1799.55,19.38,19.91,0.07,-1,-1,-1
109,-1,1734.94,1104.62,41.80,27.92,0.06,-1,-1,-1
109,-1,1237.08,1532.22,40.71,58.12,0.06,-1,-1,-1
109,-1,1717.73,1666.02,25.59,20.62,0.06,-1,-1,-1
109,-1,3456.43,144.64,40.34,31.45,0.06,-1,-1,-1
109,-1,2609.22,1769.22,13.21,13.12,0.06,-1,-1,-1
109,-1,1521.81,878.38,16.64,19.69,0.05,-1,-1,-1
109,-1,330.05,837.44,10.31,9.95,0.05,-1,-1,-1
109,-1,1782.02,1678.69,68.63,67.92,0.05,-1,-1,-1
109,-1,1749.08,876.63,33.54,47.22,0.05,-1,-1,-1
110,-1,1172.18,1419.57,131.76,60.47,0.89,-1,-1,-1
110,-1,1460.23,1527.16,69.89,125.38,0.85,-1,-1,-1
110,-1,1736.19,763.35,141.15,154.98,0.82,-1,-1,-1
110,-1,2018.10,587.80,43.32,33.72,0.75,-1,-1,-1
110,-1,1467.11,846.51,104.60,103.43,0.75,-1,-1,-1
110,-1,1429.57,1545.87,100.24,102.00,0.72,-1,-1,-1
110,-1,2137.94,1387.07,78.63,36.28,0.70,-1,-1,-1
110,-1,1664.83,1663.90,85.02,95.20,0.65,-1,-1,-1
110,-1,1662.14,1659.72,87.35,100.04,0.64,-1,-1,-1
110,-1,2100.53,1328.43,135.79,116.02,0.60,-1,-1,-1
110,-1,1467.60,846.81,104.45,103.73,0.52,-1,-1,-1
110,-1,1773.60,1654.01,76.10,92.27,0.47,-1,-1,-1
110,-1,1773.11,1454.48,34.05,39.46,0.47,-1,-1,-1
110,-1,1896.22,529.51,44.19,53.43,0.46,-1,-1,-1
110,-1,1460.21,937.38,33.81,48.49,0.36,-1,-1,-1
110,-1,2262.73,676.31,74.44,62.58,0.33,-1,-1,-1
110,-1,1735.18,881.14,38.56,40.52,0.33,-1,-1,-1
110,-1,2303.02,680.54,33.95,31.87,0.32,-1,-1,-1
110,-1,1513.54,881.47,43.85,53.04,0.29,-1,-1,-1
110,-1,2063.23,1048.96,26.54,24.73,0.23,-1,-1,-1
110,-1,1998.28,936.72,36.15,71.10,0.21,-1,-1,-1
110,-1,1940.48,543.50,17.45,20.83,0.18,-1,-1,-1
110,-1,2000.01,937.33,30.83,27.32,0.16,-1,-1,-1
110,-1,2597.44,1768.20,11.69,12.64,0.16,-1,-1,-1
110,-1,2000.05,937.99,29.79,25.54,0.15,-1,-1,-1
110,-1,1725.03,1109.95,35.40,22.03,0.14,-1,-1,-1
110,-1,1770.27,1373.58,24.08,43.22,0.13,-1,-1,-1
110,-1,1896.32,529.16,44.32,53.20,0.12,-1,-1,-1
110,-1,1651.99,1645.72,200.63,114.63,0.11,-1,-1,-1
110,-1,3439.38,144.69,47.62,33.41,0.10,-1,-1,-1
110,-1,2026.32,934.82,9.97,33.49,0.09,-1,-1,-1
110,-1,1935.27,543.52,24.39,35.98,0.09,-1,-1,-1
110,-1,1982.51,938.55,107.39,138.36,0.09,-1,-1,-1
110,-1,1725.15,1109.49,35.12,22.36,0.09,-1,-1,-1
110,-1,2025.59,933.65,10.79,27.36,0.08,-1,-1,-1
110,-1,1795.60,1477.97,11.87,15.60,0.07,-1,-1,-1
110,-1,2094.63,1209.21,73.42,60.84,0.07,-1,-1,-1
110,-1,1648.80,1221.10,25.18,25.70,0.07,-1,-1,-1
110,-1,2142.22,1386.89,73.39,36.25,0.07,-1,-1,-1
110,-1,1773.19,1700.40,46.61,66.73,0.07,-1,-1,-1
110,-1,2303.50,680.61,33.13,31.70,0.06,-1,-1,-1
110,-1,1509.57,880.44,18.47,19.67,0.06,-1,-1,-1
110,-1,1813.16,1658.57,26.09,34.86,0.06,-1,-1,-1
110,-1,1725.02,1109.95,35.58,21.55,0.05,-1,-1,-1
110,-1,2556.50,1801.20,15.75,17.91,0.05,-1,-1,-1
110,-1,1725.33,1109.54,35.00,22.12,0.05,-1,-1,-1
111,-1,1168.59,1419.21,130.00,58.26,0.89,-1,-1,-1
111,-1,2012.63,589.99,43.37,36.69,0.79,-1,-1,-1
111,-1,2095.84,1387.21,113.92,37.93,0.78,-1,-1,-1
111,-1,1661.73,1664.86,86.29,96.66,0.73,-1,-1,-1
111,-1,1459.81,846.60,107.03,103.91,0.70,-1,-1,-1
111,-1,1457.15,1526.81,68.94,125.49,0.64,-1,-1,-1
111,-1,1457.99,846.54,108.58,103.44,0.63,-1,-1,-1
111,-1,1429.31,1532.06,100.61,121.27,0.57,-1,-1,-1
111,-1,1662.51,1667.49,84.84,94.09,0.56,-1,-1,-1
111,-1,1730.14,766.27,140.91,152.79,0.54,-1,-1,-1
111,-1,2087.68,1328.45,148.97,129.24,0.53,-1,-1,-1
111,-1,1454.96,936.51,26.67,48.78,0.49,-1,-1,-1
111,-1,2048.92,1048.02,37.91,31.14,0.38,-1,-1,-1
111,-1,1704.40,1656.77,144.25,107.19,0.37,-1,-1,-1
111,-1,1760.63,1385.22,63.18,105.22,0.35,-1,-1,-1
111,-1,2479.96,1982.00,22.09,28.98,0.33,-1,-1,-1
111,-1,1890.31,530.49,45.24,46.99,0.31,-1,-1,-1
111,-1,2009.08,568.14,27.07,49.73,0.27,-1,-1,-1
111,-1,2301.97,679.57,28.54,34.15,0.19,-1,-1,-1
111,-1,1731.44,841.06,76.03,79.52,0.16,-1,-1,-1
111,-1,1729.48,870.19,36.27,51.36,0.16,-1,-1,-1
111,-1,1457.77,1526.23,46.37,62.70,0.16,-1,-1,-1
111,-1,2302.03,679.65,27.70,34.40,0.15,-1,-1,-1
111,-1,1764.91,1386.59,26.55,27.54,0.15,-1,-1,-1
111,-1,1768.40,1684.41,77.41,80.74,0.13,-1,-1,-1
111,-1,1712.96,1110.22,40.50,23.45,0.11,-1,-1,-1
111,-1,2087.68,1330.44,149.28,128.27,0.10,-1,-1,-1
111,-1,3438.52,144.63,44.50,31.00,0.10,-1,-1,-1
111,-1,1992.18,937.29,29.69,21.74,0.10,-1,-1,-1
111,-1,1704.76,1663.11,49.98,53.47,0.09,-1,-1,-1
111,-1,1504.30,879.46,47.94,58.48,0.09,-1,-1,-1
111,-1,1812.08,1656.15,31.57,36.37,0.09,-1,-1,-1
111,-1,1840.65,767.42,30.16,59.47,0.08,-1,-1,-1
111,-1,1710.87,1110.15,42.23,22.60,0.08,-1,-1,-1
111,-1,1992.16,931.43,34.57,28.07,0.08,-1,-1,-1
111,-1,1889.62,530.33,48.17,70.14,0.07,-1,-1,-1
111,-1,2048.76,1055.24,35.13,24.06,0.07,-1,-1,-1
111,-1,1764.95,1386.22,26.65,28.23,0.07,-1,-1,-1
111,-1,1727.45,895.31,34.75,26.82,0.06,-1,-1,-1
111,-1,1168.13,1419.23,78.73,61.86,0.06,-1,-1,-1
111,-1,1489.32,1558.92,39.37,91.71,0.06,-1,-1,-1
111,-1,1432.79,1562.23,92.72,56.61,0.06,-1,-1,-1
111,-1,1764.96,1702.26,53.28,66.52,0.06,-1,-1,-1
111,-1,2592.76,1767.71,12.97,12.66,0.06,-1,-1,-1
111,-1,1507.45,879.42,29.44,28.80,0.05,-1,-1,-1
111,-1,2253.61,1196.48,27.79,25.45,0.05,-1,-1,-1
111,-1,2301.48,680.00,27.99,34.04,0.05,-1,-1,-1
111,-1,2016.17,605.74,39.34,51.54,0.05,-1,-1,-1
