1,-1,1227.62,754.07,131.44,130.76,0.75,-1,-1,-1
1,-1,1568.07,870.19,23.71,24.84,0.72,-1,-1,-1
1,-1,1218.01,467.54,37.94,72.32,0.70,-1,-1,-1
1,-1,687.68,277.39,45.10,61.09,0.70,-1,-1,-1
1,-1,1262.61,469.17,36.77,68.55,0.69,-1,-1,-1
1,-1,1317.09,485.18,42.55,51.32,0.69,-1,-1,-1
1,-1,1853.18,261.00,66.28,68.55,0.65,-1,-1,-1
1,-1,1229.91,508.09,52.63,52.14,0.63,-1,-1,-1
1,-1,1280.32,447.60,37.41,35.64,0.60,-1,-1,-1
1,-1,1744.83,242.28,104.45,96.45,0.56,-1,-1,-1
1,-1,308.65,692.95,49.60,39.45,0.56,-1,-1,-1
1,-1,1798.33,306.62,58.60,55.04,0.55,-1,-1,-1
1,-1,1779.53,104.13,28.19,23.54,0.50,-1,-1,-1
1,-1,1516.53,474.64,12.07,13.27,0.36,-1,-1,-1
1,-1,1208.01,126.51,22.38,24.32,0.35,-1,-1,-1
1,-1,1221.20,62.58,22.11,22.48,0.33,-1,-1,-1
1,-1,1787.07,242.77,62.75,71.52,0.32,-1,-1,-1
1,-1,1550.41,479.68,14.32,16.69,0.28,-1,-1,-1
1,-1,1767.44,302.66,40.51,42.97,0.26,-1,-1,-1
1,-1,1067.73,836.43,22.46,24.34,0.24,-1,-1,-1
1,-1,912.02,840.20,72.90,139.65,0.22,-1,-1,-1
1,-1,1771.97,284.06,52.33,62.07,0.21,-1,-1,-1
1,-1,1209.05,166.88,21.40,19.91,0.19,-1,-1,-1
1,-1,938.95,371.35,15.08,19.45,0.12,-1,-1,-1
1,-1,1586.64,284.09,20.48,25.31,0.12,-1,-1,-1
1,-1,1213.52,357.45,45.26,40.75,0.11,-1,-1,-1
1,-1,1213.60,357.45,45.09,40.88,0.11,-1,-1,-1
1,-1,1179.28,323.46,21.95,21.21,0.10,-1,-1,-1
1,-1,0.59,484.33,36.13,35.94,0.09,-1,-1,-1
1,-1,308.63,693.26,49.57,39.01,0.09,-1,-1,-1
1,-1,1350.68,716.21,25.06,23.54,0.08,-1,-1,-1
1,-1,1069.55,459.61,11.40,15.87,0.07,-1,-1,-1
1,-1,687.78,277.52,42.07,37.07,0.07,-1,-1,-1
1,-1,0.47,485.38,36.10,34.61,0.07,-1,-1,-1
1,-1,1586.22,284.74,20.98,24.60,0.07,-1,-1,-1
1,-1,1573.60,467.98,8.89,9.31,0.07,-1,-1,-1
1,-1,1502.52,0.28,128.30,64.58,0.06,-1,-1,-1
1,-1,1210.63,407.32,27.95,17.26,0.06,-1,-1,-1
1,-1,1805.48,859.73,18.68,14.67,0.06,-1,-1,-1
1,-1,999.76,203.44,12.41,13.77,0.06,-1,-1,-1
1,-1,0.46,445.29,37.15,79.90,0.06,-1,-1,-1
1,-1,246.45,176.62,27.70,26.16,0.05,-1,-1,-1
2,-1,1740.86,155.91,27.77,23.43,0.84,-1,-1,-1
2,-1,711.78,326.72,27.67,44.17,0.84,-1,-1,-1
2,-1,1706.79,294.20,99.68,85.82,0.74,-1,-1,-1
2,-1,1822.52,300.16,64.43,70.81,0.71,-1,-1,-1
2,-1,1262.72,485.50,36.73,31.80,0.68,-1,-1,-1
2,-1,1203.81,506.67,35.28,62.69,0.66,-1,-1,-1
2,-1,1298.42,522.75,39.32,42.88,0.64,-1,-1,-1
2,-1,1222.34,544.36,41.65,45.20,0.64,-1,-1,-1
2,-1,1248.19,519.34,29.99,52.29,0.63,-1,-1,-1
2,-1,1534.45,888.23,23.15,24.95,0.62,-1,-1,-1
2,-1,1211.69,778.92,124.86,121.77,0.60,-1,-1,-1
2,-1,340.28,718.85,49.33,42.72,0.57,-1,-1,-1
2,-1,1727.51,327.02,55.18,62.12,0.32,-1,-1,-1
2,-1,1209.42,113.98,22.46,21.88,0.20,-1,-1,-1
2,-1,1199.02,445.59,26.87,17.52,0.17,-1,-1,-1
2,-1,1757.28,351.23,58.08,51.79,0.16,-1,-1,-1
2,-1,1520.81,515.26,13.15,15.70,0.15,-1,-1,-1
2,-1,902.80,653.71,14.16,12.15,0.15,-1,-1,-1
2,-1,1282.25,697.44,71.70,64.92,0.13,-1,-1,-1
2,-1,1196.51,176.85,20.82,22.90,0.13,-1,-1,-1
2,-1,1201.22,399.04,42.52,38.76,0.13,-1,-1,-1
2,-1,10.45,517.88,50.05,33.40,0.12,-1,-1,-1
2,-1,1198.44,446.07,14.99,13.81,0.11,-1,-1,-1
2,-1,1201.11,399.06,42.33,38.60,0.11,-1,-1,-1
2,-1,1487.72,511.31,12.72,12.46,0.11,-1,-1,-1
2,-1,9.00,517.26,63.90,36.17,0.10,-1,-1,-1
2,-1,1556.77,330.44,19.30,19.16,0.10,-1,-1,-1
2,-1,1488.03,511.35,12.59,12.31,0.10,-1,-1,-1
2,-1,913.71,858.13,68.06,131.92,0.10,-1,-1,-1
2,-1,1478.88,12.01,122.81,105.52,0.09,-1,-1,-1
2,-1,1168.32,365.83,19.27,20.17,0.09,-1,-1,-1
2,-1,1061.12,855.48,21.04,21.79,0.09,-1,-1,-1
2,-1,1262.86,486.94,38.59,62.77,0.08,-1,-1,-1
2,-1,1719.57,336.21,92.62,67.86,0.08,-1,-1,-1
2,-1,1755.45,299.72,131.86,105.51,0.08,-1,-1,-1
2,-1,1248.06,564.87,24.76,28.36,0.08,-1,-1,-1
2,-1,1201.19,399.07,42.55,38.60,0.08,-1,-1,-1
2,-1,1707.25,318.45,108.89,88.32,0.08,-1,-1,-1
2,-1,1706.55,303.78,50.92,76.11,0.08,-1,-1,-1
2,-1,1257.68,13.44,20.16,21.48,0.07,-1,-1,-1
2,-1,913.25,727.04,75.75,260.64,0.06,-1,-1,-1
2,-1,1558.85,330.22,16.92,13.60,0.06,-1,-1,-1
2,-1,1488.25,511.47,11.57,11.26,0.06,-1,-1,-1
2,-1,1247.71,509.04,29.69,39.38,0.06,-1,-1,-1
2,-1,929.20,554.92,20.53,23.29,0.05,-1,-1,-1
3,-1,1501.54,907.22,21.68,22.25,0.74,-1,-1,-1
3,-1,1196.65,801.86,116.63,116.02,0.73,-1,-1,-1
3,-1,1770.43,349.97,54.94,69.42,0.72,-1,-1,-1
3,-1,718.65,365.59,28.70,29.20,0.70,-1,-1,-1
3,-1,1187.88,542.57,38.79,78.84,0.67,-1,-1,-1
3,-1,1678.07,340.91,82.67,53.27,0.61,-1,-1,-1
3,-1,1214.04,579.78,39.45,44.33,0.54,-1,-1,-1
3,-1,1230.90,522.49,49.64,87.28,0.53,-1,-1,-1
3,-1,1692.39,375.66,47.71,54.83,0.51,-1,-1,-1
3,-1,1277.69,558.18,43.63,41.67,0.49,-1,-1,-1
3,-1,1671.26,382.81,29.31,38.24,0.39,-1,-1,-1
3,-1,1526.79,373.45,18.92,23.24,0.36,-1,-1,-1
3,-1,372.91,745.23,32.28,29.99,0.32,-1,-1,-1
3,-1,1461.26,547.10,10.05,10.78,0.26,-1,-1,-1
3,-1,1188.33,438.09,40.40,37.75,0.26,-1,-1,-1
3,-1,1721.33,396.84,48.17,47.35,0.25,-1,-1,-1
3,-1,1669.25,350.42,49.44,57.25,0.22,-1,-1,-1
3,-1,1198.04,167.10,21.60,20.99,0.21,-1,-1,-1
3,-1,1454.96,69.55,115.09,99.77,0.16,-1,-1,-1
3,-1,1722.41,348.67,102.85,97.20,0.15,-1,-1,-1
3,-1,1717.90,376.36,22.31,29.30,0.14,-1,-1,-1
3,-1,1704.38,206.48,26.53,22.55,0.13,-1,-1,-1
3,-1,1232.76,553.08,29.47,58.18,0.13,-1,-1,-1
3,-1,736.37,392.66,12.91,15.64,0.12,-1,-1,-1
3,-1,1490.82,551.11,12.16,13.15,0.12,-1,-1,-1
3,-1,1184.48,226.35,20.17,22.02,0.12,-1,-1,-1
3,-1,23.34,556.50,83.31,45.25,0.11,-1,-1,-1
3,-1,1681.02,350.40,35.85,32.72,0.11,-1,-1,-1
3,-1,1185.34,483.88,26.66,15.80,0.10,-1,-1,-1
3,-1,372.64,744.88,30.89,30.03,0.10,-1,-1,-1
3,-1,1245.45,522.13,35.32,32.64,0.09,-1,-1,-1
3,-1,1184.90,483.60,15.05,13.14,0.09,-1,-1,-1
3,-1,1188.22,437.81,40.36,38.01,0.09,-1,-1,-1
3,-1,1707.43,373.51,18.50,29.06,0.08,-1,-1,-1
3,-1,1689.75,392.29,32.97,37.45,0.08,-1,-1,-1
3,-1,309.45,262.48,23.25,21.39,0.07,-1,-1,-1
3,-1,1777.92,917.67,33.29,36.20,0.07,-1,-1,-1
3,-1,902.64,681.27,15.04,13.03,0.07,-1,-1,-1
3,-1,1157.68,405.32,19.29,22.86,0.07,-1,-1,-1
3,-1,1680.81,349.28,34.15,31.77,0.07,-1,-1,-1
3,-1,1669.47,352.07,50.50,56.04,0.06,-1,-1,-1
3,-1,372.29,744.99,30.83,29.73,0.06,-1,-1,-1
3,-1,372.08,744.89,29.52,25.76,0.06,-1,-1,-1
3,-1,1262.64,722.78,69.94,64.53,0.05,-1,-1,-1
3,-1,1123.72,289.55,10.59,10.89,0.05,-1,-1,-1
3,-1,912.24,876.18,66.71,124.97,0.05,-1,-1,-1
4,-1,749.67,455.82,22.35,35.27,0.69,-1,-1,-1
4,-1,1629.24,315.09,21.72,20.48,0.67,-1,-1,-1
4,-1,81.35,628.16,63.57,40.29,0.62,-1,-1,-1
4,-1,1166.17,850.23,103.36,103.43,0.60,-1,-1,-1
4,-1,433.67,802.10,29.35,25.12,0.57,-1,-1,-1
4,-1,1628.86,447.43,47.19,45.86,0.55,-1,-1,-1
4,-1,1661.46,460.47,54.31,52.38,0.52,-1,-1,-1
4,-1,1594.22,461.04,35.59,49.36,0.51,-1,-1,-1
4,-1,1163.02,621.25,27.71,40.72,0.45,-1,-1,-1
4,-1,1245.14,634.57,28.58,35.69,0.36,-1,-1,-1
4,-1,1173.21,653.14,36.48,36.56,0.34,-1,-1,-1
4,-1,1436.13,945.83,17.98,19.51,0.33,-1,-1,-1
4,-1,1616.52,475.30,39.21,44.42,0.26,-1,-1,-1
4,-1,1405.82,196.03,100.89,83.82,0.24,-1,-1,-1
4,-1,1617.75,459.24,98.78,68.54,0.21,-1,-1,-1
4,-1,1201.47,627.40,25.59,61.10,0.20,-1,-1,-1
4,-1,1598.19,446.77,78.41,64.00,0.16,-1,-1,-1
4,-1,1592.54,462.98,126.70,68.91,0.14,-1,-1,-1
4,-1,1201.14,599.86,44.05,89.79,0.12,-1,-1,-1
4,-1,1333.69,88.44,34.93,61.76,0.11,-1,-1,-1
4,-1,433.68,802.24,29.10,24.51,0.10,-1,-1,-1
4,-1,1333.57,88.45,34.94,61.79,0.10,-1,-1,-1
4,-1,1333.36,88.25,35.25,61.86,0.10,-1,-1,-1
4,-1,1214.73,599.41,30.28,27.96,0.08,-1,-1,-1
4,-1,1643.86,489.81,38.39,33.25,0.08,-1,-1,-1
4,-1,1405.15,622.54,8.94,10.61,0.08,-1,-1,-1
4,-1,1594.12,460.81,36.16,49.78,0.07,-1,-1,-1
4,-1,1163.55,521.04,36.42,34.92,0.07,-1,-1,-1
4,-1,1161.08,562.94,22.53,13.98,0.07,-1,-1,-1
4,-1,1163.50,521.16,36.44,34.73,0.06,-1,-1,-1
4,-1,1107.33,385.19,10.64,12.46,0.06,-1,-1,-1
4,-1,927.00,526.21,35.17,89.52,0.05,-1,-1,-1
4,-1,433.41,802.02,28.92,24.84,0.05,-1,-1,-1
5,-1,1605.49,348.60,21.33,19.17,0.86,-1,-1,-1
5,-1,1322.98,135.06,35.64,59.54,0.75,-1,-1,-1
5,-1,1159.12,862.89,98.08,97.58,0.74,-1,-1,-1
5,-1,1650.52,489.23,35.59,46.31,0.61,-1,-1,-1
5,-1,1416.24,953.85,19.36,18.17,0.55,-1,-1,-1
5,-1,764.53,493.00,22.17,15.43,0.54,-1,-1,-1
5,-1,1157.42,643.61,26.27,34.96,0.53,-1,-1,-1
5,-1,1461.90,92.82,15.94,15.84,0.43,-1,-1,-1
5,-1,1613.29,480.47,41.58,60.20,0.37,-1,-1,-1
5,-1,447.34,806.53,27.70,33.82,0.36,-1,-1,-1
5,-1,1573.20,482.14,37.26,53.47,0.32,-1,-1,-1
5,-1,1591.08,497.35,37.44,47.32,0.32,-1,-1,-1
5,-1,1390.79,235.44,95.86,78.56,0.25,-1,-1,-1
5,-1,1155.20,585.78,21.85,14.06,0.24,-1,-1,-1
5,-1,1573.78,478.93,78.10,56.08,0.23,-1,-1,-1
5,-1,1194.80,648.85,23.02,46.65,0.22,-1,-1,-1
5,-1,1571.92,485.13,118.16,75.65,0.22,-1,-1,-1
5,-1,1615.25,479.73,37.12,27.89,0.20,-1,-1,-1
5,-1,1164.35,675.31,37.33,31.94,0.20,-1,-1,-1
5,-1,1206.10,620.93,29.49,25.12,0.18,-1,-1,-1
5,-1,107.74,648.59,31.35,53.55,0.17,-1,-1,-1
5,-1,1530.45,3.43,25.07,22.16,0.16,-1,-1,-1
5,-1,1447.65,491.83,16.95,17.60,0.16,-1,-1,-1
5,-1,1158.75,546.97,33.41,32.62,0.15,-1,-1,-1
5,-1,107.36,648.50,32.15,52.87,0.15,-1,-1,-1
5,-1,447.62,806.60,26.68,34.24,0.15,-1,-1,-1
5,-1,1235.80,651.21,27.74,35.73,0.14,-1,-1,-1
5,-1,849.99,625.56,16.25,14.06,0.13,-1,-1,-1
5,-1,1238.66,117.72,85.04,74.91,0.10,-1,-1,-1
5,-1,1158.70,546.87,33.55,32.66,0.10,-1,-1,-1
5,-1,1602.58,512.84,52.46,40.09,0.10,-1,-1,-1
5,-1,1648.43,965.04,28.86,30.11,0.09,-1,-1,-1
5,-1,1485.23,289.85,14.11,12.53,0.08,-1,-1,-1
5,-1,1271.70,116.83,35.79,28.11,0.08,-1,-1,-1
5,-1,1390.61,235.60,96.43,78.53,0.07,-1,-1,-1
5,-1,466.47,272.87,43.08,40.07,0.06,-1,-1,-1
5,-1,1211.60,222.83,14.31,15.32,0.06,-1,-1,-1
5,-1,1572.03,499.60,24.77,38.09,0.05,-1,-1,-1
6,-1,1313.52,162.56,28.98,61.43,0.78,-1,-1,-1
6,-1,1185.58,663.55,25.16,55.44,0.60,-1,-1,-1
6,-1,1150.10,659.25,24.72,33.71,0.57,-1,-1,-1
6,-1,1614.36,511.75,44.89,53.54,0.52,-1,-1,-1
6,-1,1152.55,868.63,93.90,94.71,0.50,-1,-1,-1
6,-1,1399.01,956.27,17.21,17.83,0.42,-1,-1,-1
6,-1,1568.64,518.72,34.90,44.57,0.41,-1,-1,-1
6,-1,1197.28,636.11,28.82,23.96,0.40,-1,-1,-1
6,-1,1226.15,666.55,26.88,34.67,0.34,-1,-1,-1
6,-1,1589.71,493.90,39.70,31.25,0.34,-1,-1,-1
6,-1,1549.52,505.13,37.43,51.59,0.33,-1,-1,-1
6,-1,1619.51,967.37,28.61,29.38,0.33,-1,-1,-1
6,-1,1590.26,539.11,38.09,33.57,0.32,-1,-1,-1
6,-1,1513.41,37.72,25.09,23.52,0.28,-1,-1,-1
6,-1,1159.76,689.47,31.35,28.71,0.27,-1,-1,-1
6,-1,468.22,826.94,23.00,24.42,0.24,-1,-1,-1
6,-1,1558.24,493.32,71.25,60.60,0.23,-1,-1,-1
6,-1,118.91,674.69,38.40,41.38,0.22,-1,-1,-1
6,-1,119.24,674.72,37.67,41.08,0.22,-1,-1,-1
6,-1,461.99,298.21,65.98,44.91,0.22,-1,-1,-1
6,-1,1376.59,265.67,93.14,74.54,0.19,-1,-1,-1
6,-1,1583.55,375.20,20.15,17.36,0.19,-1,-1,-1
6,-1,468.84,826.91,22.17,23.78,0.18,-1,-1,-1
6,-1,1152.26,563.89,33.13,32.14,0.17,-1,-1,-1
6,-1,1230.68,135.26,16.74,15.82,0.16,-1,-1,-1
6,-1,946.36,567.17,14.41,16.43,0.14,-1,-1,-1
6,-1,118.89,674.88,38.39,40.97,0.13,-1,-1,-1
6,-1,462.12,297.25,65.47,46.86,0.13,-1,-1,-1
6,-1,1891.60,728.61,27.89,25.08,0.13,-1,-1,-1
6,-1,1149.75,602.37,20.70,13.48,0.11,-1,-1,-1
6,-1,1549.16,521.40,24.85,35.40,0.11,-1,-1,-1
6,-1,1152.36,415.91,16.51,14.90,0.10,-1,-1,-1
6,-1,1560.35,504.81,27.08,33.32,0.10,-1,-1,-1
6,-1,771.72,532.43,24.19,10.93,0.09,-1,-1,-1
6,-1,1376.50,265.50,92.87,74.55,0.08,-1,-1,-1
6,-1,1152.23,563.84,33.30,32.26,0.08,-1,-1,-1
6,-1,771.73,532.32,24.25,10.96,0.08,-1,-1,-1
6,-1,456.64,270.10,68.42,70.87,0.08,-1,-1,-1
6,-1,1149.61,602.20,10.87,10.53,0.07,-1,-1,-1
6,-1,771.83,531.64,23.36,25.71,0.07,-1,-1,-1
6,-1,824.35,250.28,820.68,831.32,0.07,-1,-1,-1
6,-1,855.21,621.73,10.51,9.62,0.07,-1,-1,-1
6,-1,1446.47,124.91,15.28,15.39,0.07,-1,-1,-1
6,-1,854.43,641.20,15.52,13.37,0.07,-1,-1,-1
6,-1,985.69,717.53,15.51,18.70,0.07,-1,-1,-1
6,-1,1152.10,385.19,14.97,15.48,0.06,-1,-1,-1
6,-1,771.88,532.07,23.93,24.54,0.06,-1,-1,-1
6,-1,1543.35,504.27,119.80,73.12,0.06,-1,-1,-1
6,-1,1749.35,245.86,8.79,9.00,0.06,-1,-1,-1
6,-1,1561.81,532.17,49.37,42.23,0.05,-1,-1,-1
7,-1,1146.06,878.34,90.42,90.81,0.65,-1,-1,-1
7,-1,786.23,557.51,23.93,26.93,0.63,-1,-1,-1
7,-1,492.82,830.95,27.87,41.26,0.62,-1,-1,-1
7,-1,1603.55,534.34,31.67,44.62,0.50,-1,-1,-1
7,-1,1533.15,526.59,35.74,36.66,0.48,-1,-1,-1
7,-1,1567.63,506.52,33.94,33.28,0.45,-1,-1,-1
7,-1,1546.56,539.17,35.93,45.66,0.42,-1,-1,-1
7,-1,1304.35,194.63,26.15,58.15,0.31,-1,-1,-1
7,-1,1860.86,744.75,26.71,23.53,0.31,-1,-1,-1
7,-1,1383.10,962.55,17.66,17.53,0.27,-1,-1,-1
7,-1,1217.29,680.64,24.87,35.23,0.27,-1,-1,-1
7,-1,1152.68,704.06,30.79,28.69,0.27,-1,-1,-1
7,-1,1573.96,534.33,61.38,57.76,0.25,-1,-1,-1
7,-1,1144.33,674.95,24.05,32.33,0.25,-1,-1,-1
7,-1,1572.25,559.77,35.31,32.63,0.21,-1,-1,-1
7,-1,136.80,706.63,34.26,33.31,0.20,-1,-1,-1
7,-1,499.20,321.61,46.58,42.13,0.20,-1,-1,-1
7,-1,1500.21,75.33,20.32,19.75,0.18,-1,-1,-1
7,-1,100.60,732.01,12.69,12.55,0.16,-1,-1,-1
7,-1,1564.57,400.96,19.89,16.89,0.15,-1,-1,-1
7,-1,1531.52,506.05,69.87,68.37,0.14,-1,-1,-1
7,-1,1416.62,535.52,14.74,13.85,0.13,-1,-1,-1
7,-1,1557.85,533.56,24.93,33.51,0.13,-1,-1,-1
7,-1,1683.92,0.10,67.68,25.10,0.13,-1,-1,-1
7,-1,136.73,706.87,34.20,33.00,0.12,-1,-1,-1
7,-1,1179.56,678.09,23.19,55.25,0.12,-1,-1,-1
7,-1,137.04,706.88,33.50,32.50,0.12,-1,-1,-1
7,-1,1597.52,975.84,25.28,25.83,0.11,-1,-1,-1
7,-1,1567.77,506.77,33.83,33.34,0.09,-1,-1,-1
7,-1,1147.18,583.62,31.31,30.21,0.07,-1,-1,-1
7,-1,499.05,322.00,46.73,41.80,0.07,-1,-1,-1
7,-1,1529.53,529.33,103.40,68.16,0.07,-1,-1,-1
7,-1,1147.81,409.24,15.25,15.90,0.07,-1,-1,-1
7,-1,100.42,731.77,12.57,12.67,0.07,-1,-1,-1
7,-1,1144.41,620.00,20.07,13.40,0.06,-1,-1,-1
7,-1,1147.19,583.55,31.26,30.13,0.06,-1,-1,-1
7,-1,691.01,256.26,822.94,825.55,0.06,-1,-1,-1
7,-1,1533.05,555.34,75.47,41.88,0.05,-1,-1,-1
7,-1,1224.85,181.65,73.71,68.07,0.05,-1,-1,-1
7,-1,1452.27,344.51,15.05,15.83,0.05,-1,-1,-1
7,-1,138.24,707.67,27.00,16.92,0.05,-1,-1,-1
8,-1,536.03,854.25,23.69,44.10,0.80,-1,-1,-1
8,-1,1346.88,357.10,83.05,64.16,0.56,-1,-1,-1
8,-1,1566.64,583.94,31.22,45.38,0.44,-1,-1,-1
8,-1,1517.54,584.30,30.91,48.50,0.43,-1,-1,-1
8,-1,1520.45,11.01,28.59,47.94,0.42,-1,-1,-1
8,-1,1640.51,14.51,24.84,51.24,0.41,-1,-1,-1
8,-1,1501.37,576.21,28.92,46.40,0.38,-1,-1,-1
8,-1,1806.31,780.73,26.41,23.63,0.38,-1,-1,-1
8,-1,1506.36,559.54,58.76,69.36,0.27,-1,-1,-1
8,-1,1694.92,39.23,36.35,49.11,0.22,-1,-1,-1
8,-1,155.73,748.31,49.07,33.41,0.21,-1,-1,-1
8,-1,1694.88,39.21,37.08,49.46,0.21,-1,-1,-1
8,-1,1848.93,317.38,31.99,50.39,0.16,-1,-1,-1
8,-1,1535.48,560.60,29.80,30.83,0.16,-1,-1,-1
8,-1,1882.05,300.95,24.28,69.53,0.16,-1,-1,-1
8,-1,1536.67,560.83,30.91,61.96,0.16,-1,-1,-1
8,-1,758.32,273.98,822.02,808.97,0.15,-1,-1,-1
8,-1,1214.96,248.50,76.28,62.73,0.15,-1,-1,-1
8,-1,1498.04,566.35,100.60,75.06,0.13,-1,-1,-1
8,-1,1558.50,995.92,24.71,26.85,0.13,-1,-1,-1
8,-1,178.47,750.52,19.59,11.18,0.12,-1,-1,-1
8,-1,1170.35,718.18,21.36,48.72,0.10,-1,-1,-1
8,-1,817.79,612.94,21.01,17.68,0.10,-1,-1,-1
8,-1,817.96,613.16,21.84,17.40,0.10,-1,-1,-1
8,-1,1138.88,905.79,83.72,83.05,0.09,-1,-1,-1
8,-1,1863.30,303.32,22.32,57.93,0.07,-1,-1,-1
8,-1,276.63,256.67,822.11,823.80,0.07,-1,-1,-1
8,-1,117.07,225.39,823.85,852.18,0.07,-1,-1,-1
8,-1,155.55,748.96,45.09,32.41,0.07,-1,-1,-1
8,-1,277.09,-1.13,820.46,803.04,0.06,-1,-1,-1
8,-1,534.76,258.97,820.56,821.31,0.06,-1,-1,-1
8,-1,1639.35,14.76,91.02,69.13,0.06,-1,-1,-1
8,-1,1695.15,39.36,35.89,49.08,0.05,-1,-1,-1
8,-1,1542.85,599.65,25.30,35.29,0.05,-1,-1,-1
8,-1,1554.43,10.14,13.19,15.08,0.05,-1,-1,-1
9,-1,1329.07,518.81,76.66,58.14,0.85,-1,-1,-1
9,-1,851.93,737.93,18.95,28.11,0.68,-1,-1,-1
9,-1,1035.58,129.25,22.71,31.70,0.67,-1,-1,-1
9,-1,1119.41,44.65,21.04,42.86,0.63,-1,-1,-1
9,-1,1482.09,88.71,31.92,70.80,0.59,-1,-1,-1
9,-1,568.12,988.04,25.83,51.78,0.44,-1,-1,-1
9,-1,1159.97,864.00,22.81,44.34,0.43,-1,-1,-1
9,-1,1204.95,412.77,77.97,56.58,0.37,-1,-1,-1
9,-1,1017.65,41.06,15.81,29.69,0.31,-1,-1,-1
9,-1,1132.77,1043.56,77.41,34.79,0.26,-1,-1,-1
9,-1,231.33,872.33,23.38,22.84,0.25,-1,-1,-1
9,-1,1134.62,860.69,21.22,23.24,0.25,-1,-1,-1
9,-1,1660.37,203.00,95.36,52.89,0.24,-1,-1,-1
9,-1,1139.39,883.48,19.05,22.08,0.24,-1,-1,-1
9,-1,1020.20,24.56,24.00,44.27,0.23,-1,-1,-1
9,-1,1142.25,58.19,16.42,57.76,0.23,-1,-1,-1
9,-1,1503.01,186.65,16.55,24.83,0.22,-1,-1,-1
9,-1,1472.08,723.69,89.75,63.83,0.20,-1,-1,-1
9,-1,1198.30,876.25,19.52,18.57,0.19,-1,-1,-1
9,-1,1503.41,724.91,31.22,56.68,0.19,-1,-1,-1
9,-1,1786.56,39.85,132.94,835.87,0.18,-1,-1,-1
9,-1,1724.33,203.01,31.22,49.39,0.16,-1,-1,-1
9,-1,1724.17,202.83,31.42,49.73,0.16,-1,-1,-1
9,-1,1494.75,185.97,24.79,39.82,0.15,-1,-1,-1
9,-1,567.71,988.19,26.24,51.96,0.15,-1,-1,-1
9,-1,1472.75,729.59,30.86,44.24,0.15,-1,-1,-1
9,-1,1471.38,723.84,89.24,65.49,0.12,-1,-1,-1
9,-1,1503.53,186.31,16.12,26.56,0.11,-1,-1,-1
9,-1,1589.77,122.75,19.28,43.40,0.11,-1,-1,-1
9,-1,1489.15,742.93,26.51,36.67,0.10,-1,-1,-1
9,-1,1132.91,806.51,15.71,10.63,0.10,-1,-1,-1
9,-1,1472.23,723.50,90.23,65.55,0.09,-1,-1,-1
9,-1,1451.67,304.76,21.69,21.43,0.09,-1,-1,-1
9,-1,1135.44,771.97,27.82,29.78,0.08,-1,-1,-1
9,-1,1134.36,861.53,24.48,43.71,0.08,-1,-1,-1
9,-1,231.29,872.08,23.89,22.93,0.08,-1,-1,-1
9,-1,1482.38,88.44,47.56,125.11,0.08,-1,-1,-1
9,-1,1180.79,839.22,17.24,18.34,0.08,-1,-1,-1
9,-1,1163.68,891.53,13.60,18.32,0.07,-1,-1,-1
9,-1,1274.40,432.39,27.61,36.67,0.07,-1,-1,-1
9,-1,1535.68,736.63,25.39,42.33,0.07,-1,-1,-1
9,-1,1472.61,723.16,88.86,66.85,0.06,-1,-1,-1
9,-1,1135.50,771.95,27.72,29.54,0.06,-1,-1,-1
9,-1,1169.82,839.92,29.24,39.24,0.06,-1,-1,-1
9,-1,230.66,872.26,23.72,22.68,0.06,-1,-1,-1
9,-1,564.96,258.93,820.78,822.05,0.05,-1,-1,-1
9,-1,1895.22,597.15,24.27,178.88,0.05,-1,-1,-1
9,-1,1164.38,862.35,14.80,16.92,0.05,-1,-1,-1
9,-1,1132.91,1044.91,77.47,33.86,0.05,-1,-1,-1
10,-1,1304.89,705.73,70.83,49.67,0.71,-1,-1,-1
10,-1,1438.14,905.41,81.43,54.27,0.57,-1,-1,-1
10,-1,922.68,28.49,16.06,55.57,0.56,-1,-1,-1
10,-1,1146.82,1034.49,19.73,43.97,0.55,-1,-1,-1
10,-1,1540.00,378.24,21.70,27.96,0.42,-1,-1,-1
10,-1,1188.76,600.81,66.64,47.54,0.41,-1,-1,-1
10,-1,1452.01,286.99,27.57,48.01,0.41,-1,-1,-1
10,-1,1129.94,1053.95,20.42,25.01,0.39,-1,-1,-1
10,-1,1464.76,381.48,20.68,22.28,0.36,-1,-1,-1
10,-1,1090.59,182.38,14.75,12.77,0.33,-1,-1,-1
10,-1,1016.53,338.32,14.38,22.73,0.31,-1,-1,-1
10,-1,1452.10,287.18,27.20,49.62,0.29,-1,-1,-1
10,-1,1013.66,229.97,16.24,28.21,0.27,-1,-1,-1
10,-1,1627.19,409.46,22.07,17.43,0.27,-1,-1,-1
10,-1,1728.38,258.27,192.23,823.88,0.22,-1,-1,-1
10,-1,902.42,27.92,12.33,33.93,0.18,-1,-1,-1
10,-1,1109.28,240.87,19.79,32.81,0.18,-1,-1,-1
10,-1,1471.78,906.33,26.57,44.87,0.17,-1,-1,-1
10,-1,1128.12,1027.53,13.02,21.77,0.16,-1,-1,-1
10,-1,1109.23,240.86,19.79,22.28,0.13,-1,-1,-1
10,-1,1689.58,469.58,20.42,19.35,0.13,-1,-1,-1
10,-1,1599.45,109.91,16.85,16.96,0.13,-1,-1,-1
10,-1,1159.02,1009.40,17.00,19.20,0.12,-1,-1,-1
10,-1,1442.07,905.87,54.72,44.52,0.12,-1,-1,-1
10,-1,1602.14,160.60,22.18,28.71,0.11,-1,-1,-1
10,-1,780.67,0.98,257.93,243.37,0.11,-1,-1,-1
10,-1,1453.86,916.36,21.53,33.98,0.10,-1,-1,-1
10,-1,927.52,902.94,15.29,16.99,0.10,-1,-1,-1
10,-1,1463.01,395.79,14.59,15.95,0.09,-1,-1,-1
10,-1,1159.15,1014.91,13.78,32.46,0.08,-1,-1,-1
10,-1,1609.64,160.64,13.78,15.14,0.08,-1,-1,-1
10,-1,1171.52,1008.89,10.25,16.42,0.08,-1,-1,-1
10,-1,1179.15,1047.90,16.73,15.33,0.08,-1,-1,-1
10,-1,1202.25,88.90,26.17,16.91,0.08,-1,-1,-1
10,-1,1749.51,635.94,128.93,105.21,0.08,-1,-1,-1
10,-1,1475.33,61.30,12.40,12.53,0.08,-1,-1,-1
10,-1,1131.35,258.09,15.42,22.83,0.07,-1,-1,-1
10,-1,1738.83,-1.46,180.32,806.69,0.07,-1,-1,-1
10,-1,1131.72,257.75,13.80,25.27,0.07,-1,-1,-1
10,-1,1118.21,1026.34,24.19,51.48,0.07,-1,-1,-1
10,-1,1495.09,367.08,12.60,11.94,0.07,-1,-1,-1
10,-1,1734.17,282.95,185.14,801.54,0.06,-1,-1,-1
10,-1,1148.29,1030.81,11.63,16.41,0.06,-1,-1,-1
10,-1,1475.34,61.29,12.26,12.43,0.05,-1,-1,-1
10,-1,308.46,255.66,820.70,825.12,0.05,-1,-1,-1
10,-1,1692.47,468.94,17.58,10.56,0.05,-1,-1,-1
11,-1,1618.56,277.43,300.15,803.78,0.40,-1,-1,-1
11,-1,1141.77,941.44,58.85,36.52,0.31,-1,-1,-1
11,-1,1398.11,104.47,21.66,22.06,0.26,-1,-1,-1
11,-1,1093.51,613.30,15.31,18.82,0.23,-1,-1,-1
11,-1,1398.05,104.63,21.84,22.08,0.22,-1,-1,-1
11,-1,1243.20,1042.27,63.21,35.70,0.19,-1,-1,-1
11,-1,1539.74,97.62,17.71,28.12,0.18,-1,-1,-1
11,-1,1388.92,732.74,16.35,15.02,0.18,-1,-1,-1
11,-1,1058.57,533.54,13.93,12.63,0.17,-1,-1,-1
11,-1,580.78,22.88,12.78,17.04,0.16,-1,-1,-1
11,-1,1074.26,595.84,18.06,12.49,0.15,-1,-1,-1
11,-1,1380.46,648.15,21.36,30.34,0.14,-1,-1,-1
11,-1,1610.81,171.68,307.72,837.59,0.13,-1,-1,-1
11,-1,1532.99,765.02,15.87,14.38,0.13,-1,-1,-1
11,-1,526.42,16.24,19.65,22.70,0.12,-1,-1,-1
11,-1,1614.09,171.87,304.77,835.71,0.12,-1,-1,-1
11,-1,1646.09,12.18,274.37,820.43,0.10,-1,-1,-1
11,-1,1404.00,421.27,10.80,11.22,0.10,-1,-1,-1
11,-1,1548.36,61.06,14.34,14.29,0.10,-1,-1,-1
11,-1,1471.09,617.44,21.14,28.23,0.10,-1,-1,-1
11,-1,1141.44,941.07,59.85,37.64,0.10,-1,-1,-1
11,-1,987.26,681.95,10.43,21.36,0.09,-1,-1,-1
11,-1,1471.73,634.14,17.22,14.20,0.08,-1,-1,-1
11,-1,908.32,394.31,14.57,28.75,0.07,-1,-1,-1
11,-1,1243.25,1042.25,63.20,35.84,0.07,-1,-1,-1
11,-1,1646.65,44.17,273.44,837.84,0.07,-1,-1,-1
11,-1,524.95,15.81,71.32,27.87,0.06,-1,-1,-1
11,-1,1510.60,65.35,12.71,9.65,0.06,-1,-1,-1
11,-1,886.06,366.99,10.13,25.69,0.06,-1,-1,-1
11,-1,1075.70,598.77,17.61,19.06,0.06,-1,-1,-1
11,-1,1479.00,614.23,16.60,18.46,0.05,-1,-1,-1
12,-1,575.63,125.58,24.38,23.67,0.46,-1,-1,-1
12,-1,1619.30,139.83,300.11,833.64,0.46,-1,-1,-1
12,-1,1564.86,81.40,14.24,22.98,0.28,-1,-1,-1
12,-1,1529.32,75.73,21.10,30.70,0.27,-1,-1,-1
12,-1,1413.76,193.08,17.55,23.97,0.25,-1,-1,-1
12,-1,1130.53,1027.91,56.90,34.09,0.17,-1,-1,-1
12,-1,1519.80,153.79,14.84,19.11,0.15,-1,-1,-1
12,-1,1547.85,185.43,12.51,12.21,0.14,-1,-1,-1
12,-1,1370.09,823.94,15.01,16.25,0.13,-1,-1,-1
12,-1,1582.91,30.93,10.86,10.60,0.12,-1,-1,-1
12,-1,1582.70,31.01,11.00,10.72,0.12,-1,-1,-1
12,-1,906.46,518.59,13.92,26.71,0.10,-1,-1,-1
12,-1,527.27,118.67,27.06,34.68,0.09,-1,-1,-1
12,-1,1551.53,185.22,25.24,21.88,0.09,-1,-1,-1
12,-1,1545.80,94.22,15.70,23.11,0.09,-1,-1,-1
12,-1,1582.12,234.88,336.88,839.67,0.09,-1,-1,-1
12,-1,983.00,772.91,8.94,18.04,0.09,-1,-1,-1
12,-1,527.11,118.32,28.11,35.37,0.09,-1,-1,-1
12,-1,526.98,118.37,28.35,35.31,0.08,-1,-1,-1
12,-1,1549.82,91.82,13.32,15.58,0.08,-1,-1,-1
12,-1,1497.95,266.28,13.10,12.39,0.07,-1,-1,-1
12,-1,1543.39,204.88,19.31,14.63,0.07,-1,-1,-1
12,-1,1519.02,207.42,16.66,14.64,0.07,-1,-1,-1
12,-1,885.97,464.28,10.19,21.84,0.07,-1,-1,-1
12,-1,1387.96,450.91,15.13,14.10,0.06,-1,-1,-1
12,-1,1384.77,514.93,10.29,10.13,0.06,-1,-1,-1
12,-1,1548.64,194.49,26.85,17.74,0.06,-1,-1,-1
12,-1,1519.01,194.88,17.08,27.19,0.06,-1,-1,-1
12,-1,905.10,489.05,14.82,26.56,0.06,-1,-1,-1
12,-1,1520.67,153.85,13.92,15.12,0.05,-1,-1,-1
12,-1,1464.38,331.67,13.39,13.08,0.05,-1,-1,-1
12,-1,1543.47,193.20,29.80,20.40,0.05,-1,-1,-1
12,-1,1567.85,180.12,12.13,10.70,0.05,-1,-1,-1
13,-1,1579.74,261.54,339.67,815.48,0.84,-1,-1,-1
13,-1,1456.53,362.17,15.95,20.42,0.69,-1,-1,-1
13,-1,1489.70,335.12,13.94,18.36,0.59,-1,-1,-1
13,-1,1489.37,381.70,16.72,16.26,0.56,-1,-1,-1
13,-1,1579.34,151.55,11.18,10.92,0.40,-1,-1,-1
13,-1,528.54,317.00,19.33,15.82,0.34,-1,-1,-1
13,-1,971.08,944.52,10.72,15.63,0.33,-1,-1,-1
13,-1,1069.34,879.47,12.65,15.93,0.33,-1,-1,-1
13,-1,1513.45,370.11,28.71,22.21,0.32,-1,-1,-1
13,-1,1500.86,263.25,25.46,19.33,0.27,-1,-1,-1
13,-1,1512.93,378.12,19.74,17.30,0.27,-1,-1,-1
13,-1,1553.09,206.71,10.64,10.42,0.27,-1,-1,-1
13,-1,1690.08,0.03,43.08,17.90,0.26,-1,-1,-1
13,-1,1491.80,75.82,56.46,38.52,0.24,-1,-1,-1
13,-1,1598.23,99.24,11.04,10.86,0.24,-1,-1,-1
13,-1,572.56,314.38,12.03,13.62,0.23,-1,-1,-1
13,-1,1533.93,258.25,16.07,23.37,0.23,-1,-1,-1
13,-1,1501.09,262.96,27.50,21.99,0.22,-1,-1,-1
13,-1,1516.62,87.57,35.56,40.69,0.21,-1,-1,-1
13,-1,1613.86,0.14,48.50,12.58,0.20,-1,-1,-1
13,-1,528.43,316.68,18.66,16.02,0.19,-1,-1,-1
13,-1,1520.19,359.54,21.32,15.45,0.18,-1,-1,-1
13,-1,1536.52,258.60,13.61,23.12,0.18,-1,-1,-1
13,-1,1533.33,93.63,31.28,45.00,0.16,-1,-1,-1
13,-1,1517.48,326.72,10.51,10.22,0.16,-1,-1,-1
13,-1,1338.05,915.59,16.67,20.85,0.16,-1,-1,-1
13,-1,784.82,541.98,409.74,336.65,0.15,-1,-1,-1
13,-1,1038.24,794.15,13.79,15.75,0.13,-1,-1,-1
13,-1,1052.72,860.73,15.10,24.25,0.12,-1,-1,-1
13,-1,1531.36,352.12,17.68,12.31,0.12,-1,-1,-1
13,-1,1052.63,861.13,15.57,27.72,0.12,-1,-1,-1
13,-1,1511.81,264.09,21.67,22.90,0.11,-1,-1,-1
13,-1,1516.17,272.99,17.93,18.07,0.11,-1,-1,-1
13,-1,899.98,667.18,10.80,22.00,0.11,-1,-1,-1
13,-1,1341.31,997.89,16.19,11.64,0.10,-1,-1,-1
13,-1,1689.72,0.01,43.93,18.40,0.08,-1,-1,-1
13,-1,1524.29,362.83,23.38,19.47,0.08,-1,-1,-1
13,-1,1653.07,581.60,9.54,9.60,0.07,-1,-1,-1
13,-1,1436.61,507.13,11.99,11.66,0.07,-1,-1,-1
13,-1,1525.41,78.23,20.08,20.43,0.07,-1,-1,-1
13,-1,1531.16,93.69,33.58,44.29,0.06,-1,-1,-1
13,-1,1516.50,326.59,11.10,9.98,0.06,-1,-1,-1
13,-1,1469.02,442.36,11.95,11.39,0.06,-1,-1,-1
13,-1,1532.93,93.63,31.84,45.03,0.06,-1,-1,-1
13,-1,974.20,860.79,19.40,15.11,0.06,-1,-1,-1
13,-1,1613.84,-0.07,48.42,13.12,0.05,-1,-1,-1
14,-1,1549.77,266.31,369.03,809.44,0.87,-1,-1,-1
14,-1,1554.84,183.68,11.34,10.59,0.46,-1,-1,-1
14,-1,1514.03,289.55,11.72,20.18,0.44,-1,-1,-1
14,-1,561.60,344.86,30.68,28.90,0.41,-1,-1,-1
14,-1,1528.98,237.70,10.58,10.14,0.39,-1,-1,-1
14,-1,1573.17,132.68,10.37,9.83,0.31,-1,-1,-1
14,-1,523.61,344.75,23.99,24.68,0.28,-1,-1,-1
14,-1,524.00,344.61,23.69,24.83,0.26,-1,-1,-1
14,-1,1060.59,891.37,11.96,15.23,0.26,-1,-1,-1
14,-1,1475.34,128.30,12.79,13.08,0.25,-1,-1,-1
14,-1,1492.58,296.83,15.21,21.62,0.24,-1,-1,-1
14,-1,788.81,571.59,411.10,317.32,0.23,-1,-1,-1
14,-1,1489.60,394.54,31.24,23.55,0.22,-1,-1,-1
14,-1,1323.90,1005.20,14.75,11.73,0.20,-1,-1,-1
14,-1,1477.22,293.76,20.51,17.96,0.19,-1,-1,-1
14,-1,1662.29,23.59,41.47,29.98,0.19,-1,-1,-1
14,-1,1521.49,10.38,45.47,22.82,0.14,-1,-1,-1
14,-1,1489.82,401.17,18.23,19.23,0.14,-1,-1,-1
14,-1,1589.07,20.24,47.97,27.09,0.12,-1,-1,-1
14,-1,1503.10,110.55,15.67,19.88,0.12,-1,-1,-1
14,-1,1589.06,20.29,47.79,27.17,0.11,-1,-1,-1
14,-1,1747.34,-0.06,41.29,10.28,0.11,-1,-1,-1
14,-1,1493.80,354.48,10.31,10.10,0.10,-1,-1,-1
14,-1,1493.14,118.34,30.08,41.93,0.10,-1,-1,-1
14,-1,1434.06,392.67,14.07,20.70,0.09,-1,-1,-1
14,-1,1045.16,872.79,17.01,16.46,0.09,-1,-1,-1
14,-1,1434.24,392.66,13.82,20.30,0.09,-1,-1,-1
14,-1,1521.42,8.38,45.90,24.96,0.08,-1,-1,-1
14,-1,1470.70,363.89,13.58,17.09,0.08,-1,-1,-1
14,-1,1029.62,808.85,13.11,13.63,0.08,-1,-1,-1
14,-1,896.63,686.33,10.48,22.58,0.07,-1,-1,-1
14,-1,1470.26,364.26,13.66,18.59,0.06,-1,-1,-1
14,-1,1521.63,10.59,45.25,22.86,0.06,-1,-1,-1
14,-1,526.29,344.49,22.37,24.47,0.06,-1,-1,-1
14,-1,874.48,658.47,18.34,39.38,0.06,-1,-1,-1
14,-1,1496.98,388.16,23.58,20.48,0.06,-1,-1,-1
14,-1,1515.60,118.82,12.06,13.44,0.06,-1,-1,-1
14,-1,889.35,712.67,11.78,14.91,0.05,-1,-1,-1
14,-1,1117.26,37.64,798.25,849.84,0.05,-1,-1,-1
15,-1,1537.56,281.56,381.82,797.89,0.82,-1,-1,-1
15,-1,1733.12,3.37,40.99,23.45,0.49,-1,-1,-1
15,-1,1650.18,39.65,40.13,29.91,0.44,-1,-1,-1
15,-1,1484.13,131.48,24.52,45.38,0.40,-1,-1,-1
15,-1,1466.88,143.17,13.25,17.52,0.39,-1,-1,-1
15,-1,1468.79,305.52,24.74,20.12,0.38,-1,-1,-1
15,-1,1779.55,112.72,31.62,43.13,0.38,-1,-1,-1
15,-1,1578.45,37.74,46.61,26.08,0.38,-1,-1,-1
15,-1,1512.22,10.03,63.03,42.18,0.33,-1,-1,-1
15,-1,791.02,581.51,397.14,362.11,0.32,-1,-1,-1
15,-1,1500.90,144.24,28.98,41.70,0.31,-1,-1,-1
15,-1,1502.92,303.83,12.75,20.34,0.30,-1,-1,-1
15,-1,1583.37,0.19,44.80,21.41,0.29,-1,-1,-1
15,-1,1045.08,876.69,15.48,17.19,0.26,-1,-1,-1
15,-1,1683.13,-0.04,38.66,15.03,0.24,-1,-1,-1
15,-1,1521.97,0.16,39.73,8.39,0.24,-1,-1,-1
15,-1,1651.86,8.95,44.05,32.81,0.22,-1,-1,-1
15,-1,1482.21,304.73,27.85,30.38,0.19,-1,-1,-1
15,-1,1457.63,412.99,16.04,23.24,0.19,-1,-1,-1
15,-1,1512.81,16.80,47.47,35.42,0.18,-1,-1,-1
15,-1,1312.03,930.19,16.09,19.70,0.18,-1,-1,-1
15,-1,1544.06,199.38,10.70,9.83,0.17,-1,-1,-1
15,-1,1425.73,404.33,14.22,20.52,0.17,-1,-1,-1
15,-1,1457.45,411.22,16.46,24.69,0.17,-1,-1,-1
15,-1,1733.54,3.23,40.71,23.38,0.16,-1,-1,-1
15,-1,1501.02,143.02,27.53,42.38,0.16,-1,-1,-1
15,-1,1316.84,1007.80,13.47,10.85,0.15,-1,-1,-1
15,-1,1532.09,10.01,44.00,23.16,0.14,-1,-1,-1
15,-1,1578.45,37.56,47.24,26.70,0.13,-1,-1,-1
15,-1,532.34,366.66,22.71,21.65,0.13,-1,-1,-1
15,-1,1518.88,251.66,10.65,10.70,0.13,-1,-1,-1
15,-1,965.42,954.96,9.84,17.18,0.13,-1,-1,-1
15,-1,574.46,369.43,19.35,15.91,0.12,-1,-1,-1
15,-1,1670.45,11.26,24.83,23.36,0.12,-1,-1,-1
15,-1,1477.44,127.00,27.42,18.17,0.12,-1,-1,-1
15,-1,1532.24,9.84,44.23,23.11,0.11,-1,-1,-1
15,-1,1059.25,895.48,11.49,25.29,0.11,-1,-1,-1
15,-1,1435.53,1036.03,18.81,15.70,0.11,-1,-1,-1
15,-1,974.41,874.97,16.35,21.51,0.10,-1,-1,-1
15,-1,1502.05,132.89,15.40,29.52,0.10,-1,-1,-1
15,-1,1459.74,376.70,16.04,18.36,0.10,-1,-1,-1
15,-1,1650.04,39.46,40.49,30.15,0.09,-1,-1,-1
15,-1,1482.85,399.00,28.39,27.06,0.09,-1,-1,-1
15,-1,532.29,366.78,22.92,22.39,0.09,-1,-1,-1
15,-1,574.56,369.30,18.95,16.16,0.09,-1,-1,-1
15,-1,1378.12,966.63,20.89,10.07,0.09,-1,-1,-1
15,-1,1661.69,27.58,29.07,20.58,0.08,-1,-1,-1
15,-1,1504.51,132.64,11.87,16.14,0.08,-1,-1,-1
15,-1,1578.44,0.77,49.87,47.78,0.08,-1,-1,-1
15,-1,1486.49,398.48,17.41,14.17,0.08,-1,-1,-1
15,-1,1484.02,367.83,10.48,9.98,0.08,-1,-1,-1
15,-1,1486.21,127.72,22.03,17.65,0.06,-1,-1,-1
15,-1,1450.82,375.72,27.10,34.70,0.06,-1,-1,-1
15,-1,1498.56,401.51,13.67,17.39,0.06,-1,-1,-1
15,-1,1481.94,313.58,18.07,21.73,0.06,-1,-1,-1
15,-1,1654.93,22.41,37.77,27.68,0.06,-1,-1,-1
15,-1,1029.02,814.97,12.20,13.37,0.06,-1,-1,-1
15,-1,1669.89,10.41,25.77,24.11,0.06,-1,-1,-1
15,-1,1480.52,409.01,28.15,20.33,0.06,-1,-1,-1
15,-1,1562.18,148.48,10.86,10.38,0.06,-1,-1,-1
15,-1,1543.57,199.16,11.32,10.25,0.05,-1,-1,-1
16,-1,1498.03,279.18,420.75,801.79,0.80,-1,-1,-1
16,-1,1739.85,185.72,29.48,39.81,0.56,-1,-1,-1
16,-1,1698.94,80.92,37.52,20.46,0.50,-1,-1,-1
16,-1,1445.00,362.55,18.09,20.80,0.49,-1,-1,-1
16,-1,1476.59,365.48,11.76,18.51,0.44,-1,-1,-1
16,-1,1594.88,13.04,36.91,19.48,0.42,-1,-1,-1
16,-1,1054.10,919.41,10.46,13.19,0.34,-1,-1,-1
16,-1,591.88,433.38,17.53,18.85,0.33,-1,-1,-1
16,-1,557.03,427.83,16.85,19.82,0.32,-1,-1,-1
16,-1,1489.98,85.81,60.60,38.51,0.31,-1,-1,-1
16,-1,1440.35,212.17,10.08,17.04,0.30,-1,-1,-1
16,-1,1619.63,114.85,37.37,28.13,0.28,-1,-1,-1
16,-1,1454.34,461.77,26.99,22.05,0.24,-1,-1,-1
16,-1,1619.96,86.76,41.11,56.53,0.23,-1,-1,-1
16,-1,1036.55,898.65,15.05,17.50,0.22,-1,-1,-1
16,-1,556.69,427.21,17.51,19.46,0.20,-1,-1,-1
16,-1,1457.98,375.52,14.13,16.40,0.18,-1,-1,-1
16,-1,1453.64,474.22,15.52,12.75,0.17,-1,-1,-1
16,-1,1551.99,112.10,43.10,24.50,0.17,-1,-1,-1
16,-1,1482.41,212.10,21.73,40.81,0.15,-1,-1,-1
16,-1,1026.08,842.44,12.56,13.90,0.15,-1,-1,-1
16,-1,1499.52,59.54,38.54,21.47,0.15,-1,-1,-1
16,-1,1607.14,58.41,35.68,20.85,0.14,-1,-1,-1
16,-1,1552.17,112.31,42.70,24.22,0.14,-1,-1,-1
16,-1,1659.60,0.08,42.87,25.84,0.14,-1,-1,-1
16,-1,1499.72,59.18,39.54,22.34,0.14,-1,-1,-1
16,-1,969.77,974.26,11.82,11.61,0.13,-1,-1,-1
16,-1,1594.78,13.27,36.81,19.30,0.13,-1,-1,-1
16,-1,1622.20,85.83,39.59,27.34,0.13,-1,-1,-1
16,-1,1517.37,264.97,9.53,9.90,0.13,-1,-1,-1
16,-1,1461.38,214.53,24.97,31.14,0.11,-1,-1,-1
16,-1,1432.28,475.42,14.42,13.31,0.11,-1,-1,-1
16,-1,1607.07,58.26,35.96,20.92,0.10,-1,-1,-1
16,-1,1551.36,45.36,53.76,89.34,0.10,-1,-1,-1
16,-1,1516.59,265.40,10.77,9.78,0.10,-1,-1,-1
16,-1,801.88,626.21,354.09,301.56,0.09,-1,-1,-1
16,-1,1686.66,394.37,42.97,25.30,0.09,-1,-1,-1
16,-1,1461.04,216.85,13.67,25.82,0.09,-1,-1,-1
16,-1,1455.04,194.90,42.49,25.31,0.09,-1,-1,-1
16,-1,1472.70,214.40,16.36,31.74,0.09,-1,-1,-1
16,-1,1489.26,85.38,61.46,39.08,0.09,-1,-1,-1
16,-1,1474.40,194.44,21.30,17.73,0.08,-1,-1,-1
16,-1,1499.32,0.26,43.94,25.40,0.08,-1,-1,-1
16,-1,1492.94,206.09,11.48,21.82,0.07,-1,-1,-1
16,-1,1507.61,221.66,12.56,14.37,0.07,-1,-1,-1
16,-1,1698.79,81.13,37.64,20.32,0.07,-1,-1,-1
16,-1,1469.48,472.40,11.96,11.05,0.07,-1,-1,-1
16,-1,982.11,858.86,21.36,28.02,0.07,-1,-1,-1
16,-1,1494.40,20.56,41.10,22.79,0.07,-1,-1,-1
16,-1,1650.48,70.19,36.50,19.16,0.07,-1,-1,-1
16,-1,1483.12,211.82,21.07,40.83,0.06,-1,-1,-1
16,-1,724.37,274.22,825.37,806.66,0.06,-1,-1,-1
16,-1,1456.86,194.07,49.43,56.22,0.06,-1,-1,-1
16,-1,1503.29,85.97,46.90,21.84,0.06,-1,-1,-1
16,-1,881.86,753.89,10.89,13.03,0.06,-1,-1,-1
16,-1,1353.18,987.49,15.91,11.40,0.06,-1,-1,-1
16,-1,1535.33,217.16,9.92,9.34,0.06,-1,-1,-1
16,-1,1563.19,44.08,43.16,19.07,0.05,-1,-1,-1
16,-1,983.32,885.41,15.15,11.12,0.05,-1,-1,-1
16,-1,1431.94,464.12,15.26,23.11,0.05,-1,-1,-1
16,-1,910.57,729.87,11.90,20.23,0.05,-1,-1,-1
17,-1,1487.73,280.93,430.35,800.13,0.82,-1,-1,-1
17,-1,1584.40,31.96,35.61,19.81,0.48,-1,-1,-1
17,-1,1608.00,119.09,38.69,41.19,0.45,-1,-1,-1
17,-1,1595.78,77.50,34.89,20.62,0.43,-1,-1,-1
17,-1,589.83,447.39,18.82,28.20,0.42,-1,-1,-1
17,-1,1435.31,377.51,18.55,20.20,0.41,-1,-1,-1
17,-1,1490.12,76.88,38.93,22.59,0.41,-1,-1,-1
17,-1,1448.51,379.43,30.23,26.71,0.38,-1,-1,-1
17,-1,1686.01,99.06,36.84,21.29,0.35,-1,-1,-1
17,-1,1480.40,103.88,59.40,37.02,0.34,-1,-1,-1
17,-1,557.21,441.55,23.90,26.17,0.30,-1,-1,-1
17,-1,1464.90,227.07,31.14,41.83,0.28,-1,-1,-1
17,-1,1541.59,129.72,43.43,24.93,0.27,-1,-1,-1
17,-1,1607.41,119.36,39.22,41.15,0.27,-1,-1,-1
17,-1,1480.71,104.18,59.21,36.42,0.24,-1,-1,-1
17,-1,1725.71,202.92,29.59,39.37,0.24,-1,-1,-1
17,-1,1637.96,88.16,37.83,20.57,0.23,-1,-1,-1
17,-1,1550.46,62.74,44.69,33.72,0.23,-1,-1,-1
17,-1,1486.67,60.17,37.47,21.09,0.20,-1,-1,-1
17,-1,1595.80,77.79,35.03,20.65,0.19,-1,-1,-1
17,-1,1611.22,104.72,37.98,23.15,0.19,-1,-1,-1
17,-1,1495.36,104.48,43.91,22.09,0.19,-1,-1,-1
17,-1,1541.99,128.74,43.22,25.59,0.19,-1,-1,-1
17,-1,1506.46,280.78,10.64,10.23,0.18,-1,-1,-1
17,-1,1283.86,958.42,12.32,17.59,0.17,-1,-1,-1
17,-1,1637.82,88.11,38.58,20.59,0.17,-1,-1,-1
17,-1,557.19,451.11,15.21,16.35,0.16,-1,-1,-1
17,-1,1647.33,15.64,42.51,30.26,0.16,-1,-1,-1
17,-1,1024.90,849.11,11.71,13.45,0.15,-1,-1,-1
17,-1,1444.02,477.03,27.61,21.55,0.15,-1,-1,-1
17,-1,1610.12,104.43,39.35,26.51,0.14,-1,-1,-1
17,-1,1584.29,31.99,35.44,19.92,0.14,-1,-1,-1
17,-1,1422.80,478.33,14.93,22.47,0.13,-1,-1,-1
17,-1,1286.32,1029.40,13.50,10.67,0.13,-1,-1,-1
17,-1,1430.43,232.63,10.23,17.11,0.13,-1,-1,-1
17,-1,1686.02,99.02,36.94,21.31,0.13,-1,-1,-1
17,-1,1639.38,0.02,42.23,11.39,0.12,-1,-1,-1
17,-1,1466.56,380.06,12.07,19.32,0.11,-1,-1,-1
17,-1,1447.65,210.60,47.62,39.64,0.11,-1,-1,-1
17,-1,1481.20,329.82,13.29,10.43,0.11,-1,-1,-1
17,-1,1550.12,62.84,45.48,34.39,0.11,-1,-1,-1
17,-1,1485.44,40.65,40.41,19.78,0.10,-1,-1,-1
17,-1,1498.87,104.54,40.89,20.78,0.09,-1,-1,-1
17,-1,1036.54,902.97,14.72,15.22,0.09,-1,-1,-1
17,-1,1341.53,989.41,15.94,10.60,0.08,-1,-1,-1
17,-1,1639.95,-0.14,42.10,11.51,0.08,-1,-1,-1
17,-1,1452.67,232.27,22.40,27.96,0.07,-1,-1,-1
17,-1,556.97,449.60,17.39,17.36,0.07,-1,-1,-1
17,-1,1465.38,211.04,18.69,18.42,0.07,-1,-1,-1
17,-1,1546.10,91.56,40.84,24.30,0.07,-1,-1,-1
17,-1,1482.31,330.39,10.63,9.64,0.07,-1,-1,-1
17,-1,1465.76,229.20,30.30,39.79,0.07,-1,-1,-1
17,-1,1444.08,478.84,16.85,15.44,0.07,-1,-1,-1
17,-1,1542.80,112.70,41.78,21.71,0.06,-1,-1,-1
17,-1,1465.68,229.18,30.24,39.86,0.06,-1,-1,-1
17,-1,1642.15,56.37,38.22,30.64,0.06,-1,-1,-1
17,-1,1444.30,484.64,14.88,14.59,0.06,-1,-1,-1
17,-1,557.27,451.93,16.80,16.35,0.06,-1,-1,-1
17,-1,1422.95,486.44,13.91,15.38,0.06,-1,-1,-1
17,-1,725.24,275.10,823.61,803.48,0.06,-1,-1,-1
17,-1,1450.61,211.67,38.83,38.72,0.06,-1,-1,-1
17,-1,590.39,454.65,16.54,22.29,0.05,-1,-1,-1
17,-1,1497.94,240.01,12.39,13.39,0.05,-1,-1,-1
17,-1,1278.67,964.33,11.78,26.12,0.05,-1,-1,-1
17,-1,1641.54,65.97,37.08,21.49,0.05,-1,-1,-1
17,-1,1524.90,233.45,9.75,9.57,0.05,-1,-1,-1
18,-1,1479.03,278.58,439.30,803.21,0.71,-1,-1,-1
18,-1,1534.10,81.15,51.19,67.59,0.49,-1,-1,-1
18,-1,1712.11,219.55,28.87,38.76,0.47,-1,-1,-1
18,-1,556.48,458.23,26.47,26.71,0.46,-1,-1,-1
18,-1,1471.46,121.78,58.03,36.58,0.41,-1,-1,-1
18,-1,1427.64,389.78,15.06,21.19,0.38,-1,-1,-1
18,-1,556.52,457.81,26.76,27.29,0.34,-1,-1,-1
18,-1,1673.66,117.40,35.74,20.26,0.34,-1,-1,-1
18,-1,1574.23,50.64,34.94,19.36,0.34,-1,-1,-1
18,-1,1596.52,150.62,36.76,28.09,0.31,-1,-1,-1
18,-1,1530.82,147.89,43.08,23.57,0.31,-1,-1,-1
18,-1,1435.33,492.96,23.96,17.65,0.26,-1,-1,-1
18,-1,596.27,469.44,15.08,14.40,0.26,-1,-1,-1
18,-1,1457.52,394.78,10.06,14.39,0.25,-1,-1,-1
18,-1,1531.11,147.68,41.77,23.78,0.24,-1,-1,-1
18,-1,1628.55,-0.11,42.67,30.48,0.23,-1,-1,-1
18,-1,1597.32,121.10,39.92,57.05,0.21,-1,-1,-1
18,-1,1480.81,98.08,37.44,19.14,0.20,-1,-1,-1
18,-1,1569.57,-0.02,35.56,13.79,0.19,-1,-1,-1
18,-1,1627.06,106.32,35.92,19.79,0.19,-1,-1,-1
18,-1,1440.89,404.46,13.10,13.06,0.17,-1,-1,-1
18,-1,1414.43,489.86,13.98,22.94,0.17,-1,-1,-1
18,-1,1598.13,121.59,38.98,28.91,0.17,-1,-1,-1
18,-1,1569.31,-0.03,35.51,14.17,0.14,-1,-1,-1
18,-1,1477.78,83.78,38.53,15.78,0.13,-1,-1,-1
18,-1,1635.79,35.31,40.14,29.23,0.12,-1,-1,-1
18,-1,806.23,647.99,370.02,287.19,0.12,-1,-1,-1
18,-1,1673.84,117.43,35.64,20.26,0.11,-1,-1,-1
18,-1,1584.11,95.15,33.45,19.55,0.11,-1,-1,-1
18,-1,1472.86,345.15,9.59,9.25,0.11,-1,-1,-1
18,-1,1574.15,50.74,35.01,19.26,0.11,-1,-1,-1
18,-1,1584.27,95.14,32.84,19.50,0.11,-1,-1,-1
18,-1,1414.10,491.45,14.36,22.20,0.10,-1,-1,-1
18,-1,1596.74,150.27,36.63,28.78,0.09,-1,-1,-1
18,-1,1627.00,106.27,36.11,19.36,0.09,-1,-1,-1
18,-1,1438.95,227.80,46.40,55.00,0.08,-1,-1,-1
18,-1,1435.49,498.22,15.28,12.56,0.08,-1,-1,-1
18,-1,1413.94,491.62,14.40,21.48,0.08,-1,-1,-1
18,-1,1477.01,57.99,40.15,19.90,0.08,-1,-1,-1
18,-1,1479.85,87.42,38.25,29.12,0.08,-1,-1,-1
18,-1,1414.60,455.20,24.18,13.22,0.08,-1,-1,-1
18,-1,1496.77,296.53,10.29,9.90,0.08,-1,-1,-1
18,-1,1599.20,121.83,37.76,26.40,0.07,-1,-1,-1
18,-1,1481.65,40.86,38.12,20.42,0.07,-1,-1,-1
18,-1,500.07,256.87,826.84,825.38,0.07,-1,-1,-1
18,-1,1477.64,79.65,38.24,19.50,0.07,-1,-1,-1
18,-1,724.46,278.74,822.25,802.11,0.07,-1,-1,-1
18,-1,1470.42,121.56,58.76,36.82,0.07,-1,-1,-1
18,-1,1488.56,121.78,40.70,20.74,0.07,-1,-1,-1
18,-1,1599.76,135.55,35.20,24.17,0.06,-1,-1,-1
18,-1,1384.03,484.50,19.30,17.92,0.06,-1,-1,-1
18,-1,1503.96,904.14,210.31,171.11,0.06,-1,-1,-1
18,-1,1488.65,257.30,12.37,11.68,0.06,-1,-1,-1
18,-1,1279.01,1032.33,14.10,11.79,0.05,-1,-1,-1
18,-1,1628.77,0.29,41.92,30.34,0.05,-1,-1,-1
18,-1,1514.72,249.73,9.83,9.05,0.05,-1,-1,-1
19,-1,1465.45,284.15,452.98,797.32,0.85,-1,-1,-1
19,-1,1584.66,138.89,41.51,56.39,0.65,-1,-1,-1
19,-1,1698.51,235.65,28.21,38.74,0.45,-1,-1,-1
19,-1,1521.06,163.24,40.84,24.82,0.44,-1,-1,-1
19,-1,566.36,479.33,17.04,18.76,0.39,-1,-1,-1
19,-1,1572.95,113.37,34.47,20.08,0.34,-1,-1,-1
19,-1,566.27,479.28,17.33,19.00,0.32,-1,-1,-1
19,-1,1660.78,134.11,35.56,21.46,0.29,-1,-1,-1
19,-1,1558.70,14.74,34.36,18.45,0.29,-1,-1,-1
19,-1,1572.80,113.20,34.71,20.24,0.28,-1,-1,-1
19,-1,1426.25,506.04,20.56,15.80,0.28,-1,-1,-1
19,-1,1460.84,139.64,56.92,36.53,0.27,-1,-1,-1
19,-1,1562.97,69.18,33.89,19.37,0.24,-1,-1,-1
19,-1,1558.70,14.65,34.52,18.50,0.21,-1,-1,-1
19,-1,1525.92,101.17,46.82,48.42,0.20,-1,-1,-1
19,-1,1616.88,16.11,41.82,33.15,0.17,-1,-1,-1
19,-1,1614.97,124.08,35.57,19.25,0.17,-1,-1,-1
19,-1,1477.70,0.07,35.39,21.55,0.15,-1,-1,-1
19,-1,1470.75,111.37,37.63,23.06,0.15,-1,-1,-1
19,-1,1563.14,69.18,33.87,19.47,0.14,-1,-1,-1
19,-1,1479.70,139.69,38.76,19.21,0.14,-1,-1,-1
19,-1,1521.03,163.74,41.28,24.93,0.13,-1,-1,-1
19,-1,810.03,659.52,358.83,280.40,0.13,-1,-1,-1
19,-1,1477.70,0.16,35.71,21.60,0.13,-1,-1,-1
19,-1,1716.47,0.98,202.88,244.23,0.12,-1,-1,-1
19,-1,600.76,487.00,15.00,21.28,0.12,-1,-1,-1
19,-1,1463.95,188.72,456.37,760.17,0.12,-1,-1,-1
19,-1,600.63,490.86,10.63,17.44,0.11,-1,-1,-1
19,-1,1418.37,405.22,15.33,20.15,0.10,-1,-1,-1
19,-1,1418.28,404.83,15.88,20.72,0.10,-1,-1,-1
19,-1,1047.50,935.53,10.44,14.63,0.10,-1,-1,-1
19,-1,1476.59,31.04,39.94,17.37,0.09,-1,-1,-1
19,-1,1469.08,103.86,39.22,30.20,0.09,-1,-1,-1
19,-1,1447.59,409.42,10.64,14.29,0.09,-1,-1,-1
19,-1,1468.31,97.99,37.94,19.85,0.09,-1,-1,-1
19,-1,1486.83,312.28,9.98,9.60,0.09,-1,-1,-1
19,-1,1444.26,247.41,30.77,47.96,0.08,-1,-1,-1
19,-1,724.27,277.92,822.11,803.85,0.07,-1,-1,-1
19,-1,1447.39,409.27,11.12,15.77,0.07,-1,-1,-1
19,-1,1467.06,76.79,39.48,19.84,0.07,-1,-1,-1
19,-1,1462.59,359.66,10.85,9.64,0.07,-1,-1,-1
19,-1,1460.90,138.95,57.12,37.70,0.07,-1,-1,-1
19,-1,1405.73,513.95,13.87,12.35,0.07,-1,-1,-1
19,-1,1430.84,418.30,11.24,13.16,0.07,-1,-1,-1
19,-1,1520.97,147.76,43.03,28.51,0.07,-1,-1,-1
19,-1,1429.36,244.85,46.12,53.05,0.07,-1,-1,-1
19,-1,1469.76,103.68,39.05,29.86,0.07,-1,-1,-1
19,-1,1493.50,912.22,201.65,162.87,0.07,-1,-1,-1
19,-1,1584.52,140.01,41.06,55.32,0.06,-1,-1,-1
19,-1,1486.82,312.31,10.40,9.18,0.06,-1,-1,-1
19,-1,1660.94,134.27,35.62,21.21,0.06,-1,-1,-1
19,-1,1531.65,99.42,41.61,18.10,0.05,-1,-1,-1
19,-1,1470.16,46.21,45.25,18.21,0.05,-1,-1,-1
19,-1,1610.97,0.17,35.37,26.70,0.05,-1,-1,-1
20,-1,1452.21,286.27,465.55,795.08,0.62,-1,-1,-1
20,-1,1572.70,155.81,40.77,55.39,0.52,-1,-1,-1
20,-1,1684.79,250.52,27.30,37.97,0.48,-1,-1,-1
20,-1,1551.52,87.32,33.72,18.62,0.47,-1,-1,-1
20,-1,1410.29,421.34,14.35,18.50,0.42,-1,-1,-1
20,-1,1415.57,518.07,20.86,16.39,0.40,-1,-1,-1
20,-1,567.58,494.27,16.44,19.31,0.40,-1,-1,-1
20,-1,1647.53,150.85,34.87,20.79,0.37,-1,-1,-1
20,-1,1509.93,-0.05,35.26,24.82,0.32,-1,-1,-1
20,-1,567.35,494.27,17.02,19.60,0.32,-1,-1,-1
20,-1,1701.15,1.15,218.18,258.70,0.31,-1,-1,-1
20,-1,1436.87,421.96,11.22,15.81,0.28,-1,-1,-1
20,-1,1467.40,0.15,36.31,39.90,0.28,-1,-1,-1
20,-1,1451.13,155.64,56.71,37.11,0.24,-1,-1,-1
20,-1,1420.85,431.19,13.07,13.43,0.21,-1,-1,-1
20,-1,1560.86,129.62,34.73,21.47,0.21,-1,-1,-1
20,-1,1515.78,116.61,45.88,48.86,0.21,-1,-1,-1
20,-1,1469.71,156.66,38.17,18.29,0.20,-1,-1,-1
20,-1,600.55,498.77,15.87,28.73,0.20,-1,-1,-1
20,-1,1546.72,32.38,34.22,19.14,0.19,-1,-1,-1
20,-1,1509.77,181.40,38.71,21.86,0.18,-1,-1,-1
20,-1,1546.56,32.22,34.16,19.31,0.18,-1,-1,-1
20,-1,922.33,752.20,9.71,23.84,0.16,-1,-1,-1
20,-1,1632.93,449.03,39.17,24.47,0.15,-1,-1,-1
20,-1,1460.87,132.43,37.12,18.54,0.14,-1,-1,-1
20,-1,1632.84,448.43,39.22,24.77,0.13,-1,-1,-1
20,-1,1510.02,181.21,41.20,22.27,0.13,-1,-1,-1
20,-1,1415.83,523.18,13.69,11.63,0.10,-1,-1,-1
20,-1,1560.85,129.68,34.79,21.21,0.10,-1,-1,-1
20,-1,1598.53,14.09,35.33,28.81,0.09,-1,-1,-1
20,-1,1457.93,114.67,34.96,20.87,0.09,-1,-1,-1
20,-1,600.28,508.93,12.00,18.56,0.09,-1,-1,-1
20,-1,660.14,255.51,822.98,822.57,0.09,-1,-1,-1
20,-1,1451.43,169.30,40.21,23.98,0.09,-1,-1,-1
20,-1,600.59,510.06,11.28,17.42,0.08,-1,-1,-1
20,-1,432.49,470.43,12.92,13.75,0.08,-1,-1,-1
20,-1,1467.45,0.31,36.69,39.73,0.08,-1,-1,-1
20,-1,1031.31,920.01,14.03,15.25,0.08,-1,-1,-1
20,-1,1044.31,942.44,10.02,14.15,0.08,-1,-1,-1
20,-1,1466.83,48.16,39.23,17.43,0.08,-1,-1,-1
20,-1,1604.63,44.41,39.41,22.53,0.07,-1,-1,-1
20,-1,1422.25,507.55,20.86,17.07,0.07,-1,-1,-1
20,-1,1604.25,43.17,40.23,23.46,0.07,-1,-1,-1
20,-1,1430.86,260.59,33.35,29.40,0.07,-1,-1,-1
20,-1,1574.92,155.62,37.96,25.33,0.06,-1,-1,-1
20,-1,1573.14,183.05,35.81,28.00,0.06,-1,-1,-1
20,-1,1437.22,260.13,15.42,18.14,0.06,-1,-1,-1
20,-1,1395.69,526.25,13.50,11.08,0.06,-1,-1,-1
20,-1,1451.99,156.30,56.41,37.58,0.06,-1,-1,-1
20,-1,1407.31,480.86,13.39,11.79,0.06,-1,-1,-1
20,-1,1465.74,47.85,40.26,17.93,0.06,-1,-1,-1
20,-1,1397.18,294.12,9.85,12.06,0.05,-1,-1,-1
20,-1,1418.33,260.41,46.09,29.23,0.05,-1,-1,-1
20,-1,1602.54,140.34,34.05,19.36,0.05,-1,-1,-1
20,-1,1493.38,280.55,9.35,9.39,0.05,-1,-1,-1
20,-1,1460.25,129.65,37.57,20.85,0.05,-1,-1,-1
20,-1,690.60,279.82,825.88,801.34,0.05,-1,-1,-1
21,-1,1442.22,285.63,476.10,794.17,0.70,-1,-1,-1
21,-1,1686.35,1.95,232.89,276.45,0.55,-1,-1,-1
21,-1,810.79,675.35,339.72,255.00,0.44,-1,-1,-1
21,-1,1670.81,266.01,27.31,36.35,0.41,-1,-1,-1
21,-1,1457.90,0.12,37.85,57.06,0.37,-1,-1,-1
21,-1,1428.05,433.93,10.06,15.50,0.32,-1,-1,-1
21,-1,602.35,521.61,14.60,13.29,0.28,-1,-1,-1
21,-1,1401.03,434.75,13.48,17.57,0.28,-1,-1,-1
21,-1,1438.38,202.59,479.96,841.73,0.23,-1,-1,-1
21,-1,1536.51,49.85,32.96,18.01,0.23,-1,-1,-1
21,-1,1441.65,171.64,55.86,35.76,0.22,-1,-1,-1
21,-1,1592.36,51.22,39.98,32.44,0.22,-1,-1,-1
21,-1,1498.70,0.12,34.99,41.04,0.21,-1,-1,-1
21,-1,1561.33,172.15,38.93,52.94,0.20,-1,-1,-1
21,-1,1539.70,103.73,33.95,18.92,0.18,-1,-1,-1
21,-1,1498.81,194.82,40.73,25.03,0.12,-1,-1,-1
21,-1,1634.89,167.01,34.40,19.60,0.12,-1,-1,-1
21,-1,1409.78,444.13,13.10,12.13,0.11,-1,-1,-1
21,-1,1872.73,979.73,38.92,17.91,0.11,-1,-1,-1
21,-1,569.70,517.12,20.33,16.91,0.11,-1,-1,-1
21,-1,1831.02,1015.61,19.07,11.18,0.09,-1,-1,-1
21,-1,1587.47,31.15,35.90,30.53,0.08,-1,-1,-1
21,-1,1499.16,195.44,40.52,24.76,0.07,-1,-1,-1
21,-1,1587.54,30.94,36.85,31.12,0.07,-1,-1,-1
21,-1,1450.92,148.26,36.11,19.13,0.07,-1,-1,-1
21,-1,1813.31,1023.30,17.71,10.67,0.07,-1,-1,-1
21,-1,1450.48,148.34,36.24,19.24,0.07,-1,-1,-1
21,-1,1592.34,51.51,39.85,31.82,0.07,-1,-1,-1
21,-1,534.23,254.74,822.24,825.43,0.07,-1,-1,-1
21,-1,1405.48,524.52,27.33,19.12,0.06,-1,-1,-1
21,-1,1449.68,662.04,360.45,409.69,0.06,-1,-1,-1
21,-1,1099.29,254.71,811.33,826.61,0.06,-1,-1,-1
21,-1,1813.40,1023.25,18.05,10.44,0.06,-1,-1,-1
21,-1,1620.45,461.90,37.94,23.38,0.06,-1,-1,-1
21,-1,1386.78,537.68,13.11,10.79,0.06,-1,-1,-1
21,-1,1549.73,145.32,34.04,20.90,0.06,-1,-1,-1
21,-1,692.02,278.38,822.72,802.87,0.06,-1,-1,-1
21,-1,1387.59,307.79,10.18,13.68,0.05,-1,-1,-1
21,-1,1415.12,515.28,19.79,20.15,0.05,-1,-1,-1
22,-1,822.58,706.24,320.83,231.26,0.80,-1,-1,-1
22,-1,1800.81,1013.29,11.38,10.67,0.41,-1,-1,-1
22,-1,1596.59,214.04,32.56,19.53,0.39,-1,-1,-1
22,-1,1411.81,288.24,479.10,793.27,0.38,-1,-1,-1
22,-1,1428.02,38.08,37.51,70.48,0.37,-1,-1,-1
22,-1,1506.63,153.25,32.68,18.56,0.35,-1,-1,-1
22,-1,1527.16,240.27,33.50,29.97,0.34,-1,-1,-1
22,-1,1474.94,248.22,29.79,18.02,0.30,-1,-1,-1
22,-1,1503.50,101.45,31.02,17.79,0.27,-1,-1,-1
22,-1,1816.62,988.43,34.75,15.21,0.26,-1,-1,-1
22,-1,1529.33,219.19,35.68,23.81,0.26,-1,-1,-1
22,-1,1527.09,232.20,34.06,37.26,0.26,-1,-1,-1
22,-1,1844.51,975.05,75.55,27.78,0.26,-1,-1,-1
22,-1,1473.54,182.64,42.08,46.61,0.25,-1,-1,-1
22,-1,608.94,573.68,14.18,11.63,0.24,-1,-1,-1
22,-1,1516.20,194.45,31.78,19.77,0.24,-1,-1,-1
22,-1,1467.79,50.51,33.43,43.57,0.22,-1,-1,-1
22,-1,1646.08,1.47,272.99,321.57,0.21,-1,-1,-1
22,-1,1416.44,220.17,50.91,31.27,0.21,-1,-1,-1
22,-1,1503.34,101.56,31.05,17.67,0.20,-1,-1,-1
22,-1,580.06,562.73,16.36,15.14,0.20,-1,-1,-1
22,-1,1764.08,990.04,18.89,9.59,0.19,-1,-1,-1
22,-1,1516.24,194.37,31.38,19.95,0.19,-1,-1,-1
22,-1,628.37,279.28,825.76,801.17,0.18,-1,-1,-1
22,-1,1554.26,203.77,34.10,19.57,0.16,-1,-1,-1
22,-1,1382.78,317.49,43.18,47.01,0.16,-1,-1,-1
22,-1,1582.33,495.83,32.66,23.41,0.14,-1,-1,-1
22,-1,1384.12,480.29,10.06,12.29,0.14,-1,-1,-1
22,-1,1374.94,471.77,11.72,13.19,0.13,-1,-1,-1
22,-1,532.07,254.03,828.10,824.67,0.13,-1,-1,-1
22,-1,1400.40,471.47,9.46,14.62,0.13,-1,-1,-1
22,-1,1413.51,230.57,37.02,22.64,0.13,-1,-1,-1
22,-1,1422.30,196.93,34.80,18.91,0.12,-1,-1,-1
22,-1,1359.14,348.54,9.67,15.70,0.12,-1,-1,-1
22,-1,1778.24,982.21,15.56,9.90,0.12,-1,-1,-1
22,-1,1528.64,219.25,37.05,26.28,0.11,-1,-1,-1
22,-1,1467.37,238.67,39.22,23.28,0.10,-1,-1,-1
22,-1,1848.66,1001.58,24.02,11.55,0.10,-1,-1,-1
22,-1,1430.29,220.19,35.93,18.38,0.10,-1,-1,-1
22,-1,1413.70,231.26,37.07,21.85,0.09,-1,-1,-1
22,-1,1741.21,980.76,12.07,9.17,0.09,-1,-1,-1
22,-1,1379.79,556.99,24.59,19.03,0.09,-1,-1,-1
22,-1,1422.06,197.36,34.01,18.07,0.09,-1,-1,-1
22,-1,1282.51,1018.06,12.07,9.64,0.09,-1,-1,-1
22,-1,1238.06,986.25,10.87,16.18,0.08,-1,-1,-1
22,-1,1036.53,959.00,8.65,12.29,0.08,-1,-1,-1
22,-1,1496.70,8.11,32.35,24.68,0.08,-1,-1,-1
22,-1,1428.59,343.98,11.39,12.27,0.08,-1,-1,-1
22,-1,1596.40,214.42,32.93,19.27,0.08,-1,-1,-1
22,-1,1469.41,242.22,37.07,22.82,0.07,-1,-1,-1
22,-1,1506.60,152.93,32.45,18.75,0.07,-1,-1,-1
22,-1,1360.88,569.22,12.57,10.61,0.07,-1,-1,-1
22,-1,1412.40,423.18,14.28,12.38,0.06,-1,-1,-1
22,-1,1234.18,987.23,13.55,27.54,0.06,-1,-1,-1
22,-1,1499.61,0.82,30.26,17.08,0.06,-1,-1,-1
22,-1,1374.14,471.94,11.89,14.20,0.06,-1,-1,-1
22,-1,1477.53,182.19,37.84,23.60,0.06,-1,-1,-1
22,-1,1024.55,940.06,12.26,14.39,0.06,-1,-1,-1
22,-1,1556.94,111.09,38.11,22.68,0.06,-1,-1,-1
22,-1,1306.81,920.75,10.41,9.35,0.06,-1,-1,-1
22,-1,1412.78,219.92,53.54,33.81,0.06,-1,-1,-1
22,-1,1529.00,229.88,26.86,18.26,0.05,-1,-1,-1
22,-1,1419.34,184.77,30.45,14.98,0.05,-1,-1,-1
23,-1,821.99,709.86,315.70,233.74,0.88,-1,-1,-1
23,-1,572.69,573.50,32.10,23.59,0.72,-1,-1,-1
23,-1,610.15,584.45,21.88,19.23,0.63,-1,-1,-1
23,-1,1420.41,54.39,35.37,67.63,0.55,-1,-1,-1
23,-1,1516.07,259.53,32.89,22.77,0.54,-1,-1,-1
23,-1,1458.19,64.47,32.48,44.16,0.44,-1,-1,-1
23,-1,1392.43,285.23,492.42,796.25,0.34,-1,-1,-1
23,-1,1493.54,116.48,31.29,17.65,0.33,-1,-1,-1
23,-1,1460.87,257.55,34.49,21.03,0.31,-1,-1,-1
23,-1,1585.13,228.35,31.69,18.25,0.29,-1,-1,-1
23,-1,1366.86,482.40,10.77,16.69,0.28,-1,-1,-1
23,-1,1390.69,481.36,10.21,14.40,0.28,-1,-1,-1
23,-1,897.49,0.04,57.13,23.73,0.26,-1,-1,-1
23,-1,1506.80,208.17,30.07,19.21,0.25,-1,-1,-1
23,-1,1522.37,246.64,27.24,18.53,0.24,-1,-1,-1
23,-1,1520.17,232.88,33.21,20.05,0.23,-1,-1,-1
23,-1,1371.28,571.03,15.50,15.39,0.23,-1,-1,-1
23,-1,1496.88,168.19,31.57,16.54,0.20,-1,-1,-1
23,-1,1570.63,505.48,33.62,24.44,0.20,-1,-1,-1
23,-1,1496.92,168.24,31.43,16.54,0.19,-1,-1,-1
23,-1,1404.38,244.49,36.14,21.92,0.19,-1,-1,-1
23,-1,1421.00,234.20,35.14,16.88,0.18,-1,-1,-1
23,-1,1493.08,116.50,32.04,17.51,0.18,-1,-1,-1
23,-1,1487.71,28.71,30.04,19.79,0.17,-1,-1,-1
23,-1,1545.25,117.69,37.62,29.98,0.16,-1,-1,-1
23,-1,1372.07,566.71,23.10,15.82,0.15,-1,-1,-1
23,-1,1458.32,64.60,32.34,43.75,0.14,-1,-1,-1
23,-1,1375.98,489.78,10.24,12.89,0.14,-1,-1,-1
23,-1,1405.34,234.47,49.14,31.49,0.13,-1,-1,-1
23,-1,1459.89,257.34,35.46,21.19,0.13,-1,-1,-1
23,-1,1507.64,208.14,29.43,19.21,0.13,-1,-1,-1
23,-1,1382.11,570.59,13.22,11.73,0.12,-1,-1,-1
23,-1,1618.73,322.09,24.49,33.92,0.11,-1,-1,-1
23,-1,1543.18,218.43,32.24,17.52,0.11,-1,-1,-1
23,-1,1585.23,228.16,31.68,18.41,0.10,-1,-1,-1
23,-1,1492.20,0.01,34.18,13.67,0.10,-1,-1,-1
23,-1,897.77,0.15,60.28,20.56,0.09,-1,-1,-1
23,-1,1908.19,914.40,11.31,37.00,0.08,-1,-1,-1
23,-1,1543.27,218.04,32.37,17.77,0.08,-1,-1,-1
23,-1,1724.87,879.45,68.75,99.49,0.08,-1,-1,-1
23,-1,1633.00,1.90,286.37,331.62,0.08,-1,-1,-1
23,-1,1468.84,51.62,33.75,16.37,0.08,-1,-1,-1
23,-1,1466.91,196.08,39.52,30.20,0.08,-1,-1,-1
23,-1,1541.64,99.31,31.11,24.64,0.07,-1,-1,-1
23,-1,1469.66,51.93,32.93,16.06,0.07,-1,-1,-1
23,-1,534.11,254.94,821.94,822.78,0.07,-1,-1,-1
23,-1,1353.00,578.52,11.63,10.02,0.07,-1,-1,-1
23,-1,1486.47,21.32,32.35,27.62,0.07,-1,-1,-1
23,-1,1419.32,97.14,33.13,26.18,0.07,-1,-1,-1
23,-1,661.46,278.81,823.56,801.14,0.07,-1,-1,-1
23,-1,1444.71,0.44,35.11,25.38,0.07,-1,-1,-1
23,-1,1462.39,218.31,36.67,24.84,0.07,-1,-1,-1
23,-1,1413.45,211.07,33.06,17.67,0.06,-1,-1,-1
23,-1,1461.60,26.08,19.86,15.75,0.05,-1,-1,-1
24,-1,822.71,719.15,312.79,230.41,0.80,-1,-1,-1
24,-1,1449.82,78.63,32.49,45.03,0.54,-1,-1,-1
24,-1,902.80,0.03,53.47,18.93,0.52,-1,-1,-1
24,-1,1411.81,69.35,35.64,68.02,0.50,-1,-1,-1
24,-1,1391.24,278.82,476.08,799.95,0.42,-1,-1,-1
24,-1,1484.70,130.50,30.39,16.98,0.30,-1,-1,-1
24,-1,1357.22,490.42,14.26,19.61,0.22,-1,-1,-1
24,-1,1381.31,490.20,13.16,16.87,0.22,-1,-1,-1
24,-1,1396.28,246.20,51.12,32.79,0.21,-1,-1,-1
24,-1,1496.32,222.02,31.16,18.28,0.21,-1,-1,-1
24,-1,1484.61,130.64,30.46,16.59,0.21,-1,-1,-1
24,-1,1345.91,586.76,12.64,11.01,0.20,-1,-1,-1
24,-1,1560.36,515.13,36.00,23.05,0.20,-1,-1,-1
24,-1,605.23,594.69,21.82,23.00,0.20,-1,-1,-1
24,-1,1574.96,241.50,31.15,18.27,0.19,-1,-1,-1
24,-1,1455.20,209.89,41.86,43.11,0.19,-1,-1,-1
24,-1,1507.36,272.96,31.14,22.64,0.19,-1,-1,-1
24,-1,1453.62,272.39,32.78,18.22,0.19,-1,-1,-1
24,-1,1608.24,334.26,23.56,33.68,0.17,-1,-1,-1
24,-1,583.48,585.32,14.51,15.36,0.16,-1,-1,-1
24,-1,605.41,594.89,21.67,22.73,0.16,-1,-1,-1
24,-1,1478.78,30.60,31.46,33.37,0.15,-1,-1,-1
24,-1,1460.46,67.50,33.17,16.18,0.12,-1,-1,-1
24,-1,1507.87,257.66,32.61,27.83,0.12,-1,-1,-1
24,-1,1453.09,272.19,33.75,18.52,0.12,-1,-1,-1
24,-1,1535.75,131.55,37.53,30.63,0.11,-1,-1,-1
24,-1,1496.64,222.32,30.82,18.11,0.11,-1,-1,-1
24,-1,1511.22,245.92,31.36,17.99,0.10,-1,-1,-1
24,-1,1403.73,214.05,34.45,27.03,0.09,-1,-1,-1
24,-1,692.01,276.65,821.74,803.52,0.09,-1,-1,-1
24,-1,1536.00,131.36,37.40,30.97,0.08,-1,-1,-1
24,-1,1364.47,578.44,14.10,16.43,0.08,-1,-1,-1
24,-1,1364.84,569.80,26.96,22.63,0.08,-1,-1,-1
24,-1,902.17,0.07,55.23,18.57,0.08,-1,-1,-1
24,-1,1487.24,182.07,31.32,16.46,0.07,-1,-1,-1
24,-1,1367.94,500.99,9.87,11.74,0.07,-1,-1,-1
24,-1,583.72,587.21,13.00,14.03,0.07,-1,-1,-1
24,-1,1404.24,214.73,34.28,27.13,0.07,-1,-1,-1
24,-1,1508.66,258.62,31.00,20.26,0.06,-1,-1,-1
24,-1,1364.41,582.06,13.53,13.03,0.06,-1,-1,-1
24,-1,1530.86,114.86,32.34,25.64,0.06,-1,-1,-1
24,-1,1487.83,182.00,30.56,16.64,0.06,-1,-1,-1
24,-1,1403.04,213.11,34.05,14.05,0.06,-1,-1,-1
24,-1,1396.96,258.58,35.08,20.16,0.06,-1,-1,-1
24,-1,1840.75,322.77,16.15,25.76,0.06,-1,-1,-1
24,-1,1413.31,246.99,34.56,17.87,0.06,-1,-1,-1
24,-1,532.22,255.43,824.14,822.92,0.06,-1,-1,-1
24,-1,1710.68,885.64,64.98,100.75,0.05,-1,-1,-1
24,-1,1453.29,40.93,17.99,16.28,0.05,-1,-1,-1
25,-1,825.61,734.71,301.73,223.44,0.70,-1,-1,-1
25,-1,896.74,0.76,62.49,49.11,0.42,-1,-1,-1
25,-1,1373.24,284.55,499.77,797.63,0.37,-1,-1,-1
25,-1,896.05,0.49,64.34,49.81,0.32,-1,-1,-1
25,-1,1489.63,295.87,30.57,23.04,0.29,-1,-1,-1
25,-1,1555.28,266.25,31.14,17.07,0.23,-1,-1,-1
25,-1,1435.42,295.80,33.59,18.94,0.23,-1,-1,-1
25,-1,821.85,-0.05,62.01,18.21,0.22,-1,-1,-1
25,-1,1467.49,158.03,30.45,17.33,0.15,-1,-1,-1
25,-1,1349.84,585.86,28.97,26.23,0.15,-1,-1,-1
25,-1,1685.60,893.30,63.78,83.57,0.13,-1,-1,-1
25,-1,1489.57,295.89,30.51,23.25,0.12,-1,-1,-1
25,-1,612.61,617.07,14.75,23.03,0.11,-1,-1,-1
25,-1,1493.79,270.88,30.13,16.40,0.10,-1,-1,-1
25,-1,585.82,608.13,17.61,15.00,0.10,-1,-1,-1
25,-1,1479.37,246.20,29.80,19.13,0.09,-1,-1,-1
25,-1,585.91,608.24,17.38,14.90,0.09,-1,-1,-1
25,-1,1396.86,98.10,34.73,66.25,0.08,-1,-1,-1
25,-1,1859.83,922.12,59.73,44.36,0.07,-1,-1,-1
25,-1,1380.95,270.78,49.96,32.59,0.07,-1,-1,-1
25,-1,612.25,618.46,13.98,22.04,0.07,-1,-1,-1
25,-1,1470.40,208.21,30.55,15.84,0.07,-1,-1,-1
25,-1,1515.27,253.75,33.58,19.71,0.07,-1,-1,-1
25,-1,1491.52,282.17,29.02,15.66,0.07,-1,-1,-1
25,-1,1493.71,270.76,30.02,16.72,0.07,-1,-1,-1
25,-1,721.46,275.91,824.64,805.37,0.06,-1,-1,-1
25,-1,1479.00,246.11,30.46,19.59,0.05,-1,-1,-1
25,-1,1541.06,533.65,32.16,22.00,0.05,-1,-1,-1
25,-1,1382.30,284.02,33.96,19.40,0.05,-1,-1,-1
25,-1,1369.07,511.43,9.71,12.69,0.05,-1,-1,-1
26,-1,0.48,0.97,192.79,288.74,0.47,-1,-1,-1
26,-1,1.58,-0.80,799.03,771.79,0.43,-1,-1,-1
26,-1,1256.92,97.65,39.80,25.28,0.34,-1,-1,-1
26,-1,0.96,138.14,797.83,834.49,0.25,-1,-1,-1
26,-1,51.52,1.84,821.63,775.77,0.22,-1,-1,-1
26,-1,933.03,41.87,15.56,18.32,0.22,-1,-1,-1
26,-1,394.38,60.18,53.67,44.26,0.21,-1,-1,-1
26,-1,0.00,260.84,799.42,817.88,0.20,-1,-1,-1
26,-1,309.51,201.88,823.48,844.40,0.18,-1,-1,-1
26,-1,3.57,62.86,474.11,655.77,0.14,-1,-1,-1
26,-1,308.52,170.01,824.96,843.47,0.11,-1,-1,-1
26,-1,307.09,260.03,824.23,819.11,0.09,-1,-1,-1
26,-1,147.51,0.39,823.87,779.01,0.09,-1,-1,-1
26,-1,0.13,290.97,200.39,371.99,0.09,-1,-1,-1
26,-1,850.87,254.69,827.20,827.43,0.08,-1,-1,-1
26,-1,14.43,129.14,464.96,575.00,0.08,-1,-1,-1
26,-1,1257.28,98.09,39.54,24.98,0.08,-1,-1,-1
26,-1,993.75,172.45,17.12,11.15,0.07,-1,-1,-1
26,-1,243.25,131.76,826.10,853.06,0.06,-1,-1,-1
26,-1,148.68,2.08,824.20,825.25,0.06,-1,-1,-1
26,-1,1.04,2.23,804.20,824.62,0.05,-1,-1,-1
27,-1,51.08,0.89,828.91,774.08,0.47,-1,-1,-1
27,-1,0.60,1.40,235.51,288.78,0.38,-1,-1,-1
27,-1,1.70,287.69,772.89,794.60,0.32,-1,-1,-1
27,-1,0.44,284.78,253.84,496.89,0.21,-1,-1,-1
27,-1,1434.63,471.43,10.53,12.24,0.21,-1,-1,-1
27,-1,467.00,197.92,825.30,844.41,0.19,-1,-1,-1
27,-1,243.89,265.70,824.71,811.74,0.18,-1,-1,-1
27,-1,0.51,294.21,255.00,498.20,0.17,-1,-1,-1
27,-1,5.40,260.93,812.64,819.00,0.16,-1,-1,-1
27,-1,1226.39,630.44,17.89,11.16,0.15,-1,-1,-1
27,-1,60.83,118.93,462.77,592.63,0.14,-1,-1,-1
27,-1,83.68,155.89,437.80,542.14,0.13,-1,-1,-1
27,-1,75.16,153.38,449.72,544.53,0.11,-1,-1,-1
27,-1,1428.15,354.55,22.35,15.61,0.11,-1,-1,-1
27,-1,1311.53,92.72,18.37,29.48,0.11,-1,-1,-1
27,-1,277.64,199.97,824.27,844.24,0.10,-1,-1,-1
27,-1,1428.20,354.35,22.93,15.52,0.09,-1,-1,-1
27,-1,274.51,129.80,825.69,853.19,0.09,-1,-1,-1
27,-1,279.46,1.13,821.50,802.12,0.08,-1,-1,-1
27,-1,1304.87,507.24,17.97,21.60,0.07,-1,-1,-1
27,-1,466.43,277.37,825.34,804.43,0.07,-1,-1,-1
27,-1,1344.26,325.34,8.76,10.88,0.06,-1,-1,-1
27,-1,1311.78,91.80,18.16,29.78,0.06,-1,-1,-1
27,-1,466.74,165.47,826.03,849.43,0.06,-1,-1,-1
27,-1,242.55,0.85,823.07,743.16,0.06,-1,-1,-1
27,-1,754.02,253.83,825.24,827.03,0.05,-1,-1,-1
28,-1,0.67,1.35,286.02,296.31,0.55,-1,-1,-1
28,-1,1.11,298.89,306.17,533.28,0.51,-1,-1,-1
28,-1,1021.69,46.60,16.02,17.75,0.46,-1,-1,-1
28,-1,152.75,188.71,411.47,504.56,0.29,-1,-1,-1
28,-1,56.76,149.63,516.31,572.80,0.24,-1,-1,-1
28,-1,85.84,1.10,825.29,803.54,0.23,-1,-1,-1
28,-1,3.41,255.04,814.77,828.25,0.22,-1,-1,-1
28,-1,1.25,283.34,772.91,800.89,0.17,-1,-1,-1
28,-1,483.82,464.96,156.48,118.88,0.16,-1,-1,-1
28,-1,421.24,378.24,56.32,45.46,0.16,-1,-1,-1
28,-1,117.07,3.41,824.15,823.10,0.12,-1,-1,-1
28,-1,1347.62,97.57,22.41,47.76,0.12,-1,-1,-1
28,-1,181.88,275.76,825.01,807.30,0.12,-1,-1,-1
28,-1,1347.79,97.80,18.95,21.84,0.11,-1,-1,-1
28,-1,1360.65,243.81,12.13,11.05,0.10,-1,-1,-1
28,-1,307.93,264.54,822.56,813.07,0.10,-1,-1,-1
28,-1,244.74,1.74,823.03,775.97,0.08,-1,-1,-1
28,-1,373.37,262.46,823.76,815.14,0.08,-1,-1,-1
28,-1,924.19,0.62,19.85,24.76,0.07,-1,-1,-1
28,-1,1425.95,560.40,15.67,19.09,0.06,-1,-1,-1
28,-1,467.37,195.12,824.80,851.25,0.06,-1,-1,-1
28,-1,404.67,169.77,823.21,844.33,0.05,-1,-1,-1
29,-1,1516.78,99.84,16.97,28.49,0.73,-1,-1,-1
29,-1,592.07,316.54,21.87,41.38,0.73,-1,-1,-1
29,-1,2.14,275.83,531.12,731.61,0.63,-1,-1,-1
29,-1,0.71,1.15,492.55,331.94,0.47,-1,-1,-1
29,-1,0.40,0.73,493.27,328.40,0.32,-1,-1,-1
29,-1,680.03,66.95,53.95,45.15,0.21,-1,-1,-1
29,-1,659.86,195.32,825.71,846.30,0.19,-1,-1,-1
29,-1,306.99,2.08,825.96,802.26,0.17,-1,-1,-1
29,-1,49.46,2.50,811.91,798.34,0.15,-1,-1,-1
29,-1,0.05,283.68,773.16,798.08,0.14,-1,-1,-1
29,-1,242.94,-0.85,831.13,808.03,0.13,-1,-1,-1
29,-1,339.18,3.54,825.70,824.88,0.13,-1,-1,-1
29,-1,566.44,445.37,58.84,55.73,0.12,-1,-1,-1
29,-1,469.46,265.71,823.56,812.55,0.11,-1,-1,-1
29,-1,596.83,261.98,822.31,815.22,0.10,-1,-1,-1
29,-1,244.67,259.71,820.84,819.10,0.08,-1,-1,-1
29,-1,978.19,253.46,821.47,828.45,0.08,-1,-1,-1
29,-1,7.57,0.09,812.68,802.70,0.08,-1,-1,-1
29,-1,748.98,103.36,87.97,87.64,0.07,-1,-1,-1
29,-1,5.82,0.97,816.60,825.69,0.07,-1,-1,-1
29,-1,335.69,140.66,426.12,584.55,0.07,-1,-1,-1
29,-1,689.56,277.04,827.06,804.24,0.07,-1,-1,-1
29,-1,748.93,103.78,88.10,87.46,0.06,-1,-1,-1
29,-1,595.92,167.99,826.95,847.37,0.05,-1,-1,-1
29,-1,433.98,1.42,823.94,743.45,0.05,-1,-1,-1
30,-1,1.68,1.16,535.09,328.25,0.76,-1,-1,-1
30,-1,5.24,276.64,576.52,730.67,0.60,-1,-1,-1
30,-1,532.78,268.46,826.28,809.25,0.26,-1,-1,-1
30,-1,1551.09,99.25,17.51,24.62,0.22,-1,-1,-1
30,-1,54.18,261.72,821.40,815.65,0.22,-1,-1,-1
30,-1,340.57,1.90,827.15,803.58,0.20,-1,-1,-1
30,-1,635.47,315.45,23.09,37.59,0.17,-1,-1,-1
30,-1,660.28,259.95,825.08,818.28,0.16,-1,-1,-1
30,-1,419.98,192.11,388.25,505.05,0.16,-1,-1,-1
30,-1,402.52,180.47,397.95,532.40,0.16,-1,-1,-1
30,-1,212.31,259.39,823.53,821.58,0.16,-1,-1,-1
30,-1,215.46,835.42,43.77,47.10,0.14,-1,-1,-1
30,-1,75.40,0.31,819.15,846.24,0.13,-1,-1,-1
30,-1,880.84,1.91,829.89,408.52,0.12,-1,-1,-1
30,-1,372.23,3.87,824.54,824.20,0.12,-1,-1,-1
30,-1,567.53,0.76,821.61,801.26,0.11,-1,-1,-1
30,-1,49.34,1.75,816.77,819.47,0.10,-1,-1,-1
30,-1,501.49,0.73,821.70,772.73,0.09,-1,-1,-1
30,-1,500.80,232.11,827.45,846.90,0.08,-1,-1,-1
30,-1,470.76,265.46,823.90,813.99,0.07,-1,-1,-1
30,-1,549.17,307.43,65.03,63.84,0.07,-1,-1,-1
30,-1,305.24,135.63,822.81,839.01,0.06,-1,-1,-1
30,-1,25.85,184.90,826.55,832.20,0.06,-1,-1,-1
30,-1,9.20,220.12,820.83,827.98,0.06,-1,-1,-1
30,-1,691.94,196.11,826.98,851.36,0.06,-1,-1,-1
30,-1,722.68,275.69,825.48,806.54,0.06,-1,-1,-1
31,-1,674.62,317.30,26.52,34.84,0.73,-1,-1,-1
31,-1,-0.94,1.37,581.23,347.31,0.55,-1,-1,-1
31,-1,1586.88,102.60,19.53,26.11,0.53,-1,-1,-1
31,-1,4.67,274.46,630.25,732.84,0.45,-1,-1,-1
31,-1,5.50,248.34,655.37,815.35,0.34,-1,-1,-1
31,-1,0.27,245.26,133.05,389.51,0.31,-1,-1,-1
31,-1,638.75,445.78,73.37,77.82,0.21,-1,-1,-1
31,-1,591.21,308.15,66.05,63.52,0.20,-1,-1,-1
31,-1,338.75,280.54,826.42,800.06,0.19,-1,-1,-1
31,-1,694.11,208.20,823.89,837.23,0.18,-1,-1,-1
31,-1,368.92,1.94,830.95,802.58,0.18,-1,-1,-1
31,-1,264.46,838.46,41.43,44.97,0.15,-1,-1,-1
31,-1,775.44,467.64,155.57,118.95,0.14,-1,-1,-1
31,-1,400.75,277.71,828.11,802.79,0.14,-1,-1,-1
31,-1,824.77,103.54,88.53,88.29,0.11,-1,-1,-1
31,-1,591.34,308.23,65.61,64.13,0.10,-1,-1,-1
31,-1,1009.56,254.10,827.23,828.16,0.10,-1,-1,-1
31,-1,660.98,262.67,823.41,816.17,0.09,-1,-1,-1
31,-1,127.36,269.92,115.27,81.29,0.09,-1,-1,-1
31,-1,5.50,277.29,816.51,802.57,0.09,-1,-1,-1
31,-1,21.84,273.20,824.07,806.03,0.09,-1,-1,-1
31,-1,567.39,0.06,821.74,802.87,0.09,-1,-1,-1
31,-1,481.19,512.45,189.37,192.26,0.08,-1,-1,-1
31,-1,143.52,0.15,817.25,818.05,0.08,-1,-1,-1
31,-1,694.26,382.27,75.93,71.16,0.08,-1,-1,-1
31,-1,638.57,446.39,73.18,76.92,0.07,-1,-1,-1
31,-1,913.56,255.50,827.10,825.44,0.06,-1,-1,-1
31,-1,54.84,257.24,820.93,819.77,0.06,-1,-1,-1
31,-1,881.53,165.16,829.18,850.24,0.06,-1,-1,-1
31,-1,564.87,6.85,826.45,846.59,0.05,-1,-1,-1
31,-1,653.11,446.32,57.84,56.36,0.05,-1,-1,-1
31,-1,824.73,103.63,88.20,88.22,0.05,-1,-1,-1
31,-1,638.43,447.21,73.96,76.44,0.05,-1,-1,-1
31,-1,591.12,307.71,65.62,64.25,0.05,-1,-1,-1
31,-1,827.42,134.15,45.66,54.00,0.05,-1,-1,-1
32,-1,716.55,316.02,25.05,37.09,0.67,-1,-1,-1
32,-1,8.40,1.02,618.17,359.56,0.57,-1,-1,-1
32,-1,311.84,839.11,42.05,45.16,0.45,-1,-1,-1
32,-1,696.21,446.26,58.53,55.51,0.44,-1,-1,-1
32,-1,6.61,251.76,750.41,821.56,0.42,-1,-1,-1
32,-1,1625.76,101.10,16.56,23.01,0.34,-1,-1,-1
32,-1,0.38,238.26,214.42,403.69,0.30,-1,-1,-1
32,-1,2.04,263.33,785.71,814.00,0.26,-1,-1,-1
32,-1,1625.66,101.24,16.58,24.05,0.26,-1,-1,-1
32,-1,339.43,257.68,823.20,823.28,0.22,-1,-1,-1
32,-1,851.94,198.48,825.74,844.92,0.22,-1,-1,-1
32,-1,435.19,1.41,827.47,803.77,0.18,-1,-1,-1
32,-1,175.22,2.65,808.76,794.23,0.16,-1,-1,-1
32,-1,597.89,266.42,825.36,809.38,0.14,-1,-1,-1
32,-1,865.47,103.62,87.57,87.41,0.13,-1,-1,-1
32,-1,1312.99,46.57,18.38,17.43,0.13,-1,-1,-1
32,-1,170.44,-2.03,810.57,837.85,0.12,-1,-1,-1
32,-1,22.83,256.59,824.10,819.54,0.11,-1,-1,-1
32,-1,279.69,167.92,818.37,846.46,0.09,-1,-1,-1
32,-1,634.10,308.02,64.21,63.63,0.09,-1,-1,-1
32,-1,865.70,102.55,87.17,90.23,0.09,-1,-1,-1
32,-1,505.23,165.52,380.42,534.87,0.08,-1,-1,-1
32,-1,531.39,230.83,829.24,846.50,0.08,-1,-1,-1
32,-1,662.15,200.45,825.13,845.20,0.08,-1,-1,-1
32,-1,5.34,278.35,817.25,797.72,0.07,-1,-1,-1
32,-1,596.36,7.88,826.16,845.40,0.07,-1,-1,-1
32,-1,818.22,276.61,826.83,804.69,0.07,-1,-1,-1
32,-1,797.20,67.44,55.01,45.15,0.07,-1,-1,-1
32,-1,787.25,277.49,826.13,802.47,0.06,-1,-1,-1
32,-1,816.89,466.73,153.60,119.89,0.06,-1,-1,-1
32,-1,662.68,0.21,822.25,802.73,0.06,-1,-1,-1
32,-1,241.23,-3.58,825.25,799.72,0.06,-1,-1,-1
32,-1,682.26,473.75,57.81,48.53,0.06,-1,-1,-1
32,-1,5.82,790.99,814.83,287.14,0.06,-1,-1,-1
32,-1,736.68,382.11,77.12,70.69,0.05,-1,-1,-1
32,-1,634.47,308.44,63.93,61.29,0.05,-1,-1,-1
32,-1,788.25,165.58,826.22,851.82,0.05,-1,-1,-1
32,-1,179.08,132.03,830.64,854.45,0.05,-1,-1,-1
32,-1,368.97,201.17,825.13,840.64,0.05,-1,-1,-1
32,-1,475.56,96.66,407.06,623.06,0.05,-1,-1,-1
33,-1,1.13,205.76,258.00,475.27,0.81,-1,-1,-1
33,-1,760.25,317.83,24.86,37.65,0.76,-1,-1,-1
33,-1,739.48,446.89,57.57,54.55,0.62,-1,-1,-1
33,-1,27.47,1.37,644.72,357.97,0.45,-1,-1,-1
33,-1,726.30,477.07,57.31,47.26,0.37,-1,-1,-1
33,-1,15.29,278.11,757.13,715.96,0.32,-1,-1,-1
33,-1,466.87,2.19,827.61,801.78,0.28,-1,-1,-1
33,-1,1.50,0.73,207.87,185.21,0.27,-1,-1,-1
33,-1,779.34,383.93,74.96,70.77,0.25,-1,-1,-1
33,-1,-1.53,0.58,705.65,357.70,0.24,-1,-1,-1
33,-1,1352.37,49.71,16.03,15.31,0.20,-1,-1,-1
33,-1,860.15,468.70,151.41,117.28,0.20,-1,-1,-1
33,-1,1.03,0.34,210.20,189.01,0.18,-1,-1,-1
33,-1,85.31,258.23,823.97,817.25,0.16,-1,-1,-1
33,-1,403.76,259.81,822.24,820.76,0.15,-1,-1,-1
33,-1,152.54,953.11,60.67,57.45,0.14,-1,-1,-1
33,-1,1656.17,101.63,20.29,22.48,0.14,-1,-1,-1
33,-1,694.45,230.14,821.80,844.84,0.13,-1,-1,-1
33,-1,152.57,953.12,60.60,57.18,0.13,-1,-1,-1
33,-1,821.44,201.02,823.07,840.22,0.13,-1,-1,-1
33,-1,498.95,3.68,825.44,825.37,0.13,-1,-1,-1
33,-1,245.93,165.34,825.48,848.79,0.13,-1,-1,-1
33,-1,207.01,0.45,816.52,850.57,0.12,-1,-1,-1
33,-1,360.88,839.90,39.64,44.68,0.11,-1,-1,-1
33,-1,678.83,309.39,61.49,48.59,0.10,-1,-1,-1
33,-1,722.62,132.37,828.42,851.58,0.10,-1,-1,-1
33,-1,662.77,198.93,823.66,843.89,0.10,-1,-1,-1
33,-1,691.46,345.54,30.05,27.21,0.10,-1,-1,-1
33,-1,595.56,0.64,822.82,776.27,0.09,-1,-1,-1
33,-1,678.71,308.65,61.51,64.89,0.09,-1,-1,-1
33,-1,852.33,163.61,824.45,849.25,0.08,-1,-1,-1
33,-1,1655.82,101.65,20.82,27.32,0.08,-1,-1,-1
33,-1,209.87,0.15,813.21,817.62,0.08,-1,-1,-1
33,-1,275.18,277.68,827.22,804.05,0.07,-1,-1,-1
33,-1,912.08,135.29,40.02,50.06,0.07,-1,-1,-1
33,-1,7.72,1.00,807.12,804.75,0.06,-1,-1,-1
33,-1,726.00,477.32,57.55,46.86,0.06,-1,-1,-1
33,-1,977.72,256.00,825.38,823.76,0.05,-1,-1,-1
33,-1,1008.89,254.83,825.98,824.90,0.05,-1,-1,-1
33,-1,0.63,210.78,64.78,136.26,0.05,-1,-1,-1
33,-1,694.91,0.67,821.35,800.73,0.05,-1,-1,-1
34,-1,818.91,2.29,22.81,37.53,0.58,-1,-1,-1
34,-1,13.93,591.67,395.36,481.04,0.43,-1,-1,-1
34,-1,1.24,805.91,278.33,269.37,0.21,-1,-1,-1
34,-1,0.39,1.03,373.12,340.77,0.20,-1,-1,-1
34,-1,164.47,766.60,65.85,30.60,0.18,-1,-1,-1
34,-1,167.68,732.74,65.81,30.08,0.14,-1,-1,-1
34,-1,297.54,214.39,71.62,61.96,0.13,-1,-1,-1
34,-1,372.02,278.58,825.23,802.94,0.09,-1,-1,-1
34,-1,0.50,40.07,780.65,847.16,0.08,-1,-1,-1
34,-1,336.77,655.51,64.99,27.13,0.08,-1,-1,-1
34,-1,498.37,255.37,826.56,823.87,0.08,-1,-1,-1
34,-1,86.86,-1.51,817.96,809.61,0.07,-1,-1,-1
34,-1,434.05,197.25,827.54,848.87,0.06,-1,-1,-1
34,-1,165.27,765.64,65.21,31.54,0.06,-1,-1,-1
34,-1,793.47,135.47,9.97,14.26,0.05,-1,-1,-1
34,-1,465.81,228.68,826.92,847.11,0.05,-1,-1,-1
35,-1,796.21,141.44,32.08,28.10,0.60,-1,-1,-1
35,-1,115.43,641.76,68.08,29.91,0.31,-1,-1,-1
35,-1,269.79,333.61,72.50,62.09,0.30,-1,-1,-1
35,-1,33.62,940.64,180.25,135.20,0.29,-1,-1,-1
35,-1,1.08,0.94,440.20,458.47,0.21,-1,-1,-1
35,-1,714.34,161.27,29.04,41.29,0.18,-1,-1,-1
35,-1,714.72,161.38,28.65,41.46,0.14,-1,-1,-1
35,-1,29.62,941.58,185.35,134.86,0.14,-1,-1,-1
35,-1,137.17,857.31,66.55,32.32,0.12,-1,-1,-1
35,-1,308.00,258.39,825.08,821.38,0.11,-1,-1,-1
35,-1,133.67,891.48,67.17,33.39,0.10,-1,-1,-1
35,-1,116.81,1.11,821.00,800.02,0.10,-1,-1,-1
35,-1,307.35,779.87,65.41,28.17,0.10,-1,-1,-1
35,-1,137.27,857.27,66.23,32.08,0.09,-1,-1,-1
35,-1,245.52,-0.02,820.59,804.46,0.09,-1,-1,-1
35,-1,270.43,333.53,72.49,62.26,0.09,-1,-1,-1
35,-1,269.98,333.09,72.74,62.56,0.08,-1,-1,-1
35,-1,-1.21,169.34,799.75,844.62,0.07,-1,-1,-1
35,-1,297.56,864.78,65.37,32.15,0.06,-1,-1,-1
35,-1,6.71,1.05,812.81,801.14,0.06,-1,-1,-1
36,-1,787.99,196.44,30.05,24.39,0.73,-1,-1,-1
36,-1,725.17,233.50,17.84,20.52,0.34,-1,-1,-1
36,-1,124.92,908.06,66.08,34.58,0.26,-1,-1,-1
36,-1,710.18,212.65,11.65,18.62,0.25,-1,-1,-1
36,-1,51.31,767.99,317.33,306.23,0.24,-1,-1,-1
36,-1,0.79,2.12,429.58,468.18,0.23,-1,-1,-1
36,-1,124.77,908.04,66.33,34.13,0.13,-1,-1,-1
36,-1,104.03,691.65,66.94,29.83,0.12,-1,-1,-1
36,-1,372.56,255.20,822.94,822.27,0.12,-1,-1,-1
36,-1,125.07,907.96,65.73,33.99,0.12,-1,-1,-1
36,-1,121.52,943.09,66.51,32.75,0.09,-1,-1,-1
36,-1,761.52,298.22,8.96,15.98,0.08,-1,-1,-1
36,-1,28.40,992.83,169.07,84.88,0.07,-1,-1,-1
36,-1,711.18,210.32,10.18,12.93,0.06,-1,-1,-1
36,-1,53.53,69.28,821.74,845.77,0.06,-1,-1,-1
36,-1,258.86,383.65,73.68,60.76,0.06,-1,-1,-1
37,-1,103.18,817.66,251.19,258.76,0.63,-1,-1,-1
37,-1,776.93,255.11,36.07,24.64,0.49,-1,-1,-1
37,-1,719.24,286.60,20.22,25.43,0.23,-1,-1,-1
37,-1,-0.03,10.26,797.93,843.72,0.21,-1,-1,-1
37,-1,0.80,1.59,419.07,526.59,0.19,-1,-1,-1
37,-1,707.83,256.39,12.42,21.94,0.18,-1,-1,-1
37,-1,179.88,257.19,823.57,821.00,0.12,-1,-1,-1
37,-1,708.79,257.15,14.13,21.21,0.10,-1,-1,-1
37,-1,109.21,992.80,66.61,32.87,0.10,-1,-1,-1
37,-1,113.09,957.54,67.10,35.56,0.09,-1,-1,-1
37,-1,281.84,842.45,66.33,31.86,0.07,-1,-1,-1
37,-1,52.89,165.18,823.11,845.53,0.06,-1,-1,-1
37,-1,85.11,257.76,821.28,819.13,0.06,-1,-1,-1
37,-1,107.35,609.30,68.01,30.01,0.06,-1,-1,-1
37,-1,309.41,1.09,823.26,803.05,0.05,-1,-1,-1
38,-1,80.89,865.49,261.81,214.20,0.32,-1,-1,-1
38,-1,761.08,309.01,41.74,22.23,0.31,-1,-1,-1
38,-1,724.17,337.56,10.33,9.82,0.27,-1,-1,-1
38,-1,703.71,311.30,14.19,18.37,0.26,-1,-1,-1
38,-1,0.82,3.09,408.08,620.33,0.20,-1,-1,-1
38,-1,99.51,1006.03,68.54,34.69,0.18,-1,-1,-1
38,-1,-0.18,37.94,797.69,846.82,0.11,-1,-1,-1
38,-1,212.93,257.94,820.57,822.49,0.08,-1,-1,-1
38,-1,393.58,988.11,151.66,89.50,0.08,-1,-1,-1
38,-1,304.40,-4.87,828.47,812.79,0.06,-1,-1,-1
38,-1,99.28,1005.86,68.87,34.64,0.05,-1,-1,-1
38,-1,260.87,1013.88,65.71,32.92,0.05,-1,-1,-1
39,-1,0.76,6.22,397.73,653.65,0.44,-1,-1,-1
39,-1,0.52,0.74,394.98,689.30,0.44,-1,-1,-1
39,-1,754.41,359.23,32.02,22.43,0.30,-1,-1,-1
39,-1,224.01,528.34,73.13,60.22,0.27,-1,-1,-1
39,-1,223.31,528.03,73.60,60.53,0.23,-1,-1,-1
39,-1,699.24,358.91,11.36,17.94,0.17,-1,-1,-1
39,-1,710.33,386.39,22.28,23.19,0.15,-1,-1,-1
39,-1,80.16,914.80,250.84,161.83,0.14,-1,-1,-1
39,-1,-0.31,279.36,775.35,805.26,0.14,-1,-1,-1
39,-1,7.45,257.76,811.26,823.04,0.11,-1,-1,-1
39,-1,754.62,359.19,31.67,22.12,0.10,-1,-1,-1
39,-1,1.27,3.86,231.43,252.17,0.09,-1,-1,-1
39,-1,730.16,436.28,9.81,12.60,0.06,-1,-1,-1
39,-1,0.71,251.77,165.08,373.44,0.06,-1,-1,-1
39,-1,586.94,131.10,160.50,110.77,0.06,-1,-1,-1
39,-1,84.90,-0.62,819.67,803.67,0.05,-1,-1,-1
40,-1,0.03,12.86,385.18,717.20,0.52,-1,-1,-1
40,-1,13.71,963.13,304.75,114.36,0.38,-1,-1,-1
40,-1,-5.11,228.37,800.23,837.38,0.38,-1,-1,-1
40,-1,0.59,-0.37,383.95,769.88,0.14,-1,-1,-1
40,-1,306.74,-0.47,824.97,831.83,0.11,-1,-1,-1
40,-1,355.35,48.00,26.75,33.77,0.10,-1,-1,-1
40,-1,-0.38,-2.62,386.27,779.25,0.10,-1,-1,-1
40,-1,716.10,478.61,14.92,20.29,0.09,-1,-1,-1
40,-1,700.96,433.30,16.81,14.52,0.09,-1,-1,-1
40,-1,743.33,405.31,23.37,24.42,0.08,-1,-1,-1
40,-1,742.94,405.25,24.02,25.16,0.08,-1,-1,-1
40,-1,0.32,0.46,381.86,771.69,0.08,-1,-1,-1
40,-1,147.04,276.94,823.51,804.85,0.08,-1,-1,-1
40,-1,284.83,0.82,548.01,333.22,0.08,-1,-1,-1
40,-1,209.55,576.81,72.69,59.71,0.08,-1,-1,-1
40,-1,688.81,433.57,29.86,21.72,0.07,-1,-1,-1
40,-1,17.21,161.82,828.98,852.49,0.07,-1,-1,-1
40,-1,695.18,406.99,13.31,17.48,0.06,-1,-1,-1
40,-1,694.83,410.10,13.50,14.76,0.06,-1,-1,-1
40,-1,1304.27,252.26,19.34,14.88,0.05,-1,-1,-1
41,-1,-0.32,258.53,795.98,817.03,0.39,-1,-1,-1
41,-1,175.18,696.49,73.13,62.39,0.26,-1,-1,-1
41,-1,0.25,71.94,351.04,798.56,0.21,-1,-1,-1
41,-1,1.33,2.84,362.53,821.88,0.19,-1,-1,-1
41,-1,31.64,747.68,69.02,59.36,0.17,-1,-1,-1
41,-1,661.44,546.88,12.38,10.88,0.15,-1,-1,-1
41,-1,1280.60,358.50,20.15,18.17,0.15,-1,-1,-1
41,-1,6.52,0.47,811.62,776.44,0.14,-1,-1,-1
41,-1,181.53,0.72,821.04,803.90,0.13,-1,-1,-1
41,-1,0.22,-0.70,794.57,775.54,0.13,-1,-1,-1
41,-1,668.75,529.40,17.53,14.28,0.13,-1,-1,-1
41,-1,702.70,530.89,30.56,28.21,0.12,-1,-1,-1
41,-1,689.59,593.74,9.21,15.17,0.08,-1,-1,-1
41,-1,-1.07,6.23,365.17,842.09,0.08,-1,-1,-1
41,-1,702.97,531.05,30.20,26.75,0.08,-1,-1,-1
41,-1,18.54,275.18,827.11,803.39,0.07,-1,-1,-1
41,-1,116.25,277.08,822.52,802.72,0.06,-1,-1,-1
41,-1,552.62,289.80,153.54,109.38,0.05,-1,-1,-1
42,-1,1651.09,168.47,11.96,10.91,0.28,-1,-1,-1
42,-1,1.10,1.02,796.60,802.09,0.22,-1,-1,-1
42,-1,679.93,576.32,30.91,19.87,0.14,-1,-1,-1
42,-1,0.83,1.90,341.43,796.48,0.14,-1,-1,-1
42,-1,140.67,927.19,72.91,29.57,0.12,-1,-1,-1
42,-1,212.63,1.12,822.51,806.04,0.11,-1,-1,-1
42,-1,699.80,213.72,37.65,89.28,0.10,-1,-1,-1
42,-1,15.71,795.55,70.04,59.64,0.10,-1,-1,-1
42,-1,310.07,204.02,27.60,33.55,0.09,-1,-1,-1
42,-1,0.83,6.56,345.82,818.33,0.09,-1,-1,-1
42,-1,0.03,128.78,341.39,835.41,0.09,-1,-1,-1
42,-1,647.76,573.28,69.04,27.00,0.09,-1,-1,-1
42,-1,84.41,257.08,823.56,821.42,0.08,-1,-1,-1
42,-1,1.09,2.21,330.69,514.15,0.08,-1,-1,-1
42,-1,649.90,572.52,29.22,16.94,0.07,-1,-1,-1
42,-1,646.51,587.93,18.28,18.21,0.07,-1,-1,-1
42,-1,311.35,1.61,817.61,779.39,0.06,-1,-1,-1
42,-1,648.80,590.20,14.11,14.78,0.06,-1,-1,-1
42,-1,1268.25,405.10,18.77,18.15,0.05,-1,-1,-1
43,-1,0.23,0.30,795.90,804.94,0.18,-1,-1,-1
43,-1,148.93,228.55,820.95,840.98,0.15,-1,-1,-1
43,-1,0.96,11.39,326.09,815.44,0.15,-1,-1,-1
43,-1,0.98,17.05,333.69,834.65,0.15,-1,-1,-1
43,-1,310.21,2.45,823.02,801.03,0.14,-1,-1,-1
43,-1,1.21,843.89,68.61,59.52,0.13,-1,-1,-1
43,-1,145.84,790.90,73.88,61.71,0.12,-1,-1,-1
43,-1,0.84,0.11,328.71,803.09,0.11,-1,-1,-1
43,-1,0.57,4.56,775.81,825.14,0.11,-1,-1,-1
43,-1,1525.43,633.76,9.29,10.91,0.10,-1,-1,-1
43,-1,310.65,2.16,821.03,780.51,0.10,-1,-1,-1
43,-1,1184.46,1019.54,10.43,13.55,0.09,-1,-1,-1
43,-1,663.63,686.23,11.39,15.19,0.08,-1,-1,-1
43,-1,642.26,615.04,24.44,17.29,0.08,-1,-1,-1
43,-1,1184.93,822.99,9.57,10.70,0.08,-1,-1,-1
43,-1,82.85,197.57,825.44,846.39,0.07,-1,-1,-1
43,-1,145.70,791.29,73.01,61.60,0.07,-1,-1,-1
43,-1,145.66,791.02,74.46,62.17,0.06,-1,-1,-1
43,-1,530.95,201.46,131.69,50.11,0.06,-1,-1,-1
43,-1,633.42,617.49,57.04,31.19,0.06,-1,-1,-1
43,-1,117.68,5.64,823.18,825.03,0.05,-1,-1,-1
43,-1,0.83,13.70,323.91,812.33,0.05,-1,-1,-1
44,-1,632.33,661.94,19.01,13.16,0.42,-1,-1,-1
44,-1,-0.83,233.95,798.93,836.49,0.37,-1,-1,-1
44,-1,615.36,672.07,15.43,16.62,0.30,-1,-1,-1
44,-1,557.54,244.16,92.69,48.52,0.23,-1,-1,-1
44,-1,675.87,255.22,105.91,136.71,0.21,-1,-1,-1
44,-1,86.14,1.25,818.62,801.45,0.15,-1,-1,-1
44,-1,0.34,1.74,309.77,825.33,0.14,-1,-1,-1
44,-1,0.88,3.24,311.98,823.77,0.14,-1,-1,-1
44,-1,308.81,258.06,824.30,819.71,0.12,-1,-1,-1
44,-1,615.16,671.42,12.29,9.80,0.12,-1,-1,-1
44,-1,651.83,667.85,20.10,25.17,0.12,-1,-1,-1
44,-1,0.63,6.84,307.61,847.60,0.09,-1,-1,-1
44,-1,651.27,667.57,20.44,25.38,0.08,-1,-1,-1
44,-1,282.59,291.27,28.76,34.14,0.08,-1,-1,-1
44,-1,650.24,729.30,11.03,15.96,0.08,-1,-1,-1
44,-1,558.78,243.86,91.37,48.72,0.08,-1,-1,-1
44,-1,309.30,0.75,820.17,778.78,0.08,-1,-1,-1
44,-1,82.12,226.98,826.33,847.94,0.07,-1,-1,-1
44,-1,675.24,300.78,55.71,90.35,0.07,-1,-1,-1
44,-1,517.83,418.00,154.54,115.31,0.06,-1,-1,-1
44,-1,116.68,10.38,825.43,847.61,0.06,-1,-1,-1
44,-1,5.63,168.91,812.53,843.55,0.06,-1,-1,-1
44,-1,-1.59,280.76,798.59,797.65,0.05,-1,-1,-1
45,-1,547.38,287.01,96.11,54.16,0.48,-1,-1,-1
45,-1,-0.31,260.25,795.61,816.33,0.31,-1,-1,-1
45,-1,654.03,298.76,116.57,131.24,0.24,-1,-1,-1
45,-1,637.79,709.18,20.33,26.13,0.24,-1,-1,-1
45,-1,116.11,883.41,75.56,61.64,0.18,-1,-1,-1
45,-1,0.84,36.40,301.67,848.52,0.15,-1,-1,-1
45,-1,507.83,460.51,151.26,115.19,0.14,-1,-1,-1
45,-1,507.08,460.33,152.42,115.35,0.13,-1,-1,-1
45,-1,0.54,228.58,299.06,809.69,0.12,-1,-1,-1
45,-1,268.50,333.38,28.76,36.55,0.10,-1,-1,-1
45,-1,598.38,705.44,59.94,29.82,0.09,-1,-1,-1
45,-1,696.60,291.05,88.25,65.68,0.09,-1,-1,-1
45,-1,1505.63,718.46,13.28,15.81,0.08,-1,-1,-1
45,-1,638.48,771.98,9.69,18.04,0.07,-1,-1,-1
45,-1,620.08,706.19,16.98,12.83,0.06,-1,-1,-1
45,-1,0.14,70.46,314.57,846.37,0.05,-1,-1,-1
45,-1,620.99,706.32,16.54,12.26,0.05,-1,-1,-1
46,-1,-0.13,-0.54,797.47,804.62,0.34,-1,-1,-1
46,-1,582.79,749.62,16.76,12.52,0.26,-1,-1,-1
46,-1,608.39,749.60,18.57,10.57,0.22,-1,-1,-1
46,-1,0.58,256.20,286.16,816.57,0.21,-1,-1,-1
46,-1,102.56,927.64,76.28,60.59,0.19,-1,-1,-1
46,-1,22.09,-0.72,820.80,802.45,0.13,-1,-1,-1
46,-1,0.44,2.01,328.68,764.61,0.11,-1,-1,-1
46,-1,628.99,752.87,18.55,25.47,0.07,-1,-1,-1
46,-1,146.16,105.40,824.77,848.05,0.07,-1,-1,-1
46,-1,651.59,341.21,97.62,130.77,0.07,-1,-1,-1
46,-1,0.11,282.65,771.74,798.43,0.06,-1,-1,-1
46,-1,20.19,37.77,827.41,843.87,0.05,-1,-1,-1
47,-1,-1.45,260.93,768.31,816.25,0.29,-1,-1,-1
47,-1,213.65,530.92,29.18,35.37,0.26,-1,-1,-1
47,-1,0.85,0.33,282.41,810.39,0.22,-1,-1,-1
47,-1,535.66,908.72,16.94,15.81,0.21,-1,-1,-1
47,-1,0.14,5.75,774.67,820.09,0.21,-1,-1,-1
47,-1,0.52,4.86,284.49,821.82,0.20,-1,-1,-1
47,-1,556.55,899.24,21.63,15.69,0.19,-1,-1,-1
47,-1,277.25,2.28,822.13,827.05,0.12,-1,-1,-1
47,-1,1.07,282.45,238.23,799.99,0.12,-1,-1,-1
47,-1,54.52,232.97,823.13,839.77,0.09,-1,-1,-1
47,-1,85.20,2.00,820.15,825.60,0.07,-1,-1,-1
47,-1,589.91,910.60,20.07,27.67,0.06,-1,-1,-1
47,-1,1193.02,712.95,19.31,26.09,0.05,-1,-1,-1
48,-1,-0.32,196.63,764.81,840.28,0.33,-1,-1,-1
48,-1,0.86,-0.03,272.37,801.67,0.33,-1,-1,-1
48,-1,442.77,700.22,156.99,123.53,0.29,-1,-1,-1
48,-1,0.30,3.18,770.41,797.99,0.28,-1,-1,-1
48,-1,464.91,188.10,241.04,202.36,0.16,-1,-1,-1
48,-1,0.64,41.07,272.58,841.25,0.16,-1,-1,-1
48,-1,520.80,953.31,19.16,17.84,0.15,-1,-1,-1
48,-1,7.15,2.40,807.29,803.24,0.10,-1,-1,-1
48,-1,83.21,96.14,825.92,856.66,0.08,-1,-1,-1
48,-1,1.01,279.77,225.83,792.41,0.08,-1,-1,-1
48,-1,6.56,105.89,814.06,843.65,0.07,-1,-1,-1
48,-1,470.76,525.70,103.87,43.38,0.06,-1,-1,-1
48,-1,1458.94,958.16,11.14,12.19,0.06,-1,-1,-1
49,-1,52.52,194.05,824.39,834.36,0.36,-1,-1,-1
49,-1,-0.04,102.63,258.85,843.73,0.17,-1,-1,-1
49,-1,492.14,241.85,197.74,152.68,0.13,-1,-1,-1
49,-1,471.54,129.52,218.94,277.30,0.11,-1,-1,-1
49,-1,113.02,257.96,828.47,818.44,0.11,-1,-1,-1
49,-1,5.69,139.08,814.76,842.46,0.10,-1,-1,-1
49,-1,115.92,162.68,824.46,848.42,0.10,-1,-1,-1
49,-1,472.51,573.36,97.79,43.93,0.09,-1,-1,-1
49,-1,188.65,625.12,30.51,37.83,0.08,-1,-1,-1
49,-1,336.44,253.01,826.55,829.19,0.07,-1,-1,-1
49,-1,469.96,573.20,100.12,44.95,0.07,-1,-1,-1
49,-1,978.65,256.05,826.52,825.22,0.06,-1,-1,-1
50,-1,1.36,173.25,797.85,835.03,0.33,-1,-1,-1
50,-1,487.70,294.21,153.44,66.95,0.32,-1,-1,-1
50,-1,6.97,-0.95,810.17,772.28,0.25,-1,-1,-1
50,-1,278.27,-0.20,824.17,806.62,0.18,-1,-1,-1
50,-1,551.39,644.07,130.20,121.52,0.17,-1,-1,-1
50,-1,115.04,277.94,825.38,801.53,0.13,-1,-1,-1
50,-1,174.73,674.43,30.47,39.64,0.13,-1,-1,-1
50,-1,461.94,621.08,97.33,47.03,0.13,-1,-1,-1
50,-1,18.20,2.96,826.30,824.17,0.12,-1,-1,-1
50,-1,341.93,0.54,822.88,778.50,0.11,-1,-1,-1
50,-1,0.04,12.84,240.70,842.75,0.11,-1,-1,-1
50,-1,0.37,136.80,243.35,843.52,0.10,-1,-1,-1
50,-1,2.33,10.57,771.83,842.64,0.10,-1,-1,-1
50,-1,148.04,195.29,822.77,840.88,0.10,-1,-1,-1
50,-1,415.68,798.35,160.06,121.48,0.08,-1,-1,-1
50,-1,486.57,292.41,187.84,110.66,0.07,-1,-1,-1
51,-1,54.63,85.79,53.64,85.63,0.52,-1,-1,-1
51,-1,0.44,999.66,48.47,78.82,0.16,-1,-1,-1
51,-1,113.67,334.28,40.28,27.96,0.15,-1,-1,-1
51,-1,245.11,256.71,822.00,821.62,0.14,-1,-1,-1
51,-1,177.92,255.77,828.69,819.96,0.11,-1,-1,-1
51,-1,97.74,252.39,63.61,111.61,0.10,-1,-1,-1
51,-1,98.29,252.19,59.71,25.16,0.10,-1,-1,-1
51,-1,113.91,334.45,41.26,28.07,0.08,-1,-1,-1
51,-1,97.83,252.08,63.54,111.96,0.08,-1,-1,-1
51,-1,7.02,283.17,808.55,796.51,0.08,-1,-1,-1
51,-1,338.85,196.74,826.30,848.92,0.07,-1,-1,-1
51,-1,229.78,632.24,511.02,191.28,0.06,-1,-1,-1
51,-1,307.23,277.07,824.05,804.90,0.06,-1,-1,-1
51,-1,1.31,877.03,54.52,73.19,0.06,-1,-1,-1
51,-1,564.06,0.05,824.59,809.94,0.05,-1,-1,-1
51,-1,1074.98,252.48,827.24,831.00,0.05,-1,-1,-1
52,-1,17.53,258.23,830.70,809.57,0.39,-1,-1,-1
52,-1,64.96,254.54,55.66,79.09,0.21,-1,-1,-1
52,-1,1403.14,77.92,21.91,35.06,0.14,-1,-1,-1
52,-1,106.27,414.87,59.56,109.78,0.14,-1,-1,-1
52,-1,15.65,272.75,833.14,800.85,0.12,-1,-1,-1
52,-1,1.51,1.08,345.20,796.72,0.12,-1,-1,-1
52,-1,1403.08,77.97,21.89,35.03,0.11,-1,-1,-1
52,-1,499.49,-0.31,824.75,805.76,0.09,-1,-1,-1
52,-1,4.49,228.83,816.25,844.36,0.09,-1,-1,-1
52,-1,336.63,254.11,828.19,824.73,0.08,-1,-1,-1
52,-1,106.55,414.10,59.07,110.51,0.08,-1,-1,-1
52,-1,1207.70,169.59,44.22,31.45,0.07,-1,-1,-1
52,-1,434.69,0.75,825.37,779.88,0.07,-1,-1,-1
52,-1,335.64,271.79,828.31,809.78,0.07,-1,-1,-1
52,-1,199.47,798.88,539.94,186.89,0.06,-1,-1,-1
52,-1,433.34,132.07,830.20,855.38,0.06,-1,-1,-1
52,-1,65.57,254.55,53.77,78.27,0.05,-1,-1,-1
52,-1,1436.53,817.25,19.00,12.04,0.05,-1,-1,-1
53,-1,1392.31,235.46,24.86,36.39,0.31,-1,-1,-1
53,-1,105.40,561.51,55.68,108.68,0.22,-1,-1,-1
53,-1,1392.23,235.60,24.32,35.81,0.16,-1,-1,-1
53,-1,111.99,642.47,44.48,26.27,0.11,-1,-1,-1
53,-1,111.76,642.52,44.62,26.74,0.10,-1,-1,-1
53,-1,111.81,642.32,44.57,26.87,0.10,-1,-1,-1
53,-1,531.60,-0.48,821.33,782.96,0.09,-1,-1,-1
53,-1,62.12,0.62,820.87,806.69,0.09,-1,-1,-1
53,-1,120.87,-0.24,822.70,808.44,0.08,-1,-1,-1
53,-1,755.09,253.67,825.10,828.37,0.07,-1,-1,-1
53,-1,111.14,229.72,801.92,849.25,0.06,-1,-1,-1
53,-1,435.77,-0.05,825.02,779.40,0.06,-1,-1,-1
53,-1,216.20,0.80,823.55,804.38,0.06,-1,-1,-1
53,-1,12.32,4.85,807.01,827.21,0.05,-1,-1,-1
53,-1,1496.94,677.89,13.14,15.27,0.05,-1,-1,-1
53,-1,65.61,399.03,55.49,82.27,0.05,-1,-1,-1
54,-1,1391.64,312.34,20.54,36.59,0.49,-1,-1,-1
54,-1,1391.23,312.14,21.02,37.11,0.48,-1,-1,-1
54,-1,100.78,631.35,57.82,110.95,0.47,-1,-1,-1
54,-1,64.80,471.13,56.00,83.39,0.43,-1,-1,-1
54,-1,530.06,1.33,825.30,800.22,0.16,-1,-1,-1
54,-1,1219.75,391.45,39.17,31.04,0.15,-1,-1,-1
54,-1,65.27,471.18,55.05,82.93,0.15,-1,-1,-1
54,-1,530.22,2.52,823.26,771.01,0.13,-1,-1,-1
54,-1,741.03,519.73,21.91,16.70,0.08,-1,-1,-1
54,-1,594.17,254.25,827.74,828.75,0.08,-1,-1,-1
54,-1,274.74,255.34,826.88,826.32,0.07,-1,-1,-1
54,-1,276.19,0.56,826.69,807.93,0.06,-1,-1,-1
54,-1,595.26,1.67,819.64,774.82,0.06,-1,-1,-1
54,-1,178.94,1.53,828.19,830.04,0.05,-1,-1,-1
55,-1,1392.36,483.54,17.56,26.61,0.55,-1,-1,-1
55,-1,53.56,622.59,61.42,82.54,0.39,-1,-1,-1
55,-1,449.35,158.60,15.72,18.75,0.36,-1,-1,-1
55,-1,518.83,155.17,11.16,12.88,0.30,-1,-1,-1
55,-1,88.14,788.51,57.45,111.48,0.24,-1,-1,-1
55,-1,519.38,154.92,10.61,12.36,0.19,-1,-1,-1
55,-1,73.99,670.66,26.87,34.24,0.11,-1,-1,-1
55,-1,65.03,622.96,48.42,31.70,0.11,-1,-1,-1
55,-1,1213.43,543.30,62.89,32.46,0.09,-1,-1,-1
55,-1,1436.50,290.40,30.28,21.74,0.08,-1,-1,-1
55,-1,86.75,786.16,59.15,113.99,0.07,-1,-1,-1
55,-1,528.62,228.80,827.37,847.95,0.07,-1,-1,-1
55,-1,211.46,162.87,829.45,856.82,0.06,-1,-1,-1
55,-1,20.78,255.31,827.16,826.07,0.06,-1,-1,-1
55,-1,401.39,132.57,829.72,853.48,0.05,-1,-1,-1
56,-1,46.03,743.73,62.13,82.42,0.60,-1,-1,-1
56,-1,529.11,276.74,10.59,14.68,0.55,-1,-1,-1
56,-1,1383.96,600.83,42.60,31.83,0.49,-1,-1,-1
56,-1,450.54,279.33,10.99,20.48,0.45,-1,-1,-1
56,-1,1383.87,601.60,46.38,31.20,0.33,-1,-1,-1
56,-1,1240.45,668.92,45.62,18.55,0.28,-1,-1,-1
56,-1,55.41,743.95,51.62,31.77,0.19,-1,-1,-1
56,-1,1241.82,669.26,43.86,15.89,0.17,-1,-1,-1
56,-1,74.33,909.39,60.05,115.97,0.11,-1,-1,-1
56,-1,519.74,276.93,20.20,17.36,0.11,-1,-1,-1
56,-1,178.36,254.93,828.87,827.43,0.11,-1,-1,-1
56,-1,74.22,908.84,60.18,116.54,0.10,-1,-1,-1
56,-1,8.02,258.75,810.79,822.58,0.08,-1,-1,-1
56,-1,436.43,0.59,825.31,829.91,0.08,-1,-1,-1
56,-1,559.76,227.32,829.22,852.68,0.05,-1,-1,-1
57,-1,1398.89,728.81,23.14,42.93,0.61,-1,-1,-1
57,-1,32.66,868.23,64.30,84.78,0.50,-1,-1,-1
57,-1,1398.56,729.08,23.14,42.08,0.49,-1,-1,-1
57,-1,451.86,402.57,11.43,29.27,0.35,-1,-1,-1
57,-1,1242.34,782.71,44.38,38.32,0.25,-1,-1,-1
57,-1,533.65,400.36,9.96,11.81,0.22,-1,-1,-1
57,-1,1242.42,782.37,43.69,37.64,0.17,-1,-1,-1
57,-1,82.64,254.56,825.68,828.36,0.13,-1,-1,-1
57,-1,533.30,399.92,10.08,11.71,0.08,-1,-1,-1
57,-1,1262.05,783.20,22.71,21.65,0.08,-1,-1,-1
58,-1,1397.51,798.90,27.54,40.90,0.74,-1,-1,-1
58,-1,529.11,465.42,12.80,13.40,0.37,-1,-1,-1
58,-1,402.68,257.51,827.57,822.19,0.13,-1,-1,-1
58,-1,23.65,937.22,67.48,87.11,0.12,-1,-1,-1
58,-1,1260.31,841.96,33.74,49.56,0.12,-1,-1,-1
58,-1,52.85,256.71,824.64,824.12,0.08,-1,-1,-1
58,-1,453.36,467.36,10.57,23.46,0.08,-1,-1,-1
58,-1,691.27,34.57,826.38,855.98,0.07,-1,-1,-1
58,-1,2.31,43.58,451.45,843.77,0.07,-1,-1,-1
58,-1,1122.63,0.88,795.62,771.14,0.07,-1,-1,-1
58,-1,1262.50,843.11,31.35,23.77,0.07,-1,-1,-1
58,-1,517.01,465.29,25.85,15.09,0.06,-1,-1,-1
58,-1,466.36,229.67,828.23,848.60,0.05,-1,-1,-1
58,-1,1272.69,842.34,20.82,13.86,0.05,-1,-1,-1
59,-1,815.81,431.41,44.35,65.18,0.92,-1,-1,-1
59,-1,777.36,443.73,40.20,64.68,0.92,-1,-1,-1
59,-1,906.04,419.61,33.98,63.79,0.91,-1,-1,-1
59,-1,998.95,393.05,33.13,61.96,0.89,-1,-1,-1
59,-1,1081.98,504.69,27.66,61.93,0.88,-1,-1,-1
59,-1,732.16,639.57,34.70,66.26,0.87,-1,-1,-1
59,-1,698.93,652.85,33.59,64.99,0.87,-1,-1,-1
59,-1,937.38,533.46,29.49,60.49,0.87,-1,-1,-1
59,-1,517.93,690.52,31.20,63.70,0.87,-1,-1,-1
59,-1,548.69,527.00,43.60,64.76,0.86,-1,-1,-1
59,-1,487.55,698.45,34.35,64.52,0.86,-1,-1,-1
59,-1,965.79,524.83,31.35,62.57,0.85,-1,-1,-1
59,-1,616.53,667.85,35.43,65.43,0.85,-1,-1,-1
59,-1,580.93,520.58,41.94,65.29,0.83,-1,-1,-1
59,-1,584.17,676.85,31.61,63.60,0.81,-1,-1,-1
59,-1,12.87,1.47,779.70,799.54,0.81,-1,-1,-1
59,-1,1110.51,503.81,29.28,60.64,0.78,-1,-1,-1
59,-1,904.09,533.48,26.28,62.51,0.70,-1,-1,-1
59,-1,1028.41,396.94,33.31,49.93,0.69,-1,-1,-1
59,-1,1096.13,2.31,819.21,724.12,0.45,-1,-1,-1
59,-1,792.39,7.40,818.55,656.18,0.34,-1,-1,-1
59,-1,949.16,230.78,823.88,833.10,0.31,-1,-1,-1
59,-1,1323.79,85.43,11.51,21.77,0.21,-1,-1,-1
59,-1,1829.17,375.62,72.05,109.29,0.18,-1,-1,-1
59,-1,626.09,258.81,828.03,814.86,0.17,-1,-1,-1
59,-1,620.23,0.50,152.30,78.61,0.16,-1,-1,-1
59,-1,853.71,201.29,823.62,835.50,0.11,-1,-1,-1
59,-1,729.35,6.60,790.64,724.95,0.10,-1,-1,-1
59,-1,279.83,877.75,158.99,185.88,0.10,-1,-1,-1
59,-1,369.59,26.32,153.76,109.08,0.09,-1,-1,-1
59,-1,5.93,281.21,813.31,801.82,0.08,-1,-1,-1
59,-1,1829.36,375.72,76.29,108.47,0.07,-1,-1,-1
59,-1,422.88,805.98,24.20,44.31,0.06,-1,-1,-1
59,-1,1140.18,258.64,778.33,811.80,0.06,-1,-1,-1
59,-1,303.91,247.77,831.91,832.98,0.06,-1,-1,-1
59,-1,946.59,761.75,16.44,29.07,0.06,-1,-1,-1
59,-1,1049.51,0.53,814.61,342.00,0.06,-1,-1,-1
59,-1,641.05,105.25,169.31,173.25,0.06,-1,-1,-1
59,-1,277.21,-0.07,820.34,494.83,0.05,-1,-1,-1
60,-1,824.21,450.83,41.09,60.66,0.92,-1,-1,-1
60,-1,907.02,439.91,32.54,59.30,0.91,-1,-1,-1
60,-1,788.16,462.46,37.54,60.26,0.90,-1,-1,-1
60,-1,993.63,415.23,31.00,57.95,0.90,-1,-1,-1
60,-1,606.45,534.80,39.04,60.30,0.88,-1,-1,-1
60,-1,746.96,645.58,32.33,59.93,0.87,-1,-1,-1
60,-1,577.01,541.48,39.58,59.23,0.86,-1,-1,-1
60,-1,1071.31,518.26,26.42,58.55,0.86,-1,-1,-1
60,-1,962.90,537.84,30.46,58.00,0.85,-1,-1,-1
60,-1,715.86,656.84,31.59,61.09,0.85,-1,-1,-1
60,-1,937.31,545.65,27.33,57.06,0.84,-1,-1,-1
60,-1,639.82,671.54,33.65,60.44,0.83,-1,-1,-1
60,-1,1097.51,517.39,27.79,58.31,0.78,-1,-1,-1
60,-1,549.55,693.13,29.21,58.57,0.77,-1,-1,-1
60,-1,520.73,699.85,31.22,59.87,0.75,-1,-1,-1
60,-1,12.60,2.60,802.95,799.20,0.73,-1,-1,-1
60,-1,609.77,679.64,30.36,59.28,0.69,-1,-1,-1
60,-1,906.43,545.97,24.28,58.54,0.67,-1,-1,-1
60,-1,853.72,4.44,822.75,698.21,0.65,-1,-1,-1
60,-1,1022.06,419.82,30.13,45.15,0.63,-1,-1,-1
60,-1,1763.42,396.70,72.22,101.93,0.39,-1,-1,-1
60,-1,1280.32,143.81,14.20,22.27,0.24,-1,-1,-1
60,-1,533.95,0.46,300.26,136.99,0.23,-1,-1,-1
60,-1,1123.68,142.33,789.38,830.90,0.19,-1,-1,-1
60,-1,274.03,1.64,819.66,553.06,0.15,-1,-1,-1
60,-1,1879.26,76.91,40.12,162.92,0.13,-1,-1,-1
60,-1,1266.51,534.01,16.84,47.08,0.12,-1,-1,-1
60,-1,0.38,1.59,42.68,130.98,0.12,-1,-1,-1
60,-1,0.50,227.33,130.72,257.28,0.10,-1,-1,-1
60,-1,819.82,200.14,824.73,835.62,0.10,-1,-1,-1
60,-1,6.52,260.75,812.54,816.51,0.09,-1,-1,-1
60,-1,2.31,457.77,568.95,362.01,0.08,-1,-1,-1
60,-1,1706.15,713.27,33.23,87.07,0.08,-1,-1,-1
60,-1,460.13,800.76,19.39,40.31,0.08,-1,-1,-1
60,-1,624.13,225.13,827.19,842.90,0.07,-1,-1,-1
60,-1,1147.58,4.24,769.65,675.38,0.07,-1,-1,-1
60,-1,336.70,251.78,830.91,829.63,0.07,-1,-1,-1
60,-1,1764.09,397.15,63.70,103.35,0.06,-1,-1,-1
60,-1,1124.95,-0.85,792.01,799.22,0.06,-1,-1,-1
60,-1,131.35,462.86,272.55,190.86,0.05,-1,-1,-1
60,-1,2.47,306.81,653.51,767.90,0.05,-1,-1,-1
60,-1,114.21,0.02,751.18,157.45,0.05,-1,-1,-1
61,-1,992.58,422.75,30.85,56.02,0.91,-1,-1,-1
61,-1,792.88,469.06,36.39,58.27,0.91,-1,-1,-1
61,-1,908.36,447.16,31.21,57.58,0.91,-1,-1,-1
61,-1,827.14,457.45,40.18,59.22,0.90,-1,-1,-1
61,-1,753.06,645.81,30.55,59.96,0.90,-1,-1,-1
61,-1,722.88,659.35,31.40,59.01,0.89,-1,-1,-1
61,-1,615.98,540.10,37.95,57.47,0.88,-1,-1,-1
61,-1,648.85,672.60,31.93,58.27,0.88,-1,-1,-1
61,-1,1067.79,523.76,25.60,56.93,0.87,-1,-1,-1
61,-1,560.06,692.82,28.78,57.82,0.86,-1,-1,-1
61,-1,619.67,680.96,28.60,56.83,0.85,-1,-1,-1
61,-1,587.68,546.24,38.51,58.13,0.83,-1,-1,-1
61,-1,1093.50,522.48,27.04,55.11,0.83,-1,-1,-1
61,-1,963.42,542.88,28.84,55.43,0.83,-1,-1,-1
61,-1,27.07,2.68,807.59,798.37,0.82,-1,-1,-1
61,-1,533.63,700.78,29.43,57.58,0.74,-1,-1,-1
61,-1,937.75,550.80,26.57,53.95,0.72,-1,-1,-1
61,-1,1104.28,5.63,805.69,608.94,0.64,-1,-1,-1
61,-1,1019.42,427.10,30.45,45.41,0.57,-1,-1,-1
61,-1,1740.76,400.14,67.83,102.45,0.51,-1,-1,-1
61,-1,821.10,0.62,823.61,769.61,0.41,-1,-1,-1
61,-1,0.67,245.23,156.86,277.35,0.39,-1,-1,-1
61,-1,907.96,549.48,23.15,56.97,0.39,-1,-1,-1
61,-1,916.56,233.33,822.90,833.49,0.29,-1,-1,-1
61,-1,1269.93,165.62,10.35,17.29,0.28,-1,-1,-1
61,-1,82.24,871.45,40.43,49.14,0.27,-1,-1,-1
61,-1,0.37,764.05,38.92,57.93,0.20,-1,-1,-1
61,-1,81.60,827.17,180.43,100.71,0.20,-1,-1,-1
61,-1,1257.67,536.41,17.99,46.81,0.19,-1,-1,-1
61,-1,592.93,257.12,827.73,819.42,0.17,-1,-1,-1
61,-1,732.75,1.57,818.55,804.16,0.15,-1,-1,-1
61,-1,852.84,202.57,824.95,838.45,0.14,-1,-1,-1
61,-1,275.88,1.87,815.85,572.09,0.14,-1,-1,-1
61,-1,421.13,0.48,407.19,155.12,0.14,-1,-1,-1
61,-1,1143.66,436.96,15.64,37.38,0.13,-1,-1,-1
61,-1,304.98,250.95,831.04,830.64,0.12,-1,-1,-1
61,-1,0.50,3.75,78.45,174.43,0.11,-1,-1,-1
61,-1,52.83,708.25,34.15,60.29,0.10,-1,-1,-1
61,-1,1385.85,925.94,20.07,22.58,0.10,-1,-1,-1
61,-1,303.82,817.02,42.41,48.81,0.09,-1,-1,-1
61,-1,3.84,285.53,814.41,791.05,0.09,-1,-1,-1
61,-1,1130.13,73.90,788.77,835.13,0.09,-1,-1,-1
61,-1,1385.57,925.89,20.51,23.20,0.09,-1,-1,-1
61,-1,81.58,826.97,180.31,101.18,0.08,-1,-1,-1
61,-1,1297.30,913.62,16.88,9.15,0.08,-1,-1,-1
61,-1,1157.25,0.16,164.66,75.12,0.07,-1,-1,-1
61,-1,402.59,735.42,29.84,56.74,0.06,-1,-1,-1
61,-1,1124.11,11.74,792.19,815.81,0.05,-1,-1,-1
61,-1,1345.06,924.85,23.54,15.87,0.05,-1,-1,-1
61,-1,1902.66,253.35,17.07,21.33,0.05,-1,-1,-1
62,-1,907.93,454.67,30.58,56.12,0.91,-1,-1,-1
62,-1,829.90,465.76,39.10,57.08,0.90,-1,-1,-1
62,-1,988.04,432.94,28.60,52.58,0.90,-1,-1,-1
62,-1,797.95,477.00,35.01,56.97,0.90,-1,-1,-1
62,-1,730.90,659.00,29.21,55.54,0.88,-1,-1,-1
62,-1,760.16,647.59,29.26,56.78,0.88,-1,-1,-1
62,-1,1060.86,529.06,24.03,52.89,0.88,-1,-1,-1
62,-1,628.51,545.39,36.28,56.11,0.88,-1,-1,-1
62,-1,632.52,679.88,27.53,55.49,0.85,-1,-1,-1
62,-1,575.29,691.76,28.04,55.84,0.83,-1,-1,-1
62,-1,600.62,551.14,36.89,55.41,0.83,-1,-1,-1
62,-1,660.79,672.69,30.13,54.71,0.83,-1,-1,-1
62,-1,960.44,546.64,27.87,54.02,0.81,-1,-1,-1
62,-1,9.37,1.72,805.72,796.24,0.79,-1,-1,-1
62,-1,1085.02,528.19,25.58,51.53,0.77,-1,-1,-1
62,-1,937.18,554.02,24.83,52.70,0.76,-1,-1,-1
62,-1,1071.30,5.89,820.53,601.16,0.71,-1,-1,-1
62,-1,549.33,699.15,29.26,56.27,0.70,-1,-1,-1
62,-1,792.86,2.52,817.60,767.63,0.68,-1,-1,-1
62,-1,908.22,554.49,21.68,53.59,0.49,-1,-1,-1
62,-1,1013.94,434.09,29.62,45.21,0.48,-1,-1,-1
62,-1,1368.84,917.01,19.21,23.95,0.46,-1,-1,-1
62,-1,1707.58,410.40,63.36,98.29,0.45,-1,-1,-1
62,-1,1326.74,911.94,24.20,16.62,0.37,-1,-1,-1
62,-1,533.77,0.68,349.40,179.83,0.36,-1,-1,-1
62,-1,35.69,762.52,39.55,53.31,0.24,-1,-1,-1
62,-1,1242.81,541.19,15.94,44.77,0.18,-1,-1,-1
62,-1,0.75,7.54,120.71,259.98,0.14,-1,-1,-1
62,-1,0.22,1.49,191.58,562.63,0.14,-1,-1,-1
62,-1,1013.87,434.23,29.54,44.44,0.13,-1,-1,-1
62,-1,306.32,5.25,815.05,593.53,0.13,-1,-1,-1
62,-1,759.47,107.41,821.26,826.88,0.13,-1,-1,-1
62,-1,1865.99,174.61,32.72,45.86,0.12,-1,-1,-1
62,-1,117.28,823.59,170.68,95.35,0.12,-1,-1,-1
62,-1,1246.86,190.62,11.09,17.72,0.11,-1,-1,-1
62,-1,5.10,266.77,813.86,813.76,0.10,-1,-1,-1
62,-1,337.02,251.62,830.47,828.26,0.10,-1,-1,-1
62,-1,1122.49,109.60,790.91,836.43,0.09,-1,-1,-1
62,-1,1013.34,432.78,30.50,45.66,0.09,-1,-1,-1
62,-1,820.70,39.31,821.67,845.91,0.09,-1,-1,-1
62,-1,143.01,0.25,760.87,204.64,0.08,-1,-1,-1
62,-1,1810.06,173.72,91.93,88.05,0.07,-1,-1,-1
62,-1,757.65,2.26,824.56,824.00,0.06,-1,-1,-1
62,-1,1123.43,13.12,790.60,816.09,0.06,-1,-1,-1
62,-1,1140.08,0.56,154.42,107.24,0.06,-1,-1,-1
62,-1,1010.45,255.96,824.51,824.10,0.06,-1,-1,-1
63,-1,906.12,457.40,29.80,55.66,0.90,-1,-1,-1
63,-1,795.20,479.09,35.80,56.35,0.90,-1,-1,-1
63,-1,986.13,435.03,28.19,51.49,0.89,-1,-1,-1
63,-1,627.05,547.97,35.07,56.10,0.89,-1,-1,-1
63,-1,828.35,468.97,38.08,55.01,0.89,-1,-1,-1
63,-1,757.94,648.98,29.61,57.02,0.87,-1,-1,-1
63,-1,728.84,661.19,29.56,57.03,0.87,-1,-1,-1
63,-1,1058.98,531.26,23.99,52.62,0.87,-1,-1,-1
63,-1,1082.32,529.77,26.38,53.01,0.83,-1,-1,-1
63,-1,657.31,674.40,31.73,56.75,0.83,-1,-1,-1
63,-1,573.12,694.98,27.43,54.66,0.82,-1,-1,-1
63,-1,598.55,553.82,37.19,56.18,0.81,-1,-1,-1
63,-1,8.43,1.41,804.94,796.54,0.81,-1,-1,-1
63,-1,546.88,702.67,29.59,54.61,0.79,-1,-1,-1
63,-1,949.32,3.34,819.56,702.35,0.78,-1,-1,-1
63,-1,629.68,682.64,28.91,55.10,0.76,-1,-1,-1
63,-1,959.20,548.18,27.74,54.13,0.67,-1,-1,-1
63,-1,935.38,557.32,24.06,50.96,0.58,-1,-1,-1
63,-1,4.95,770.24,38.88,54.88,0.32,-1,-1,-1
63,-1,1010.31,430.12,30.14,51.37,0.32,-1,-1,-1
63,-1,551.24,0.87,326.74,181.19,0.31,-1,-1,-1
63,-1,30.27,765.33,44.08,54.81,0.27,-1,-1,-1
63,-1,5.22,770.43,38.44,54.53,0.24,-1,-1,-1
63,-1,1122.11,144.57,790.47,833.04,0.22,-1,-1,-1
63,-1,29.98,764.83,44.29,55.19,0.22,-1,-1,-1
63,-1,854.88,261.70,822.56,814.45,0.18,-1,-1,-1
63,-1,1009.94,429.46,30.27,51.79,0.18,-1,-1,-1
63,-1,1364.76,918.37,24.85,25.17,0.18,-1,-1,-1
63,-1,1806.13,174.89,91.40,85.59,0.18,-1,-1,-1
63,-1,1703.49,408.98,65.91,99.41,0.16,-1,-1,-1
63,-1,906.45,558.00,20.84,52.29,0.15,-1,-1,-1
63,-1,1364.68,918.78,24.87,24.72,0.14,-1,-1,-1
63,-1,906.96,558.43,20.47,51.54,0.14,-1,-1,-1
63,-1,336.98,253.21,831.52,826.68,0.12,-1,-1,-1
63,-1,1240.58,548.83,13.06,38.25,0.12,-1,-1,-1
63,-1,185.40,0.41,698.73,197.08,0.11,-1,-1,-1
63,-1,4.09,284.93,812.77,793.20,0.11,-1,-1,-1
63,-1,791.40,72.58,818.34,838.64,0.11,-1,-1,-1
63,-1,1703.66,409.43,65.32,98.81,0.10,-1,-1,-1
63,-1,275.59,3.69,813.70,617.02,0.10,-1,-1,-1
63,-1,531.14,254.44,823.94,822.22,0.09,-1,-1,-1
63,-1,114.67,826.35,172.06,94.04,0.09,-1,-1,-1
63,-1,0.29,269.29,190.38,270.25,0.08,-1,-1,-1
63,-1,1012.78,260.72,822.65,811.95,0.08,-1,-1,-1
63,-1,1651.70,709.01,30.38,83.94,0.08,-1,-1,-1
63,-1,0.51,6.88,116.96,231.22,0.08,-1,-1,-1
63,-1,1283.36,401.06,21.30,32.67,0.08,-1,-1,-1
63,-1,30.44,765.44,43.82,54.54,0.08,-1,-1,-1
63,-1,1134.13,0.46,156.95,110.08,0.08,-1,-1,-1
63,-1,100.92,556.47,27.27,33.62,0.07,-1,-1,-1
63,-1,1244.43,192.88,10.04,16.72,0.07,-1,-1,-1
63,-1,1122.09,10.50,791.42,819.72,0.07,-1,-1,-1
63,-1,1283.52,401.13,21.23,32.51,0.07,-1,-1,-1
63,-1,1863.89,175.68,32.86,46.33,0.07,-1,-1,-1
63,-1,115.98,867.43,38.71,47.35,0.07,-1,-1,-1
63,-1,431.28,0.66,137.24,92.38,0.07,-1,-1,-1
63,-1,1655.27,833.08,78.64,70.16,0.06,-1,-1,-1
63,-1,0.08,10.12,188.30,614.37,0.06,-1,-1,-1
63,-1,-0.70,293.42,774.66,790.15,0.06,-1,-1,-1
63,-1,1292.76,0.03,121.88,59.06,0.05,-1,-1,-1
63,-1,115.07,826.43,171.71,93.02,0.05,-1,-1,-1
64,-1,899.47,455.63,31.42,57.58,0.92,-1,-1,-1
64,-1,787.46,477.76,36.38,57.22,0.91,-1,-1,-1
64,-1,980.85,432.50,29.65,53.30,0.90,-1,-1,-1
64,-1,614.99,547.68,37.53,56.70,0.89,-1,-1,-1
64,-1,820.31,466.57,40.35,56.97,0.88,-1,-1,-1
64,-1,1055.08,530.12,24.82,54.30,0.88,-1,-1,-1
64,-1,718.98,662.88,31.15,55.82,0.86,-1,-1,-1
64,-1,748.80,649.97,30.92,57.23,0.85,-1,-1,-1
64,-1,648.15,676.40,31.38,56.54,0.85,-1,-1,-1
64,-1,560.56,696.96,28.76,56.30,0.84,-1,-1,-1
64,-1,1080.74,528.81,25.64,53.10,0.83,-1,-1,-1
64,-1,619.15,685.47,27.45,54.16,0.80,-1,-1,-1
64,-1,587.63,553.51,37.12,56.45,0.80,-1,-1,-1
64,-1,534.69,704.59,29.45,56.10,0.78,-1,-1,-1
64,-1,8.38,2.12,809.88,798.65,0.74,-1,-1,-1
64,-1,792.30,3.97,818.46,765.77,0.72,-1,-1,-1
64,-1,952.94,548.21,28.39,54.68,0.71,-1,-1,-1
64,-1,13.49,769.14,40.75,56.46,0.70,-1,-1,-1
64,-1,1074.03,6.75,816.32,615.16,0.67,-1,-1,-1
64,-1,929.05,556.06,25.59,52.81,0.66,-1,-1,-1
64,-1,1007.55,434.61,29.39,44.67,0.39,-1,-1,-1
64,-1,1239.88,548.16,14.08,39.09,0.39,-1,-1,-1
64,-1,0.40,773.97,25.54,55.92,0.31,-1,-1,-1
64,-1,-0.05,267.01,171.23,270.18,0.26,-1,-1,-1
64,-1,1711.68,406.98,65.59,101.73,0.24,-1,-1,-1
64,-1,518.77,0.64,356.31,173.93,0.24,-1,-1,-1
64,-1,1876.09,167.27,20.85,37.79,0.23,-1,-1,-1
64,-1,0.80,10.05,93.39,264.76,0.23,-1,-1,-1
64,-1,1495.05,562.86,112.59,112.01,0.20,-1,-1,-1
64,-1,1815.69,167.68,92.83,85.40,0.18,-1,-1,-1
64,-1,1711.73,407.13,65.75,101.66,0.16,-1,-1,-1
64,-1,1815.03,167.08,93.41,86.71,0.16,-1,-1,-1
64,-1,899.45,557.74,22.59,53.64,0.15,-1,-1,-1
64,-1,1006.81,432.35,30.30,46.54,0.14,-1,-1,-1
64,-1,148.23,0.52,745.97,197.79,0.14,-1,-1,-1
64,-1,882.84,231.55,821.92,832.70,0.13,-1,-1,-1
64,-1,1365.05,927.95,26.93,21.39,0.12,-1,-1,-1
64,-1,498.52,253.43,825.38,823.84,0.12,-1,-1,-1
64,-1,412.65,0.19,125.63,79.86,0.12,-1,-1,-1
64,-1,305.78,251.81,830.21,829.13,0.12,-1,-1,-1
64,-1,4.14,286.58,812.63,786.51,0.12,-1,-1,-1
64,-1,303.99,1.09,820.46,549.08,0.11,-1,-1,-1
64,-1,1400.96,547.61,239.80,295.33,0.10,-1,-1,-1
64,-1,1283.12,397.33,21.93,40.67,0.09,-1,-1,-1
64,-1,1321.27,485.33,31.03,108.80,0.09,-1,-1,-1
64,-1,447.21,713.63,68.10,67.34,0.09,-1,-1,-1
64,-1,1365.13,928.11,26.91,20.76,0.09,-1,-1,-1
64,-1,53.29,258.09,821.49,821.78,0.08,-1,-1,-1
64,-1,790.59,71.39,819.51,844.50,0.08,-1,-1,-1
64,-1,1119.16,46.14,794.81,837.53,0.08,-1,-1,-1
64,-1,1131.12,0.50,128.70,96.10,0.07,-1,-1,-1
64,-1,1122.59,10.84,791.83,818.62,0.07,-1,-1,-1
64,-1,6.18,522.70,251.07,71.49,0.07,-1,-1,-1
64,-1,1855.12,174.18,11.94,14.89,0.06,-1,-1,-1
64,-1,1663.79,838.29,159.10,144.72,0.06,-1,-1,-1
64,-1,398.26,476.83,87.77,105.76,0.05,-1,-1,-1
65,-1,766.52,473.32,38.34,59.95,0.91,-1,-1,-1
65,-1,802.22,462.42,41.57,59.98,0.91,-1,-1,-1
65,-1,884.73,450.06,32.51,58.91,0.91,-1,-1,-1
65,-1,970.99,425.86,30.08,55.44,0.91,-1,-1,-1
65,-1,585.44,547.04,39.76,59.70,0.90,-1,-1,-1
65,-1,727.86,656.61,31.39,59.93,0.90,-1,-1,-1
65,-1,695.56,668.12,31.92,60.18,0.88,-1,-1,-1
65,-1,1048.94,528.06,26.16,56.88,0.88,-1,-1,-1
65,-1,10.85,1.88,790.84,799.78,0.84,-1,-1,-1
65,-1,556.20,553.26,39.50,59.74,0.84,-1,-1,-1
65,-1,1074.63,527.06,27.51,55.85,0.82,-1,-1,-1
65,-1,528.42,703.83,31.10,60.71,0.81,-1,-1,-1
65,-1,941.05,547.03,30.65,57.34,0.80,-1,-1,-1
65,-1,589.39,691.29,30.19,59.17,0.73,-1,-1,-1
65,-1,998.03,429.71,31.09,44.91,0.70,-1,-1,-1
65,-1,619.74,682.37,33.18,59.85,0.69,-1,-1,-1
65,-1,500.34,711.41,31.97,60.48,0.65,-1,-1,-1
65,-1,790.30,2.71,821.67,765.16,0.63,-1,-1,-1
65,-1,1105.89,5.82,804.76,636.41,0.63,-1,-1,-1
65,-1,915.23,555.06,27.72,56.34,0.61,-1,-1,-1
65,-1,1376.57,949.34,35.89,29.49,0.60,-1,-1,-1
65,-1,1333.83,935.68,26.52,17.83,0.44,-1,-1,-1
65,-1,1738.31,401.45,67.97,100.52,0.34,-1,-1,-1
65,-1,0.71,247.03,110.46,280.55,0.29,-1,-1,-1
65,-1,1123.63,146.72,789.73,831.44,0.22,-1,-1,-1
65,-1,373.07,0.85,477.15,152.82,0.20,-1,-1,-1
65,-1,39.65,845.65,184.41,103.78,0.18,-1,-1,-1
65,-1,1517.54,558.26,111.07,116.18,0.18,-1,-1,-1
65,-1,273.22,1.61,815.12,571.55,0.18,-1,-1,-1
65,-1,305.89,255.04,830.12,825.73,0.16,-1,-1,-1
65,-1,1243.25,550.37,13.77,37.54,0.14,-1,-1,-1
65,-1,854.13,260.85,823.84,814.61,0.14,-1,-1,-1
65,-1,1576.56,557.64,51.69,60.99,0.13,-1,-1,-1
65,-1,786.35,198.63,827.26,838.98,0.12,-1,-1,-1
65,-1,5.58,282.97,813.32,798.31,0.10,-1,-1,-1
65,-1,886.31,557.78,21.60,55.95,0.10,-1,-1,-1
65,-1,1120.80,8.15,795.00,816.92,0.10,-1,-1,-1
65,-1,1680.34,716.61,34.56,90.43,0.08,-1,-1,-1
65,-1,466.40,255.82,826.11,821.10,0.08,-1,-1,-1
65,-1,1326.71,296.05,249.23,200.38,0.07,-1,-1,-1
65,-1,694.34,0.67,795.09,806.17,0.07,-1,-1,-1
65,-1,1247.85,155.37,11.55,18.90,0.07,-1,-1,-1
65,-1,885.91,556.92,22.21,56.81,0.06,-1,-1,-1
65,-1,1126.07,438.21,15.15,37.98,0.06,-1,-1,-1
65,-1,1376.73,962.61,19.28,15.11,0.05,-1,-1,-1
65,-1,757.15,5.64,823.85,820.33,0.05,-1,-1,-1
66,-1,762.93,470.21,38.25,61.53,0.92,-1,-1,-1
66,-1,799.45,459.10,42.41,60.64,0.92,-1,-1,-1
66,-1,884.03,447.01,33.21,60.76,0.91,-1,-1,-1
66,-1,577.26,545.77,40.19,61.01,0.91,-1,-1,-1
66,-1,722.55,658.42,32.49,60.07,0.89,-1,-1,-1
66,-1,547.46,552.87,40.76,60.11,0.89,-1,-1,-1
66,-1,971.91,420.78,31.35,58.98,0.89,-1,-1,-1
66,-1,690.71,670.89,32.23,59.52,0.88,-1,-1,-1
66,-1,1051.19,526.28,26.70,58.97,0.88,-1,-1,-1
66,-1,519.31,706.92,30.06,60.97,0.85,-1,-1,-1
66,-1,942.36,545.62,30.15,59.27,0.83,-1,-1,-1
66,-1,613.37,685.19,32.54,60.87,0.81,-1,-1,-1
66,-1,581.72,693.95,31.35,59.51,0.81,-1,-1,-1
66,-1,7.15,2.08,778.06,800.45,0.78,-1,-1,-1
66,-1,1079.27,525.62,27.35,56.71,0.74,-1,-1,-1
66,-1,914.21,554.79,29.62,57.33,0.71,-1,-1,-1
66,-1,997.65,418.47,33.26,54.62,0.64,-1,-1,-1
66,-1,1754.62,396.77,70.99,103.75,0.63,-1,-1,-1
66,-1,1108.56,6.01,803.61,629.23,0.57,-1,-1,-1
66,-1,491.53,714.61,32.00,60.77,0.57,-1,-1,-1
66,-1,790.04,2.62,822.89,771.71,0.50,-1,-1,-1
66,-1,1391.92,963.67,33.25,27.31,0.41,-1,-1,-1
66,-1,818.66,134.89,825.23,840.50,0.18,-1,-1,-1
66,-1,306.02,256.85,829.94,824.99,0.16,-1,-1,-1
66,-1,242.73,1.46,818.03,574.77,0.14,-1,-1,-1
66,-1,563.19,253.40,825.62,821.09,0.13,-1,-1,-1
66,-1,926.75,772.03,15.51,24.33,0.12,-1,-1,-1
66,-1,699.31,3.31,790.29,802.14,0.12,-1,-1,-1
66,-1,5.34,282.18,814.14,799.88,0.11,-1,-1,-1
66,-1,460.05,0.54,343.93,137.52,0.10,-1,-1,-1
66,-1,1530.30,559.30,113.80,119.04,0.10,-1,-1,-1
66,-1,1.57,554.86,30.80,36.19,0.09,-1,-1,-1
66,-1,1128.86,433.83,14.01,38.11,0.09,-1,-1,-1
66,-1,820.05,228.73,821.48,836.17,0.08,-1,-1,-1
66,-1,1341.68,943.38,29.49,21.62,0.08,-1,-1,-1
66,-1,0.36,237.11,86.12,283.41,0.08,-1,-1,-1
66,-1,884.66,557.36,23.32,56.97,0.08,-1,-1,-1
66,-1,16.97,850.99,189.78,103.74,0.07,-1,-1,-1
66,-1,1294.54,381.93,25.91,37.86,0.06,-1,-1,-1
66,-1,1.53,458.43,540.79,364.25,0.06,-1,-1,-1
66,-1,1341.17,943.52,29.88,21.30,0.06,-1,-1,-1
66,-1,644.23,605.35,21.60,20.92,0.06,-1,-1,-1
66,-1,884.48,555.51,23.55,58.37,0.05,-1,-1,-1
66,-1,644.19,605.18,21.96,21.65,0.05,-1,-1,-1
66,-1,1391.96,963.14,33.14,27.84,0.05,-1,-1,-1
67,-1,798.82,451.45,42.52,63.35,0.92,-1,-1,-1
67,-1,761.97,463.34,39.34,62.63,0.92,-1,-1,-1
67,-1,572.04,540.45,40.91,62.76,0.90,-1,-1,-1
67,-1,885.55,438.93,33.88,61.93,0.90,-1,-1,-1
67,-1,720.50,654.27,32.69,62.93,0.90,-1,-1,-1
67,-1,975.35,412.24,32.79,59.84,0.89,-1,-1,-1
67,-1,687.39,666.37,33.64,63.36,0.89,-1,-1,-1
67,-1,1056.96,520.38,27.60,60.68,0.88,-1,-1,-1
67,-1,607.91,681.39,34.43,63.26,0.88,-1,-1,-1
67,-1,541.31,546.29,42.24,63.77,0.88,-1,-1,-1
67,-1,6.98,1.69,783.78,802.11,0.87,-1,-1,-1
67,-1,1083.75,517.92,30.60,60.69,0.87,-1,-1,-1
67,-1,944.24,540.96,32.12,60.35,0.87,-1,-1,-1
67,-1,576.99,691.86,30.03,60.83,0.86,-1,-1,-1
67,-1,512.05,705.14,31.69,61.69,0.83,-1,-1,-1
67,-1,917.49,549.21,29.02,59.03,0.79,-1,-1,-1
67,-1,1108.22,5.74,803.71,596.88,0.77,-1,-1,-1
67,-1,884.72,549.56,25.55,60.79,0.50,-1,-1,-1
67,-1,999.13,407.13,37.72,57.35,0.50,-1,-1,-1
67,-1,854.13,1.42,823.07,764.88,0.48,-1,-1,-1
67,-1,483.22,713.12,33.05,61.71,0.48,-1,-1,-1
67,-1,497.45,0.60,297.30,115.38,0.47,-1,-1,-1
67,-1,1776.39,388.69,76.42,106.01,0.46,-1,-1,-1
67,-1,1406.36,972.88,37.57,23.45,0.38,-1,-1,-1
67,-1,0.59,217.47,70.76,264.99,0.24,-1,-1,-1
67,-1,1406.33,972.66,37.25,23.62,0.23,-1,-1,-1
67,-1,305.56,251.20,830.68,828.95,0.22,-1,-1,-1
67,-1,852.04,136.86,823.31,839.03,0.19,-1,-1,-1
67,-1,697.67,2.94,821.61,805.34,0.12,-1,-1,-1
67,-1,1270.31,121.19,16.21,20.43,0.12,-1,-1,-1
67,-1,6.12,284.91,814.17,796.16,0.10,-1,-1,-1
67,-1,276.11,0.97,815.86,505.81,0.10,-1,-1,-1
67,-1,592.78,256.45,828.38,818.64,0.09,-1,-1,-1
67,-1,1776.71,388.59,68.71,106.81,0.09,-1,-1,-1
67,-1,1271.49,120.75,15.54,21.00,0.09,-1,-1,-1
67,-1,819.00,100.98,824.87,843.01,0.08,-1,-1,-1
67,-1,746.19,2.30,743.83,479.99,0.06,-1,-1,-1
67,-1,1118.61,139.24,796.36,844.18,0.06,-1,-1,-1
67,-1,194.52,104.08,179.86,167.16,0.05,-1,-1,-1
67,-1,367.88,65.98,146.24,107.98,0.05,-1,-1,-1
67,-1,1133.78,259.28,784.30,806.81,0.05,-1,-1,-1
68,-1,759.67,463.25,40.06,63.42,0.92,-1,-1,-1
68,-1,797.36,450.21,43.74,64.17,0.92,-1,-1,-1
68,-1,566.12,542.13,40.86,62.75,0.91,-1,-1,-1
68,-1,885.41,438.31,35.03,63.41,0.90,-1,-1,-1
68,-1,977.67,410.36,32.65,62.06,0.90,-1,-1,-1
68,-1,534.30,548.15,41.78,62.84,0.89,-1,-1,-1
68,-1,683.31,670.14,33.62,67.22,0.88,-1,-1,-1
68,-1,716.23,659.13,34.25,63.56,0.88,-1,-1,-1
68,-1,8.41,-0.50,774.71,799.23,0.88,-1,-1,-1
68,-1,503.49,709.86,31.32,63.34,0.86,-1,-1,-1
68,-1,945.03,542.09,32.93,60.93,0.85,-1,-1,-1
68,-1,600.86,686.41,36.27,62.87,0.85,-1,-1,-1
68,-1,474.46,717.94,32.50,63.52,0.85,-1,-1,-1
68,-1,1060.71,520.99,27.85,61.42,0.82,-1,-1,-1
68,-1,569.83,695.37,30.38,61.94,0.82,-1,-1,-1
68,-1,918.86,550.70,28.77,60.09,0.82,-1,-1,-1
68,-1,1088.57,519.68,30.25,61.07,0.78,-1,-1,-1
68,-1,1795.32,387.58,80.40,108.08,0.67,-1,-1,-1
68,-1,1066.59,5.24,838.57,690.27,0.57,-1,-1,-1
68,-1,1004.74,405.55,35.45,58.92,0.46,-1,-1,-1
68,-1,1463.40,589.68,240.46,288.65,0.43,-1,-1,-1
68,-1,759.00,3.88,819.40,757.63,0.35,-1,-1,-1
68,-1,625.96,258.14,826.25,818.12,0.30,-1,-1,-1
68,-1,486.49,0.31,302.61,106.02,0.28,-1,-1,-1
68,-1,1147.35,4.06,771.16,693.90,0.26,-1,-1,-1
68,-1,1370.92,967.90,77.43,34.58,0.21,-1,-1,-1
68,-1,304.50,251.36,831.27,827.38,0.19,-1,-1,-1
68,-1,1421.82,979.62,26.23,22.50,0.13,-1,-1,-1
68,-1,929.60,778.31,14.67,26.34,0.12,-1,-1,-1
68,-1,950.37,201.36,821.00,838.08,0.11,-1,-1,-1
68,-1,886.09,552.39,25.29,60.64,0.11,-1,-1,-1
68,-1,244.65,1.48,817.90,494.84,0.10,-1,-1,-1
68,-1,883.43,711.95,28.04,30.03,0.09,-1,-1,-1
68,-1,1442.74,744.21,182.88,131.75,0.09,-1,-1,-1
68,-1,836.37,650.77,19.72,26.63,0.09,-1,-1,-1
68,-1,913.54,707.83,13.99,21.81,0.09,-1,-1,-1
68,-1,1285.04,108.93,12.00,21.63,0.08,-1,-1,-1
68,-1,949.07,257.70,821.19,820.11,0.08,-1,-1,-1
68,-1,1.30,318.69,538.47,532.58,0.07,-1,-1,-1
68,-1,2.04,255.93,798.65,816.63,0.07,-1,-1,-1
68,-1,681.26,1.63,806.25,807.07,0.06,-1,-1,-1
68,-1,592.48,39.73,830.69,845.66,0.06,-1,-1,-1
68,-1,1373.06,969.37,24.29,23.82,0.05,-1,-1,-1
68,-1,607.10,1.09,133.11,105.68,0.05,-1,-1,-1
69,-1,796.59,445.80,44.83,65.17,0.92,-1,-1,-1
69,-1,758.13,457.60,40.93,65.26,0.92,-1,-1,-1
69,-1,887.97,432.41,34.53,64.73,0.91,-1,-1,-1
69,-1,981.08,404.43,34.14,63.91,0.90,-1,-1,-1
69,-1,713.55,657.98,34.57,64.86,0.90,-1,-1,-1
69,-1,680.20,671.14,33.73,65.87,0.89,-1,-1,-1
69,-1,559.67,537.55,41.00,64.53,0.89,-1,-1,-1
69,-1,1066.06,517.50,29.30,63.16,0.87,-1,-1,-1
69,-1,563.14,695.63,32.58,63.44,0.87,-1,-1,-1
69,-1,596.75,685.97,35.46,65.26,0.86,-1,-1,-1
69,-1,495.64,708.80,32.16,64.97,0.85,-1,-1,-1
69,-1,526.98,544.40,43.45,64.96,0.85,-1,-1,-1
69,-1,948.59,538.12,32.66,64.87,0.85,-1,-1,-1
69,-1,1095.88,517.27,29.14,62.05,0.84,-1,-1,-1
69,-1,3.16,0.83,770.42,800.11,0.84,-1,-1,-1
69,-1,919.76,547.61,31.05,61.77,0.84,-1,-1,-1
69,-1,465.63,718.67,34.77,65.01,0.82,-1,-1,-1
69,-1,1011.07,406.56,34.32,53.67,0.79,-1,-1,-1
69,-1,1099.14,6.71,813.67,636.46,0.62,-1,-1,-1
69,-1,821.02,2.78,823.33,769.25,0.38,-1,-1,-1
69,-1,1819.02,381.46,77.06,111.71,0.27,-1,-1,-1
69,-1,690.44,259.91,826.00,821.94,0.21,-1,-1,-1
69,-1,1439.78,980.74,19.79,30.87,0.17,-1,-1,-1
69,-1,1150.99,416.51,21.36,44.31,0.16,-1,-1,-1
69,-1,1576.88,555.46,122.85,142.96,0.15,-1,-1,-1
69,-1,1756.31,727.17,37.62,94.34,0.15,-1,-1,-1
69,-1,1439.50,981.09,19.59,30.01,0.15,-1,-1,-1
69,-1,571.69,0.23,206.78,89.94,0.14,-1,-1,-1
69,-1,1474.10,550.44,252.41,333.16,0.14,-1,-1,-1
69,-1,1384.85,978.69,75.40,35.08,0.11,-1,-1,-1
69,-1,887.48,550.88,24.80,60.60,0.11,-1,-1,-1
69,-1,38.28,862.49,124.42,109.04,0.10,-1,-1,-1
69,-1,853.42,229.83,820.40,841.09,0.10,-1,-1,-1
69,-1,1012.81,203.05,823.96,834.33,0.10,-1,-1,-1
69,-1,303.90,251.38,830.84,828.77,0.10,-1,-1,-1
69,-1,1328.33,361.10,28.13,45.58,0.08,-1,-1,-1
69,-1,592.37,38.60,831.46,847.22,0.08,-1,-1,-1
69,-1,759.27,3.28,820.63,804.14,0.08,-1,-1,-1
69,-1,39.18,862.71,123.26,108.00,0.08,-1,-1,-1
69,-1,698.96,2.56,820.83,803.83,0.07,-1,-1,-1
69,-1,319.44,765.94,33.80,54.85,0.07,-1,-1,-1
69,-1,1277.71,530.95,21.63,54.30,0.06,-1,-1,-1
69,-1,2.05,255.01,799.31,827.41,0.05,-1,-1,-1
69,-1,5.65,218.62,558.80,777.93,0.05,-1,-1,-1
70,-1,795.60,439.75,45.79,67.51,0.92,-1,-1,-1
70,-1,888.43,427.13,36.19,66.19,0.91,-1,-1,-1
70,-1,756.21,452.02,42.29,68.02,0.91,-1,-1,-1
70,-1,984.78,397.79,34.43,64.71,0.90,-1,-1,-1
70,-1,675.26,670.50,36.17,65.89,0.90,-1,-1,-1
70,-1,710.79,657.68,35.59,67.23,0.89,-1,-1,-1
70,-1,551.96,533.99,43.79,66.91,0.88,-1,-1,-1
70,-1,1071.87,515.98,28.45,64.03,0.87,-1,-1,-1
70,-1,951.12,535.68,33.93,65.11,0.87,-1,-1,-1
70,-1,590.63,686.99,36.17,65.45,0.86,-1,-1,-1
70,-1,456.45,719.43,34.24,66.54,0.86,-1,-1,-1
70,-1,1099.56,512.58,32.35,64.42,0.86,-1,-1,-1
70,-1,4.88,1.28,778.43,796.84,0.85,-1,-1,-1
70,-1,487.56,710.25,30.25,66.24,0.85,-1,-1,-1
70,-1,921.38,545.14,31.93,63.33,0.85,-1,-1,-1
70,-1,1014.24,401.57,35.95,53.85,0.82,-1,-1,-1
70,-1,518.31,540.77,45.69,66.32,0.81,-1,-1,-1
70,-1,555.73,695.68,33.87,65.24,0.76,-1,-1,-1
70,-1,1098.92,5.44,814.89,688.85,0.69,-1,-1,-1
70,-1,886.66,546.08,27.38,64.72,0.53,-1,-1,-1
70,-1,791.20,7.34,819.46,657.29,0.39,-1,-1,-1
70,-1,1842.29,375.34,67.34,114.03,0.31,-1,-1,-1
70,-1,1842.09,375.95,65.12,112.55,0.24,-1,-1,-1
70,-1,656.27,258.90,829.32,821.52,0.20,-1,-1,-1
70,-1,1394.33,989.71,82.18,45.57,0.16,-1,-1,-1
70,-1,1024.62,657.81,14.60,39.53,0.15,-1,-1,-1
70,-1,1394.77,989.25,27.47,49.13,0.11,-1,-1,-1
70,-1,273.13,251.14,830.74,828.32,0.10,-1,-1,-1
70,-1,677.35,2.23,813.46,804.89,0.10,-1,-1,-1
70,-1,1595.29,610.56,42.58,66.46,0.08,-1,-1,-1
70,-1,1777.31,729.50,37.63,97.91,0.08,-1,-1,-1
70,-1,930.44,719.65,38.67,92.34,0.07,-1,-1,-1
70,-1,946.78,656.24,20.48,26.08,0.07,-1,-1,-1
70,-1,247.15,0.79,818.81,489.94,0.06,-1,-1,-1
70,-1,883.30,713.44,55.11,58.51,0.06,-1,-1,-1
70,-1,1596.93,554.54,123.53,137.51,0.06,-1,-1,-1
70,-1,1476.39,715.45,180.57,180.13,0.05,-1,-1,-1
70,-1,915.43,709.57,14.87,17.84,0.05,-1,-1,-1
71,-1,788.57,424.22,49.07,72.03,0.93,-1,-1,-1
71,-1,747.21,438.03,43.88,70.79,0.93,-1,-1,-1
71,-1,888.53,411.12,37.73,71.48,0.91,-1,-1,-1
71,-1,696.82,655.63,37.46,71.05,0.91,-1,-1,-1
71,-1,991.31,382.63,35.85,67.77,0.90,-1,-1,-1
71,-1,659.58,668.63,38.72,73.09,0.89,-1,-1,-1
71,-1,529.45,524.26,45.90,70.42,0.89,-1,-1,-1
71,-1,493.92,530.35,46.94,71.58,0.89,-1,-1,-1
71,-1,456.94,710.60,38.38,70.80,0.88,-1,-1,-1
71,-1,1082.57,506.07,30.18,67.82,0.88,-1,-1,-1
71,-1,531.87,695.34,34.44,70.82,0.86,-1,-1,-1
71,-1,567.83,685.39,40.09,72.23,0.85,-1,-1,-1
71,-1,953.81,527.56,35.30,68.28,0.85,-1,-1,-1
71,-1,922.19,535.82,33.30,68.72,0.84,-1,-1,-1
71,-1,4.91,0.33,679.60,797.72,0.84,-1,-1,-1
71,-1,425.72,719.83,37.01,70.72,0.84,-1,-1,-1
71,-1,1113.71,503.85,32.44,67.97,0.79,-1,-1,-1
71,-1,1151.31,0.46,763.48,741.05,0.69,-1,-1,-1
71,-1,1023.29,384.09,36.61,57.36,0.54,-1,-1,-1
71,-1,884.90,537.47,30.00,68.88,0.45,-1,-1,-1
71,-1,116.38,2.06,771.16,503.89,0.30,-1,-1,-1
71,-1,792.92,8.79,818.15,621.00,0.25,-1,-1,-1
71,-1,31.28,426.68,60.06,24.50,0.21,-1,-1,-1
71,-1,982.29,257.43,821.86,819.47,0.19,-1,-1,-1
71,-1,1505.56,751.83,201.78,152.94,0.17,-1,-1,-1
71,-1,1045.22,201.11,821.48,837.91,0.16,-1,-1,-1
71,-1,624.98,279.11,830.63,799.64,0.13,-1,-1,-1
71,-1,31.65,427.10,60.17,23.75,0.11,-1,-1,-1
71,-1,1363.73,19.90,11.63,19.88,0.11,-1,-1,-1
71,-1,1310.93,336.24,91.85,123.10,0.11,-1,-1,-1
71,-1,1179.60,394.77,24.59,51.18,0.10,-1,-1,-1
71,-1,303.70,251.93,831.73,828.81,0.10,-1,-1,-1
71,-1,934.27,788.57,17.95,30.99,0.10,-1,-1,-1
71,-1,1.73,322.75,483.28,561.77,0.09,-1,-1,-1
71,-1,7.50,277.73,812.31,806.71,0.08,-1,-1,-1
71,-1,727.14,1.68,822.44,806.08,0.07,-1,-1,-1
71,-1,933.51,774.57,30.94,45.95,0.07,-1,-1,-1
71,-1,596.92,61.10,156.10,189.07,0.07,-1,-1,-1
71,-1,1113.60,503.80,32.71,67.52,0.07,-1,-1,-1
71,-1,2.82,432.11,267.07,214.45,0.06,-1,-1,-1
71,-1,1097.81,11.66,812.98,840.81,0.06,-1,-1,-1
71,-1,1505.06,756.28,200.85,146.46,0.06,-1,-1,-1
72,-1,743.13,431.82,45.49,73.65,0.93,-1,-1,-1
72,-1,786.30,417.58,50.26,74.58,0.92,-1,-1,-1
72,-1,888.90,404.58,38.10,72.62,0.92,-1,-1,-1
72,-1,653.87,670.00,38.93,73.33,0.90,-1,-1,-1
72,-1,993.46,374.17,37.18,71.04,0.90,-1,-1,-1
72,-1,483.27,526.29,47.89,72.98,0.89,-1,-1,-1
72,-1,1088.31,502.53,30.52,70.50,0.89,-1,-1,-1
72,-1,519.45,519.22,47.72,73.03,0.89,-1,-1,-1
72,-1,691.57,655.90,37.95,72.20,0.89,-1,-1,-1
72,-1,559.73,686.71,39.73,72.92,0.86,-1,-1,-1
72,-1,446.95,711.24,35.52,72.72,0.86,-1,-1,-1
72,-1,955.24,524.45,37.18,71.06,0.85,-1,-1,-1
72,-1,412.83,720.55,38.33,73.74,0.85,-1,-1,-1
72,-1,522.55,696.43,35.81,72.51,0.85,-1,-1,-1
72,-1,1119.54,500.38,33.74,70.33,0.82,-1,-1,-1
72,-1,923.22,533.17,33.70,70.21,0.78,-1,-1,-1
72,-1,3.29,1.97,694.88,768.10,0.77,-1,-1,-1
72,-1,1120.85,4.18,796.26,710.41,0.72,-1,-1,-1
72,-1,1025.63,378.38,38.26,57.24,0.49,-1,-1,-1
72,-1,688.54,283.21,829.80,792.08,0.39,-1,-1,-1
72,-1,1077.69,204.23,822.51,834.29,0.26,-1,-1,-1
72,-1,824.20,8.40,818.66,644.12,0.23,-1,-1,-1
72,-1,1025.57,379.30,38.52,56.45,0.20,-1,-1,-1
72,-1,1577.56,766.59,152.16,142.24,0.20,-1,-1,-1
72,-1,885.69,535.57,29.07,69.96,0.16,-1,-1,-1
72,-1,6.46,279.00,814.82,801.80,0.14,-1,-1,-1
72,-1,1012.88,258.71,821.98,817.62,0.11,-1,-1,-1
72,-1,761.57,2.74,822.05,775.55,0.10,-1,-1,-1
72,-1,4.21,420.95,246.01,204.57,0.09,-1,-1,-1
72,-1,302.90,250.60,832.28,831.04,0.09,-1,-1,-1
72,-1,1.48,416.48,464.95,368.17,0.08,-1,-1,-1
72,-1,1522.92,765.42,207.16,146.08,0.07,-1,-1,-1
72,-1,1383.30,323.67,31.21,64.11,0.07,-1,-1,-1
72,-1,1324.35,537.29,23.23,42.18,0.07,-1,-1,-1
72,-1,1101.83,0.91,806.73,302.79,0.07,-1,-1,-1
72,-1,591.35,47.43,195.52,201.98,0.06,-1,-1,-1
72,-1,658.93,228.78,826.48,848.39,0.06,-1,-1,-1
72,-1,1185.53,388.29,29.07,52.32,0.06,-1,-1,-1
72,-1,885.93,535.65,28.70,69.99,0.05,-1,-1,-1
73,-1,14.63,681.69,94.28,46.51,0.89,-1,-1,-1
73,-1,49.65,562.77,89.14,49.97,0.89,-1,-1,-1
73,-1,28.63,611.43,96.32,54.20,0.68,-1,-1,-1
73,-1,354.81,134.88,67.18,78.93,0.56,-1,-1,-1
73,-1,355.22,135.24,67.04,78.82,0.49,-1,-1,-1
73,-1,1050.96,820.30,37.24,54.40,0.44,-1,-1,-1
73,-1,521.56,303.58,68.60,75.55,0.35,-1,-1,-1
73,-1,390.07,16.69,88.28,66.94,0.33,-1,-1,-1
73,-1,579.21,438.56,41.86,43.95,0.31,-1,-1,-1
73,-1,326.07,54.20,87.05,92.36,0.24,-1,-1,-1
73,-1,405.25,716.49,83.04,88.25,0.22,-1,-1,-1
73,-1,412.96,491.90,97.08,106.36,0.22,-1,-1,-1
73,-1,0.88,273.72,797.87,811.57,0.20,-1,-1,-1
73,-1,558.18,307.71,41.12,49.71,0.20,-1,-1,-1
73,-1,1064.54,847.07,21.97,27.62,0.19,-1,-1,-1
73,-1,412.19,490.05,64.63,92.68,0.18,-1,-1,-1
73,-1,392.17,699.27,101.24,112.03,0.15,-1,-1,-1
73,-1,566.17,255.14,58.04,80.68,0.15,-1,-1,-1
73,-1,607.23,207.39,91.01,80.96,0.14,-1,-1,-1
73,-1,372.14,1.19,822.44,807.94,0.12,-1,-1,-1
73,-1,0.56,0.47,33.64,55.65,0.12,-1,-1,-1
73,-1,733.79,1024.12,57.79,53.63,0.11,-1,-1,-1
73,-1,290.82,43.72,54.64,56.73,0.10,-1,-1,-1
73,-1,579.83,438.51,40.17,44.49,0.10,-1,-1,-1
73,-1,412.62,489.97,66.13,98.15,0.09,-1,-1,-1
73,-1,139.77,0.66,88.75,66.76,0.08,-1,-1,-1
73,-1,391.88,699.77,101.04,111.46,0.08,-1,-1,-1
73,-1,610.56,258.22,35.85,77.64,0.07,-1,-1,-1
73,-1,611.74,510.49,37.65,31.79,0.07,-1,-1,-1
73,-1,464.96,499.77,41.99,40.38,0.07,-1,-1,-1
73,-1,611.91,510.37,37.28,31.50,0.06,-1,-1,-1
73,-1,310.85,40.47,101.72,106.74,0.06,-1,-1,-1
73,-1,50.43,-0.87,823.36,779.47,0.06,-1,-1,-1
73,-1,466.36,305.25,139.09,116.39,0.06,-1,-1,-1
73,-1,209.04,767.36,98.93,118.09,0.06,-1,-1,-1
73,-1,143.40,29.10,17.30,39.14,0.05,-1,-1,-1
73,-1,466.11,308.65,137.05,113.04,0.05,-1,-1,-1
73,-1,170.56,436.74,8.41,10.51,0.05,-1,-1,-1
73,-1,733.28,1050.66,30.96,27.78,0.05,-1,-1,-1
