1,-1,1657.98,1095.10,73.68,45.73,0.91,-1,-1,-1
1,-1,1612.72,1028.30,65.89,37.18,0.88,-1,-1,-1
1,-1,1708.12,1108.27,19.11,23.49,0.74,-1,-1,-1
1,-1,28.40,626.76,143.60,54.34,0.67,-1,-1,-1
1,-1,1626.91,1009.21,35.31,39.20,0.67,-1,-1,-1
1,-1,2161.33,752.75,36.82,11.80,0.57,-1,-1,-1
1,-1,660.32,737.80,28.90,10.26,0.45,-1,-1,-1
1,-1,1266.75,800.35,14.51,11.80,0.43,-1,-1,-1
1,-1,821.01,760.03,48.93,19.58,0.35,-1,-1,-1
1,-1,1289.43,803.02,15.87,11.70,0.30,-1,-1,-1
1,-1,616.05,443.53,12.56,13.43,0.29,-1,-1,-1
1,-1,1656.77,1034.85,14.49,18.65,0.25,-1,-1,-1
1,-1,628.41,441.34,11.06,15.17,0.21,-1,-1,-1
1,-1,1302.44,806.15,49.24,12.66,0.20,-1,-1,-1
1,-1,818.08,747.24,9.17,17.81,0.15,-1,-1,-1
1,-1,603.85,442.92,8.97,14.02,0.14,-1,-1,-1
1,-1,1627.57,1008.86,19.23,20.67,0.13,-1,-1,-1
1,-1,1517.25,842.77,29.03,11.30,0.11,-1,-1,-1
1,-1,1796.06,460.93,15.42,32.22,0.10,-1,-1,-1
1,-1,145.70,659.68,48.38,27.31,0.08,-1,-1,-1
1,-1,636.33,735.38,28.34,15.87,0.07,-1,-1,-1
1,-1,635.69,742.99,22.78,10.31,0.07,-1,-1,-1
1,-1,548.68,704.45,76.14,39.23,0.07,-1,-1,-1
1,-1,1628.10,1024.47,20.10,19.82,0.07,-1,-1,-1
1,-1,2337.08,741.15,26.77,9.30,0.06,-1,-1,-1
1,-1,2306.90,737.85,56.79,13.29,0.06,-1,-1,-1
1,-1,1514.25,843.00,33.70,11.08,0.06,-1,-1,-1
1,-1,709.05,752.00,31.23,18.68,0.05,-1,-1,-1
1,-1,2159.52,696.30,15.04,9.01,0.05,-1,-1,-1
2,-1,1671.52,1088.28,73.73,45.24,0.88,-1,-1,-1
2,-1,1630.36,1020.71,63.96,34.91,0.69,-1,-1,-1
2,-1,1720.89,1101.44,22.75,24.01,0.57,-1,-1,-1
2,-1,1630.72,1015.21,54.84,34.64,0.52,-1,-1,-1
2,-1,72.11,615.76,143.88,57.61,0.39,-1,-1,-1
2,-1,696.52,730.35,28.06,10.50,0.26,-1,-1,-1
2,-1,576.90,686.95,83.77,50.90,0.23,-1,-1,-1
2,-1,1073.20,1139.06,20.00,11.34,0.17,-1,-1,-1
2,-1,2198.59,752.98,36.67,12.00,0.15,-1,-1,-1
2,-1,670.45,434.65,10.37,16.31,0.14,-1,-1,-1
2,-1,658.50,437.60,12.35,14.21,0.14,-1,-1,-1
2,-1,847.61,738.94,40.24,32.09,0.13,-1,-1,-1
2,-1,1669.85,1032.06,19.97,15.31,0.12,-1,-1,-1
2,-1,858.07,699.09,19.60,27.04,0.12,-1,-1,-1
2,-1,1320.22,799.04,62.81,15.57,0.10,-1,-1,-1
2,-1,191.12,649.47,32.17,27.34,0.10,-1,-1,-1
2,-1,671.95,727.55,24.34,17.99,0.08,-1,-1,-1
2,-1,671.79,727.48,24.87,18.02,0.08,-1,-1,-1
2,-1,847.06,699.07,30.67,27.38,0.07,-1,-1,-1
2,-1,15.77,559.37,28.18,12.66,0.06,-1,-1,-1
3,-1,1655.51,1079.54,70.28,47.57,0.88,-1,-1,-1
3,-1,1616.65,1012.26,64.68,36.35,0.86,-1,-1,-1
3,-1,1707.73,1092.24,17.30,24.77,0.63,-1,-1,-1
3,-1,1634.71,1010.11,16.23,20.42,0.62,-1,-1,-1
3,-1,13.98,553.84,27.57,12.22,0.47,-1,-1,-1
3,-1,2373.71,741.98,25.30,8.86,0.44,-1,-1,-1
3,-1,1656.30,1023.27,16.18,15.77,0.43,-1,-1,-1
3,-1,1317.13,795.45,62.15,15.66,0.43,-1,-1,-1
3,-1,843.90,748.01,37.99,18.99,0.40,-1,-1,-1
3,-1,657.48,433.03,12.15,14.34,0.26,-1,-1,-1
3,-1,694.58,725.60,26.44,10.26,0.21,-1,-1,-1
3,-1,669.74,430.72,10.02,16.00,0.17,-1,-1,-1
3,-1,71.53,612.90,141.74,52.39,0.16,-1,-1,-1
3,-1,839.67,734.71,13.07,17.08,0.16,-1,-1,-1
3,-1,577.71,687.63,78.86,44.01,0.14,-1,-1,-1
3,-1,470.01,707.09,821.20,820.95,0.13,-1,-1,-1
3,-1,1654.12,1009.92,16.04,23.98,0.13,-1,-1,-1
3,-1,188.22,645.18,31.27,24.76,0.11,-1,-1,-1
3,-1,452.62,420.22,18.33,34.27,0.10,-1,-1,-1
3,-1,2572.03,0.56,147.44,67.34,0.10,-1,-1,-1
3,-1,573.36,686.48,84.73,45.98,0.09,-1,-1,-1
3,-1,2195.06,752.83,34.83,10.93,0.06,-1,-1,-1
3,-1,1293.75,791.59,14.87,10.56,0.05,-1,-1,-1
3,-1,1293.99,791.57,14.62,10.43,0.05,-1,-1,-1
4,-1,1645.32,1069.50,66.55,46.57,0.91,-1,-1,-1
4,-1,1610.37,1002.41,61.27,41.86,0.81,-1,-1,-1
4,-1,1692.38,1084.11,18.92,23.36,0.73,-1,-1,-1
4,-1,836.63,742.40,41.41,19.45,0.69,-1,-1,-1
4,-1,2371.52,740.47,25.67,9.20,0.55,-1,-1,-1
4,-1,657.12,428.66,11.79,14.71,0.55,-1,-1,-1
4,-1,13.51,548.69,27.93,12.43,0.53,-1,-1,-1
4,-1,669.18,426.94,10.53,16.29,0.47,-1,-1,-1
4,-1,1292.68,788.28,14.81,12.23,0.40,-1,-1,-1
4,-1,832.44,729.76,9.22,22.18,0.39,-1,-1,-1
4,-1,1616.78,997.78,32.92,29.46,0.36,-1,-1,-1
4,-1,694.18,721.12,26.45,10.56,0.33,-1,-1,-1
4,-1,645.02,423.52,10.15,20.07,0.27,-1,-1,-1
4,-1,2193.01,749.95,35.56,11.48,0.24,-1,-1,-1
4,-1,1652.03,1015.39,13.37,17.35,0.22,-1,-1,-1
4,-1,852.69,683.92,21.04,34.25,0.17,-1,-1,-1
4,-1,77.59,607.47,134.97,52.25,0.17,-1,-1,-1
4,-1,630.02,437.19,9.53,14.26,0.15,-1,-1,-1
4,-1,172.22,700.84,9.12,21.04,0.13,-1,-1,-1
4,-1,1324.64,794.20,52.69,14.23,0.12,-1,-1,-1
4,-1,451.30,413.07,117.79,88.77,0.12,-1,-1,-1
4,-1,1315.34,791.29,14.81,11.93,0.10,-1,-1,-1
4,-1,650.98,425.71,11.18,17.04,0.10,-1,-1,-1
4,-1,451.21,412.73,118.21,89.30,0.10,-1,-1,-1
4,-1,402.83,743.42,825.61,787.90,0.08,-1,-1,-1
4,-1,658.34,718.70,63.39,14.75,0.08,-1,-1,-1
4,-1,574.01,685.99,82.57,41.54,0.08,-1,-1,-1
4,-1,874.86,741.55,8.40,12.03,0.07,-1,-1,-1
4,-1,451.60,411.83,117.91,90.60,0.06,-1,-1,-1
4,-1,655.92,722.23,35.49,13.21,0.06,-1,-1,-1
4,-1,612.79,640.47,12.50,10.04,0.06,-1,-1,-1
5,-1,1636.00,1062.64,66.61,44.23,0.89,-1,-1,-1
5,-1,1607.67,1003.22,60.22,37.78,0.87,-1,-1,-1
5,-1,830.69,736.48,40.74,20.76,0.81,-1,-1,-1
5,-1,1683.47,1076.02,19.50,22.97,0.77,-1,-1,-1
5,-1,1624.24,1000.04,30.30,26.60,0.59,-1,-1,-1
5,-1,656.97,426.64,12.16,13.07,0.47,-1,-1,-1
5,-1,13.39,544.99,27.34,11.76,0.40,-1,-1,-1
5,-1,694.25,717.36,26.01,10.12,0.40,-1,-1,-1
5,-1,1648.67,1010.73,15.42,17.17,0.31,-1,-1,-1
5,-1,741.74,731.92,28.37,19.15,0.29,-1,-1,-1
5,-1,2192.38,747.81,35.61,11.74,0.28,-1,-1,-1
5,-1,865.87,736.96,9.71,18.52,0.27,-1,-1,-1
5,-1,669.22,423.86,10.15,14.81,0.27,-1,-1,-1
5,-1,646.19,419.25,9.88,20.78,0.22,-1,-1,-1
5,-1,172.73,696.54,9.17,21.37,0.17,-1,-1,-1
5,-1,1292.37,785.21,15.17,12.61,0.17,-1,-1,-1
5,-1,630.51,433.18,9.36,16.41,0.16,-1,-1,-1
5,-1,2192.54,747.71,35.89,11.88,0.15,-1,-1,-1
5,-1,827.01,724.30,11.83,11.71,0.13,-1,-1,-1
5,-1,674.36,714.75,45.44,12.85,0.12,-1,-1,-1
5,-1,571.47,675.16,85.49,49.69,0.09,-1,-1,-1
5,-1,649.68,423.14,11.77,16.66,0.09,-1,-1,-1
5,-1,672.94,714.02,21.35,13.94,0.08,-1,-1,-1
5,-1,2192.82,748.18,35.41,11.59,0.08,-1,-1,-1
5,-1,826.92,724.42,12.04,11.72,0.08,-1,-1,-1
5,-1,190.98,651.16,10.06,28.16,0.06,-1,-1,-1
5,-1,73.97,603.60,138.56,51.54,0.06,-1,-1,-1
5,-1,602.17,432.49,10.40,17.08,0.06,-1,-1,-1
5,-1,1315.53,788.39,15.13,12.26,0.06,-1,-1,-1
5,-1,616.05,428.94,13.76,23.78,0.05,-1,-1,-1
5,-1,620.66,430.18,16.31,21.35,0.05,-1,-1,-1
6,-1,1612.44,1026.10,62.24,43.26,0.90,-1,-1,-1
6,-1,1611.24,979.67,64.07,34.86,0.87,-1,-1,-1
6,-1,814.83,708.56,40.48,22.87,0.84,-1,-1,-1
6,-1,1657.95,1039.66,16.78,21.56,0.72,-1,-1,-1
6,-1,1649.76,991.30,13.49,15.67,0.52,-1,-1,-1
6,-1,694.56,695.44,25.97,10.26,0.50,-1,-1,-1
6,-1,1627.80,977.37,24.10,24.58,0.49,-1,-1,-1
6,-1,846.43,712.50,9.56,21.31,0.43,-1,-1,-1
6,-1,2192.25,726.52,35.54,11.52,0.39,-1,-1,-1
6,-1,654.67,404.41,11.97,14.38,0.39,-1,-1,-1
6,-1,666.42,402.57,10.57,15.72,0.37,-1,-1,-1
6,-1,813.75,694.81,11.88,14.16,0.31,-1,-1,-1
6,-1,11.06,521.98,27.33,12.56,0.28,-1,-1,-1
6,-1,813.55,694.65,11.62,14.04,0.25,-1,-1,-1
6,-1,1293.36,763.15,14.75,10.81,0.18,-1,-1,-1
6,-1,79.79,579.68,132.69,54.82,0.16,-1,-1,-1
6,-1,2192.16,669.52,15.97,8.74,0.15,-1,-1,-1
6,-1,1621.66,940.96,9.73,13.41,0.14,-1,-1,-1
6,-1,627.45,411.45,9.91,15.28,0.13,-1,-1,-1
6,-1,642.84,401.91,9.30,17.72,0.11,-1,-1,-1
6,-1,671.12,691.65,22.88,11.87,0.10,-1,-1,-1
6,-1,571.22,651.70,86.06,49.42,0.07,-1,-1,-1
6,-1,572.74,658.87,83.67,41.64,0.07,-1,-1,-1
6,-1,273.41,518.49,12.41,9.46,0.06,-1,-1,-1
6,-1,846.34,652.24,57.99,43.31,0.05,-1,-1,-1
7,-1,1550.62,754.45,63.38,42.49,0.88,-1,-1,-1
7,-1,745.28,435.78,40.70,24.59,0.82,-1,-1,-1
7,-1,1614.59,737.67,67.82,34.73,0.76,-1,-1,-1
7,-1,1596.74,766.25,15.07,22.06,0.69,-1,-1,-1
7,-1,623.83,125.12,13.44,16.41,0.44,-1,-1,-1
7,-1,743.24,420.19,8.48,17.10,0.44,-1,-1,-1
7,-1,668.12,434.08,27.26,10.84,0.43,-1,-1,-1
7,-1,2215.09,468.57,37.79,12.06,0.36,-1,-1,-1
7,-1,636.18,124.07,10.75,17.30,0.32,-1,-1,-1
7,-1,1626.46,733.55,15.29,23.75,0.31,-1,-1,-1
7,-1,1635.12,734.00,14.11,23.13,0.30,-1,-1,-1
7,-1,1287.03,508.06,15.54,11.02,0.27,-1,-1,-1
7,-1,772.58,439.76,9.87,19.61,0.26,-1,-1,-1
7,-1,627.73,431.24,38.39,16.49,0.20,-1,-1,-1
7,-1,536.91,387.76,92.12,52.72,0.17,-1,-1,-1
7,-1,610.81,122.32,10.46,19.78,0.17,-1,-1,-1
7,-1,1616.55,734.59,20.33,23.28,0.16,-1,-1,-1
7,-1,594.83,134.05,11.20,14.90,0.16,-1,-1,-1
7,-1,1311.54,513.39,64.64,17.19,0.11,-1,-1,-1
7,-1,18.52,312.20,142.12,54.92,0.10,-1,-1,-1
7,-1,819.49,414.07,13.86,16.10,0.10,-1,-1,-1
7,-1,339.44,647.99,824.70,846.67,0.10,-1,-1,-1
7,-1,2697.53,1346.68,21.99,45.16,0.09,-1,-1,-1
7,-1,584.93,347.52,10.88,11.04,0.09,-1,-1,-1
7,-1,2399.25,459.92,26.30,8.76,0.08,-1,-1,-1
7,-1,140.48,346.20,33.09,28.66,0.08,-1,-1,-1
7,-1,227.69,244.43,13.41,10.48,0.08,-1,-1,-1
7,-1,1880.43,571.38,23.74,9.46,0.08,-1,-1,-1
7,-1,706.38,124.60,14.55,40.72,0.07,-1,-1,-1
7,-1,136.82,559.35,23.47,9.20,0.05,-1,-1,-1
8,-1,1549.89,784.31,59.79,46.35,0.91,-1,-1,-1
8,-1,710.14,448.10,47.37,25.66,0.88,-1,-1,-1
8,-1,1590.30,797.47,17.47,23.08,0.71,-1,-1,-1
8,-1,1633.42,778.93,63.03,31.97,0.69,-1,-1,-1
8,-1,2243.22,481.08,38.92,12.41,0.62,-1,-1,-1
8,-1,708.82,432.90,11.06,15.86,0.62,-1,-1,-1
8,-1,1652.18,772.75,16.25,22.72,0.57,-1,-1,-1
8,-1,1308.80,530.97,67.36,17.47,0.44,-1,-1,-1
8,-1,740.83,452.17,10.86,17.56,0.44,-1,-1,-1
8,-1,645.18,449.11,27.84,10.82,0.43,-1,-1,-1
8,-1,1630.32,775.34,21.30,31.69,0.40,-1,-1,-1
8,-1,612.76,130.17,13.21,15.65,0.39,-1,-1,-1
8,-1,1646.45,767.56,10.54,19.38,0.33,-1,-1,-1
8,-1,0.63,301.93,121.82,85.87,0.29,-1,-1,-1
8,-1,1281.98,524.56,20.03,12.51,0.22,-1,-1,-1
8,-1,625.56,128.63,10.61,16.15,0.16,-1,-1,-1
8,-1,582.78,138.17,10.83,14.63,0.16,-1,-1,-1
8,-1,560.08,358.66,15.18,11.10,0.13,-1,-1,-1
8,-1,611.77,419.40,61.26,44.15,0.12,-1,-1,-1
8,-1,206.68,158.70,47.73,44.11,0.12,-1,-1,-1
8,-1,243.70,705.19,824.58,823.48,0.11,-1,-1,-1
8,-1,201.44,241.47,44.44,46.97,0.11,-1,-1,-1
8,-1,1630.27,775.35,17.02,16.26,0.10,-1,-1,-1
8,-1,599.44,130.08,8.67,17.30,0.08,-1,-1,-1
8,-1,551.01,299.21,55.76,9.72,0.07,-1,-1,-1
8,-1,2238.76,418.27,17.04,9.35,0.07,-1,-1,-1
8,-1,1630.13,767.30,27.36,25.64,0.06,-1,-1,-1
8,-1,99.02,359.32,36.57,27.57,0.06,-1,-1,-1
8,-1,202.14,254.23,13.33,10.04,0.05,-1,-1,-1
9,-1,1544.75,806.91,61.70,46.79,0.90,-1,-1,-1
9,-1,688.66,457.96,46.62,24.10,0.88,-1,-1,-1
9,-1,1587.38,821.83,19.67,23.50,0.77,-1,-1,-1
9,-1,685.65,442.83,9.91,23.27,0.65,-1,-1,-1
9,-1,1651.80,808.55,61.93,31.15,0.62,-1,-1,-1
9,-1,1269.12,537.61,28.41,15.34,0.57,-1,-1,-1
9,-1,1637.47,794.66,26.44,39.61,0.44,-1,-1,-1
9,-1,627.03,459.78,29.79,11.60,0.43,-1,-1,-1
9,-1,1659.96,797.41,15.51,23.49,0.43,-1,-1,-1
9,-1,604.87,132.73,13.11,16.02,0.37,-1,-1,-1
9,-1,183.20,258.93,14.07,10.44,0.32,-1,-1,-1
9,-1,2452.56,478.58,27.70,9.75,0.27,-1,-1,-1
9,-1,1913.31,606.50,26.26,10.60,0.26,-1,-1,-1
9,-1,2259.36,489.78,40.70,13.73,0.23,-1,-1,-1
9,-1,1305.88,542.01,67.67,19.89,0.21,-1,-1,-1
9,-1,475.67,409.01,111.40,57.24,0.20,-1,-1,-1
9,-1,722.06,460.95,12.76,17.52,0.18,-1,-1,-1
9,-1,0.72,333.82,94.02,60.82,0.18,-1,-1,-1
9,-1,2695.66,152.15,23.92,79.20,0.15,-1,-1,-1
9,-1,0.59,701.22,795.04,827.92,0.15,-1,-1,-1
9,-1,618.23,131.84,9.79,15.47,0.12,-1,-1,-1
9,-1,1305.70,542.06,68.55,19.86,0.12,-1,-1,-1
9,-1,664.80,490.35,13.42,10.28,0.12,-1,-1,-1
9,-1,677.38,475.89,34.32,19.60,0.10,-1,-1,-1
9,-1,1649.78,794.17,15.03,23.41,0.10,-1,-1,-1
9,-1,1328.97,547.06,46.42,13.37,0.09,-1,-1,-1
9,-1,582.86,455.96,47.24,13.31,0.09,-1,-1,-1
9,-1,439.92,351.26,10.61,22.53,0.09,-1,-1,-1
9,-1,250.04,115.52,23.19,34.61,0.09,-1,-1,-1
9,-1,2252.49,425.63,17.51,9.75,0.07,-1,-1,-1
9,-1,576.55,428.63,82.22,43.37,0.07,-1,-1,-1
9,-1,2252.52,425.53,18.05,9.66,0.07,-1,-1,-1
9,-1,547.49,365.65,13.12,11.46,0.06,-1,-1,-1
9,-1,575.22,143.49,10.65,14.77,0.06,-1,-1,-1
9,-1,654.69,1011.75,11.01,25.21,0.06,-1,-1,-1
9,-1,386.68,112.23,128.39,102.99,0.06,-1,-1,-1
9,-1,645.74,1011.84,9.49,18.79,0.06,-1,-1,-1
9,-1,2111.69,436.16,16.75,8.47,0.05,-1,-1,-1
9,-1,276.15,616.41,823.38,848.94,0.05,-1,-1,-1
10,-1,1539.79,834.86,65.31,49.83,0.88,-1,-1,-1
10,-1,662.64,468.37,49.29,25.79,0.85,-1,-1,-1
10,-1,1580.73,849.03,22.05,26.33,0.73,-1,-1,-1
10,-1,659.34,453.13,10.81,18.83,0.62,-1,-1,-1
10,-1,1642.91,827.57,26.58,27.43,0.55,-1,-1,-1
10,-1,1640.14,831.89,80.18,43.83,0.54,-1,-1,-1
10,-1,1666.45,830.83,17.00,23.92,0.49,-1,-1,-1
10,-1,607.11,472.75,30.11,11.15,0.46,-1,-1,-1
10,-1,2277.40,501.20,40.99,13.54,0.42,-1,-1,-1
10,-1,695.31,472.89,11.50,14.79,0.37,-1,-1,-1
10,-1,594.45,136.49,13.12,15.27,0.25,-1,-1,-1
10,-1,581.53,469.20,29.85,12.06,0.16,-1,-1,-1
10,-1,24.48,377.54,57.60,33.74,0.15,-1,-1,-1
10,-1,179.53,704.14,825.58,824.45,0.14,-1,-1,-1
10,-1,17.80,451.27,9.98,22.29,0.14,-1,-1,-1
10,-1,1316.27,562.88,50.14,14.06,0.13,-1,-1,-1
10,-1,1508.57,519.79,51.18,39.92,0.12,-1,-1,-1
10,-1,2704.84,163.61,14.61,98.07,0.12,-1,-1,-1
10,-1,1275.24,551.34,16.95,12.64,0.12,-1,-1,-1
10,-1,457.50,451.26,107.05,27.96,0.11,-1,-1,-1
10,-1,1658.26,826.96,12.18,22.72,0.09,-1,-1,-1
10,-1,2267.59,433.28,18.23,10.15,0.09,-1,-1,-1
10,-1,563.08,144.49,10.62,16.04,0.09,-1,-1,-1
10,-1,112.48,418.44,11.09,13.74,0.08,-1,-1,-1
10,-1,1642.60,833.63,16.52,17.09,0.07,-1,-1,-1
10,-1,1548.31,518.31,31.32,22.45,0.07,-1,-1,-1
10,-1,1520.71,496.22,44.48,23.56,0.07,-1,-1,-1
10,-1,606.35,135.75,10.49,14.72,0.07,-1,-1,-1
10,-1,1642.31,833.95,17.01,16.96,0.06,-1,-1,-1
10,-1,580.11,135.60,8.87,18.20,0.06,-1,-1,-1
10,-1,1488.27,520.28,30.48,26.51,0.05,-1,-1,-1
10,-1,568.66,442.41,68.39,42.38,0.05,-1,-1,-1
11,-1,632.39,482.71,52.02,23.71,0.88,-1,-1,-1
11,-1,1534.07,866.23,64.59,53.69,0.86,-1,-1,-1
11,-1,1577.17,884.49,19.68,25.33,0.72,-1,-1,-1
11,-1,1648.61,870.47,83.94,45.89,0.68,-1,-1,-1
11,-1,629.03,465.62,9.95,27.61,0.68,-1,-1,-1
11,-1,1648.12,867.41,26.16,29.59,0.58,-1,-1,-1
11,-1,582.50,141.18,14.71,15.80,0.58,-1,-1,-1
11,-1,582.78,487.24,30.18,11.69,0.56,-1,-1,-1
11,-1,1294.74,574.34,72.55,19.69,0.54,-1,-1,-1
11,-1,667.00,485.27,9.52,13.54,0.39,-1,-1,-1
11,-1,1667.18,868.17,22.87,25.76,0.36,-1,-1,-1
11,-1,349.75,120.05,139.58,106.02,0.32,-1,-1,-1
11,-1,2296.99,513.81,41.87,14.17,0.26,-1,-1,-1
11,-1,569.30,140.57,9.29,17.42,0.19,-1,-1,-1
11,-1,2283.88,443.75,17.99,10.12,0.16,-1,-1,-1
11,-1,1267.31,568.77,17.70,13.21,0.14,-1,-1,-1
11,-1,1839.02,209.75,15.93,14.11,0.14,-1,-1,-1
11,-1,595.33,139.22,10.36,16.57,0.14,-1,-1,-1
11,-1,538.93,483.26,44.57,14.19,0.11,-1,-1,-1
11,-1,552.18,152.29,9.88,13.03,0.10,-1,-1,-1
11,-1,547.68,484.38,64.73,14.04,0.09,-1,-1,-1
11,-1,535.96,455.60,77.84,45.33,0.08,-1,-1,-1
11,-1,1939.19,645.63,27.74,10.99,0.08,-1,-1,-1
11,-1,1450.97,544.68,41.85,32.24,0.08,-1,-1,-1
11,-1,349.89,122.04,140.85,103.89,0.07,-1,-1,-1
11,-1,2297.11,514.59,40.74,13.18,0.07,-1,-1,-1
11,-1,1982.51,198.56,9.64,8.73,0.06,-1,-1,-1
11,-1,8.63,223.91,10.76,22.65,0.06,-1,-1,-1
11,-1,427.04,440.83,111.86,53.41,0.06,-1,-1,-1
11,-1,713.00,633.43,25.70,12.42,0.06,-1,-1,-1
11,-1,2498.23,500.49,29.82,10.78,0.05,-1,-1,-1
12,-1,1527.18,900.91,65.44,56.78,0.92,-1,-1,-1
12,-1,600.19,496.88,41.89,24.24,0.84,-1,-1,-1
12,-1,1567.42,920.28,23.36,26.80,0.72,-1,-1,-1
12,-1,1650.70,911.47,90.50,48.90,0.72,-1,-1,-1
12,-1,556.91,503.71,31.26,11.13,0.64,-1,-1,-1
12,-1,1679.17,909.68,16.44,27.24,0.53,-1,-1,-1
12,-1,597.54,480.17,11.08,19.14,0.43,-1,-1,-1
12,-1,571.88,145.41,14.26,17.96,0.40,-1,-1,-1
12,-1,1290.56,595.05,70.02,18.04,0.32,-1,-1,-1
12,-1,1669.44,907.47,14.41,26.73,0.29,-1,-1,-1
12,-1,1651.50,909.55,29.49,26.64,0.27,-1,-1,-1
12,-1,390.54,464.88,122.81,45.12,0.27,-1,-1,-1
12,-1,1651.93,914.85,21.91,35.61,0.26,-1,-1,-1
12,-1,636.73,500.06,11.96,17.80,0.19,-1,-1,-1
12,-1,6.37,225.90,9.13,14.79,0.15,-1,-1,-1
12,-1,33.67,225.05,9.50,13.99,0.12,-1,-1,-1
12,-1,557.60,147.40,8.79,17.43,0.11,-1,-1,-1
12,-1,112.84,282.99,11.76,9.94,0.11,-1,-1,-1
12,-1,1951.49,667.72,29.39,10.39,0.11,-1,-1,-1
12,-1,539.82,157.84,10.12,11.70,0.09,-1,-1,-1
12,-1,2521.56,514.45,31.27,10.73,0.09,-1,-1,-1
12,-1,2315.52,527.71,42.40,13.34,0.08,-1,-1,-1
12,-1,682.40,655.95,31.03,16.68,0.06,-1,-1,-1
12,-1,130.16,295.27,8.80,11.64,0.05,-1,-1,-1
13,-1,1511.18,944.22,72.54,61.49,0.91,-1,-1,-1
13,-1,562.90,517.95,45.64,24.82,0.85,-1,-1,-1
13,-1,1649.05,969.53,114.03,47.22,0.77,-1,-1,-1
13,-1,1558.26,968.29,23.96,26.88,0.76,-1,-1,-1
13,-1,560.49,499.98,9.32,20.91,0.68,-1,-1,-1
13,-1,524.60,525.60,32.98,11.74,0.67,-1,-1,-1
13,-1,1684.32,963.73,17.50,30.20,0.60,-1,-1,-1
13,-1,579.52,543.57,34.22,21.57,0.59,-1,-1,-1
13,-1,2334.77,547.27,43.93,15.72,0.59,-1,-1,-1
13,-1,598.63,520.40,13.79,22.27,0.55,-1,-1,-1
13,-1,1245.74,610.84,21.40,17.76,0.53,-1,-1,-1
13,-1,347.56,480.07,133.87,53.16,0.49,-1,-1,-1
13,-1,1276.59,615.65,19.15,18.62,0.42,-1,-1,-1
13,-1,1662.19,964.08,22.31,43.77,0.37,-1,-1,-1
13,-1,557.98,156.42,14.94,16.71,0.28,-1,-1,-1
13,-1,1293.06,621.87,59.54,16.25,0.17,-1,-1,-1
13,-1,365.70,475.51,112.47,31.82,0.14,-1,-1,-1
13,-1,1292.71,621.73,57.15,16.67,0.14,-1,-1,-1
13,-1,2314.14,468.68,19.26,11.32,0.13,-1,-1,-1
13,-1,1669.53,963.07,15.83,18.30,0.12,-1,-1,-1
13,-1,473.77,521.34,54.36,14.84,0.10,-1,-1,-1
13,-1,1442.66,583.76,41.43,32.24,0.07,-1,-1,-1
13,-1,1651.01,960.27,36.52,33.75,0.07,-1,-1,-1
13,-1,1292.07,623.11,22.23,14.12,0.06,-1,-1,-1
13,-1,1676.46,964.02,16.92,26.32,0.06,-1,-1,-1
13,-1,526.49,168.36,9.68,11.95,0.06,-1,-1,-1
13,-1,146.45,699.73,824.68,830.94,0.06,-1,-1,-1
13,-1,510.83,647.28,23.30,13.59,0.05,-1,-1,-1
13,-1,543.76,157.82,8.75,16.17,0.05,-1,-1,-1
13,-1,1986.63,209.71,10.46,8.38,0.05,-1,-1,-1
14,-1,1495.02,988.90,75.19,64.57,0.90,-1,-1,-1
14,-1,525.22,539.84,45.61,23.51,0.82,-1,-1,-1
14,-1,1647.76,1023.19,125.31,47.38,0.82,-1,-1,-1
14,-1,311.62,497.36,138.65,61.00,0.80,-1,-1,-1
14,-1,1543.90,1013.50,23.84,30.39,0.72,-1,-1,-1
14,-1,520.83,522.09,10.71,20.00,0.67,-1,-1,-1
14,-1,493.76,548.76,33.58,12.70,0.57,-1,-1,-1
14,-1,1663.55,1014.51,19.55,33.98,0.49,-1,-1,-1
14,-1,565.60,539.12,12.56,27.40,0.48,-1,-1,-1
14,-1,1691.17,1020.80,22.86,27.00,0.42,-1,-1,-1
14,-1,1230.24,635.38,24.48,15.98,0.36,-1,-1,-1
14,-1,1264.06,645.29,79.03,18.57,0.36,-1,-1,-1
14,-1,2350.73,566.29,44.44,16.34,0.35,-1,-1,-1
14,-1,38.11,333.54,18.58,13.34,0.28,-1,-1,-1
14,-1,311.68,497.14,138.23,61.29,0.18,-1,-1,-1
14,-1,369.17,447.98,24.58,11.89,0.17,-1,-1,-1
14,-1,439.90,544.36,57.28,19.14,0.17,-1,-1,-1
14,-1,2350.78,566.50,43.71,15.81,0.16,-1,-1,-1
14,-1,557.91,695.65,54.19,20.54,0.15,-1,-1,-1
14,-1,1265.24,640.88,21.32,10.27,0.13,-1,-1,-1
14,-1,51.60,313.97,15.14,8.90,0.13,-1,-1,-1
14,-1,2326.64,485.53,19.74,10.39,0.12,-1,-1,-1
14,-1,432.88,432.17,15.83,12.95,0.11,-1,-1,-1
14,-1,1264.78,645.12,77.06,19.18,0.11,-1,-1,-1
14,-1,461.15,543.59,65.91,17.70,0.10,-1,-1,-1
14,-1,1678.57,1022.61,18.11,23.93,0.06,-1,-1,-1
14,-1,544.87,169.87,15.75,15.65,0.06,-1,-1,-1
14,-1,2350.99,566.12,43.68,15.58,0.06,-1,-1,-1
14,-1,440.46,512.83,88.58,52.10,0.06,-1,-1,-1
14,-1,511.97,181.53,11.09,14.29,0.05,-1,-1,-1
15,-1,1477.50,1018.44,75.28,72.20,0.90,-1,-1,-1
15,-1,1640.58,1068.15,134.91,47.27,0.85,-1,-1,-1
15,-1,492.74,556.12,48.19,23.37,0.85,-1,-1,-1
15,-1,487.49,538.71,12.99,28.34,0.78,-1,-1,-1
15,-1,1524.78,1047.52,26.55,30.56,0.75,-1,-1,-1
15,-1,282.82,514.00,141.27,59.76,0.74,-1,-1,-1
15,-1,1678.81,1062.02,22.73,29.30,0.67,-1,-1,-1
15,-1,469.66,565.96,32.90,12.28,0.54,-1,-1,-1
15,-1,534.86,555.93,12.52,23.16,0.53,-1,-1,-1
15,-1,1661.34,1065.27,18.50,26.26,0.51,-1,-1,-1
15,-1,1253.12,659.24,79.35,24.54,0.42,-1,-1,-1
15,-1,536.50,177.28,14.20,15.74,0.25,-1,-1,-1
15,-1,282.94,513.62,140.94,60.07,0.19,-1,-1,-1
15,-1,419.78,561.22,53.87,18.39,0.19,-1,-1,-1
15,-1,1207.52,652.99,35.92,17.62,0.19,-1,-1,-1
15,-1,2360.78,580.72,46.64,15.83,0.18,-1,-1,-1
15,-1,500.02,187.40,12.04,14.07,0.15,-1,-1,-1
15,-1,528.56,717.44,55.85,23.65,0.15,-1,-1,-1
15,-1,416.36,530.27,88.10,52.61,0.11,-1,-1,-1
15,-1,1976.96,746.74,31.34,13.13,0.11,-1,-1,-1
15,-1,2360.81,580.75,46.36,16.20,0.11,-1,-1,-1
15,-1,30.29,324.40,14.95,10.19,0.11,-1,-1,-1
15,-1,14.65,345.78,21.08,12.95,0.10,-1,-1,-1
15,-1,51.23,704.09,827.04,822.70,0.09,-1,-1,-1
15,-1,84.76,705.61,823.77,821.48,0.08,-1,-1,-1
15,-1,132.25,417.38,31.21,23.51,0.07,-1,-1,-1
15,-1,435.10,488.34,786.93,849.88,0.07,-1,-1,-1
15,-1,521.77,177.43,8.53,17.19,0.07,-1,-1,-1
15,-1,1252.95,659.26,79.31,24.85,0.06,-1,-1,-1
15,-1,1361.05,670.42,829.84,857.17,0.06,-1,-1,-1
15,-1,435.97,482.62,781.58,821.98,0.05,-1,-1,-1
15,-1,505.77,604.76,14.89,11.88,0.05,-1,-1,-1
15,-1,1987.90,224.28,10.08,7.99,0.05,-1,-1,-1
16,-1,1453.04,1038.51,77.09,71.09,0.91,-1,-1,-1
16,-1,1628.95,1100.73,138.44,42.23,0.84,-1,-1,-1
16,-1,458.20,549.54,12.99,28.82,0.77,-1,-1,-1
16,-1,1500.91,1067.59,26.20,30.77,0.76,-1,-1,-1
16,-1,259.86,523.99,143.93,62.81,0.72,-1,-1,-1
16,-1,1671.86,1091.75,21.75,29.57,0.67,-1,-1,-1
16,-1,511.62,568.40,11.80,20.47,0.58,-1,-1,-1
16,-1,1646.42,1090.11,25.97,35.84,0.51,-1,-1,-1
16,-1,469.11,565.69,59.25,26.48,0.49,-1,-1,-1
16,-1,2364.22,591.38,45.66,16.61,0.47,-1,-1,-1
16,-1,1211.08,666.16,20.31,14.60,0.42,-1,-1,-1
16,-1,528.77,181.32,14.71,17.27,0.37,-1,-1,-1
16,-1,13.52,332.51,15.17,10.79,0.23,-1,-1,-1
16,-1,390.71,454.54,23.16,12.91,0.23,-1,-1,-1
16,-1,1568.00,396.34,21.80,9.51,0.22,-1,-1,-1
16,-1,1255.73,680.05,66.77,15.72,0.18,-1,-1,-1
16,-1,1974.89,762.99,32.11,12.38,0.17,-1,-1,-1
16,-1,451.18,576.87,31.86,13.53,0.17,-1,-1,-1
16,-1,1278.55,677.85,12.79,9.01,0.16,-1,-1,-1
16,-1,1193.84,665.43,38.02,18.06,0.16,-1,-1,-1
16,-1,13.63,332.21,15.08,10.68,0.16,-1,-1,-1
16,-1,1242.06,672.21,22.58,16.84,0.16,-1,-1,-1
16,-1,513.45,182.49,9.01,17.54,0.13,-1,-1,-1
16,-1,492.84,194.50,11.30,12.60,0.12,-1,-1,-1
16,-1,0.31,352.33,19.09,14.46,0.11,-1,-1,-1
16,-1,43.69,329.79,13.93,10.72,0.11,-1,-1,-1
16,-1,1266.77,677.73,15.76,9.28,0.10,-1,-1,-1
16,-1,1649.56,1090.72,21.51,19.19,0.10,-1,-1,-1
16,-1,296.94,208.47,9.48,14.03,0.09,-1,-1,-1
16,-1,492.75,194.90,11.13,12.15,0.09,-1,-1,-1
16,-1,505.53,734.58,54.64,24.17,0.08,-1,-1,-1
16,-1,2548.33,216.10,82.86,17.72,0.07,-1,-1,-1
16,-1,16.24,642.22,835.86,858.49,0.07,-1,-1,-1
16,-1,328.91,470.35,25.11,12.64,0.07,-1,-1,-1
16,-1,392.84,542.33,89.01,53.39,0.06,-1,-1,-1
16,-1,1243.90,675.62,78.81,20.14,0.06,-1,-1,-1
16,-1,316.64,210.17,13.77,20.87,0.06,-1,-1,-1
16,-1,410.17,180.74,19.88,35.34,0.06,-1,-1,-1
16,-1,260.08,523.70,143.15,62.92,0.05,-1,-1,-1
16,-1,1243.00,676.42,34.05,16.05,0.05,-1,-1,-1
16,-1,395.33,571.38,87.36,23.18,0.05,-1,-1,-1
17,-1,1424.51,1045.90,79.76,70.79,0.90,-1,-1,-1
17,-1,1613.52,1118.12,142.55,37.95,0.83,-1,-1,-1
17,-1,1475.17,1073.99,25.72,31.18,0.78,-1,-1,-1
17,-1,1629.54,1105.38,26.27,31.77,0.75,-1,-1,-1
17,-1,242.93,529.75,143.90,64.00,0.74,-1,-1,-1
17,-1,1658.83,1107.32,21.72,29.41,0.70,-1,-1,-1
17,-1,492.10,574.52,12.38,22.39,0.69,-1,-1,-1
17,-1,1197.83,672.75,22.33,16.69,0.52,-1,-1,-1
17,-1,2360.37,596.69,46.59,17.26,0.50,-1,-1,-1
17,-1,437.14,555.54,14.56,28.64,0.48,-1,-1,-1
17,-1,451.00,569.64,59.61,29.01,0.39,-1,-1,-1
17,-1,376.29,458.58,24.37,14.03,0.34,-1,-1,-1
17,-1,522.22,184.28,14.87,17.31,0.33,-1,-1,-1
17,-1,1228.79,678.80,81.82,24.28,0.30,-1,-1,-1
17,-1,1228.94,678.82,82.33,24.38,0.19,-1,-1,-1
17,-1,1525.57,751.91,36.00,14.60,0.17,-1,-1,-1
17,-1,486.92,196.74,10.13,12.39,0.17,-1,-1,-1
17,-1,1562.65,401.24,25.00,9.29,0.13,-1,-1,-1
17,-1,1330.89,693.10,30.90,8.54,0.13,-1,-1,-1
17,-1,379.37,548.76,89.86,53.33,0.12,-1,-1,-1
17,-1,379.70,548.48,89.46,54.09,0.12,-1,-1,-1
17,-1,2333.52,509.57,21.68,11.71,0.11,-1,-1,-1
17,-1,2359.68,596.79,46.97,16.77,0.11,-1,-1,-1
17,-1,433.46,583.97,34.33,11.64,0.10,-1,-1,-1
17,-1,284.05,210.30,38.51,15.72,0.09,-1,-1,-1
17,-1,1229.81,677.86,21.51,16.47,0.09,-1,-1,-1
17,-1,21.48,722.28,828.75,808.06,0.09,-1,-1,-1
17,-1,507.79,184.61,8.44,18.17,0.08,-1,-1,-1
17,-1,486.60,723.88,47.60,37.50,0.08,-1,-1,-1
17,-1,404.31,192.45,19.14,26.28,0.07,-1,-1,-1
17,-1,434.20,729.27,823.80,799.63,0.07,-1,-1,-1
17,-1,1984.91,232.16,9.76,8.40,0.06,-1,-1,-1
17,-1,23.92,608.78,823.97,858.38,0.06,-1,-1,-1
17,-1,404.16,192.53,18.70,26.32,0.06,-1,-1,-1
17,-1,1525.19,755.17,21.33,11.37,0.05,-1,-1,-1
18,-1,1400.30,1037.34,74.64,73.39,0.90,-1,-1,-1
18,-1,230.10,528.03,144.58,63.54,0.82,-1,-1,-1
18,-1,1600.46,1119.35,141.18,36.69,0.81,-1,-1,-1
18,-1,416.02,551.59,21.80,30.74,0.80,-1,-1,-1
18,-1,1602.54,1104.85,32.82,34.12,0.78,-1,-1,-1
18,-1,435.51,567.66,58.63,26.93,0.73,-1,-1,-1
18,-1,1638.25,1110.39,26.61,29.20,0.73,-1,-1,-1
18,-1,1450.55,1067.41,21.23,33.65,0.57,-1,-1,-1
18,-1,468.93,568.22,13.17,25.02,0.53,-1,-1,-1
18,-1,2352.07,597.69,47.14,16.19,0.42,-1,-1,-1
18,-1,2352.19,597.75,46.87,16.26,0.27,-1,-1,-1
18,-1,517.83,181.48,14.58,17.61,0.21,-1,-1,-1
18,-1,304.78,472.16,26.25,13.60,0.20,-1,-1,-1
18,-1,1226.34,682.90,72.87,19.61,0.20,-1,-1,-1
18,-1,2327.28,510.15,21.14,11.69,0.14,-1,-1,-1
18,-1,367.49,545.91,88.32,56.41,0.12,-1,-1,-1
18,-1,2288.61,566.03,28.88,8.05,0.11,-1,-1,-1
18,-1,481.24,192.96,12.06,14.80,0.10,-1,-1,-1
18,-1,209.08,720.22,828.21,810.99,0.10,-1,-1,-1
18,-1,422.04,582.01,32.55,11.65,0.09,-1,-1,-1
18,-1,1557.63,399.46,20.52,9.49,0.08,-1,-1,-1
18,-1,1982.20,232.15,10.09,8.33,0.08,-1,-1,-1
18,-1,1172.53,672.23,36.71,16.32,0.07,-1,-1,-1
18,-1,368.33,546.14,86.51,56.10,0.07,-1,-1,-1
18,-1,1.37,607.99,799.73,859.21,0.06,-1,-1,-1
18,-1,399.37,181.10,19.90,36.00,0.05,-1,-1,-1
18,-1,503.50,182.25,8.67,17.90,0.05,-1,-1,-1
19,-1,1322.13,934.60,64.76,65.98,0.87,-1,-1,-1
19,-1,213.78,462.03,144.84,65.69,0.84,-1,-1,-1
19,-1,1584.15,1060.60,134.75,33.44,0.75,-1,-1,-1
19,-1,1617.03,1046.85,29.84,29.65,0.71,-1,-1,-1
19,-1,1355.89,961.23,26.77,28.13,0.63,-1,-1,-1
19,-1,1567.93,1040.45,25.15,42.19,0.63,-1,-1,-1
19,-1,1216.36,629.24,64.65,17.63,0.49,-1,-1,-1
19,-1,403.51,484.72,20.37,47.07,0.48,-1,-1,-1
19,-1,2336.49,552.89,47.39,14.96,0.47,-1,-1,-1
19,-1,403.83,483.83,11.63,30.34,0.34,-1,-1,-1
19,-1,2561.16,538.60,35.34,10.73,0.25,-1,-1,-1
19,-1,373.20,653.37,22.19,14.69,0.23,-1,-1,-1
19,-1,410.59,502.47,57.92,25.49,0.22,-1,-1,-1
19,-1,1170.19,614.82,20.35,15.20,0.22,-1,-1,-1
19,-1,453.23,678.91,31.18,14.85,0.18,-1,-1,-1
19,-1,1583.49,1063.04,132.81,30.52,0.16,-1,-1,-1
19,-1,348.91,479.84,118.53,55.76,0.12,-1,-1,-1
19,-1,361.19,392.76,15.89,13.93,0.09,-1,-1,-1
19,-1,2520.40,529.52,48.85,11.68,0.09,-1,-1,-1
19,-1,512.30,119.09,14.31,18.20,0.09,-1,-1,-1
19,-1,350.57,482.35,117.91,52.12,0.08,-1,-1,-1
19,-1,1984.34,184.68,9.79,8.50,0.08,-1,-1,-1
19,-1,410.57,503.87,12.65,27.72,0.07,-1,-1,-1
19,-1,1200.04,621.24,23.30,18.44,0.06,-1,-1,-1
19,-1,290.13,409.10,25.49,12.40,0.06,-1,-1,-1
19,-1,75.73,340.07,39.84,17.44,0.06,-1,-1,-1
20,-1,210.86,411.13,145.33,61.37,0.81,-1,-1,-1
20,-1,1585.03,1005.44,136.48,36.69,0.81,-1,-1,-1
20,-1,1316.10,874.56,58.33,63.70,0.73,-1,-1,-1
20,-1,1569.30,982.66,26.96,38.44,0.69,-1,-1,-1
20,-1,1615.43,992.85,29.79,30.32,0.69,-1,-1,-1
20,-1,1170.06,562.18,20.76,18.05,0.65,-1,-1,-1
20,-1,398.94,429.45,12.31,41.57,0.55,-1,-1,-1
20,-1,1349.53,899.39,27.51,37.71,0.54,-1,-1,-1
20,-1,2339.14,501.11,46.63,15.88,0.49,-1,-1,-1
20,-1,7.48,678.26,811.02,850.37,0.27,-1,-1,-1
20,-1,1932.15,666.24,31.85,14.57,0.27,-1,-1,-1
20,-1,410.50,453.53,53.32,19.68,0.14,-1,-1,-1
20,-1,1300.45,584.51,33.81,8.76,0.13,-1,-1,-1
20,-1,1199.98,570.50,20.67,19.03,0.12,-1,-1,-1
20,-1,1213.98,577.37,66.16,17.51,0.12,-1,-1,-1
20,-1,2345.25,501.30,41.27,15.13,0.12,-1,-1,-1
20,-1,505.98,61.63,14.19,17.93,0.12,-1,-1,-1
20,-1,33.58,482.77,811.39,858.61,0.11,-1,-1,-1
20,-1,1206.51,576.54,67.61,18.11,0.11,-1,-1,-1
20,-1,348.99,427.89,92.93,55.52,0.11,-1,-1,-1
20,-1,1551.99,294.45,23.71,10.84,0.10,-1,-1,-1
20,-1,2319.35,412.66,20.83,10.84,0.09,-1,-1,-1
20,-1,1202.79,568.29,18.05,9.45,0.08,-1,-1,-1
20,-1,349.49,426.32,113.22,54.33,0.08,-1,-1,-1
20,-1,260.69,85.65,42.38,18.79,0.07,-1,-1,-1
20,-1,260.26,85.57,42.89,19.68,0.07,-1,-1,-1
20,-1,827.81,389.98,42.19,34.07,0.07,-1,-1,-1
20,-1,66.65,91.62,24.05,13.70,0.06,-1,-1,-1
20,-1,352.46,337.23,20.20,15.18,0.06,-1,-1,-1
20,-1,2367.19,483.58,12.63,7.83,0.05,-1,-1,-1
21,-1,1300.30,702.57,62.88,63.94,0.91,-1,-1,-1
21,-1,189.37,235.03,147.81,66.46,0.86,-1,-1,-1
21,-1,1584.95,843.34,136.19,41.14,0.85,-1,-1,-1
21,-1,383.85,257.03,12.87,33.58,0.79,-1,-1,-1
21,-1,2354.44,332.98,48.01,17.14,0.64,-1,-1,-1
21,-1,1615.27,833.42,29.59,30.86,0.63,-1,-1,-1
21,-1,1340.63,728.61,19.84,25.46,0.63,-1,-1,-1
21,-1,1939.22,500.37,31.96,16.94,0.54,-1,-1,-1
21,-1,1571.65,824.68,27.27,27.79,0.49,-1,-1,-1
21,-1,1166.15,394.66,21.25,20.56,0.30,-1,-1,-1
21,-1,1195.67,402.04,84.02,25.82,0.27,-1,-1,-1
21,-1,363.92,286.31,15.37,29.36,0.27,-1,-1,-1
21,-1,392.90,281.83,55.95,20.48,0.27,-1,-1,-1
21,-1,2337.31,243.81,21.30,11.58,0.19,-1,-1,-1
21,-1,1196.37,401.84,83.27,26.84,0.19,-1,-1,-1
21,-1,386.14,291.51,33.81,13.03,0.18,-1,-1,-1
21,-1,1574.38,826.97,71.80,35.67,0.13,-1,-1,-1
21,-1,2383.68,317.02,13.22,8.40,0.13,-1,-1,-1
21,-1,189.34,234.45,147.89,67.33,0.10,-1,-1,-1
21,-1,2585.10,318.21,35.76,12.48,0.08,-1,-1,-1
21,-1,338.30,161.31,13.47,15.93,0.08,-1,-1,-1
21,-1,2294.11,299.95,28.19,8.36,0.07,-1,-1,-1
21,-1,2337.40,243.57,21.21,11.68,0.06,-1,-1,-1
21,-1,2176.76,256.82,14.45,7.97,0.06,-1,-1,-1
21,-1,1759.54,0.12,83.90,118.90,0.05,-1,-1,-1
22,-1,167.53,134.89,152.10,68.44,0.87,-1,-1,-1
22,-1,1592.68,760.90,132.96,43.43,0.86,-1,-1,-1
22,-1,1290.69,612.74,64.28,63.86,0.84,-1,-1,-1
22,-1,1577.07,741.72,30.47,35.46,0.78,-1,-1,-1
22,-1,1623.41,753.88,28.35,29.02,0.73,-1,-1,-1
22,-1,365.64,157.50,14.64,34.46,0.67,-1,-1,-1
22,-1,338.01,187.59,17.97,33.61,0.59,-1,-1,-1
22,-1,1326.46,636.44,26.36,29.80,0.58,-1,-1,-1
22,-1,2369.48,236.53,48.78,18.49,0.48,-1,-1,-1
22,-1,1191.80,309.45,85.41,23.34,0.47,-1,-1,-1
22,-1,2369.47,236.46,49.18,18.48,0.44,-1,-1,-1
22,-1,1162.33,298.10,21.04,19.28,0.25,-1,-1,-1
22,-1,374.76,181.83,57.33,21.32,0.23,-1,-1,-1
22,-1,0.59,21.89,55.50,26.97,0.13,-1,-1,-1
22,-1,367.61,192.86,36.48,14.19,0.11,-1,-1,-1
22,-1,321.46,186.57,91.22,22.66,0.10,-1,-1,-1
22,-1,314.85,155.10,104.19,56.53,0.10,-1,-1,-1
22,-1,2399.97,220.23,13.48,8.12,0.08,-1,-1,-1
22,-1,314.76,154.98,108.63,56.67,0.06,-1,-1,-1
22,-1,1947.01,414.23,32.49,12.96,0.06,-1,-1,-1
22,-1,1197.68,304.51,16.23,9.29,0.05,-1,-1,-1
23,-1,1273.30,508.14,60.70,66.67,0.90,-1,-1,-1
23,-1,110.73,1.74,160.78,72.53,0.85,-1,-1,-1
23,-1,1616.54,691.26,141.89,46.48,0.83,-1,-1,-1
23,-1,1308.45,533.38,23.92,29.00,0.77,-1,-1,-1
23,-1,1182.72,189.54,88.03,23.97,0.68,-1,-1,-1
23,-1,1591.27,659.05,89.18,52.86,0.54,-1,-1,-1
23,-1,1151.62,177.53,22.25,18.52,0.53,-1,-1,-1
23,-1,1620.38,680.34,59.73,31.30,0.47,-1,-1,-1
23,-1,328.81,53.37,60.95,22.12,0.47,-1,-1,-1
23,-1,1591.13,658.21,32.74,50.79,0.21,-1,-1,-1
23,-1,2410.98,111.68,51.89,20.88,0.20,-1,-1,-1
23,-1,2411.15,111.56,51.84,21.02,0.19,-1,-1,-1
23,-1,1187.86,182.47,17.81,9.82,0.18,-1,-1,-1
23,-1,1977.97,366.10,77.10,22.07,0.12,-1,-1,-1
23,-1,1654.15,681.35,26.38,30.00,0.12,-1,-1,-1
23,-1,2345.61,74.44,33.43,8.90,0.11,-1,-1,-1
23,-1,323.19,64.24,36.55,15.30,0.11,-1,-1,-1
23,-1,2468.79,93.77,17.61,8.35,0.10,-1,-1,-1
23,-1,1978.45,365.67,79.39,20.94,0.09,-1,-1,-1
23,-1,273.37,23.24,104.49,58.09,0.08,-1,-1,-1
23,-1,272.16,24.08,96.76,57.77,0.08,-1,-1,-1
23,-1,286.41,57.12,74.17,22.85,0.06,-1,-1,-1
23,-1,1250.46,899.86,31.59,20.63,0.05,-1,-1,-1
23,-1,1971.11,301.26,34.48,16.17,0.05,-1,-1,-1
24,-1,1632.19,691.93,144.39,60.75,0.88,-1,-1,-1
24,-1,1257.66,495.82,65.86,69.20,0.86,-1,-1,-1
24,-1,1663.31,690.23,33.30,32.34,0.73,-1,-1,-1
24,-1,1599.65,666.36,38.31,45.19,0.70,-1,-1,-1
24,-1,1297.00,524.46,24.96,29.18,0.68,-1,-1,-1
24,-1,2433.68,84.74,53.52,19.91,0.57,-1,-1,-1
24,-1,1176.74,162.95,89.72,28.10,0.55,-1,-1,-1
24,-1,74.91,0.31,169.08,47.57,0.55,-1,-1,-1
24,-1,1599.66,666.17,38.29,45.31,0.43,-1,-1,-1
24,-1,1143.56,154.30,23.86,19.70,0.30,-1,-1,-1
24,-1,292.09,0.84,16.36,33.03,0.19,-1,-1,-1
24,-1,302.65,25.62,62.25,22.51,0.11,-1,-1,-1
24,-1,237.33,31.09,12.84,24.89,0.10,-1,-1,-1
24,-1,75.30,0.26,168.88,47.97,0.10,-1,-1,-1
24,-1,2433.57,84.86,53.76,19.82,0.08,-1,-1,-1
24,-1,2494.95,65.46,15.76,8.09,0.08,-1,-1,-1
24,-1,1323.72,520.69,13.55,9.57,0.07,-1,-1,-1
24,-1,1180.81,159.82,18.54,10.53,0.06,-1,-1,-1
24,-1,76.24,0.45,284.68,64.07,0.05,-1,-1,-1
24,-1,2433.54,84.76,53.43,19.48,0.05,-1,-1,-1
25,-1,1241.74,511.47,67.46,76.79,0.86,-1,-1,-1
25,-1,1646.29,733.40,146.50,67.47,0.86,-1,-1,-1
25,-1,1136.07,154.53,23.89,21.95,0.71,-1,-1,-1
25,-1,1649.73,726.28,65.04,39.65,0.68,-1,-1,-1
25,-1,2458.95,81.32,54.08,20.73,0.66,-1,-1,-1
25,-1,39.14,0.26,174.73,46.68,0.63,-1,-1,-1
25,-1,1276.14,541.97,31.68,38.25,0.63,-1,-1,-1
25,-1,1174.57,161.80,19.01,11.12,0.39,-1,-1,-1
25,-1,1168.89,168.98,94.49,26.83,0.37,-1,-1,-1
25,-1,273.92,22.38,62.53,24.58,0.32,-1,-1,-1
25,-1,1093.06,160.88,11.08,9.26,0.29,-1,-1,-1
25,-1,1186.38,172.82,73.44,21.90,0.24,-1,-1,-1
25,-1,1213.82,172.37,13.88,9.59,0.24,-1,-1,-1
25,-1,1169.86,169.69,20.24,19.25,0.23,-1,-1,-1
25,-1,1605.39,703.02,46.56,70.60,0.22,-1,-1,-1
25,-1,2668.31,48.82,51.43,16.22,0.15,-1,-1,-1
25,-1,1606.98,702.40,105.97,70.34,0.12,-1,-1,-1
25,-1,1197.23,171.62,20.28,9.92,0.11,-1,-1,-1
25,-1,1687.27,734.74,27.76,31.38,0.11,-1,-1,-1
25,-1,266.48,33.89,37.75,15.11,0.11,-1,-1,-1
25,-1,5.36,35.21,814.01,852.33,0.09,-1,-1,-1
25,-1,1523.95,84.27,462.96,641.60,0.09,-1,-1,-1
25,-1,1285.91,182.75,35.36,10.50,0.09,-1,-1,-1
25,-1,1.67,482.39,797.87,853.48,0.08,-1,-1,-1
25,-1,1.55,22.12,800.28,810.05,0.07,-1,-1,-1
25,-1,51.95,8.59,816.82,820.25,0.06,-1,-1,-1
25,-1,1611.34,702.58,39.18,41.06,0.06,-1,-1,-1
25,-1,1232.10,176.03,26.90,10.65,0.05,-1,-1,-1
26,-1,1655.77,797.29,158.63,80.40,0.87,-1,-1,-1
26,-1,1226.96,551.07,66.07,79.44,0.87,-1,-1,-1
26,-1,4.11,0.28,172.83,65.24,0.73,-1,-1,-1
26,-1,1661.42,791.55,72.31,47.89,0.54,-1,-1,-1
26,-1,1126.30,178.29,24.14,20.47,0.53,-1,-1,-1
26,-1,1263.34,585.79,26.51,32.30,0.52,-1,-1,-1
26,-1,2484.76,99.04,55.56,21.02,0.51,-1,-1,-1
26,-1,1620.65,765.37,43.76,42.54,0.47,-1,-1,-1
26,-1,1205.69,196.37,14.31,9.90,0.43,-1,-1,-1
26,-1,1279.74,208.20,39.03,11.48,0.40,-1,-1,-1
26,-1,1165.84,184.55,17.95,10.47,0.39,-1,-1,-1
26,-1,1179.89,197.77,74.81,22.38,0.30,-1,-1,-1
26,-1,231.61,9.99,19.19,39.41,0.28,-1,-1,-1
26,-1,1173.58,194.05,83.67,25.88,0.28,-1,-1,-1
26,-1,241.65,39.79,64.78,25.32,0.27,-1,-1,-1
26,-1,1256.44,584.06,38.90,53.57,0.26,-1,-1,-1
26,-1,3.91,105.49,794.11,849.01,0.22,-1,-1,-1
26,-1,1194.88,196.54,17.68,9.96,0.19,-1,-1,-1
26,-1,2515.29,77.34,14.14,9.20,0.16,-1,-1,-1
26,-1,1501.63,74.48,507.69,733.69,0.15,-1,-1,-1
26,-1,2544.42,77.69,19.06,8.86,0.14,-1,-1,-1
26,-1,1160.56,193.24,28.27,20.29,0.12,-1,-1,-1
26,-1,1188.04,196.48,15.56,8.79,0.11,-1,-1,-1
26,-1,1702.39,803.65,31.28,35.14,0.10,-1,-1,-1
26,-1,1620.74,765.65,43.75,42.63,0.10,-1,-1,-1
26,-1,2.98,421.09,796.54,850.81,0.08,-1,-1,-1
26,-1,4.26,0.68,172.23,65.12,0.08,-1,-1,-1
26,-1,1179.43,193.96,15.87,9.45,0.08,-1,-1,-1
26,-1,2020.34,321.96,38.80,21.62,0.07,-1,-1,-1
26,-1,1620.16,765.09,114.32,76.71,0.06,-1,-1,-1
26,-1,213.53,166.22,823.19,851.28,0.05,-1,-1,-1
26,-1,8.86,420.61,809.26,854.51,0.05,-1,-1,-1
27,-1,1669.89,875.01,153.22,99.45,0.92,-1,-1,-1
27,-1,1203.47,605.95,69.34,80.21,0.92,-1,-1,-1
27,-1,196.48,36.86,17.35,38.48,0.81,-1,-1,-1
27,-1,1243.07,643.74,27.19,31.18,0.76,-1,-1,-1
27,-1,114.09,66.27,16.29,40.13,0.68,-1,-1,-1
27,-1,1168.68,230.26,77.18,24.50,0.66,-1,-1,-1
27,-1,1680.06,870.93,64.30,59.26,0.51,-1,-1,-1
27,-1,1635.15,847.52,37.20,48.96,0.47,-1,-1,-1
27,-1,1112.65,210.86,25.59,23.61,0.46,-1,-1,-1
27,-1,2510.75,125.04,57.65,22.35,0.44,-1,-1,-1
27,-1,204.95,67.17,66.12,25.85,0.31,-1,-1,-1
27,-1,1653.31,848.25,22.24,40.03,0.25,-1,-1,-1
27,-1,1712.55,890.08,31.69,39.27,0.24,-1,-1,-1
27,-1,205.09,66.55,65.92,26.52,0.23,-1,-1,-1
27,-1,2510.39,124.98,58.65,22.30,0.22,-1,-1,-1
27,-1,1148.99,221.26,28.18,26.20,0.20,-1,-1,-1
27,-1,1184.63,230.25,25.60,10.73,0.18,-1,-1,-1
27,-1,2288.59,21.58,19.10,8.83,0.16,-1,-1,-1
27,-1,1635.40,847.33,38.09,49.22,0.16,-1,-1,-1
27,-1,1152.95,218.00,20.41,9.60,0.12,-1,-1,-1
27,-1,1552.04,180.65,63.01,54.05,0.11,-1,-1,-1
27,-1,197.03,80.67,39.61,15.94,0.11,-1,-1,-1
27,-1,164.97,73.48,72.44,23.08,0.10,-1,-1,-1
27,-1,2053.31,448.86,78.41,23.66,0.10,-1,-1,-1
27,-1,1175.89,230.37,23.01,9.97,0.09,-1,-1,-1
27,-1,1635.91,850.37,17.95,29.04,0.09,-1,-1,-1
27,-1,1271.92,241.99,38.50,11.42,0.09,-1,-1,-1
27,-1,1147.36,218.44,102.59,36.55,0.09,-1,-1,-1
27,-1,2474.69,2.65,26.39,13.54,0.08,-1,-1,-1
27,-1,-0.70,721.60,799.58,812.77,0.07,-1,-1,-1
27,-1,164.62,73.46,73.41,24.34,0.07,-1,-1,-1
27,-1,2039.39,366.83,39.57,19.01,0.06,-1,-1,-1
27,-1,0.20,703.97,797.47,827.72,0.06,-1,-1,-1
27,-1,2432.70,79.24,34.60,9.91,0.06,-1,-1,-1
28,-1,1645.48,1008.10,169.83,131.61,0.90,-1,-1,-1
28,-1,2550.09,165.87,59.49,20.18,0.78,-1,-1,-1
28,-1,1147.60,691.11,72.12,97.21,0.72,-1,-1,-1
28,-1,1081.84,265.30,27.69,19.69,0.61,-1,-1,-1
28,-1,1180.78,735.06,39.20,45.14,0.55,-1,-1,-1
28,-1,1248.06,297.18,40.77,12.89,0.52,-1,-1,-1
28,-1,1139.82,289.52,81.26,22.15,0.48,-1,-1,-1
28,-1,125.07,79.83,19.86,34.74,0.40,-1,-1,-1
28,-1,2580.63,137.33,15.31,11.48,0.40,-1,-1,-1
28,-1,1119.87,278.72,23.37,25.78,0.38,-1,-1,-1
28,-1,1132.82,281.81,91.62,29.83,0.36,-1,-1,-1
28,-1,1123.87,271.39,25.80,18.93,0.31,-1,-1,-1
28,-1,134.49,113.75,67.73,27.05,0.30,-1,-1,-1
28,-1,2611.62,137.24,19.12,8.98,0.27,-1,-1,-1
28,-1,1168.60,284.40,17.03,10.37,0.27,-1,-1,-1
28,-1,1153.03,285.77,17.73,9.92,0.26,-1,-1,-1
28,-1,331.84,707.19,235.72,232.40,0.17,-1,-1,-1
28,-1,331.26,707.33,236.28,232.94,0.16,-1,-1,-1
28,-1,1706.03,1043.38,34.12,39.87,0.10,-1,-1,-1
28,-1,1164.37,285.69,25.82,12.74,0.10,-1,-1,-1
28,-1,1034.38,269.38,13.06,8.84,0.09,-1,-1,-1
28,-1,1192.38,735.33,23.14,24.32,0.09,-1,-1,-1
28,-1,615.38,111.29,83.78,41.01,0.08,-1,-1,-1
28,-1,2079.59,527.27,87.68,35.16,0.08,-1,-1,-1
28,-1,2612.03,136.97,18.38,8.91,0.08,-1,-1,-1
28,-1,0.44,60.50,61.93,80.68,0.08,-1,-1,-1
28,-1,1143.68,283.26,15.07,12.06,0.07,-1,-1,-1
28,-1,2580.86,137.62,15.03,12.24,0.07,-1,-1,-1
28,-1,0.13,724.62,798.91,811.01,0.06,-1,-1,-1
28,-1,1189.37,290.60,33.27,15.40,0.05,-1,-1,-1
28,-1,1125.72,271.41,18.98,10.71,0.05,-1,-1,-1
29,-1,1659.00,1053.96,120.43,133.82,0.91,-1,-1,-1
29,-1,1120.45,710.45,72.63,92.19,0.77,-1,-1,-1
29,-1,1105.30,295.79,105.89,30.94,0.71,-1,-1,-1
29,-1,103.74,91.30,19.77,36.18,0.68,-1,-1,-1
29,-1,1068.31,280.03,27.04,22.08,0.44,-1,-1,-1
29,-1,1162.04,757.22,25.89,32.49,0.41,-1,-1,-1
29,-1,1068.33,280.06,27.06,22.50,0.37,-1,-1,-1
29,-1,1112.28,285.89,19.21,11.84,0.37,-1,-1,-1
29,-1,1628.20,1050.96,41.59,49.88,0.34,-1,-1,-1
29,-1,2555.74,171.38,61.79,24.61,0.28,-1,-1,-1
29,-1,2555.75,171.33,61.85,24.54,0.24,-1,-1,-1
29,-1,108.45,126.10,69.02,27.52,0.21,-1,-1,-1
29,-1,105.61,126.42,72.03,27.83,0.19,-1,-1,-1
29,-1,1154.26,299.58,22.89,11.13,0.17,-1,-1,-1
29,-1,598.20,120.57,83.89,44.57,0.16,-1,-1,-1
29,-1,280.76,743.30,255.27,236.26,0.13,-1,-1,-1
29,-1,24.60,97.01,79.16,74.80,0.12,-1,-1,-1
29,-1,283.43,743.61,250.28,240.59,0.11,-1,-1,-1
29,-1,1139.47,300.18,16.60,10.37,0.11,-1,-1,-1
29,-1,1340.67,145.46,32.69,10.25,0.11,-1,-1,-1
29,-1,1157.84,756.63,50.22,44.37,0.10,-1,-1,-1
29,-1,0.41,75.25,33.40,78.22,0.08,-1,-1,-1
29,-1,1388.69,187.75,661.61,683.70,0.08,-1,-1,-1
29,-1,1368.02,171.99,691.10,745.82,0.08,-1,-1,-1
29,-1,282.62,738.92,258.25,251.45,0.07,-1,-1,-1
29,-1,1.89,677.75,797.71,850.19,0.07,-1,-1,-1
29,-1,1152.68,300.02,51.14,14.39,0.07,-1,-1,-1
29,-1,1236.67,313.52,40.84,11.80,0.06,-1,-1,-1
29,-1,1693.79,1083.13,31.89,42.47,0.05,-1,-1,-1
29,-1,98.49,140.44,43.16,17.81,0.05,-1,-1,-1
30,-1,1089.27,710.12,79.91,89.95,0.89,-1,-1,-1
30,-1,1633.39,1068.92,116.66,137.59,0.86,-1,-1,-1
30,-1,1092.44,298.50,106.66,33.25,0.78,-1,-1,-1
30,-1,87.91,93.91,20.48,37.79,0.74,-1,-1,-1
30,-1,1134.14,757.17,27.39,32.78,0.66,-1,-1,-1
30,-1,1054.09,283.09,28.20,25.55,0.59,-1,-1,-1
30,-1,1099.07,290.02,22.90,14.25,0.43,-1,-1,-1
30,-1,90.13,129.70,68.59,27.08,0.40,-1,-1,-1
30,-1,2552.91,174.92,62.26,23.39,0.37,-1,-1,-1
30,-1,2553.06,174.74,62.33,23.40,0.17,-1,-1,-1
30,-1,5.96,100.18,118.41,65.96,0.17,-1,-1,-1
30,-1,1626.23,1070.90,63.30,63.02,0.17,-1,-1,-1
30,-1,248.41,759.50,252.63,238.47,0.16,-1,-1,-1
30,-1,2553.41,174.59,61.72,23.55,0.15,-1,-1,-1
30,-1,1054.27,283.90,27.97,25.46,0.10,-1,-1,-1
30,-1,1125.58,303.10,37.88,12.50,0.09,-1,-1,-1
30,-1,77.45,143.90,45.60,17.81,0.09,-1,-1,-1
30,-1,1223.94,317.63,45.25,12.73,0.08,-1,-1,-1
30,-1,1672.93,1095.75,35.91,46.38,0.08,-1,-1,-1
30,-1,248.21,759.37,252.94,241.85,0.07,-1,-1,-1
30,-1,582.96,125.89,83.84,40.90,0.06,-1,-1,-1
30,-1,1005.82,288.12,11.91,7.96,0.06,-1,-1,-1
30,-1,658.33,17.37,50.64,38.95,0.05,-1,-1,-1
31,-1,1628.97,1065.03,89.13,140.73,0.85,-1,-1,-1
31,-1,1079.27,294.89,106.09,35.60,0.81,-1,-1,-1
31,-1,73.77,89.96,22.99,38.17,0.76,-1,-1,-1
31,-1,1061.09,699.52,75.11,93.88,0.74,-1,-1,-1
31,-1,1042.92,281.48,26.81,22.40,0.73,-1,-1,-1
31,-1,1648.58,1091.86,37.45,48.40,0.69,-1,-1,-1
31,-1,2542.94,174.15,62.24,23.97,0.68,-1,-1,-1
31,-1,1101.48,743.86,27.16,34.90,0.48,-1,-1,-1
31,-1,0.25,96.56,72.59,74.76,0.44,-1,-1,-1
31,-1,77.74,125.85,68.06,27.87,0.36,-1,-1,-1
31,-1,647.40,15.06,52.81,39.12,0.31,-1,-1,-1
31,-1,1592.99,1071.25,43.86,51.09,0.29,-1,-1,-1
31,-1,219.66,756.55,261.46,233.58,0.19,-1,-1,-1
31,-1,1211.38,314.69,39.76,13.51,0.17,-1,-1,-1
31,-1,2606.90,147.47,18.78,9.30,0.17,-1,-1,-1
31,-1,2574.83,147.66,15.31,8.85,0.15,-1,-1,-1
31,-1,222.30,756.57,254.19,236.90,0.14,-1,-1,-1
31,-1,1592.86,1069.65,89.16,56.34,0.14,-1,-1,-1
31,-1,66.51,140.14,43.54,18.51,0.12,-1,-1,-1
31,-1,2543.11,174.30,61.50,23.69,0.11,-1,-1,-1
31,-1,1085.95,287.60,22.28,11.50,0.08,-1,-1,-1
31,-1,690.11,39.63,9.37,13.69,0.07,-1,-1,-1
31,-1,341.30,704.26,819.97,824.85,0.07,-1,-1,-1
31,-1,22.52,703.10,821.81,826.89,0.07,-1,-1,-1
31,-1,219.54,755.77,260.72,233.60,0.07,-1,-1,-1
31,-1,1319.88,146.00,33.38,10.83,0.06,-1,-1,-1
31,-1,572.60,122.42,86.76,45.07,0.06,-1,-1,-1
31,-1,146.75,385.50,817.34,856.23,0.06,-1,-1,-1
31,-1,54.09,486.03,823.26,852.33,0.06,-1,-1,-1
31,-1,1455.30,158.53,568.15,757.00,0.06,-1,-1,-1
31,-1,0.68,96.01,143.22,73.54,0.05,-1,-1,-1
32,-1,1040.04,686.19,74.14,92.71,0.90,-1,-1,-1
32,-1,1616.89,1061.53,68.29,141.46,0.90,-1,-1,-1
32,-1,1030.51,279.19,28.12,25.72,0.76,-1,-1,-1
32,-1,1089.29,301.56,82.72,26.26,0.71,-1,-1,-1
32,-1,61.91,86.90,22.64,38.20,0.69,-1,-1,-1
32,-1,1458.91,413.68,38.10,19.30,0.52,-1,-1,-1
32,-1,1631.72,1090.05,34.68,50.23,0.49,-1,-1,-1
32,-1,2536.12,174.56,62.84,24.39,0.37,-1,-1,-1
32,-1,1575.48,1076.70,42.81,46.87,0.37,-1,-1,-1
32,-1,65.06,122.11,69.02,28.57,0.37,-1,-1,-1
32,-1,1079.51,734.33,24.06,32.07,0.35,-1,-1,-1
32,-1,1068.28,287.85,27.95,32.09,0.27,-1,-1,-1
32,-1,2536.26,174.41,63.02,24.42,0.26,-1,-1,-1
32,-1,198.35,756.08,258.48,237.21,0.20,-1,-1,-1
32,-1,1841.71,270.50,141.32,137.03,0.18,-1,-1,-1
32,-1,1071.59,285.68,24.02,12.92,0.15,-1,-1,-1
32,-1,52.70,136.11,43.65,18.57,0.15,-1,-1,-1
32,-1,1311.00,144.49,32.91,10.10,0.14,-1,-1,-1
32,-1,640.24,11.98,50.95,41.02,0.13,-1,-1,-1
32,-1,65.46,122.14,67.00,28.04,0.12,-1,-1,-1
32,-1,1118.38,300.04,19.44,10.75,0.11,-1,-1,-1
32,-1,1068.46,290.33,26.59,29.69,0.11,-1,-1,-1
32,-1,561.83,120.89,85.38,43.58,0.09,-1,-1,-1
32,-1,21.56,129.36,76.24,25.64,0.08,-1,-1,-1
32,-1,2.13,706.74,792.93,823.90,0.07,-1,-1,-1
32,-1,199.61,753.65,260.47,243.80,0.06,-1,-1,-1
32,-1,1446.93,423.25,31.13,22.00,0.05,-1,-1,-1
32,-1,1099.18,299.02,18.87,12.87,0.05,-1,-1,-1
32,-1,0.38,94.01,58.69,70.65,0.05,-1,-1,-1
33,-1,1604.60,1059.96,64.40,139.39,0.87,-1,-1,-1
33,-1,1019.58,676.88,72.47,87.95,0.87,-1,-1,-1
33,-1,54.32,82.80,21.32,37.91,0.77,-1,-1,-1
33,-1,1061.44,289.52,106.21,37.37,0.74,-1,-1,-1
33,-1,1024.48,277.28,27.56,26.67,0.67,-1,-1,-1
33,-1,1618.47,1085.79,37.65,48.49,0.64,-1,-1,-1
33,-1,2532.04,177.22,62.10,24.61,0.64,-1,-1,-1
33,-1,1061.50,719.49,25.83,31.46,0.63,-1,-1,-1
33,-1,56.74,118.59,69.27,28.38,0.45,-1,-1,-1
33,-1,1024.46,277.39,27.58,26.97,0.42,-1,-1,-1
33,-1,1562.24,1075.31,44.00,42.93,0.42,-1,-1,-1
33,-1,1068.79,284.39,18.70,11.78,0.33,-1,-1,-1
33,-1,1605.15,1063.74,49.35,58.60,0.26,-1,-1,-1
33,-1,183.12,752.32,253.85,240.90,0.25,-1,-1,-1
33,-1,2597.35,149.78,19.17,10.20,0.15,-1,-1,-1
33,-1,1305.42,142.66,34.10,10.50,0.11,-1,-1,-1
33,-1,14.74,126.32,75.45,25.04,0.10,-1,-1,-1
33,-1,1644.10,1058.86,18.49,63.25,0.09,-1,-1,-1
33,-1,1110.56,297.76,17.13,11.08,0.08,-1,-1,-1
33,-1,44.76,132.89,44.06,18.81,0.07,-1,-1,-1
33,-1,182.60,754.10,254.53,242.62,0.07,-1,-1,-1
33,-1,1561.69,1075.40,45.24,43.16,0.06,-1,-1,-1
33,-1,1066.82,285.69,20.99,21.08,0.05,-1,-1,-1
33,-1,1085.47,295.24,25.21,13.54,0.05,-1,-1,-1
33,-1,2448.16,125.40,34.93,9.95,0.05,-1,-1,-1
34,-1,1009.02,664.80,73.57,85.83,0.93,-1,-1,-1
34,-1,1579.57,1055.21,98.44,137.39,0.82,-1,-1,-1
34,-1,1569.79,1061.09,66.51,59.14,0.77,-1,-1,-1
34,-1,1046.60,703.85,26.86,34.98,0.71,-1,-1,-1
34,-1,53.94,82.22,20.99,36.77,0.66,-1,-1,-1
34,-1,1078.60,300.90,84.35,25.40,0.64,-1,-1,-1
34,-1,178.67,746.64,266.06,248.64,0.60,-1,-1,-1
34,-1,2528.81,178.90,61.80,23.05,0.54,-1,-1,-1
34,-1,1610.72,1078.90,33.73,48.63,0.43,-1,-1,-1
34,-1,1023.27,276.48,26.37,17.47,0.39,-1,-1,-1
34,-1,2444.14,125.79,35.83,9.90,0.31,-1,-1,-1
34,-1,2593.57,150.45,18.54,8.86,0.28,-1,-1,-1
34,-1,1060.22,293.55,23.18,24.76,0.26,-1,-1,-1
34,-1,2561.63,151.02,14.47,8.85,0.23,-1,-1,-1
34,-1,1067.59,283.68,18.25,10.29,0.19,-1,-1,-1
34,-1,1836.34,269.58,137.82,141.59,0.18,-1,-1,-1
34,-1,2444.64,125.96,35.44,9.66,0.17,-1,-1,-1
34,-1,1110.49,296.77,15.38,9.18,0.11,-1,-1,-1
34,-1,55.67,117.18,70.20,28.30,0.07,-1,-1,-1
34,-1,2033.67,562.30,88.03,20.58,0.06,-1,-1,-1
34,-1,13.66,124.54,75.22,24.94,0.06,-1,-1,-1
34,-1,553.82,118.00,86.01,43.03,0.06,-1,-1,-1
34,-1,1.52,706.39,795.59,824.10,0.06,-1,-1,-1
34,-1,2019.71,455.60,43.81,26.43,0.05,-1,-1,-1
35,-1,1580.91,1053.93,100.74,140.78,0.87,-1,-1,-1
35,-1,1004.28,655.23,67.09,85.42,0.85,-1,-1,-1
35,-1,54.31,80.72,20.74,37.57,0.81,-1,-1,-1
35,-1,2527.35,180.96,63.60,24.30,0.67,-1,-1,-1
35,-1,1031.37,696.21,40.24,43.21,0.62,-1,-1,-1
35,-1,56.72,116.13,69.27,28.82,0.57,-1,-1,-1
35,-1,1079.58,299.58,84.08,27.56,0.56,-1,-1,-1
35,-1,1605.75,1079.82,35.11,49.10,0.42,-1,-1,-1
35,-1,1023.14,277.07,26.99,22.29,0.40,-1,-1,-1
35,-1,1834.00,268.85,137.04,149.06,0.40,-1,-1,-1
35,-1,15.57,123.95,75.04,24.60,0.35,-1,-1,-1
35,-1,181.85,748.88,261.62,243.43,0.31,-1,-1,-1
35,-1,1570.08,1063.53,55.72,49.71,0.26,-1,-1,-1
35,-1,1108.64,299.41,18.58,9.41,0.13,-1,-1,-1
35,-1,1023.70,277.32,26.54,22.16,0.12,-1,-1,-1
35,-1,2591.37,153.70,19.67,9.06,0.11,-1,-1,-1
35,-1,1305.03,144.36,32.01,10.10,0.11,-1,-1,-1
35,-1,2443.54,127.83,35.07,10.52,0.11,-1,-1,-1
35,-1,2527.16,181.08,63.61,24.01,0.10,-1,-1,-1
35,-1,0.61,129.60,47.52,26.98,0.09,-1,-1,-1
35,-1,2289.07,63.09,19.86,8.10,0.09,-1,-1,-1
35,-1,44.46,130.29,44.94,18.70,0.08,-1,-1,-1
35,-1,1060.57,288.76,25.50,30.25,0.08,-1,-1,-1
35,-1,0.48,88.91,48.13,68.79,0.08,-1,-1,-1
35,-1,2486.03,41.59,27.50,16.05,0.07,-1,-1,-1
35,-1,1066.40,290.15,100.16,37.58,0.07,-1,-1,-1
35,-1,2560.54,154.33,15.33,8.04,0.06,-1,-1,-1
35,-1,0.58,88.46,48.49,68.15,0.06,-1,-1,-1
35,-1,2.14,195.55,797.57,852.79,0.06,-1,-1,-1
35,-1,1061.88,284.73,30.06,23.07,0.05,-1,-1,-1
35,-1,1066.39,284.79,21.39,12.44,0.05,-1,-1,-1
36,-1,986.95,654.05,69.22,84.56,0.86,-1,-1,-1
36,-1,1573.11,1069.60,86.10,137.99,0.83,-1,-1,-1
36,-1,48.28,90.09,20.09,37.79,0.81,-1,-1,-1
36,-1,1022.17,288.78,27.16,25.85,0.71,-1,-1,-1
36,-1,1613.07,1094.82,37.33,47.11,0.64,-1,-1,-1
36,-1,168.03,772.92,264.08,243.53,0.50,-1,-1,-1
36,-1,48.64,126.31,70.81,27.49,0.45,-1,-1,-1
36,-1,1027.84,694.99,21.43,29.69,0.42,-1,-1,-1
36,-1,1106.99,309.32,18.77,12.17,0.41,-1,-1,-1
36,-1,1059.01,303.11,108.84,36.54,0.32,-1,-1,-1
36,-1,38.24,140.60,44.57,17.84,0.29,-1,-1,-1
36,-1,1058.48,301.56,110.45,38.89,0.29,-1,-1,-1
36,-1,2533.64,189.32,63.17,24.96,0.28,-1,-1,-1
36,-1,2533.42,189.29,63.49,25.20,0.23,-1,-1,-1
36,-1,1066.51,295.93,20.54,13.78,0.17,-1,-1,-1
36,-1,2533.51,189.52,63.62,25.08,0.16,-1,-1,-1
36,-1,631.78,15.63,50.23,43.39,0.11,-1,-1,-1
36,-1,2025.40,478.03,43.53,20.92,0.10,-1,-1,-1
36,-1,1061.55,297.59,28.64,21.28,0.09,-1,-1,-1
36,-1,0.34,134.50,44.41,30.49,0.09,-1,-1,-1
36,-1,1191.12,324.72,40.33,13.12,0.09,-1,-1,-1
36,-1,2294.41,71.74,18.38,7.84,0.08,-1,-1,-1
36,-1,1092.61,309.80,19.72,11.36,0.08,-1,-1,-1
36,-1,2.87,132.49,84.89,26.12,0.07,-1,-1,-1
36,-1,1082.43,307.70,17.93,12.45,0.06,-1,-1,-1
36,-1,1058.85,304.13,29.67,25.73,0.06,-1,-1,-1
36,-1,2599.01,163.22,18.20,9.34,0.06,-1,-1,-1
36,-1,2490.38,50.19,27.04,15.23,0.05,-1,-1,-1
37,-1,977.39,637.04,70.09,89.06,0.90,-1,-1,-1
37,-1,1587.92,1045.15,74.37,149.94,0.82,-1,-1,-1
37,-1,1057.27,296.42,107.38,34.69,0.78,-1,-1,-1
37,-1,41.92,78.23,21.37,38.89,0.69,-1,-1,-1
37,-1,2535.89,182.71,62.35,24.85,0.40,-1,-1,-1
37,-1,1020.59,279.56,26.85,20.56,0.36,-1,-1,-1
37,-1,1611.66,1082.90,40.00,62.94,0.34,-1,-1,-1
37,-1,1567.95,1066.13,89.60,94.02,0.34,-1,-1,-1
37,-1,1020.52,279.72,26.78,19.84,0.27,-1,-1,-1
37,-1,2.55,121.50,74.61,26.40,0.24,-1,-1,-1
37,-1,1014.24,676.91,24.82,33.22,0.23,-1,-1,-1
37,-1,44.83,114.75,67.41,29.14,0.22,-1,-1,-1
37,-1,1064.07,287.50,20.84,10.97,0.16,-1,-1,-1
37,-1,2536.02,182.87,62.15,25.00,0.15,-1,-1,-1
37,-1,162.79,764.51,265.33,248.67,0.14,-1,-1,-1
37,-1,2450.84,129.34,36.28,10.78,0.14,-1,-1,-1
37,-1,1.28,121.39,76.81,26.22,0.14,-1,-1,-1
37,-1,626.47,5.58,53.17,44.18,0.11,-1,-1,-1
37,-1,1189.95,316.39,41.20,13.26,0.09,-1,-1,-1
37,-1,1190.14,316.62,41.01,13.07,0.09,-1,-1,-1
37,-1,1636.34,1043.02,25.95,99.84,0.08,-1,-1,-1
37,-1,2492.52,42.16,27.96,15.80,0.07,-1,-1,-1
37,-1,31.49,127.85,46.66,19.56,0.05,-1,-1,-1
37,-1,1365.67,287.89,717.26,825.32,0.05,-1,-1,-1
37,-1,1304.32,143.58,32.31,10.73,0.05,-1,-1,-1
38,-1,968.40,643.25,70.49,86.73,0.90,-1,-1,-1
38,-1,1593.57,1091.03,83.17,133.90,0.85,-1,-1,-1
38,-1,31.97,117.64,70.77,29.16,0.76,-1,-1,-1
38,-1,29.92,80.99,21.47,39.31,0.75,-1,-1,-1
38,-1,1016.83,286.23,28.47,26.40,0.72,-1,-1,-1
38,-1,2548.26,190.47,63.23,24.78,0.71,-1,-1,-1
38,-1,1001.42,684.93,33.18,33.48,0.59,-1,-1,-1
38,-1,1062.39,294.44,19.37,12.25,0.58,-1,-1,-1
38,-1,1587.39,1108.52,73.78,80.27,0.56,-1,-1,-1
38,-1,1054.21,300.73,109.36,37.80,0.35,-1,-1,-1
38,-1,138.08,789.13,271.11,249.41,0.31,-1,-1,-1
38,-1,137.27,789.47,274.80,250.30,0.30,-1,-1,-1
38,-1,18.13,131.97,46.12,19.36,0.29,-1,-1,-1
38,-1,2460.71,135.53,36.88,10.52,0.29,-1,-1,-1
38,-1,1053.80,300.69,109.66,37.81,0.23,-1,-1,-1
38,-1,0.50,121.93,27.22,27.15,0.23,-1,-1,-1
38,-1,2613.52,162.17,19.21,9.17,0.19,-1,-1,-1
38,-1,0.07,704.61,795.72,825.47,0.19,-1,-1,-1
38,-1,1188.99,325.78,41.18,12.42,0.15,-1,-1,-1
38,-1,966.51,292.23,12.67,8.48,0.10,-1,-1,-1
38,-1,1410.17,319.86,663.21,844.18,0.10,-1,-1,-1
38,-1,1070.45,309.59,92.62,29.07,0.09,-1,-1,-1
38,-1,2581.35,162.31,15.00,8.91,0.08,-1,-1,-1
38,-1,0.07,552.91,799.93,847.74,0.08,-1,-1,-1
38,-1,999.83,689.92,17.54,24.97,0.08,-1,-1,-1
38,-1,74.80,708.51,147.37,202.11,0.07,-1,-1,-1
38,-1,622.15,6.51,52.41,43.26,0.07,-1,-1,-1
38,-1,2303.35,66.80,19.62,8.36,0.06,-1,-1,-1
38,-1,0.68,117.12,64.12,34.31,0.06,-1,-1,-1
38,-1,32.02,117.88,69.65,28.95,0.06,-1,-1,-1
38,-1,2613.13,162.54,19.94,8.82,0.06,-1,-1,-1
38,-1,1361.09,515.49,826.71,850.19,0.05,-1,-1,-1
38,-1,882.87,675.26,823.83,850.01,0.05,-1,-1,-1
39,-1,932.76,698.12,73.98,93.18,0.89,-1,-1,-1
39,-1,1044.83,344.14,111.82,39.58,0.74,-1,-1,-1
39,-1,1006.09,328.20,28.56,24.51,0.73,-1,-1,-1
39,-1,1637.06,1220.17,68.99,156.65,0.69,-1,-1,-1
39,-1,1052.26,335.52,22.63,16.68,0.67,-1,-1,-1
39,-1,969.46,747.34,27.82,32.01,0.51,-1,-1,-1
39,-1,1615.28,1239.37,83.85,121.67,0.40,-1,-1,-1
39,-1,1396.51,702.08,826.48,824.41,0.37,-1,-1,-1
39,-1,2591.49,225.25,64.40,23.24,0.26,-1,-1,-1
39,-1,1184.74,366.36,44.01,16.09,0.24,-1,-1,-1
39,-1,1647.62,1237.18,45.58,100.63,0.23,-1,-1,-1
39,-1,2591.40,225.59,64.47,22.64,0.21,-1,-1,-1
39,-1,953.21,333.47,13.69,8.39,0.18,-1,-1,-1
39,-1,1075.13,701.32,824.73,826.13,0.17,-1,-1,-1
39,-1,1.70,674.77,793.93,841.33,0.16,-1,-1,-1
39,-1,1096.00,351.00,19.20,10.75,0.12,-1,-1,-1
39,-1,2591.59,226.10,64.24,22.59,0.11,-1,-1,-1
39,-1,953.60,326.66,39.38,14.95,0.07,-1,-1,-1
39,-1,42.76,889.43,313.39,287.43,0.07,-1,-1,-1
39,-1,20.43,722.96,821.98,806.24,0.06,-1,-1,-1
39,-1,1625.68,1240.00,113.82,21.96,0.06,-1,-1,-1
39,-1,1652.91,1239.26,37.67,54.10,0.06,-1,-1,-1
39,-1,21.24,674.84,822.45,842.64,0.05,-1,-1,-1
39,-1,2.22,615.51,795.75,845.75,0.05,-1,-1,-1
40,-1,911.88,745.34,72.59,99.46,0.86,-1,-1,-1
40,-1,1640.22,1316.46,92.66,173.75,0.76,-1,-1,-1
40,-1,996.36,364.60,29.40,23.00,0.55,-1,-1,-1
40,-1,1087.37,389.13,22.79,11.13,0.51,-1,-1,-1
40,-1,2614.16,251.87,66.85,25.64,0.47,-1,-1,-1
40,-1,940.39,796.49,42.09,50.09,0.39,-1,-1,-1
40,-1,1044.07,372.83,20.94,12.09,0.39,-1,-1,-1
40,-1,1036.05,384.63,25.96,26.30,0.38,-1,-1,-1
40,-1,2516.70,190.70,39.35,10.91,0.35,-1,-1,-1
40,-1,1949.79,476.74,46.93,52.12,0.29,-1,-1,-1
40,-1,942.44,368.61,13.20,8.69,0.22,-1,-1,-1
40,-1,1072.33,389.86,19.31,11.46,0.22,-1,-1,-1
40,-1,1035.93,383.34,115.16,38.69,0.21,-1,-1,-1
40,-1,1039.97,389.25,111.85,33.08,0.19,-1,-1,-1
40,-1,0.17,705.24,772.76,821.95,0.10,-1,-1,-1
40,-1,1887.02,373.01,147.83,159.90,0.10,-1,-1,-1
40,-1,563.40,698.39,826.02,833.07,0.09,-1,-1,-1
40,-1,997.11,362.75,27.52,13.63,0.08,-1,-1,-1
40,-1,0.54,191.07,29.28,21.49,0.06,-1,-1,-1
40,-1,1043.27,383.55,29.06,17.99,0.06,-1,-1,-1
40,-1,2679.36,220.42,20.31,9.71,0.05,-1,-1,-1
41,-1,893.95,766.92,86.78,98.91,0.85,-1,-1,-1
41,-1,1661.95,1371.85,79.36,155.43,0.84,-1,-1,-1
41,-1,1027.84,397.01,119.01,43.35,0.77,-1,-1,-1
41,-1,928.51,815.79,29.14,36.54,0.54,-1,-1,-1
41,-1,1677.72,1402.21,44.03,62.30,0.41,-1,-1,-1
41,-1,933.12,384.91,14.78,9.43,0.29,-1,-1,-1
41,-1,988.46,380.50,29.70,28.39,0.26,-1,-1,-1
41,-1,988.60,380.04,29.52,27.80,0.19,-1,-1,-1
41,-1,1029.16,389.52,35.69,27.10,0.19,-1,-1,-1
41,-1,1891.66,391.55,150.11,163.42,0.16,-1,-1,-1
41,-1,1669.50,1491.71,58.60,37.69,0.15,-1,-1,-1
41,-1,1668.36,1433.80,55.90,94.96,0.13,-1,-1,-1
41,-1,580.82,63.33,51.54,41.31,0.12,-1,-1,-1
41,-1,1363.06,720.51,827.22,809.70,0.12,-1,-1,-1
41,-1,-0.80,702.66,796.22,825.45,0.12,-1,-1,-1
41,-1,1036.29,388.77,23.21,14.05,0.12,-1,-1,-1
41,-1,2563.63,96.96,30.80,15.01,0.10,-1,-1,-1
41,-1,1671.05,1452.24,31.42,37.23,0.09,-1,-1,-1
41,-1,1670.90,1442.31,32.73,48.21,0.09,-1,-1,-1
41,-1,307.95,703.03,824.56,826.68,0.09,-1,-1,-1
41,-1,1174.80,424.73,42.88,13.98,0.07,-1,-1,-1
41,-1,51.26,482.36,806.12,850.75,0.05,-1,-1,-1
42,-1,869.96,767.59,75.34,97.70,0.92,-1,-1,-1
42,-1,911.73,819.16,23.52,32.82,0.60,-1,-1,-1
42,-1,1040.48,418.32,93.96,26.98,0.59,-1,-1,-1
42,-1,1655.86,1384.87,82.57,143.10,0.47,-1,-1,-1
42,-1,978.39,385.32,30.18,28.17,0.42,-1,-1,-1
42,-1,2355.24,119.76,21.82,9.25,0.31,-1,-1,-1
42,-1,1027.42,394.47,22.26,11.43,0.17,-1,-1,-1
42,-1,1668.99,1487.93,50.87,41.26,0.17,-1,-1,-1
42,-1,1655.22,1384.88,85.18,143.51,0.14,-1,-1,-1
42,-1,1022.08,395.18,29.03,21.36,0.12,-1,-1,-1
42,-1,2531.96,196.77,40.82,11.22,0.11,-1,-1,-1
42,-1,2532.06,196.43,40.50,11.66,0.11,-1,-1,-1
42,-1,1019.67,409.69,24.28,24.11,0.11,-1,-1,-1
42,-1,1073.76,410.99,19.56,9.85,0.11,-1,-1,-1
42,-1,1034.85,400.10,21.91,16.81,0.10,-1,-1,-1
42,-1,923.47,391.67,12.99,8.44,0.09,-1,-1,-1
42,-1,2634.77,261.12,66.56,25.80,0.09,-1,-1,-1
42,-1,2531.99,196.66,40.84,11.43,0.09,-1,-1,-1
42,-1,1670.78,1415.66,43.34,88.74,0.09,-1,-1,-1
42,-1,1060.87,413.91,14.51,11.03,0.07,-1,-1,-1
42,-1,567.11,65.14,54.22,41.01,0.07,-1,-1,-1
42,-1,1164.83,430.90,45.11,13.34,0.07,-1,-1,-1
42,-1,1883.95,388.18,161.78,176.59,0.06,-1,-1,-1
42,-1,1019.27,400.35,117.24,45.32,0.06,-1,-1,-1
42,-1,1431.19,580.25,688.34,841.17,0.06,-1,-1,-1
42,-1,2565.81,94.68,30.65,15.85,0.06,-1,-1,-1
43,-1,846.97,755.82,75.53,97.75,0.91,-1,-1,-1
43,-1,1632.48,1379.90,89.73,147.92,0.68,-1,-1,-1
43,-1,883.68,803.42,28.32,36.68,0.68,-1,-1,-1
43,-1,966.48,382.34,30.87,28.98,0.49,-1,-1,-1
43,-1,2629.26,252.43,68.28,28.91,0.49,-1,-1,-1
43,-1,1396.49,722.47,821.91,806.96,0.46,-1,-1,-1
43,-1,1029.91,415.51,83.13,26.08,0.37,-1,-1,-1
43,-1,1154.46,426.70,43.55,12.79,0.32,-1,-1,-1
43,-1,1633.01,1379.70,88.18,149.78,0.32,-1,-1,-1
43,-1,1010.00,397.40,115.86,45.14,0.31,-1,-1,-1
43,-1,1006.69,395.82,118.13,46.56,0.28,-1,-1,-1
43,-1,1014.59,390.18,22.42,11.86,0.23,-1,-1,-1
43,-1,1061.93,407.49,20.88,9.86,0.21,-1,-1,-1
43,-1,555.06,59.96,57.11,42.59,0.20,-1,-1,-1
43,-1,1314.45,722.66,812.12,806.79,0.15,-1,-1,-1
43,-1,1154.59,426.94,43.25,12.58,0.13,-1,-1,-1
43,-1,1046.66,409.32,17.98,11.74,0.13,-1,-1,-1
43,-1,1008.42,390.97,30.84,27.27,0.12,-1,-1,-1
43,-1,1880.19,385.88,153.63,174.72,0.11,-1,-1,-1
43,-1,1052.71,410.25,69.71,20.72,0.10,-1,-1,-1
43,-1,1332.06,703.60,824.67,824.34,0.09,-1,-1,-1
43,-1,1032.02,406.42,33.57,15.38,0.08,-1,-1,-1
43,-1,2094.81,613.28,52.32,29.64,0.08,-1,-1,-1
43,-1,1087.91,414.42,37.41,22.97,0.08,-1,-1,-1
43,-1,1006.92,400.56,26.89,27.47,0.07,-1,-1,-1
43,-1,1389.98,614.32,697.65,844.09,0.07,-1,-1,-1
43,-1,1632.71,1379.97,88.73,148.15,0.06,-1,-1,-1
43,-1,467.75,698.16,825.23,832.63,0.06,-1,-1,-1
43,-1,1655.99,1410.94,39.39,62.24,0.06,-1,-1,-1
43,-1,1088.61,413.56,32.69,11.22,0.05,-1,-1,-1
44,-1,811.68,732.93,72.15,93.95,0.87,-1,-1,-1
44,-1,1011.71,411.65,93.76,28.52,0.78,-1,-1,-1
44,-1,847.29,778.82,29.69,35.16,0.40,-1,-1,-1
44,-1,1585.08,1372.23,119.39,156.70,0.30,-1,-1,-1
44,-1,543.91,58.77,55.29,41.53,0.30,-1,-1,-1
44,-1,2614.46,259.44,66.12,24.49,0.26,-1,-1,-1
44,-1,998.06,389.35,21.89,12.50,0.24,-1,-1,-1
44,-1,1584.75,1372.48,119.45,156.01,0.24,-1,-1,-1
44,-1,950.33,381.21,30.28,26.28,0.22,-1,-1,-1
44,-1,1365.43,720.08,822.87,810.57,0.22,-1,-1,-1
44,-1,950.31,381.26,30.50,25.86,0.20,-1,-1,-1
44,-1,1650.25,1469.78,36.70,58.02,0.19,-1,-1,-1
44,-1,990.30,401.15,31.62,26.95,0.19,-1,-1,-1
44,-1,1137.96,425.83,43.30,14.23,0.17,-1,-1,-1
44,-1,989.20,401.43,24.62,15.45,0.16,-1,-1,-1
44,-1,1046.04,406.75,17.36,10.51,0.14,-1,-1,-1
44,-1,0.09,706.50,772.33,819.09,0.13,-1,-1,-1
44,-1,1032.94,409.03,13.84,10.33,0.12,-1,-1,-1
44,-1,950.42,381.17,30.20,26.17,0.12,-1,-1,-1
44,-1,2614.76,258.38,66.73,25.20,0.11,-1,-1,-1
44,-1,2549.06,91.15,30.69,15.77,0.11,-1,-1,-1
44,-1,444.51,187.63,94.36,45.89,0.09,-1,-1,-1
44,-1,444.78,187.58,93.90,46.13,0.08,-1,-1,-1
44,-1,1397.28,615.21,617.05,839.69,0.08,-1,-1,-1
44,-1,1504.24,773.72,93.45,136.03,0.07,-1,-1,-1
44,-1,545.01,58.73,42.11,22.25,0.06,-1,-1,-1
44,-1,995.65,405.94,56.67,20.23,0.06,-1,-1,-1
44,-1,991.33,412.08,23.34,17.15,0.05,-1,-1,-1
44,-1,2680.99,223.78,21.74,9.40,0.05,-1,-1,-1
45,-1,1573.63,1368.46,128.75,158.92,0.93,-1,-1,-1
45,-1,798.41,722.21,77.03,94.13,0.90,-1,-1,-1
45,-1,834.85,767.23,29.29,35.39,0.60,-1,-1,-1
45,-1,946.85,381.88,30.20,27.90,0.46,-1,-1,-1
45,-1,1007.63,411.62,97.43,30.90,0.44,-1,-1,-1
45,-1,986.67,401.69,24.91,27.81,0.40,-1,-1,-1
45,-1,995.82,389.76,21.04,12.83,0.39,-1,-1,-1
45,-1,1042.46,406.35,17.54,10.93,0.37,-1,-1,-1
45,-1,1028.17,409.11,15.56,11.33,0.34,-1,-1,-1
45,-1,2610.74,260.12,68.79,25.64,0.30,-1,-1,-1
45,-1,890.84,386.80,13.26,8.95,0.24,-1,-1,-1
45,-1,543.15,59.49,38.70,21.17,0.22,-1,-1,-1
45,-1,1134.62,426.02,43.70,14.58,0.21,-1,-1,-1
45,-1,1010.34,403.52,15.50,12.50,0.21,-1,-1,-1
45,-1,995.91,390.00,20.94,11.50,0.19,-1,-1,-1
45,-1,2511.04,195.44,39.66,11.60,0.19,-1,-1,-1
45,-1,1134.76,426.79,43.71,13.61,0.17,-1,-1,-1
45,-1,2611.05,260.21,68.49,25.99,0.16,-1,-1,-1
45,-1,1065.37,414.30,39.92,21.32,0.12,-1,-1,-1
45,-1,2678.41,226.32,21.21,10.00,0.10,-1,-1,-1
45,-1,2611.43,260.20,67.94,25.34,0.08,-1,-1,-1
45,-1,1009.79,406.76,18.10,14.94,0.08,-1,-1,-1
45,-1,1428.18,653.87,442.82,772.66,0.07,-1,-1,-1
45,-1,1.92,486.16,782.40,839.98,0.07,-1,-1,-1
45,-1,1.79,515.60,785.87,839.50,0.07,-1,-1,-1
45,-1,2336.19,117.57,20.61,8.56,0.07,-1,-1,-1
45,-1,2678.73,226.33,21.23,10.30,0.06,-1,-1,-1
45,-1,832.44,774.34,11.55,21.12,0.05,-1,-1,-1
45,-1,1861.56,389.44,149.42,184.25,0.05,-1,-1,-1
46,-1,1647.85,1370.60,145.46,156.90,0.93,-1,-1,-1
46,-1,898.85,694.02,70.47,88.95,0.69,-1,-1,-1
46,-1,1457.25,722.04,827.16,807.85,0.56,-1,-1,-1
46,-1,-0.10,175.29,61.27,28.54,0.51,-1,-1,-1
46,-1,934.63,737.47,26.66,36.22,0.42,-1,-1,-1
46,-1,1093.93,387.80,116.76,46.27,0.39,-1,-1,-1
46,-1,28.19,166.07,74.26,32.59,0.30,-1,-1,-1
46,-1,1055.06,371.74,30.57,27.81,0.29,-1,-1,-1
46,-1,1093.89,388.55,116.10,45.22,0.23,-1,-1,-1
46,-1,84.81,-1.11,823.35,797.85,0.20,-1,-1,-1
46,-1,1.00,673.48,794.22,843.82,0.20,-1,-1,-1
46,-1,54.95,361.01,775.56,842.38,0.16,-1,-1,-1
46,-1,1238.59,421.67,44.26,13.50,0.16,-1,-1,-1
46,-1,1733.85,1475.15,59.27,51.80,0.15,-1,-1,-1
46,-1,55.18,290.79,778.21,851.41,0.12,-1,-1,-1
46,-1,565.49,172.50,93.35,46.34,0.11,-1,-1,-1
46,-1,27.27,128.09,25.90,39.94,0.11,-1,-1,-1
46,-1,665.11,45.79,53.27,40.21,0.09,-1,-1,-1
46,-1,1671.75,1388.62,57.91,66.27,0.09,-1,-1,-1
46,-1,566.04,172.58,92.98,46.97,0.09,-1,-1,-1
46,-1,19.60,726.61,825.66,802.74,0.09,-1,-1,-1
46,-1,1457.31,204.00,751.95,842.75,0.09,-1,-1,-1
46,-1,371.21,548.24,823.83,851.47,0.08,-1,-1,-1
46,-1,2467.92,131.28,24.19,9.03,0.08,-1,-1,-1
46,-1,1394.43,230.96,826.20,851.20,0.08,-1,-1,-1
46,-1,-0.20,730.87,772.02,800.62,0.07,-1,-1,-1
46,-1,1401.77,577.88,779.03,849.60,0.06,-1,-1,-1
46,-1,898.55,695.54,70.51,88.02,0.06,-1,-1,-1
46,-1,51.61,256.29,802.78,855.47,0.06,-1,-1,-1
46,-1,1.88,165.88,794.89,853.67,0.06,-1,-1,-1
46,-1,1054.85,371.63,30.67,27.74,0.05,-1,-1,-1
46,-1,83.96,681.62,823.12,838.20,0.05,-1,-1,-1
46,-1,898.91,693.70,71.62,90.43,0.05,-1,-1,-1
46,-1,1395.53,670.19,831.45,863.05,0.05,-1,-1,-1
47,-1,1496.22,619.36,56.90,88.72,0.89,-1,-1,-1
47,-1,841.91,70.45,55.02,32.26,0.88,-1,-1,-1
47,-1,803.72,73.57,59.93,31.35,0.88,-1,-1,-1
47,-1,845.35,36.00,17.03,37.66,0.82,-1,-1,-1
47,-1,625.67,0.30,156.16,86.27,0.78,-1,-1,-1
47,-1,1722.14,367.00,29.62,21.63,0.69,-1,-1,-1
47,-1,1902.18,437.87,44.76,17.93,0.39,-1,-1,-1
47,-1,1756.97,384.00,116.98,58.42,0.38,-1,-1,-1
47,-1,1523.14,663.19,24.80,30.67,0.38,-1,-1,-1
47,-1,1812.69,403.16,18.41,11.34,0.34,-1,-1,-1
47,-1,1793.93,404.56,18.69,11.82,0.26,-1,-1,-1
47,-1,1757.53,389.44,25.77,18.87,0.21,-1,-1,-1
47,-1,1769.58,380.46,20.93,12.67,0.19,-1,-1,-1
47,-1,1760.75,380.76,33.19,25.38,0.18,-1,-1,-1
47,-1,1774.26,406.00,97.67,35.41,0.18,-1,-1,-1
47,-1,1517.86,668.66,11.65,20.18,0.17,-1,-1,-1
47,-1,2.00,354.66,794.66,852.38,0.15,-1,-1,-1
47,-1,1.93,386.78,794.10,855.22,0.13,-1,-1,-1
47,-1,1757.56,387.49,38.05,32.81,0.12,-1,-1,-1
47,-1,562.76,612.47,823.75,835.71,0.09,-1,-1,-1
47,-1,371.13,271.21,35.40,37.29,0.09,-1,-1,-1
47,-1,1759.82,387.53,62.56,40.80,0.09,-1,-1,-1
47,-1,763.94,76.42,65.70,30.31,0.08,-1,-1,-1
47,-1,2166.88,625.39,42.17,30.65,0.08,-1,-1,-1
47,-1,1778.68,394.32,20.19,15.54,0.08,-1,-1,-1
47,-1,311.11,115.74,12.08,36.32,0.08,-1,-1,-1
47,-1,2169.65,614.39,65.04,30.63,0.07,-1,-1,-1
47,-1,633.02,820.35,292.09,261.43,0.06,-1,-1,-1
47,-1,53.80,258.99,819.92,852.19,0.06,-1,-1,-1
47,-1,1698.54,380.95,31.18,10.63,0.06,-1,-1,-1
47,-1,2179.80,1506.04,38.52,23.76,0.05,-1,-1,-1
47,-1,529.99,646.63,826.60,806.35,0.05,-1,-1,-1
48,-1,1537.49,609.67,54.18,85.17,0.91,-1,-1,-1
48,-1,902.51,31.41,15.09,37.37,0.85,-1,-1,-1
48,-1,685.69,0.53,153.31,80.00,0.84,-1,-1,-1
48,-1,898.03,65.77,54.41,31.78,0.80,-1,-1,-1
48,-1,861.12,68.75,59.38,30.31,0.69,-1,-1,-1
48,-1,1562.75,651.33,23.89,33.41,0.64,-1,-1,-1
48,-1,1774.09,368.55,29.04,30.06,0.59,-1,-1,-1
48,-1,813.65,72.49,12.93,35.63,0.47,-1,-1,-1
48,-1,1863.51,406.34,20.53,10.44,0.42,-1,-1,-1
48,-1,1806.74,389.69,119.82,54.88,0.37,-1,-1,-1
48,-1,1954.07,439.39,45.82,19.62,0.36,-1,-1,-1
48,-1,1851.57,406.51,12.55,11.65,0.29,-1,-1,-1
48,-1,2123.04,1472.66,136.44,57.32,0.25,-1,-1,-1
48,-1,1888.25,416.45,26.56,13.56,0.22,-1,-1,-1
48,-1,1808.19,392.81,24.24,16.40,0.21,-1,-1,-1
48,-1,1820.93,382.04,21.08,12.98,0.20,-1,-1,-1
48,-1,1823.15,406.36,102.73,38.44,0.12,-1,-1,-1
48,-1,1832.71,398.17,15.60,10.67,0.12,-1,-1,-1
48,-1,1835.70,402.65,16.78,10.30,0.11,-1,-1,-1
48,-1,1813.47,395.39,38.29,17.90,0.09,-1,-1,-1
48,-1,246.42,241.03,47.86,27.42,0.07,-1,-1,-1
48,-1,887.60,146.32,17.85,20.22,0.07,-1,-1,-1
48,-1,1808.73,397.14,23.11,24.17,0.06,-1,-1,-1
48,-1,2122.91,1473.61,137.58,54.31,0.06,-1,-1,-1
48,-1,1774.06,368.84,28.92,30.07,0.06,-1,-1,-1
48,-1,673.21,819.52,295.83,457.21,0.05,-1,-1,-1
48,-1,1807.91,383.23,32.49,23.63,0.05,-1,-1,-1
49,-1,901.08,23.36,16.04,38.49,0.84,-1,-1,-1
49,-1,896.79,57.92,54.73,32.36,0.82,-1,-1,-1
49,-1,685.86,0.35,149.48,72.33,0.79,-1,-1,-1
49,-1,1809.56,390.51,118.33,48.57,0.69,-1,-1,-1
49,-1,859.32,61.16,59.38,30.96,0.65,-1,-1,-1
49,-1,1531.17,592.92,68.74,89.43,0.58,-1,-1,-1
49,-1,1775.32,362.12,29.43,29.58,0.39,-1,-1,-1
49,-1,1561.10,635.51,23.91,32.81,0.36,-1,-1,-1
49,-1,2128.70,1456.18,119.37,70.60,0.21,-1,-1,-1
49,-1,1815.36,376.52,32.36,26.56,0.18,-1,-1,-1
49,-1,1822.74,375.80,20.94,13.97,0.17,-1,-1,-1
49,-1,812.33,67.75,12.71,33.95,0.17,-1,-1,-1
49,-1,1775.02,362.75,29.76,29.40,0.16,-1,-1,-1
49,-1,2254.18,847.40,141.24,173.04,0.14,-1,-1,-1
49,-1,1775.40,362.14,29.15,30.44,0.10,-1,-1,-1
49,-1,2128.71,1465.54,119.76,62.91,0.08,-1,-1,-1
49,-1,881.44,70.63,36.87,21.71,0.08,-1,-1,-1
49,-1,1460.49,2.83,42.80,43.96,0.07,-1,-1,-1
49,-1,533.02,45.23,78.42,107.15,0.07,-1,-1,-1
49,-1,1809.02,386.59,19.65,16.28,0.07,-1,-1,-1
49,-1,1810.01,378.65,118.84,61.52,0.06,-1,-1,-1
49,-1,345.75,957.15,83.01,53.87,0.06,-1,-1,-1
49,-1,1719.44,358.34,14.33,8.19,0.05,-1,-1,-1
49,-1,1810.50,389.21,118.25,50.74,0.05,-1,-1,-1
50,-1,888.77,73.95,55.96,33.80,0.90,-1,-1,-1
50,-1,850.27,76.63,61.29,32.59,0.85,-1,-1,-1
50,-1,892.86,38.88,16.55,38.96,0.85,-1,-1,-1
50,-1,671.08,0.32,156.30,89.92,0.78,-1,-1,-1
50,-1,1828.86,412.24,121.84,62.50,0.54,-1,-1,-1
50,-1,1829.26,406.94,121.61,67.07,0.38,-1,-1,-1
50,-1,802.93,82.75,11.60,35.10,0.27,-1,-1,-1
50,-1,1791.91,391.56,31.60,30.59,0.21,-1,-1,-1
50,-1,1540.47,619.81,60.80,89.50,0.19,-1,-1,-1
50,-1,2319.63,940.16,149.93,172.74,0.15,-1,-1,-1
50,-1,1829.86,406.70,39.18,31.10,0.13,-1,-1,-1
50,-1,1792.08,391.83,31.34,30.52,0.13,-1,-1,-1
50,-1,1792.29,391.73,30.83,30.68,0.10,-1,-1,-1
50,-1,1792.10,391.67,31.27,30.73,0.10,-1,-1,-1
50,-1,1791.84,391.58,31.59,31.01,0.09,-1,-1,-1
50,-1,259.71,289.98,18.87,11.04,0.08,-1,-1,-1
50,-1,216.27,266.44,10.14,20.20,0.08,-1,-1,-1
50,-1,1.53,677.59,795.20,851.29,0.08,-1,-1,-1
50,-1,260.38,289.72,18.08,10.99,0.07,-1,-1,-1
50,-1,1570.26,662.48,20.72,28.29,0.07,-1,-1,-1
50,-1,18.72,721.30,826.80,811.43,0.06,-1,-1,-1
51,-1,1544.56,646.22,59.46,94.13,0.89,-1,-1,-1
51,-1,884.93,53.20,17.14,40.07,0.85,-1,-1,-1
51,-1,880.82,89.63,56.34,34.03,0.82,-1,-1,-1
51,-1,1573.96,695.07,24.42,33.06,0.76,-1,-1,-1
51,-1,659.10,4.13,158.46,102.62,0.73,-1,-1,-1
51,-1,842.37,92.68,61.31,31.87,0.64,-1,-1,-1
51,-1,1805.88,418.44,31.23,30.15,0.51,-1,-1,-1
51,-1,1863.61,462.86,107.74,39.98,0.49,-1,-1,-1
51,-1,1883.66,460.87,19.96,13.69,0.47,-1,-1,-1
51,-1,1856.55,433.91,22.53,14.47,0.42,-1,-1,-1
51,-1,791.08,98.48,14.29,36.64,0.40,-1,-1,-1
51,-1,1904.46,460.59,18.71,9.27,0.35,-1,-1,-1
51,-1,1843.10,445.26,27.32,32.35,0.33,-1,-1,-1
51,-1,1870.37,451.25,15.04,13.01,0.25,-1,-1,-1
51,-1,420.46,540.02,29.16,10.12,0.22,-1,-1,-1
51,-1,506.70,77.38,74.61,114.74,0.18,-1,-1,-1
51,-1,1843.57,445.26,23.31,17.05,0.14,-1,-1,-1
51,-1,188.87,241.58,28.34,82.67,0.13,-1,-1,-1
51,-1,1745.67,413.54,15.39,8.44,0.12,-1,-1,-1
51,-1,2001.30,497.43,47.97,23.28,0.09,-1,-1,-1
51,-1,1566.78,701.63,12.14,21.12,0.08,-1,-1,-1
51,-1,191.36,283.67,47.65,16.86,0.07,-1,-1,-1
51,-1,2001.38,497.52,47.57,23.28,0.06,-1,-1,-1
52,-1,1545.60,686.48,66.08,96.81,0.91,-1,-1,-1
52,-1,641.62,21.62,160.32,103.10,0.90,-1,-1,-1
52,-1,868.35,108.49,58.38,35.17,0.89,-1,-1,-1
52,-1,828.41,111.98,63.24,34.20,0.87,-1,-1,-1
52,-1,873.18,70.48,16.96,42.40,0.85,-1,-1,-1
52,-1,1577.79,736.51,27.20,34.38,0.60,-1,-1,-1
52,-1,1819.22,451.76,33.46,31.00,0.50,-1,-1,-1
52,-1,1858.75,475.42,132.93,66.72,0.42,-1,-1,-1
52,-1,1859.20,478.22,132.90,63.20,0.39,-1,-1,-1
52,-1,580.31,1074.49,336.86,273.61,0.33,-1,-1,-1
52,-1,777.32,118.08,17.63,38.05,0.25,-1,-1,-1
52,-1,1901.12,495.84,21.24,15.13,0.19,-1,-1,-1
52,-1,0.22,705.20,772.97,822.99,0.17,-1,-1,-1
52,-1,2543.75,564.46,93.60,47.52,0.12,-1,-1,-1
52,-1,1992.47,1057.26,22.24,12.78,0.12,-1,-1,-1
52,-1,1871.29,467.96,24.54,13.49,0.11,-1,-1,-1
52,-1,1819.04,451.58,33.65,31.99,0.10,-1,-1,-1
52,-1,1575.08,740.75,11.85,24.51,0.10,-1,-1,-1
52,-1,1.56,725.47,715.18,805.26,0.10,-1,-1,-1
52,-1,1758.24,445.96,15.49,8.51,0.10,-1,-1,-1
52,-1,1348.57,167.03,87.96,47.25,0.09,-1,-1,-1
52,-1,1920.98,495.51,20.50,9.52,0.09,-1,-1,-1
52,-1,1859.15,479.13,27.65,20.15,0.08,-1,-1,-1
52,-1,1464.17,40.66,48.69,47.98,0.07,-1,-1,-1
52,-1,2544.39,563.93,92.57,48.22,0.07,-1,-1,-1
52,-1,2023.23,535.10,51.12,23.13,0.07,-1,-1,-1
52,-1,779.27,115.64,78.05,37.90,0.07,-1,-1,-1
52,-1,1887.48,492.37,60.13,25.29,0.06,-1,-1,-1
52,-1,205.87,727.65,835.01,803.22,0.06,-1,-1,-1
53,-1,1552.36,734.46,62.64,106.19,0.88,-1,-1,-1
53,-1,852.15,133.21,59.14,36.20,0.87,-1,-1,-1
53,-1,618.11,44.57,167.91,105.99,0.87,-1,-1,-1
53,-1,857.04,94.04,17.24,44.00,0.85,-1,-1,-1
53,-1,810.66,136.84,65.59,34.79,0.64,-1,-1,-1
53,-1,1874.72,522.81,137.87,66.64,0.63,-1,-1,-1
53,-1,761.91,140.66,18.03,41.18,0.53,-1,-1,-1
53,-1,1833.82,494.51,34.04,31.98,0.45,-1,-1,-1
53,-1,1940.78,539.71,22.25,10.84,0.27,-1,-1,-1
53,-1,1915.64,542.21,25.51,14.35,0.25,-1,-1,-1
53,-1,2045.25,582.70,54.38,25.14,0.20,-1,-1,-1
53,-1,1874.19,521.04,140.46,68.90,0.17,-1,-1,-1
53,-1,1394.28,675.63,826.09,846.58,0.16,-1,-1,-1
53,-1,1888.56,511.26,25.26,13.82,0.14,-1,-1,-1
53,-1,1.49,677.70,794.79,846.07,0.13,-1,-1,-1
53,-1,1585.26,792.47,24.94,30.19,0.12,-1,-1,-1
53,-1,1833.96,494.75,33.90,31.76,0.10,-1,-1,-1
53,-1,256.95,0.21,31.89,19.93,0.09,-1,-1,-1
53,-1,443.50,127.78,116.38,110.13,0.08,-1,-1,-1
53,-1,1769.25,488.00,16.72,9.14,0.08,-1,-1,-1
53,-1,1888.72,510.82,24.42,14.04,0.07,-1,-1,-1
53,-1,1881.01,524.14,39.47,20.17,0.06,-1,-1,-1
53,-1,2234.83,338.02,44.85,20.46,0.06,-1,-1,-1
53,-1,1075.79,699.91,825.52,829.39,0.05,-1,-1,-1
54,-1,1542.44,846.59,72.65,119.29,0.92,-1,-1,-1
54,-1,561.69,95.62,176.86,112.94,0.90,-1,-1,-1
54,-1,808.45,187.95,62.27,39.55,0.88,-1,-1,-1
54,-1,763.92,192.18,69.73,37.24,0.85,-1,-1,-1
54,-1,814.16,146.68,18.83,48.00,0.82,-1,-1,-1
54,-1,1579.70,914.47,26.46,38.52,0.69,-1,-1,-1
54,-1,1855.77,588.87,38.22,33.52,0.42,-1,-1,-1
54,-1,714.32,198.15,21.52,43.76,0.41,-1,-1,-1
54,-1,210.38,22.22,10.05,9.18,0.34,-1,-1,-1
54,-1,1855.41,588.91,38.58,33.44,0.29,-1,-1,-1
54,-1,1903.62,613.02,152.37,89.78,0.13,-1,-1,-1
54,-1,1265.48,723.14,827.20,810.14,0.09,-1,-1,-1
54,-1,363.67,185.13,135.13,129.03,0.08,-1,-1,-1
54,-1,1300.25,703.67,825.77,827.02,0.07,-1,-1,-1
54,-1,713.58,195.92,81.73,45.82,0.06,-1,-1,-1
54,-1,1573.89,913.86,11.77,17.02,0.06,-1,-1,-1
54,-1,163.08,31.82,26.85,34.01,0.06,-1,-1,-1
54,-1,373.44,274.27,124.23,43.15,0.05,-1,-1,-1
55,-1,1532.23,898.54,73.32,124.77,0.93,-1,-1,-1
55,-1,783.94,212.67,62.62,41.13,0.90,-1,-1,-1
55,-1,789.64,170.49,19.73,47.78,0.85,-1,-1,-1
55,-1,739.56,217.17,69.04,38.87,0.71,-1,-1,-1
55,-1,532.31,114.49,245.86,152.56,0.71,-1,-1,-1
55,-1,174.50,41.63,10.36,9.74,0.63,-1,-1,-1
55,-1,1850.19,629.24,221.67,122.53,0.56,-1,-1,-1
55,-1,686.67,226.12,16.39,29.33,0.41,-1,-1,-1
55,-1,486.79,1169.76,14.43,17.17,0.16,-1,-1,-1
55,-1,487.46,1170.08,13.59,16.44,0.14,-1,-1,-1
55,-1,400.99,39.14,13.59,12.70,0.11,-1,-1,-1
55,-1,322.72,209.61,135.37,138.04,0.10,-1,-1,-1
55,-1,322.40,208.84,137.24,137.93,0.10,-1,-1,-1
55,-1,1790.16,625.48,17.69,10.21,0.08,-1,-1,-1
55,-1,1821.40,632.28,81.29,42.68,0.06,-1,-1,-1
55,-1,401.32,39.28,13.33,12.15,0.05,-1,-1,-1
56,-1,502.94,136.80,180.19,121.45,0.93,-1,-1,-1
56,-1,1521.90,941.89,69.18,135.70,0.92,-1,-1,-1
56,-1,759.08,234.34,64.69,42.75,0.91,-1,-1,-1
56,-1,765.55,191.30,19.69,50.38,0.85,-1,-1,-1
56,-1,714.06,239.85,70.06,39.68,0.84,-1,-1,-1
56,-1,1552.74,1021.97,29.06,40.01,0.61,-1,-1,-1
56,-1,1863.61,674.71,41.48,37.22,0.59,-1,-1,-1
56,-1,1915.12,713.21,52.87,29.99,0.36,-1,-1,-1
56,-1,1961.34,738.85,32.52,18.34,0.36,-1,-1,-1
56,-1,140.42,58.13,10.47,10.36,0.30,-1,-1,-1
56,-1,1549.81,1019.02,17.02,35.11,0.28,-1,-1,-1
56,-1,280.55,248.81,143.88,127.82,0.19,-1,-1,-1
56,-1,1991.39,737.24,25.22,17.48,0.19,-1,-1,-1
56,-1,1790.40,666.16,18.12,10.80,0.17,-1,-1,-1
56,-1,1834.95,691.90,48.71,19.93,0.14,-1,-1,-1
56,-1,72.88,0.30,64.80,44.62,0.08,-1,-1,-1
56,-1,1949.05,722.90,19.78,19.93,0.07,-1,-1,-1
56,-1,658.83,239.19,125.73,50.25,0.06,-1,-1,-1
56,-1,2655.40,5.26,35.42,16.24,0.06,-1,-1,-1
56,-1,1918.04,729.99,33.43,28.72,0.06,-1,-1,-1
56,-1,280.11,332.66,146.28,47.65,0.05,-1,-1,-1
57,-1,735.45,253.98,64.48,43.53,0.93,-1,-1,-1
57,-1,1502.58,980.15,71.11,138.18,0.93,-1,-1,-1
57,-1,474.87,155.91,182.52,121.36,0.87,-1,-1,-1
57,-1,741.64,209.48,21.24,51.82,0.87,-1,-1,-1
57,-1,688.49,259.06,72.44,41.28,0.80,-1,-1,-1
57,-1,108.52,72.89,10.69,10.46,0.60,-1,-1,-1
57,-1,1786.09,703.90,300.77,142.09,0.40,-1,-1,-1
57,-1,60.41,83.89,43.50,101.10,0.20,-1,-1,-1
57,-1,1863.32,712.17,41.81,39.68,0.19,-1,-1,-1
57,-1,1535.76,1061.87,29.79,40.07,0.12,-1,-1,-1
57,-1,1429.11,148.99,59.91,50.54,0.12,-1,-1,-1
57,-1,2315.40,713.32,104.48,91.72,0.11,-1,-1,-1
57,-1,238.85,357.64,155.53,50.47,0.11,-1,-1,-1
57,-1,726.25,3.08,59.48,34.88,0.10,-1,-1,-1
57,-1,1914.45,738.58,172.12,104.86,0.09,-1,-1,-1
57,-1,238.08,270.80,156.00,135.20,0.08,-1,-1,-1
57,-1,626.84,703.62,784.12,824.21,0.07,-1,-1,-1
57,-1,1821.03,725.89,69.97,39.97,0.07,-1,-1,-1
57,-1,64.88,85.09,20.76,32.58,0.07,-1,-1,-1
57,-1,631.68,266.51,21.73,48.18,0.06,-1,-1,-1
57,-1,518.66,586.09,26.84,26.93,0.06,-1,-1,-1
57,-1,6.26,452.46,809.53,846.26,0.06,-1,-1,-1
57,-1,1784.04,702.06,119.73,62.33,0.06,-1,-1,-1
57,-1,629.19,252.42,92.47,62.45,0.06,-1,-1,-1
57,-1,1920.33,417.75,795.25,853.76,0.06,-1,-1,-1
57,-1,626.44,675.12,797.70,849.36,0.05,-1,-1,-1
57,-1,1863.27,712.58,42.16,39.42,0.05,-1,-1,-1
58,-1,1477.88,1008.92,78.66,142.79,0.91,-1,-1,-1
58,-1,712.90,270.73,64.85,44.96,0.91,-1,-1,-1
58,-1,719.13,225.62,20.92,51.51,0.87,-1,-1,-1
58,-1,665.74,275.80,72.81,42.55,0.86,-1,-1,-1
58,-1,1510.56,1095.48,34.53,41.74,0.73,-1,-1,-1
58,-1,445.22,171.97,256.40,162.90,0.73,-1,-1,-1
58,-1,603.65,286.19,25.37,49.30,0.67,-1,-1,-1
58,-1,2499.33,687.83,149.96,97.25,0.64,-1,-1,-1
58,-1,1858.16,743.74,43.11,41.52,0.41,-1,-1,-1
58,-1,2330.77,710.69,136.55,122.86,0.35,-1,-1,-1
58,-1,79.38,86.27,11.16,9.91,0.34,-1,-1,-1
58,-1,2413.39,750.89,119.93,91.76,0.30,-1,-1,-1
58,-1,2397.63,935.43,101.91,49.66,0.26,-1,-1,-1
58,-1,2517.00,722.34,98.08,72.31,0.24,-1,-1,-1
58,-1,2413.74,978.68,237.77,107.91,0.23,-1,-1,-1
58,-1,2458.16,778.85,134.81,75.19,0.22,-1,-1,-1
58,-1,707.97,14.53,55.14,35.53,0.21,-1,-1,-1
58,-1,2339.73,745.99,81.05,86.40,0.21,-1,-1,-1
58,-1,2494.07,809.84,135.79,98.40,0.20,-1,-1,-1
58,-1,2330.69,709.98,134.53,49.58,0.18,-1,-1,-1
58,-1,28.51,98.03,29.21,66.07,0.11,-1,-1,-1
58,-1,2621.34,776.08,63.23,38.02,0.11,-1,-1,-1
58,-1,2467.47,911.65,125.73,91.29,0.11,-1,-1,-1
58,-1,202.31,281.25,159.18,148.02,0.10,-1,-1,-1
58,-1,2383.41,350.67,19.65,13.03,0.10,-1,-1,-1
58,-1,2588.51,786.59,67.96,65.20,0.09,-1,-1,-1
58,-1,0.59,2.58,99.31,139.73,0.09,-1,-1,-1
58,-1,2477.76,1074.79,180.62,90.23,0.08,-1,-1,-1
58,-1,2480.29,732.27,52.08,36.79,0.07,-1,-1,-1
58,-1,1857.86,743.55,43.18,41.41,0.07,-1,-1,-1
58,-1,2588.23,785.25,117.17,105.15,0.07,-1,-1,-1
58,-1,202.19,292.78,158.47,135.62,0.07,-1,-1,-1
58,-1,203.39,376.28,158.79,53.79,0.07,-1,-1,-1
58,-1,2619.62,858.95,83.48,79.78,0.07,-1,-1,-1
58,-1,1923.86,550.56,793.24,851.46,0.07,-1,-1,-1
58,-1,1911.49,766.73,172.91,115.49,0.07,-1,-1,-1
58,-1,247.06,115.58,18.35,11.01,0.06,-1,-1,-1
58,-1,1477.85,1009.01,78.24,142.44,0.05,-1,-1,-1
59,-1,853.18,135.11,166.74,124.42,0.92,-1,-1,-1
59,-1,1755.87,1030.30,69.40,148.93,0.91,-1,-1,-1
59,-1,1095.70,244.64,59.18,46.36,0.91,-1,-1,-1
59,-1,1049.62,247.21,67.19,44.72,0.89,-1,-1,-1
59,-1,1105.40,201.01,18.80,52.28,0.86,-1,-1,-1
59,-1,2213.63,830.84,46.37,45.35,0.67,-1,-1,-1
59,-1,1783.90,1120.32,32.34,40.80,0.52,-1,-1,-1
59,-1,613.07,325.90,78.10,41.04,0.27,-1,-1,-1
59,-1,700.22,320.82,58.23,31.57,0.27,-1,-1,-1
59,-1,991.44,251.07,22.92,50.41,0.24,-1,-1,-1
59,-1,2129.20,811.51,21.29,11.11,0.23,-1,-1,-1
59,-1,212.50,-0.10,682.84,85.98,0.15,-1,-1,-1
59,-1,2356.89,921.57,27.29,10.54,0.14,-1,-1,-1
59,-1,504.01,40.67,18.90,40.32,0.13,-1,-1,-1
59,-1,241.86,-0.22,322.45,78.59,0.12,-1,-1,-1
59,-1,2286.58,864.00,34.72,19.92,0.11,-1,-1,-1
59,-1,545.56,31.98,9.92,10.17,0.11,-1,-1,-1
59,-1,700.22,320.48,58.50,31.88,0.09,-1,-1,-1
59,-1,1781.69,1111.65,23.29,36.28,0.08,-1,-1,-1
59,-1,626.85,325.98,46.88,24.80,0.08,-1,-1,-1
59,-1,2265.99,878.50,117.04,63.89,0.07,-1,-1,-1
59,-1,636.53,320.42,121.65,35.24,0.07,-1,-1,-1
59,-1,369.98,868.98,40.80,15.99,0.06,-1,-1,-1
59,-1,2214.09,830.68,45.72,45.46,0.05,-1,-1,-1
59,-1,652.23,322.21,63.34,30.10,0.05,-1,-1,-1
60,-1,1084.20,241.98,59.58,46.28,0.93,-1,-1,-1
60,-1,1730.00,1005.85,71.50,147.05,0.92,-1,-1,-1
60,-1,1038.87,244.69,66.26,43.54,0.92,-1,-1,-1
60,-1,1094.57,199.57,18.81,50.31,0.87,-1,-1,-1
60,-1,844.49,132.46,164.87,124.67,0.86,-1,-1,-1
60,-1,1762.37,1096.13,30.47,40.45,0.75,-1,-1,-1
60,-1,2482.67,1001.28,73.12,47.20,0.64,-1,-1,-1
60,-1,2195.62,825.11,46.81,48.26,0.58,-1,-1,-1
60,-1,535.68,29.20,10.23,9.74,0.32,-1,-1,-1
60,-1,215.04,427.89,820.55,834.59,0.28,-1,-1,-1
60,-1,496.16,38.27,16.34,37.95,0.15,-1,-1,-1
60,-1,271.27,50.78,63.32,18.58,0.14,-1,-1,-1
60,-1,315.19,16.43,25.76,40.14,0.14,-1,-1,-1
60,-1,271.11,49.44,65.22,20.36,0.10,-1,-1,-1
60,-1,980.16,240.83,85.35,55.56,0.09,-1,-1,-1
60,-1,2195.78,825.59,46.64,47.17,0.08,-1,-1,-1
60,-1,1758.07,1085.74,13.55,23.10,0.08,-1,-1,-1
60,-1,316.06,15.83,10.29,10.33,0.07,-1,-1,-1
60,-1,1651.98,98.05,822.85,859.53,0.06,-1,-1,-1
60,-1,293.25,11.21,22.22,40.15,0.06,-1,-1,-1
60,-1,297.43,11.70,10.73,9.66,0.06,-1,-1,-1
60,-1,498.31,289.38,826.48,852.87,0.06,-1,-1,-1
60,-1,-1.51,547.17,799.02,846.27,0.06,-1,-1,-1
60,-1,2268.34,860.47,33.25,19.88,0.06,-1,-1,-1
60,-1,2246.62,879.91,117.74,53.20,0.06,-1,-1,-1
60,-1,1850.64,216.28,10.05,12.77,0.06,-1,-1,-1
60,-1,900.14,747.30,78.08,38.26,0.05,-1,-1,-1
60,-1,252.46,518.10,23.66,13.60,0.05,-1,-1,-1
60,-1,339.89,736.85,35.45,47.06,0.05,-1,-1,-1
60,-1,150.19,422.34,823.40,846.88,0.05,-1,-1,-1
61,-1,1077.49,241.20,59.13,45.64,0.93,-1,-1,-1
61,-1,1709.42,986.01,73.51,141.70,0.92,-1,-1,-1
61,-1,1030.30,242.59,67.89,44.48,0.88,-1,-1,-1
61,-1,1087.81,197.98,18.10,50.78,0.86,-1,-1,-1
61,-1,835.45,130.15,165.58,126.13,0.83,-1,-1,-1
61,-1,974.11,246.47,16.86,50.55,0.60,-1,-1,-1
61,-1,1741.56,1070.01,32.02,42.18,0.56,-1,-1,-1
61,-1,530.28,28.20,9.74,9.66,0.45,-1,-1,-1
61,-1,2184.12,825.24,44.16,44.94,0.32,-1,-1,-1
61,-1,2184.15,825.18,44.46,44.90,0.28,-1,-1,-1
61,-1,2233.12,873.86,187.48,124.91,0.27,-1,-1,-1
61,-1,597.93,321.81,48.64,40.65,0.25,-1,-1,-1
61,-1,1740.25,1064.18,12.09,16.11,0.24,-1,-1,-1
61,-1,345.89,861.49,39.69,14.83,0.19,-1,-1,-1
61,-1,1842.56,215.39,10.97,12.91,0.09,-1,-1,-1
61,-1,1739.01,1064.14,14.95,30.66,0.09,-1,-1,-1
61,-1,2233.52,871.99,187.31,127.80,0.09,-1,-1,-1
61,-1,1755.94,1072.56,17.49,32.37,0.09,-1,-1,-1
61,-1,2184.38,824.99,44.13,44.92,0.09,-1,-1,-1
61,-1,290.15,840.32,15.98,20.50,0.08,-1,-1,-1
61,-1,631.43,315.29,100.60,31.63,0.08,-1,-1,-1
61,-1,1723.44,1032.61,41.89,24.81,0.08,-1,-1,-1
61,-1,490.63,36.11,16.72,40.14,0.07,-1,-1,-1
61,-1,2429.72,748.89,11.40,37.95,0.07,-1,-1,-1
61,-1,2465.03,993.26,74.35,52.25,0.07,-1,-1,-1
61,-1,2233.57,877.54,102.80,57.77,0.06,-1,-1,-1
61,-1,1735.69,1068.85,45.34,68.17,0.06,-1,-1,-1
61,-1,373.09,436.52,822.96,802.19,0.06,-1,-1,-1
61,-1,1106.56,0.57,42.42,22.25,0.06,-1,-1,-1
61,-1,2254.18,857.08,34.03,20.84,0.06,-1,-1,-1
61,-1,591.54,238.78,148.93,122.38,0.05,-1,-1,-1
62,-1,1701.12,963.08,72.03,138.04,0.93,-1,-1,-1
62,-1,1072.16,238.21,59.61,46.44,0.91,-1,-1,-1
62,-1,1026.11,240.58,67.44,44.56,0.91,-1,-1,-1
62,-1,1082.82,195.00,18.07,50.53,0.87,-1,-1,-1
62,-1,832.86,128.12,163.46,124.05,0.78,-1,-1,-1
62,-1,968.23,245.85,16.58,47.49,0.72,-1,-1,-1
62,-1,2222.83,873.44,188.40,119.42,0.54,-1,-1,-1
62,-1,526.34,25.06,9.71,9.95,0.43,-1,-1,-1
62,-1,1728.35,1045.32,30.29,36.34,0.31,-1,-1,-1
62,-1,338.84,856.50,41.21,16.44,0.30,-1,-1,-1
62,-1,1726.56,1039.30,13.85,13.85,0.24,-1,-1,-1
62,-1,600.35,313.22,133.49,46.28,0.20,-1,-1,-1
62,-1,2174.27,821.46,45.20,45.36,0.18,-1,-1,-1
62,-1,1838.05,214.28,10.16,11.82,0.17,-1,-1,-1
62,-1,2174.52,821.21,45.02,45.51,0.11,-1,-1,-1
62,-1,1725.42,1038.90,17.04,30.09,0.10,-1,-1,-1
62,-1,2457.56,993.26,71.06,46.99,0.10,-1,-1,-1
62,-1,601.03,319.69,41.72,38.77,0.08,-1,-1,-1
62,-1,486.22,34.50,16.10,39.16,0.07,-1,-1,-1
62,-1,1737.96,414.73,65.15,41.17,0.07,-1,-1,-1
62,-1,487.85,34.93,10.11,9.44,0.07,-1,-1,-1
62,-1,304.71,12.20,20.15,37.71,0.06,-1,-1,-1
62,-1,829.31,128.28,272.01,171.17,0.06,-1,-1,-1
62,-1,2174.99,821.26,44.14,46.53,0.06,-1,-1,-1
62,-1,1737.74,414.70,65.80,39.93,0.06,-1,-1,-1
62,-1,1738.27,414.65,65.04,40.14,0.06,-1,-1,-1
63,-1,1068.78,237.98,58.93,45.68,0.91,-1,-1,-1
63,-1,1022.29,239.98,66.66,44.03,0.91,-1,-1,-1
63,-1,826.14,127.27,165.69,124.02,0.90,-1,-1,-1
63,-1,1078.81,193.38,18.98,52.68,0.87,-1,-1,-1
63,-1,1691.82,949.04,65.47,134.90,0.85,-1,-1,-1
63,-1,963.82,242.51,20.67,49.06,0.64,-1,-1,-1
63,-1,1718.81,1026.80,32.74,42.04,0.58,-1,-1,-1
63,-1,522.27,23.91,9.98,9.82,0.34,-1,-1,-1
63,-1,482.45,32.33,16.81,40.51,0.32,-1,-1,-1
63,-1,173.74,482.69,37.56,62.20,0.24,-1,-1,-1
63,-1,332.52,857.07,41.61,16.47,0.18,-1,-1,-1
63,-1,590.85,316.46,46.51,42.44,0.15,-1,-1,-1
63,-1,959.22,639.73,57.42,25.51,0.11,-1,-1,-1
63,-1,1700.51,971.99,56.95,92.62,0.11,-1,-1,-1
63,-1,1835.51,213.62,9.87,12.52,0.10,-1,-1,-1
63,-1,2171.63,823.83,44.62,43.42,0.09,-1,-1,-1
63,-1,596.30,312.70,132.93,31.64,0.08,-1,-1,-1
63,-1,283.61,6.08,9.77,9.91,0.08,-1,-1,-1
63,-1,2172.42,823.57,43.83,43.74,0.08,-1,-1,-1
63,-1,670.42,312.70,58.57,29.73,0.07,-1,-1,-1
63,-1,2171.49,823.56,44.80,43.82,0.07,-1,-1,-1
63,-1,573.43,331.52,35.58,19.17,0.07,-1,-1,-1
63,-1,302.02,10.34,10.26,10.22,0.06,-1,-1,-1
63,-1,1735.34,414.56,66.02,40.20,0.06,-1,-1,-1
63,-1,477.47,33.24,55.40,36.78,0.05,-1,-1,-1
63,-1,619.54,316.70,26.74,24.70,0.05,-1,-1,-1
64,-1,1683.21,937.69,72.46,136.43,0.94,-1,-1,-1
64,-1,1064.90,238.52,60.15,46.40,0.92,-1,-1,-1
64,-1,1018.05,240.34,68.23,44.75,0.92,-1,-1,-1
64,-1,824.51,127.18,164.88,125.30,0.87,-1,-1,-1
64,-1,1075.65,194.25,18.82,52.20,0.86,-1,-1,-1
64,-1,959.65,243.36,18.30,49.31,0.75,-1,-1,-1
64,-1,1718.50,1018.77,29.12,39.34,0.75,-1,-1,-1
64,-1,477.87,31.54,15.89,40.43,0.43,-1,-1,-1
64,-1,148.55,456.04,823.48,847.18,0.39,-1,-1,-1
64,-1,2172.03,826.08,46.44,46.71,0.30,-1,-1,-1
64,-1,1361.18,724.89,829.28,807.44,0.22,-1,-1,-1
64,-1,517.05,23.54,10.39,9.63,0.21,-1,-1,-1
64,-1,2172.63,825.62,46.04,46.80,0.12,-1,-1,-1
64,-1,2456.47,1002.54,72.57,48.41,0.12,-1,-1,-1
64,-1,2221.69,879.76,188.11,121.47,0.12,-1,-1,-1
64,-1,1713.00,1012.46,10.77,11.60,0.10,-1,-1,-1
64,-1,2172.39,826.05,46.24,46.46,0.09,-1,-1,-1
64,-1,541.17,313.60,184.94,45.98,0.09,-1,-1,-1
64,-1,2173.02,825.79,45.25,47.11,0.08,-1,-1,-1
64,-1,2089.20,804.74,19.32,14.41,0.08,-1,-1,-1
64,-1,309.03,733.39,36.37,47.66,0.07,-1,-1,-1
64,-1,277.74,5.39,9.61,9.58,0.07,-1,-1,-1
64,-1,2089.30,804.71,19.36,14.31,0.07,-1,-1,-1
64,-1,539.80,235.95,186.04,122.90,0.07,-1,-1,-1
64,-1,2223.23,882.35,117.22,55.72,0.05,-1,-1,-1
64,-1,1834.62,213.97,10.38,13.49,0.05,-1,-1,-1
64,-1,222.99,-0.27,309.25,69.52,0.05,-1,-1,-1
65,-1,818.07,129.53,166.95,126.69,0.93,-1,-1,-1
65,-1,1681.45,937.14,72.66,133.55,0.92,-1,-1,-1
65,-1,1062.17,241.95,59.30,46.57,0.92,-1,-1,-1
65,-1,1014.24,244.57,68.49,43.56,0.91,-1,-1,-1
65,-1,1072.52,197.98,18.70,52.62,0.86,-1,-1,-1
65,-1,952.21,256.35,14.98,40.50,0.49,-1,-1,-1
65,-1,1714.92,1015.67,29.13,41.65,0.44,-1,-1,-1
65,-1,2181.26,839.87,44.77,46.05,0.29,-1,-1,-1
65,-1,511.63,24.92,9.96,9.70,0.23,-1,-1,-1
65,-1,1709.01,1014.47,42.21,77.37,0.20,-1,-1,-1
65,-1,1730.30,1000.66,9.25,16.59,0.18,-1,-1,-1
65,-1,601.59,647.71,49.48,33.58,0.17,-1,-1,-1
65,-1,-0.10,551.75,794.67,850.55,0.15,-1,-1,-1
65,-1,1836.40,217.67,10.08,12.68,0.15,-1,-1,-1
65,-1,572.21,324.05,52.68,39.93,0.12,-1,-1,-1
65,-1,470.76,34.12,16.75,38.87,0.11,-1,-1,-1
65,-1,945.84,630.21,62.64,58.97,0.10,-1,-1,-1
65,-1,2180.93,839.60,45.20,45.92,0.08,-1,-1,-1
65,-1,2171.75,834.95,249.93,185.47,0.08,-1,-1,-1
65,-1,1711.59,1010.45,11.25,17.16,0.07,-1,-1,-1
65,-1,2231.07,889.00,189.65,128.46,0.07,-1,-1,-1
65,-1,309.38,875.07,42.30,16.72,0.07,-1,-1,-1
65,-1,575.50,316.96,143.69,35.11,0.06,-1,-1,-1
65,-1,588.45,321.23,62.02,42.87,0.06,-1,-1,-1
65,-1,928.03,763.14,18.66,16.84,0.05,-1,-1,-1
65,-1,2230.97,888.45,189.84,129.03,0.05,-1,-1,-1
65,-1,243.47,451.96,821.47,854.19,0.05,-1,-1,-1
66,-1,1684.58,945.25,84.30,135.61,0.92,-1,-1,-1
66,-1,1058.68,249.08,60.05,47.66,0.92,-1,-1,-1
66,-1,812.16,135.63,168.49,128.41,0.92,-1,-1,-1
66,-1,1010.05,250.85,69.54,45.82,0.90,-1,-1,-1
66,-1,1069.49,204.14,18.74,53.16,0.85,-1,-1,-1
66,-1,503.01,28.76,10.02,9.87,0.74,-1,-1,-1
66,-1,1714.24,1025.36,31.87,43.23,0.70,-1,-1,-1
66,-1,1712.46,1021.84,15.79,32.88,0.51,-1,-1,-1
66,-1,2193.16,861.35,47.33,48.64,0.32,-1,-1,-1
66,-1,1740.10,432.88,67.46,40.19,0.30,-1,-1,-1
66,-1,1652.40,103.86,823.88,851.07,0.25,-1,-1,-1
66,-1,2193.36,860.79,46.94,48.84,0.21,-1,-1,-1
66,-1,1091.65,0.44,44.19,22.60,0.17,-1,-1,-1
66,-1,2292.78,1222.77,20.91,11.65,0.16,-1,-1,-1
66,-1,2192.85,861.42,47.71,48.25,0.12,-1,-1,-1
66,-1,463.49,38.22,10.96,9.71,0.11,-1,-1,-1
66,-1,2244.18,914.51,194.46,134.41,0.10,-1,-1,-1
66,-1,181.78,457.78,821.21,844.33,0.09,-1,-1,-1
66,-1,0.19,611.09,796.59,855.40,0.08,-1,-1,-1
66,-1,278.27,14.67,10.40,10.05,0.08,-1,-1,-1
66,-1,0.64,-0.00,577.37,79.66,0.07,-1,-1,-1
66,-1,563.62,365.85,821.40,810.37,0.06,-1,-1,-1
66,-1,572.64,332.37,44.61,41.52,0.06,-1,-1,-1
66,-1,521.26,246.18,192.46,127.08,0.06,-1,-1,-1
66,-1,1840.19,223.34,10.49,12.85,0.05,-1,-1,-1
67,-1,1045.45,283.29,61.44,50.18,0.92,-1,-1,-1
67,-1,790.75,165.97,175.08,132.89,0.90,-1,-1,-1
67,-1,994.62,285.70,71.69,47.62,0.90,-1,-1,-1
67,-1,1686.31,1004.11,81.14,143.88,0.89,-1,-1,-1
67,-1,1055.58,236.78,20.32,55.86,0.85,-1,-1,-1
67,-1,798.97,1119.49,39.07,58.15,0.62,-1,-1,-1
67,-1,799.41,1115.44,49.60,70.81,0.51,-1,-1,-1
67,-1,1.85,701.36,795.38,824.65,0.48,-1,-1,-1
67,-1,1080.23,12.68,56.05,30.70,0.47,-1,-1,-1
67,-1,1728.55,1091.69,29.14,39.81,0.41,-1,-1,-1
67,-1,799.79,1114.51,50.01,70.27,0.35,-1,-1,-1
67,-1,927.99,298.63,14.63,43.34,0.31,-1,-1,-1
67,-1,2288.62,1005.49,209.21,142.31,0.30,-1,-1,-1
67,-1,2233.33,940.83,49.77,51.77,0.28,-1,-1,-1
67,-1,475.81,51.43,10.11,10.49,0.23,-1,-1,-1
67,-1,275.89,521.78,824.06,845.89,0.17,-1,-1,-1
67,-1,798.70,1141.76,27.02,37.05,0.13,-1,-1,-1
67,-1,542.06,365.73,142.64,51.07,0.13,-1,-1,-1
67,-1,818.46,1120.04,18.27,25.02,0.11,-1,-1,-1
67,-1,21.01,647.28,826.19,852.27,0.09,-1,-1,-1
67,-1,541.76,365.81,143.45,48.76,0.08,-1,-1,-1
67,-1,2233.07,941.09,50.27,52.15,0.08,-1,-1,-1
67,-1,1181.61,16.26,10.08,9.23,0.08,-1,-1,-1
67,-1,534.38,421.30,821.25,850.52,0.08,-1,-1,-1
67,-1,2232.86,940.74,50.90,52.22,0.07,-1,-1,-1
67,-1,2232.99,940.75,50.55,52.06,0.07,-1,-1,-1
67,-1,211.98,614.48,819.63,843.45,0.07,-1,-1,-1
67,-1,535.92,288.86,149.76,121.00,0.06,-1,-1,-1
67,-1,7.76,584.47,812.88,852.80,0.06,-1,-1,-1
67,-1,533.78,392.93,822.39,848.52,0.05,-1,-1,-1
67,-1,705.40,57.08,14.74,11.66,0.05,-1,-1,-1
68,-1,981.41,313.28,73.33,50.37,0.93,-1,-1,-1
68,-1,1032.23,310.61,62.87,52.16,0.92,-1,-1,-1
68,-1,773.03,191.95,177.41,135.90,0.92,-1,-1,-1
68,-1,1686.30,1047.45,78.77,149.86,0.90,-1,-1,-1
68,-1,1043.31,263.24,20.77,55.60,0.87,-1,-1,-1
68,-1,912.57,328.38,15.99,43.68,0.74,-1,-1,-1
68,-1,454.94,73.60,10.88,10.58,0.38,-1,-1,-1
68,-1,772.98,1190.33,42.56,66.32,0.30,-1,-1,-1
68,-1,2252.96,997.75,50.32,50.69,0.24,-1,-1,-1
68,-1,2252.66,997.73,50.81,50.89,0.22,-1,-1,-1
68,-1,1328.26,1418.40,68.66,58.35,0.21,-1,-1,-1
68,-1,520.72,408.23,40.51,44.64,0.20,-1,-1,-1
68,-1,749.12,1187.59,78.83,105.11,0.19,-1,-1,-1
68,-1,565.78,281.72,79.95,72.21,0.18,-1,-1,-1
68,-1,464.29,397.87,200.11,51.62,0.18,-1,-1,-1
68,-1,1182.83,2.56,35.80,58.71,0.14,-1,-1,-1
68,-1,760.16,1252.06,10.39,11.21,0.12,-1,-1,-1
68,-1,460.96,406.13,66.47,38.49,0.12,-1,-1,-1
68,-1,899.92,754.76,67.86,58.77,0.08,-1,-1,-1
68,-1,413.29,84.83,11.28,9.77,0.08,-1,-1,-1
68,-1,90.32,0.53,385.21,125.02,0.07,-1,-1,-1
68,-1,750.78,1188.77,71.94,105.41,0.07,-1,-1,-1
69,-1,692.64,210.47,181.95,137.65,0.94,-1,-1,-1
69,-1,957.15,328.36,65.51,53.16,0.91,-1,-1,-1
69,-1,905.53,331.66,74.79,50.70,0.91,-1,-1,-1
69,-1,969.65,280.84,21.25,57.07,0.87,-1,-1,-1
69,-1,362.98,92.96,11.10,10.32,0.76,-1,-1,-1
69,-1,687.52,1246.88,69.93,75.88,0.72,-1,-1,-1
69,-1,1629.26,1057.75,79.60,150.56,0.71,-1,-1,-1
69,-1,835.04,349.50,17.61,44.51,0.63,-1,-1,-1
69,-1,1666.91,1148.60,38.54,40.90,0.45,-1,-1,-1
69,-1,992.62,43.37,54.67,30.20,0.34,-1,-1,-1
69,-1,686.11,1175.34,28.88,32.65,0.32,-1,-1,-1
69,-1,2199.99,1010.14,52.16,49.81,0.28,-1,-1,-1
69,-1,653.90,1244.97,104.50,136.90,0.22,-1,-1,-1
69,-1,369.87,345.28,210.13,135.07,0.14,-1,-1,-1
69,-1,1781.62,277.46,12.38,15.38,0.09,-1,-1,-1
69,-1,2200.33,1010.17,51.37,49.61,0.09,-1,-1,-1
69,-1,841.17,332.20,98.49,60.23,0.08,-1,-1,-1
69,-1,23.30,581.84,820.92,856.38,0.07,-1,-1,-1
69,-1,1749.15,174.04,821.86,846.76,0.06,-1,-1,-1
69,-1,371.41,425.05,209.11,58.13,0.05,-1,-1,-1
69,-1,686.34,1195.24,27.45,12.76,0.05,-1,-1,-1
69,-1,993.82,60.52,37.10,13.41,0.05,-1,-1,-1
69,-1,882.30,675.67,826.14,847.85,0.05,-1,-1,-1
69,-1,305.98,41.16,10.28,10.20,0.05,-1,-1,-1
70,-1,549.79,224.08,186.34,138.37,0.92,-1,-1,-1
70,-1,820.96,339.14,68.54,51.80,0.91,-1,-1,-1
70,-1,768.70,343.77,77.81,48.84,0.88,-1,-1,-1
70,-1,834.01,290.25,23.50,55.02,0.85,-1,-1,-1
70,-1,696.28,363.01,17.41,47.66,0.72,-1,-1,-1
70,-1,562.64,1210.27,36.05,37.70,0.63,-1,-1,-1
70,-1,2079.19,982.68,51.37,52.30,0.60,-1,-1,-1
70,-1,1509.07,1034.65,86.33,146.52,0.56,-1,-1,-1
70,-1,696.34,814.06,73.01,57.24,0.45,-1,-1,-1
70,-1,1559.81,1123.31,32.64,39.57,0.37,-1,-1,-1
70,-1,2161.32,1019.33,36.86,23.58,0.29,-1,-1,-1
70,-1,2079.26,983.32,51.27,51.35,0.22,-1,-1,-1
70,-1,564.32,1235.99,34.77,13.72,0.18,-1,-1,-1
70,-1,211.82,452.36,182.24,58.25,0.16,-1,-1,-1
70,-1,1434.26,431.73,116.92,65.75,0.14,-1,-1,-1
70,-1,1509.13,1034.17,85.89,146.81,0.14,-1,-1,-1
70,-1,852.56,47.04,55.73,30.93,0.13,-1,-1,-1
70,-1,853.26,63.53,35.89,13.92,0.13,-1,-1,-1
70,-1,703.15,836.36,67.62,34.07,0.10,-1,-1,-1
70,-1,956.66,47.70,11.72,8.83,0.09,-1,-1,-1
70,-1,569.09,1289.58,71.13,77.77,0.08,-1,-1,-1
70,-1,1986.88,963.77,25.40,14.70,0.08,-1,-1,-1
70,-1,208.62,450.25,228.47,63.01,0.07,-1,-1,-1
70,-1,197.17,110.34,11.89,10.84,0.07,-1,-1,-1
70,-1,703.46,343.69,135.81,62.00,0.07,-1,-1,-1
70,-1,277.60,452.39,109.58,42.51,0.07,-1,-1,-1
70,-1,2141.62,1048.26,48.47,34.89,0.06,-1,-1,-1
70,-1,1587.71,174.14,823.09,842.07,0.06,-1,-1,-1
70,-1,568.74,1289.59,71.88,77.73,0.06,-1,-1,-1
70,-1,323.85,324.92,89.40,77.36,0.06,-1,-1,-1
70,-1,465.70,703.41,827.78,827.90,0.06,-1,-1,-1
70,-1,205.68,370.47,232.18,141.39,0.05,-1,-1,-1
71,-1,631.84,358.28,72.21,53.62,0.92,-1,-1,-1
71,-1,342.77,248.77,204.12,140.37,0.90,-1,-1,-1
71,-1,1349.19,1016.99,90.16,136.59,0.90,-1,-1,-1
71,-1,577.46,364.67,80.82,50.91,0.89,-1,-1,-1
71,-1,644.74,308.96,25.33,56.39,0.84,-1,-1,-1
71,-1,1912.23,954.01,49.82,47.34,0.43,-1,-1,-1
71,-1,-1.16,714.80,796.81,812.31,0.36,-1,-1,-1
71,-1,396.05,1263.99,26.31,39.94,0.26,-1,-1,-1
71,-1,498.08,389.89,19.92,46.81,0.23,-1,-1,-1
71,-1,1974.95,1013.77,60.45,34.96,0.20,-1,-1,-1
71,-1,1262.89,431.83,117.28,66.87,0.19,-1,-1,-1
71,-1,1992.13,986.30,35.50,18.98,0.17,-1,-1,-1
71,-1,2027.19,1052.46,45.87,23.77,0.16,-1,-1,-1
71,-1,1399.52,1099.38,31.97,42.33,0.16,-1,-1,-1
71,-1,656.70,77.86,36.29,15.98,0.16,-1,-1,-1
71,-1,147.76,705.58,823.62,819.52,0.15,-1,-1,-1
71,-1,1263.16,431.45,117.28,66.76,0.13,-1,-1,-1
71,-1,1393.75,510.74,68.21,31.64,0.12,-1,-1,-1
71,-1,1420.13,223.69,66.81,55.99,0.12,-1,-1,-1
71,-1,1975.04,1011.40,207.12,128.12,0.10,-1,-1,-1
71,-1,333.05,778.38,44.10,35.73,0.09,-1,-1,-1
71,-1,53.68,579.31,825.93,849.69,0.08,-1,-1,-1
71,-1,1462.62,140.81,821.20,848.64,0.08,-1,-1,-1
71,-1,593.56,416.64,826.79,857.57,0.07,-1,-1,-1
71,-1,1349.28,1016.35,90.48,136.77,0.07,-1,-1,-1
71,-1,1263.13,431.53,117.24,68.42,0.06,-1,-1,-1
71,-1,331.61,783.24,45.26,32.74,0.06,-1,-1,-1
71,-1,1492.61,103.94,822.83,853.73,0.06,-1,-1,-1
71,-1,1912.46,953.11,49.79,48.15,0.06,-1,-1,-1
71,-1,307.72,482.83,823.53,853.86,0.05,-1,-1,-1
71,-1,1263.59,431.46,116.75,68.82,0.05,-1,-1,-1
71,-1,660.51,1.79,821.66,748.70,0.05,-1,-1,-1
71,-1,946.38,167.11,827.77,853.03,0.05,-1,-1,-1
72,-1,150.46,435.00,82.91,55.09,0.91,-1,-1,-1
72,-1,86.92,447.35,98.50,50.52,0.88,-1,-1,-1
72,-1,162.91,384.50,33.22,60.26,0.80,-1,-1,-1
72,-1,982.04,1010.17,93.19,128.64,0.79,-1,-1,-1
72,-1,993.70,235.84,50.79,27.72,0.55,-1,-1,-1
72,-1,1538.04,909.02,49.08,28.57,0.54,-1,-1,-1
72,-1,1616.31,932.96,35.67,16.73,0.36,-1,-1,-1
72,-1,847.91,452.95,126.12,69.27,0.34,-1,-1,-1
72,-1,1604.70,959.84,62.95,37.39,0.31,-1,-1,-1
72,-1,2276.48,299.62,219.17,274.16,0.27,-1,-1,-1
72,-1,866.91,0.01,70.30,41.39,0.22,-1,-1,-1
72,-1,148.22,110.89,61.85,38.49,0.22,-1,-1,-1
72,-1,982.21,1009.80,92.47,129.69,0.20,-1,-1,-1
72,-1,2274.73,300.71,220.99,273.18,0.18,-1,-1,-1
72,-1,149.59,131.88,47.78,16.99,0.17,-1,-1,-1
72,-1,994.80,524.09,72.19,32.72,0.17,-1,-1,-1
72,-1,1604.76,958.10,201.10,105.81,0.16,-1,-1,-1
72,-1,993.65,235.85,70.51,52.10,0.12,-1,-1,-1
72,-1,113.41,702.76,827.29,831.57,0.11,-1,-1,-1
72,-1,1694.72,981.80,29.98,10.28,0.11,-1,-1,-1
72,-1,1900.04,706.89,813.26,823.00,0.10,-1,-1,-1
72,-1,241.13,-0.40,827.31,800.34,0.10,-1,-1,-1
72,-1,1047.17,273.49,13.17,14.19,0.10,-1,-1,-1
72,-1,23.43,731.70,826.10,801.68,0.08,-1,-1,-1
72,-1,268.85,107.92,12.38,9.75,0.08,-1,-1,-1
72,-1,1035.55,1086.18,31.00,32.06,0.07,-1,-1,-1
72,-1,1173.08,264.89,820.35,843.46,0.07,-1,-1,-1
72,-1,1656.97,988.99,42.81,23.44,0.07,-1,-1,-1
72,-1,1604.89,960.20,116.55,48.88,0.06,-1,-1,-1
72,-1,0.63,357.24,137.53,166.58,0.06,-1,-1,-1
72,-1,80.29,99.78,23.26,60.34,0.05,-1,-1,-1
73,-1,1526.66,986.82,95.00,43.46,0.62,-1,-1,-1
73,-1,848.71,1093.82,30.40,40.60,0.61,-1,-1,-1
73,-1,782.01,1025.06,106.56,124.49,0.54,-1,-1,-1
73,-1,1425.44,946.59,61.13,37.63,0.49,-1,-1,-1
73,-1,1359.09,901.60,47.71,39.20,0.43,-1,-1,-1
73,-1,1335.55,931.54,47.70,21.36,0.36,-1,-1,-1
73,-1,1434.03,920.63,34.79,15.07,0.31,-1,-1,-1
73,-1,2043.98,268.61,200.66,255.84,0.20,-1,-1,-1
73,-1,628.58,475.37,129.25,73.30,0.20,-1,-1,-1
73,-1,1477.69,972.68,41.60,21.86,0.18,-1,-1,-1
73,-1,2046.35,268.49,198.89,255.13,0.15,-1,-1,-1
73,-1,1426.13,946.99,113.78,51.58,0.14,-1,-1,-1
73,-1,1428.95,943.32,192.97,94.36,0.14,-1,-1,-1
73,-1,781.75,1025.38,106.94,124.11,0.14,-1,-1,-1
73,-1,781.70,1025.49,106.76,124.38,0.14,-1,-1,-1
73,-1,1261.57,905.23,34.03,13.58,0.13,-1,-1,-1
73,-1,765.58,251.69,56.58,28.52,0.11,-1,-1,-1
73,-1,629.96,136.11,821.93,846.52,0.11,-1,-1,-1
73,-1,1358.19,901.87,48.98,24.83,0.10,-1,-1,-1
73,-1,1335.33,931.28,35.36,12.89,0.07,-1,-1,-1
73,-1,1664.67,1010.84,87.33,36.71,0.07,-1,-1,-1
73,-1,765.38,251.90,75.69,52.22,0.07,-1,-1,-1
73,-1,0.55,4.10,792.79,814.80,0.05,-1,-1,-1
74,-1,579.43,1056.88,114.94,117.06,0.91,-1,-1,-1
74,-1,1180.61,904.65,49.03,28.56,0.63,-1,-1,-1
74,-1,1250.63,944.43,58.99,36.17,0.62,-1,-1,-1
74,-1,1300.01,966.88,44.12,21.99,0.51,-1,-1,-1
74,-1,398.72,504.91,140.69,82.06,0.42,-1,-1,-1
74,-1,1338.01,953.06,27.97,13.86,0.42,-1,-1,-1
74,-1,651.25,1118.82,31.17,40.43,0.17,-1,-1,-1
74,-1,1350.68,978.30,96.53,38.77,0.12,-1,-1,-1
74,-1,399.46,504.46,139.90,82.98,0.11,-1,-1,-1
74,-1,1639.21,704.30,54.49,23.33,0.11,-1,-1,-1
74,-1,1257.74,918.88,34.01,16.02,0.09,-1,-1,-1
74,-1,1588.31,265.72,34.98,9.02,0.08,-1,-1,-1
74,-1,595.80,311.24,15.67,14.87,0.08,-1,-1,-1
74,-1,1639.07,704.48,54.41,23.17,0.07,-1,-1,-1
74,-1,1290.51,974.97,156.87,54.10,0.06,-1,-1,-1
74,-1,399.57,505.01,140.15,82.28,0.06,-1,-1,-1
74,-1,530.52,700.75,825.45,827.92,0.06,-1,-1,-1
75,-1,345.76,1104.20,118.71,120.13,0.88,-1,-1,-1
75,-1,123.67,559.05,154.09,83.14,0.51,-1,-1,-1
75,-1,1425.35,693.36,55.55,21.33,0.40,-1,-1,-1
75,-1,-0.32,296.91,797.29,851.47,0.32,-1,-1,-1
75,-1,1057.26,929.36,37.47,18.57,0.27,-1,-1,-1
75,-1,976.66,917.86,50.70,31.36,0.26,-1,-1,-1
75,-1,1159.58,980.51,95.02,35.62,0.21,-1,-1,-1
75,-1,417.89,1159.67,44.34,53.08,0.16,-1,-1,-1
75,-1,123.72,558.78,153.78,83.76,0.14,-1,-1,-1
75,-1,1866.74,1265.83,79.67,100.51,0.11,-1,-1,-1
75,-1,1051.56,958.34,62.20,34.92,0.10,-1,-1,-1
75,-1,1054.00,956.41,201.52,78.57,0.09,-1,-1,-1
76,-1,77.08,1184.82,137.55,116.79,0.91,-1,-1,-1
76,-1,839.36,959.20,38.50,18.84,0.57,-1,-1,-1
76,-1,836.45,985.39,65.67,39.05,0.55,-1,-1,-1
76,-1,947.68,1001.11,101.90,34.69,0.36,-1,-1,-1
76,-1,756.48,953.95,52.81,40.59,0.32,-1,-1,-1
76,-1,2315.26,236.04,25.78,9.06,0.29,-1,-1,-1
76,-1,930.27,984.78,27.87,13.14,0.21,-1,-1,-1
76,-1,1876.41,705.92,823.12,820.90,0.20,-1,-1,-1
76,-1,892.14,997.18,52.31,25.52,0.19,-1,-1,-1
76,-1,734.11,989.27,62.44,24.66,0.16,-1,-1,-1
76,-1,1356.03,905.97,162.27,103.19,0.12,-1,-1,-1
76,-1,1356.70,904.11,161.32,104.66,0.10,-1,-1,-1
76,-1,1.68,354.02,772.70,851.87,0.09,-1,-1,-1
76,-1,3.96,725.22,814.78,805.20,0.09,-1,-1,-1
76,-1,886.51,1007.26,161.11,51.97,0.09,-1,-1,-1
76,-1,2593.97,337.65,20.80,12.24,0.06,-1,-1,-1
76,-1,175.46,0.51,825.39,203.61,0.06,-1,-1,-1
76,-1,560.68,290.61,825.24,855.77,0.06,-1,-1,-1
76,-1,1922.88,683.20,786.15,837.62,0.06,-1,-1,-1
77,-1,1905.01,75.61,30.11,29.33,0.76,-1,-1,-1
77,-1,1238.63,813.44,66.55,118.64,0.71,-1,-1,-1
77,-1,1755.61,125.50,22.04,32.25,0.65,-1,-1,-1
77,-1,1751.90,142.80,28.53,25.16,0.61,-1,-1,-1
77,-1,1250.21,821.75,46.42,88.66,0.53,-1,-1,-1
77,-1,1912.45,69.95,13.31,20.42,0.35,-1,-1,-1
77,-1,1256.75,820.97,38.53,48.00,0.22,-1,-1,-1
77,-1,1258.86,851.06,30.89,61.17,0.21,-1,-1,-1
77,-1,1755.31,140.28,23.36,23.37,0.06,-1,-1,-1
78,-1,1223.60,901.59,66.38,117.84,0.86,-1,-1,-1
78,-1,1766.24,147.43,16.09,32.69,0.75,-1,-1,-1
78,-1,1755.11,162.89,35.91,29.25,0.74,-1,-1,-1
78,-1,1245.08,938.24,28.78,36.81,0.72,-1,-1,-1
78,-1,1913.03,93.21,36.24,30.74,0.69,-1,-1,-1
78,-1,1922.12,86.64,15.91,26.58,0.56,-1,-1,-1
78,-1,-0.10,391.21,797.19,847.97,0.38,-1,-1,-1
78,-1,1244.03,899.55,35.79,48.26,0.31,-1,-1,-1
78,-1,1561.23,173.58,19.71,9.15,0.06,-1,-1,-1
79,-1,1198.34,963.83,72.94,134.54,0.81,-1,-1,-1
79,-1,1922.03,111.30,30.71,29.37,0.74,-1,-1,-1
79,-1,1754.11,180.36,37.65,29.67,0.67,-1,-1,-1
79,-1,1217.28,969.79,41.69,80.70,0.52,-1,-1,-1
79,-1,1767.37,163.15,18.00,34.57,0.29,-1,-1,-1
79,-1,1753.74,161.16,36.10,49.01,0.17,-1,-1,-1
79,-1,1767.43,161.19,18.27,36.53,0.15,-1,-1,-1
79,-1,1217.60,1002.63,34.49,70.64,0.10,-1,-1,-1
79,-1,1924.82,99.82,20.55,26.71,0.09,-1,-1,-1
79,-1,4.04,324.05,815.20,852.51,0.08,-1,-1,-1
79,-1,2350.84,511.32,18.17,16.38,0.05,-1,-1,-1
80,-1,1175.26,1015.10,64.43,143.46,0.89,-1,-1,-1
80,-1,1751.33,189.48,35.86,33.74,0.83,-1,-1,-1
80,-1,1920.55,119.22,36.10,32.61,0.82,-1,-1,-1
80,-1,1929.94,112.61,16.28,26.48,0.69,-1,-1,-1
80,-1,1765.62,178.67,14.88,23.11,0.59,-1,-1,-1
80,-1,1187.94,1072.06,30.68,59.95,0.51,-1,-1,-1
80,-1,1196.69,1022.44,28.32,59.18,0.43,-1,-1,-1
80,-1,1764.06,188.80,15.32,21.63,0.27,-1,-1,-1
81,-1,1144.08,1062.88,69.88,134.83,0.89,-1,-1,-1
81,-1,1744.85,201.85,32.43,30.12,0.77,-1,-1,-1
81,-1,1913.66,126.33,35.72,30.52,0.74,-1,-1,-1
81,-1,1163.34,1105.16,27.71,66.45,0.66,-1,-1,-1
81,-1,1142.26,1054.05,53.50,62.12,0.53,-1,-1,-1
81,-1,1760.17,186.72,13.68,19.19,0.43,-1,-1,-1
81,-1,1925.15,121.29,16.79,22.46,0.35,-1,-1,-1
81,-1,1156.00,1054.17,39.86,36.64,0.18,-1,-1,-1
81,-1,1749.08,194.24,23.60,27.78,0.12,-1,-1,-1
82,-1,1113.46,1071.24,68.81,157.52,0.79,-1,-1,-1
82,-1,1916.80,124.01,37.93,35.79,0.76,-1,-1,-1
82,-1,1141.52,1079.40,30.26,64.02,0.73,-1,-1,-1
82,-1,1740.01,204.22,32.19,34.10,0.68,-1,-1,-1
82,-1,1136.43,1134.64,32.37,66.92,0.61,-1,-1,-1
82,-1,1921.28,124.25,18.80,25.47,0.29,-1,-1,-1
82,-1,1745.40,189.88,26.15,35.91,0.19,-1,-1,-1
82,-1,1927.67,120.29,12.81,21.19,0.13,-1,-1,-1
82,-1,1121.98,1070.07,60.75,68.66,0.10,-1,-1,-1
82,-1,1748.82,189.82,21.91,28.36,0.07,-1,-1,-1
82,-1,1121.80,1069.63,61.48,68.26,0.06,-1,-1,-1
83,-1,1085.98,1122.76,91.97,135.44,0.87,-1,-1,-1
83,-1,1912.13,137.97,35.57,28.06,0.74,-1,-1,-1
83,-1,1731.34,210.07,33.85,34.58,0.71,-1,-1,-1
83,-1,1123.48,1106.32,41.64,63.74,0.54,-1,-1,-1
83,-1,1742.29,197.49,20.39,33.24,0.49,-1,-1,-1
83,-1,1922.56,128.69,15.05,19.98,0.48,-1,-1,-1
83,-1,1115.37,1145.67,33.20,57.21,0.34,-1,-1,-1
83,-1,1797.84,519.52,20.61,19.97,0.13,-1,-1,-1
83,-1,1114.12,1165.16,33.91,62.29,0.10,-1,-1,-1
83,-1,1736.78,201.14,11.49,10.13,0.09,-1,-1,-1
83,-1,1916.12,133.09,16.10,14.88,0.07,-1,-1,-1
83,-1,1600.83,579.57,21.20,21.20,0.05,-1,-1,-1
84,-1,1076.07,1115.71,83.75,171.24,0.84,-1,-1,-1
84,-1,1912.32,140.32,32.65,29.25,0.78,-1,-1,-1
84,-1,1728.89,217.11,38.95,32.99,0.71,-1,-1,-1
84,-1,1741.74,203.20,16.59,36.06,0.68,-1,-1,-1
84,-1,1923.12,132.29,16.76,26.22,0.54,-1,-1,-1
84,-1,1099.91,1190.90,18.97,29.94,0.35,-1,-1,-1
84,-1,1110.58,1210.49,22.82,44.87,0.29,-1,-1,-1
84,-1,1109.47,1164.43,18.92,39.63,0.25,-1,-1,-1
84,-1,1124.46,1155.69,17.87,43.34,0.19,-1,-1,-1
84,-1,1102.93,1217.30,16.21,39.18,0.14,-1,-1,-1
84,-1,1109.56,1196.12,22.70,31.35,0.13,-1,-1,-1
84,-1,1098.23,1132.48,45.87,59.49,0.11,-1,-1,-1
84,-1,1091.42,1191.59,28.13,49.30,0.10,-1,-1,-1
84,-1,2099.87,1466.38,13.27,16.15,0.07,-1,-1,-1
85,-1,1066.99,1159.90,82.81,156.82,0.91,-1,-1,-1
85,-1,1729.74,205.73,37.28,50.63,0.78,-1,-1,-1
85,-1,1917.92,137.32,36.26,36.43,0.74,-1,-1,-1
85,-1,1086.78,1216.54,34.00,39.82,0.54,-1,-1,-1
85,-1,1927.36,134.95,17.41,26.15,0.32,-1,-1,-1
85,-1,1114.49,1190.51,17.25,35.24,0.23,-1,-1,-1
85,-1,1742.83,206.33,17.69,36.46,0.22,-1,-1,-1
85,-1,1105.29,1188.77,13.30,29.98,0.16,-1,-1,-1
85,-1,1103.38,1224.65,19.33,33.58,0.15,-1,-1,-1
85,-1,1090.29,1157.96,42.55,44.59,0.08,-1,-1,-1
85,-1,1087.92,1233.37,15.71,19.31,0.07,-1,-1,-1
86,-1,1056.77,1203.22,84.99,175.02,0.92,-1,-1,-1
86,-1,1931.54,142.56,35.95,36.83,0.81,-1,-1,-1
86,-1,1739.81,228.15,32.44,37.68,0.70,-1,-1,-1
86,-1,1095.35,1210.70,39.96,75.63,0.68,-1,-1,-1
86,-1,1087.08,1275.15,33.38,38.08,0.56,-1,-1,-1
86,-1,1752.08,216.27,16.32,20.71,0.46,-1,-1,-1
86,-1,1940.29,139.75,14.22,23.91,0.38,-1,-1,-1
86,-1,1741.74,221.06,28.36,35.11,0.06,-1,-1,-1
87,-1,956.59,1256.39,108.57,170.86,0.89,-1,-1,-1
87,-1,1642.28,215.13,35.53,49.53,0.84,-1,-1,-1
87,-1,995.87,1319.14,39.15,44.53,0.57,-1,-1,-1
87,-1,1824.71,142.03,42.99,31.92,0.53,-1,-1,-1
87,-1,1011.14,1255.09,38.20,72.39,0.42,-1,-1,-1
87,-1,1833.58,126.05,24.86,23.37,0.42,-1,-1,-1
87,-1,1012.00,1254.05,37.25,34.54,0.05,-1,-1,-1
88,-1,808.31,1314.50,91.47,184.18,0.89,-1,-1,-1
88,-1,1412.14,227.95,36.37,36.52,0.80,-1,-1,-1
88,-1,1595.90,134.63,31.00,31.84,0.74,-1,-1,-1
88,-1,1425.15,216.59,16.21,18.83,0.49,-1,-1,-1
88,-1,832.02,1318.32,49.00,70.95,0.49,-1,-1,-1
88,-1,1605.18,127.86,14.85,20.55,0.47,-1,-1,-1
88,-1,827.94,1387.99,21.62,33.17,0.39,-1,-1,-1
88,-1,1425.05,221.00,14.64,29.56,0.24,-1,-1,-1
88,-1,1823.36,1071.35,18.46,50.99,0.11,-1,-1,-1
88,-1,837.41,1389.91,29.17,39.52,0.06,-1,-1,-1
88,-1,838.47,1318.09,26.05,35.28,0.05,-1,-1,-1
88,-1,807.92,1315.75,72.85,119.69,0.05,-1,-1,-1
89,-1,800.80,1350.39,91.76,177.52,0.94,-1,-1,-1
89,-1,1416.19,232.44,34.56,35.90,0.79,-1,-1,-1
89,-1,1594.80,140.14,36.89,27.81,0.69,-1,-1,-1
89,-1,830.74,1352.37,46.17,83.12,0.66,-1,-1,-1
89,-1,820.60,1422.63,39.59,51.87,0.61,-1,-1,-1
89,-1,1425.37,220.39,18.42,33.69,0.52,-1,-1,-1
89,-1,1609.30,128.02,18.20,29.25,0.45,-1,-1,-1
89,-1,1620.72,724.60,820.31,804.63,0.05,-1,-1,-1
90,-1,1418.46,237.61,33.67,34.82,0.81,-1,-1,-1
90,-1,825.33,1384.94,45.83,86.73,0.76,-1,-1,-1
90,-1,813.19,1459.21,45.77,69.05,0.73,-1,-1,-1
90,-1,1603.97,135.64,30.62,35.16,0.66,-1,-1,-1
90,-1,1431.67,222.36,15.39,19.28,0.53,-1,-1,-1
90,-1,785.25,1376.96,103.26,151.90,0.51,-1,-1,-1
90,-1,1614.00,129.92,12.86,17.47,0.26,-1,-1,-1
90,-1,1611.09,132.23,19.58,30.73,0.08,-1,-1,-1
90,-1,1428.97,223.20,18.74,33.22,0.08,-1,-1,-1
90,-1,775.90,1450.75,84.66,78.01,0.06,-1,-1,-1
90,-1,1596.56,128.66,39.36,42.46,0.06,-1,-1,-1
90,-1,808.76,1407.15,30.08,82.60,0.05,-1,-1,-1
91,-1,827.27,1425.50,41.13,81.66,0.79,-1,-1,-1
91,-1,796.94,1424.81,36.50,103.18,0.68,-1,-1,-1
91,-1,1421.43,248.61,32.40,29.98,0.63,-1,-1,-1
91,-1,1610.78,134.01,33.08,41.62,0.59,-1,-1,-1
91,-1,799.30,1417.15,82.26,113.22,0.48,-1,-1,-1
91,-1,807.97,1499.18,49.82,30.22,0.46,-1,-1,-1
91,-1,1420.36,235.00,26.71,32.49,0.41,-1,-1,-1
91,-1,1434.27,225.62,16.02,25.66,0.36,-1,-1,-1
91,-1,1611.42,134.11,28.63,37.42,0.21,-1,-1,-1
91,-1,1418.04,224.31,38.20,52.78,0.07,-1,-1,-1
91,-1,847.61,1424.08,33.88,103.94,0.07,-1,-1,-1
91,-1,1418.58,221.95,11.40,9.51,0.06,-1,-1,-1
91,-1,808.63,1448.90,51.25,80.40,0.06,-1,-1,-1
91,-1,1703.91,990.24,9.74,34.07,0.05,-1,-1,-1
92,-1,820.09,1461.06,49.25,68.39,0.78,-1,-1,-1
92,-1,786.49,1470.18,115.94,59.93,0.77,-1,-1,-1
92,-1,1614.31,129.50,37.92,48.24,0.58,-1,-1,-1
92,-1,1424.55,233.13,33.07,51.87,0.55,-1,-1,-1
92,-1,1615.38,141.56,26.65,33.56,0.34,-1,-1,-1
92,-1,1424.58,231.95,33.07,52.76,0.19,-1,-1,-1
92,-1,1615.62,161.89,29.26,16.20,0.12,-1,-1,-1
92,-1,1427.06,230.70,30.30,29.02,0.09,-1,-1,-1
93,-1,1422.09,246.39,36.79,44.71,0.77,-1,-1,-1
93,-1,1617.83,140.75,29.00,40.25,0.61,-1,-1,-1
93,-1,1618.00,138.81,28.88,42.15,0.27,-1,-1,-1
93,-1,1435.14,239.23,15.47,30.06,0.23,-1,-1,-1
93,-1,809.86,1487.02,60.47,42.05,0.20,-1,-1,-1
93,-1,814.13,1486.92,55.95,42.87,0.06,-1,-1,-1
93,-1,1621.45,134.91,21.06,25.61,0.05,-1,-1,-1
94,-1,1422.29,246.77,35.85,50.11,0.81,-1,-1,-1
94,-1,1614.23,146.07,32.26,38.27,0.64,-1,-1,-1
94,-1,1431.56,247.00,19.89,34.27,0.28,-1,-1,-1
94,-1,1433.92,259.30,14.28,23.04,0.16,-1,-1,-1
94,-1,1623.54,144.97,21.06,26.80,0.08,-1,-1,-1
95,-1,1613.66,152.28,34.84,35.32,0.77,-1,-1,-1
95,-1,1421.33,260.54,35.51,41.22,0.73,-1,-1,-1
95,-1,1626.66,146.41,14.64,26.23,0.38,-1,-1,-1
95,-1,1427.87,248.41,23.89,20.99,0.29,-1,-1,-1
95,-1,1424.22,247.77,29.57,43.19,0.08,-1,-1,-1
96,-1,1617.86,150.12,31.76,36.09,0.79,-1,-1,-1
96,-1,1422.13,266.44,31.63,36.21,0.75,-1,-1,-1
96,-1,1625.99,144.29,14.84,28.78,0.41,-1,-1,-1
96,-1,1423.35,256.23,29.71,38.74,0.40,-1,-1,-1
96,-1,1435.30,249.65,15.59,26.12,0.27,-1,-1,-1
96,-1,1628.00,142.82,25.41,18.68,0.17,-1,-1,-1
96,-1,1431.49,250.28,31.33,37.78,0.15,-1,-1,-1
96,-1,1628.42,142.48,25.84,20.28,0.13,-1,-1,-1
96,-1,1625.93,144.85,11.51,15.98,0.08,-1,-1,-1
97,-1,1420.05,274.23,34.33,37.66,0.65,-1,-1,-1
97,-1,1622.10,154.61,37.56,35.71,0.60,-1,-1,-1
97,-1,1422.69,264.68,29.72,35.02,0.59,-1,-1,-1
97,-1,1436.82,255.96,21.49,26.47,0.46,-1,-1,-1
97,-1,1616.19,144.62,43.48,44.73,0.27,-1,-1,-1
97,-1,1629.99,147.78,17.83,25.85,0.14,-1,-1,-1
97,-1,1633.83,147.55,12.85,16.19,0.09,-1,-1,-1
97,-1,1413.97,252.14,47.71,61.03,0.05,-1,-1,-1
98,-1,1415.79,282.73,41.74,53.47,0.75,-1,-1,-1
98,-1,1626.07,168.17,38.22,41.52,0.55,-1,-1,-1
98,-1,1630.32,169.34,20.55,29.18,0.28,-1,-1,-1
98,-1,1429.61,281.51,21.55,38.72,0.13,-1,-1,-1
98,-1,779.61,110.61,9.91,9.54,0.12,-1,-1,-1
98,-1,1432.00,279.47,15.99,25.42,0.08,-1,-1,-1
98,-1,1628.65,165.98,24.88,34.82,0.06,-1,-1,-1
98,-1,1415.05,280.83,41.70,56.32,0.06,-1,-1,-1
99,-1,1424.06,321.16,33.87,46.64,0.79,-1,-1,-1
99,-1,1632.64,184.19,32.07,46.87,0.73,-1,-1,-1
99,-1,1425.13,308.92,24.53,26.32,0.69,-1,-1,-1
99,-1,1642.41,181.85,17.83,30.13,0.16,-1,-1,-1
99,-1,1642.21,181.63,18.03,33.70,0.15,-1,-1,-1
99,-1,772.00,126.64,9.48,8.94,0.12,-1,-1,-1
99,-1,1632.80,181.47,30.49,48.95,0.11,-1,-1,-1
99,-1,1431.73,327.81,16.11,24.17,0.09,-1,-1,-1
100,-1,1422.33,353.76,38.40,55.22,0.84,-1,-1,-1
100,-1,1637.68,222.84,34.27,38.44,0.81,-1,-1,-1
100,-1,1430.86,345.49,18.65,23.98,0.47,-1,-1,-1
100,-1,1649.45,213.95,15.62,18.85,0.29,-1,-1,-1
100,-1,1433.90,365.14,16.83,26.34,0.09,-1,-1,-1
100,-1,1428.99,349.57,27.93,48.32,0.06,-1,-1,-1
101,-1,1417.03,408.56,41.50,50.13,0.85,-1,-1,-1
101,-1,1634.79,254.84,39.57,43.39,0.81,-1,-1,-1
101,-1,1428.13,392.22,28.39,46.09,0.47,-1,-1,-1
101,-1,1649.86,251.17,19.67,33.06,0.46,-1,-1,-1
101,-1,1429.07,413.90,16.88,30.02,0.11,-1,-1,-1
101,-1,739.56,147.66,14.38,9.79,0.11,-1,-1,-1
101,-1,742.73,170.85,9.98,9.35,0.10,-1,-1,-1
101,-1,2256.20,660.12,31.89,10.83,0.07,-1,-1,-1
101,-1,2256.92,659.93,30.76,10.89,0.06,-1,-1,-1
101,-1,2255.99,659.81,32.30,11.14,0.06,-1,-1,-1
102,-1,1410.91,455.55,41.17,68.48,0.87,-1,-1,-1
102,-1,1645.34,300.92,33.79,43.68,0.72,-1,-1,-1
102,-1,1425.80,475.83,13.41,27.26,0.38,-1,-1,-1
102,-1,1649.57,292.00,25.32,39.08,0.36,-1,-1,-1
102,-1,1418.91,450.04,23.43,32.92,0.29,-1,-1,-1
102,-1,1650.43,291.37,19.53,18.99,0.17,-1,-1,-1
102,-1,1655.93,310.37,13.93,19.88,0.15,-1,-1,-1
102,-1,1631.73,293.13,56.26,42.11,0.08,-1,-1,-1
103,-1,1395.60,530.24,48.30,67.30,0.86,-1,-1,-1
103,-1,1644.48,348.27,43.83,49.07,0.78,-1,-1,-1
103,-1,1654.02,341.95,19.42,36.39,0.36,-1,-1,-1
103,-1,688.58,239.01,11.17,9.82,0.35,-1,-1,-1
103,-1,2330.02,821.46,20.63,12.82,0.23,-1,-1,-1
103,-1,1416.74,547.17,12.20,31.39,0.20,-1,-1,-1
103,-1,1408.36,523.36,26.82,55.11,0.17,-1,-1,-1
103,-1,1408.69,522.60,24.18,26.82,0.16,-1,-1,-1
103,-1,1659.42,341.70,13.81,22.00,0.13,-1,-1,-1
103,-1,2330.19,821.66,20.40,12.58,0.08,-1,-1,-1
103,-1,688.67,212.50,12.73,9.95,0.07,-1,-1,-1
104,-1,1384.79,606.38,49.64,80.52,0.88,-1,-1,-1
104,-1,1640.25,392.35,55.09,70.71,0.85,-1,-1,-1
104,-1,1652.80,406.66,20.06,40.18,0.56,-1,-1,-1
104,-1,650.31,282.83,11.38,9.78,0.49,-1,-1,-1
104,-1,893.47,954.45,22.28,10.08,0.24,-1,-1,-1
104,-1,650.73,254.89,16.00,10.23,0.23,-1,-1,-1
104,-1,2086.85,994.73,8.99,12.96,0.18,-1,-1,-1
104,-1,2387.13,934.34,9.37,10.74,0.16,-1,-1,-1
104,-1,2380.00,932.56,15.67,12.08,0.16,-1,-1,-1
104,-1,885.82,877.24,17.71,11.52,0.14,-1,-1,-1
104,-1,1387.02,604.11,31.77,34.07,0.13,-1,-1,-1
104,-1,1385.75,603.49,49.25,52.32,0.12,-1,-1,-1
104,-1,2086.98,994.40,8.81,13.35,0.10,-1,-1,-1
104,-1,340.59,1026.03,9.57,11.26,0.07,-1,-1,-1
104,-1,2387.46,934.19,9.06,10.32,0.05,-1,-1,-1
105,-1,1610.57,527.12,51.04,67.76,0.82,-1,-1,-1
105,-1,1310.00,799.17,61.93,85.18,0.82,-1,-1,-1
105,-1,1640.11,19.72,21.76,24.17,0.72,-1,-1,-1
105,-1,1328.13,779.35,42.01,44.94,0.72,-1,-1,-1
105,-1,2437.28,1156.89,23.64,18.75,0.61,-1,-1,-1
105,-1,1646.73,14.57,11.40,16.30,0.49,-1,-1,-1
105,-1,1620.44,525.38,33.56,53.25,0.40,-1,-1,-1
105,-1,1632.84,557.13,14.10,20.86,0.22,-1,-1,-1
105,-1,1624.90,523.73,22.59,28.97,0.22,-1,-1,-1
105,-1,1336.44,822.13,20.62,40.43,0.22,-1,-1,-1
105,-1,556.54,372.54,14.94,10.14,0.18,-1,-1,-1
105,-1,2109.14,1246.19,10.26,14.80,0.18,-1,-1,-1
105,-1,559.63,340.33,16.75,10.79,0.11,-1,-1,-1
105,-1,2109.29,1246.01,9.80,14.36,0.07,-1,-1,-1
106,-1,1187.90,874.97,60.92,91.66,0.91,-1,-1,-1
106,-1,1489.42,576.04,51.02,63.49,0.89,-1,-1,-1
106,-1,1508.71,25.93,22.02,29.19,0.73,-1,-1,-1
106,-1,1206.70,853.08,32.37,39.41,0.60,-1,-1,-1
106,-1,1509.89,592.14,16.96,28.53,0.52,-1,-1,-1
106,-1,1209.30,904.53,19.69,39.57,0.45,-1,-1,-1
106,-1,2340.65,1203.18,22.36,19.18,0.41,-1,-1,-1
106,-1,1499.26,576.41,15.54,28.90,0.39,-1,-1,-1
106,-1,1506.27,567.28,18.42,29.09,0.25,-1,-1,-1
106,-1,1513.01,24.33,14.88,16.65,0.13,-1,-1,-1
106,-1,1510.47,579.81,13.96,28.63,0.13,-1,-1,-1
106,-1,1189.54,876.11,73.05,22.66,0.11,-1,-1,-1
106,-1,2011.62,1310.50,9.46,16.17,0.09,-1,-1,-1
106,-1,1224.33,853.88,15.31,28.75,0.08,-1,-1,-1
106,-1,1499.17,568.49,24.46,45.06,0.07,-1,-1,-1
106,-1,2341.16,1203.44,22.61,19.03,0.07,-1,-1,-1
106,-1,1489.52,557.69,35.15,30.55,0.07,-1,-1,-1
106,-1,1489.43,558.19,35.03,32.13,0.06,-1,-1,-1
107,-1,1410.96,636.24,74.70,82.04,0.90,-1,-1,-1
107,-1,1059.11,996.22,75.71,113.58,0.82,-1,-1,-1
107,-1,2261.42,1311.13,29.93,22.60,0.69,-1,-1,-1
107,-1,1470.88,45.69,23.19,29.46,0.61,-1,-1,-1
107,-1,1086.55,977.53,36.84,53.33,0.60,-1,-1,-1
107,-1,1075.72,1031.34,23.65,49.76,0.54,-1,-1,-1
107,-1,1476.45,41.93,14.13,18.84,0.48,-1,-1,-1
107,-1,1439.51,673.64,14.72,25.23,0.46,-1,-1,-1
107,-1,302.26,412.79,18.60,12.21,0.26,-1,-1,-1
107,-1,294.43,450.74,24.47,9.42,0.24,-1,-1,-1
107,-1,1414.61,633.91,36.19,29.03,0.13,-1,-1,-1
107,-1,1421.02,637.38,30.91,51.75,0.12,-1,-1,-1
107,-1,1077.60,1031.24,15.33,21.72,0.11,-1,-1,-1
107,-1,1086.81,978.06,26.87,30.04,0.10,-1,-1,-1
107,-1,1108.10,980.18,15.29,30.70,0.10,-1,-1,-1
107,-1,1095.46,1037.25,9.93,17.61,0.06,-1,-1,-1
107,-1,1913.14,1432.12,10.07,18.95,0.05,-1,-1,-1
108,-1,1389.18,649.73,64.58,79.06,0.91,-1,-1,-1
108,-1,1019.56,1006.66,77.48,125.27,0.85,-1,-1,-1
108,-1,1459.38,47.24,25.27,27.65,0.72,-1,-1,-1
108,-1,1037.54,1049.39,29.19,55.01,0.64,-1,-1,-1
108,-1,2231.84,1312.98,22.76,21.68,0.51,-1,-1,-1
108,-1,1464.42,42.71,15.15,18.89,0.51,-1,-1,-1
108,-1,1052.69,997.10,37.26,49.49,0.48,-1,-1,-1
108,-1,1417.50,681.77,17.03,28.01,0.45,-1,-1,-1
108,-1,275.80,446.17,23.38,10.14,0.35,-1,-1,-1
108,-1,1401.53,660.93,18.90,30.75,0.32,-1,-1,-1
108,-1,1062.39,1032.40,11.62,24.94,0.19,-1,-1,-1
108,-1,285.15,409.41,17.33,11.56,0.13,-1,-1,-1
108,-1,1874.76,1433.15,10.04,19.25,0.12,-1,-1,-1
108,-1,1403.59,648.23,16.30,34.45,0.12,-1,-1,-1
108,-1,1452.05,43.93,11.57,9.23,0.09,-1,-1,-1
108,-1,1042.36,1049.09,22.93,29.88,0.08,-1,-1,-1
108,-1,2231.83,1313.32,22.78,21.28,0.06,-1,-1,-1
109,-1,964.52,1036.13,87.20,128.09,0.90,-1,-1,-1
109,-1,1360.04,656.53,72.68,86.00,0.86,-1,-1,-1
109,-1,1445.09,48.38,26.60,25.43,0.75,-1,-1,-1
109,-1,992.79,1080.22,25.32,50.13,0.63,-1,-1,-1
109,-1,2183.85,1302.50,22.77,22.80,0.57,-1,-1,-1
109,-1,1452.60,44.13,10.69,17.61,0.55,-1,-1,-1
109,-1,1004.03,1025.24,35.36,38.53,0.43,-1,-1,-1
109,-1,257.54,435.29,15.79,10.00,0.41,-1,-1,-1
109,-1,1375.23,671.09,21.02,33.80,0.37,-1,-1,-1
109,-1,1392.06,686.82,22.62,36.62,0.30,-1,-1,-1
109,-1,1374.63,670.21,37.68,45.49,0.26,-1,-1,-1
109,-1,266.10,398.99,19.23,10.50,0.22,-1,-1,-1
109,-1,1009.81,1029.36,33.04,58.06,0.19,-1,-1,-1
109,-1,1826.00,1420.53,9.65,19.99,0.14,-1,-1,-1
109,-1,1381.31,680.79,23.42,26.03,0.12,-1,-1,-1
109,-1,1826.23,1420.72,9.18,19.80,0.10,-1,-1,-1
109,-1,1021.55,1026.87,21.63,32.57,0.10,-1,-1,-1
109,-1,2183.67,1302.47,22.94,22.75,0.09,-1,-1,-1
109,-1,1359.02,654.58,46.05,49.10,0.07,-1,-1,-1
109,-1,1016.89,1050.47,15.98,37.13,0.07,-1,-1,-1
109,-1,1380.89,660.80,23.22,26.23,0.07,-1,-1,-1
109,-1,1446.20,46.00,19.87,22.89,0.06,-1,-1,-1
110,-1,1362.92,683.88,70.75,81.20,0.90,-1,-1,-1
110,-1,934.04,1093.56,93.64,123.75,0.85,-1,-1,-1
110,-1,1443.01,46.05,28.61,26.91,0.79,-1,-1,-1
110,-1,975.71,1067.16,39.68,64.37,0.77,-1,-1,-1
110,-1,1449.62,40.03,14.52,20.17,0.74,-1,-1,-1
110,-1,955.79,1131.80,32.28,51.04,0.64,-1,-1,-1
110,-1,1375.93,677.80,25.53,40.63,0.50,-1,-1,-1
110,-1,1392.62,707.10,20.03,37.79,0.40,-1,-1,-1
110,-1,264.36,381.54,17.73,10.84,0.39,-1,-1,-1
110,-1,2168.70,1287.95,22.88,22.49,0.29,-1,-1,-1
110,-1,255.08,417.57,16.26,9.63,0.28,-1,-1,-1
110,-1,1372.57,677.41,58.56,45.29,0.17,-1,-1,-1
110,-1,1810.58,1404.53,12.39,19.41,0.17,-1,-1,-1
110,-1,2168.96,1288.21,22.60,22.14,0.10,-1,-1,-1
110,-1,1810.74,1404.55,11.76,19.59,0.06,-1,-1,-1
111,-1,921.78,1128.17,101.60,131.40,0.90,-1,-1,-1
111,-1,1369.67,708.20,87.32,79.57,0.90,-1,-1,-1
111,-1,959.81,1103.56,39.87,68.04,0.77,-1,-1,-1
111,-1,2166.11,1287.51,24.01,22.81,0.74,-1,-1,-1
111,-1,1444.40,50.76,28.59,22.74,0.69,-1,-1,-1
111,-1,942.15,1171.38,37.05,56.43,0.69,-1,-1,-1
111,-1,1452.09,42.83,12.42,18.82,0.56,-1,-1,-1
111,-1,259.08,413.77,13.32,10.11,0.46,-1,-1,-1
111,-1,1402.13,737.23,18.64,30.11,0.33,-1,-1,-1
111,-1,1383.72,703.55,28.83,29.76,0.31,-1,-1,-1
111,-1,1808.38,1403.59,9.77,21.04,0.21,-1,-1,-1
111,-1,268.45,377.02,18.04,11.85,0.18,-1,-1,-1
111,-1,1383.31,695.01,23.44,23.17,0.17,-1,-1,-1
111,-1,187.43,139.75,30.00,22.42,0.06,-1,-1,-1
111,-1,1935.32,1103.74,19.15,42.42,0.05,-1,-1,-1
112,-1,1369.46,708.40,77.92,90.26,0.90,-1,-1,-1
112,-1,913.49,1149.43,90.51,132.61,0.89,-1,-1,-1
112,-1,941.95,1124.15,51.05,68.17,0.79,-1,-1,-1
112,-1,2164.49,1288.06,23.81,22.44,0.73,-1,-1,-1
112,-1,1446.88,49.28,23.57,24.10,0.63,-1,-1,-1
112,-1,936.56,1188.00,32.82,57.58,0.61,-1,-1,-1
112,-1,1453.18,44.91,11.17,17.63,0.53,-1,-1,-1
112,-1,260.28,411.80,13.94,10.47,0.44,-1,-1,-1
112,-1,1386.03,725.68,17.24,23.25,0.27,-1,-1,-1
112,-1,1406.82,740.84,19.16,37.73,0.25,-1,-1,-1
112,-1,1375.78,708.58,45.88,31.75,0.25,-1,-1,-1
112,-1,1383.94,717.64,40.99,55.05,0.20,-1,-1,-1
112,-1,1444.88,46.27,26.92,26.80,0.16,-1,-1,-1
112,-1,943.94,1188.36,30.93,30.64,0.16,-1,-1,-1
112,-1,269.47,374.71,17.85,11.24,0.12,-1,-1,-1
112,-1,2086.48,799.73,18.06,18.57,0.07,-1,-1,-1
112,-1,2088.39,801.04,12.93,13.93,0.07,-1,-1,-1
112,-1,1808.01,1404.68,9.14,18.42,0.07,-1,-1,-1
113,-1,1382.21,739.32,70.15,86.48,0.91,-1,-1,-1
113,-1,896.19,1174.30,90.67,148.14,0.87,-1,-1,-1
113,-1,1448.23,47.20,23.86,31.10,0.80,-1,-1,-1
113,-1,922.60,1222.25,35.70,64.72,0.73,-1,-1,-1
113,-1,933.57,1164.09,43.01,67.18,0.59,-1,-1,-1
113,-1,262.24,409.13,15.13,10.10,0.56,-1,-1,-1
113,-1,2160.72,1287.62,23.14,22.29,0.50,-1,-1,-1
113,-1,1413.00,764.47,17.10,38.59,0.47,-1,-1,-1
113,-1,270.97,372.82,18.47,11.02,0.28,-1,-1,-1
113,-1,1396.67,735.09,20.30,37.78,0.26,-1,-1,-1
113,-1,1397.04,734.10,17.95,19.27,0.20,-1,-1,-1
113,-1,931.13,1163.13,23.04,65.82,0.18,-1,-1,-1
113,-1,1448.07,47.08,23.74,30.17,0.10,-1,-1,-1
113,-1,1405.36,760.76,15.90,20.27,0.10,-1,-1,-1
113,-1,210.34,381.61,25.10,12.26,0.10,-1,-1,-1
113,-1,1438.75,55.07,9.51,15.04,0.10,-1,-1,-1
113,-1,1395.62,756.82,17.89,22.18,0.09,-1,-1,-1
113,-1,1396.56,737.58,40.43,42.56,0.09,-1,-1,-1
113,-1,1413.19,762.65,15.20,20.56,0.08,-1,-1,-1
113,-1,476.49,270.44,87.88,23.42,0.07,-1,-1,-1
113,-1,302.09,385.74,13.60,8.43,0.06,-1,-1,-1
113,-1,191.60,139.78,13.87,16.59,0.05,-1,-1,-1
113,-1,158.63,390.85,15.43,13.24,0.05,-1,-1,-1
114,-1,895.09,1189.34,82.51,152.07,0.91,-1,-1,-1
114,-1,1383.19,750.58,71.69,88.95,0.88,-1,-1,-1
114,-1,915.34,1175.87,52.26,68.10,0.73,-1,-1,-1
114,-1,911.77,1239.07,36.86,67.17,0.69,-1,-1,-1
114,-1,1445.15,42.99,28.86,38.04,0.62,-1,-1,-1
114,-1,1395.32,742.95,30.23,41.77,0.61,-1,-1,-1
114,-1,2158.29,1286.20,23.66,23.75,0.57,-1,-1,-1
114,-1,1444.98,42.67,29.21,37.70,0.51,-1,-1,-1
114,-1,262.35,408.56,16.59,10.18,0.46,-1,-1,-1
114,-1,1415.72,792.20,17.69,25.62,0.45,-1,-1,-1
114,-1,271.45,371.59,17.96,10.66,0.21,-1,-1,-1
114,-1,2095.92,800.49,22.21,13.00,0.20,-1,-1,-1
114,-1,1419.71,776.05,21.92,19.39,0.19,-1,-1,-1
114,-1,2096.09,800.50,22.12,12.99,0.16,-1,-1,-1
114,-1,1414.82,775.26,28.19,38.21,0.15,-1,-1,-1
114,-1,2135.08,453.36,34.19,12.56,0.08,-1,-1,-1
114,-1,2137.54,454.87,25.77,9.61,0.07,-1,-1,-1
114,-1,2096.37,800.29,22.14,13.32,0.07,-1,-1,-1
114,-1,2158.22,1286.19,23.51,23.54,0.06,-1,-1,-1
114,-1,192.17,136.24,30.21,19.90,0.06,-1,-1,-1
114,-1,1397.01,763.18,21.63,23.97,0.05,-1,-1,-1
115,-1,1385.39,754.12,70.39,96.20,0.92,-1,-1,-1
115,-1,893.54,1195.38,90.53,162.30,0.87,-1,-1,-1
115,-1,909.20,1255.46,33.58,71.74,0.80,-1,-1,-1
115,-1,1446.22,47.62,26.65,31.83,0.58,-1,-1,-1
115,-1,2156.35,1285.03,21.85,23.02,0.58,-1,-1,-1
115,-1,1446.31,47.59,26.59,32.38,0.47,-1,-1,-1
115,-1,911.03,1187.41,40.70,37.89,0.47,-1,-1,-1
115,-1,1408.19,762.39,22.89,23.41,0.29,-1,-1,-1
115,-1,1398.05,760.84,39.31,65.64,0.26,-1,-1,-1
115,-1,261.66,406.86,13.91,9.62,0.25,-1,-1,-1
115,-1,1416.01,800.30,18.64,28.56,0.24,-1,-1,-1
115,-1,2156.59,1285.03,21.73,23.40,0.20,-1,-1,-1
115,-1,1794.66,1402.50,8.96,20.07,0.15,-1,-1,-1
115,-1,272.06,370.11,18.08,10.79,0.13,-1,-1,-1
115,-1,1398.50,776.26,16.18,22.22,0.11,-1,-1,-1
115,-1,2115.67,808.62,16.00,16.16,0.09,-1,-1,-1
115,-1,1387.76,755.48,46.07,39.96,0.05,-1,-1,-1
116,-1,1385.00,776.09,64.48,87.56,0.92,-1,-1,-1
116,-1,885.63,1189.50,66.68,184.11,0.91,-1,-1,-1
116,-1,1410.79,798.88,22.59,43.42,0.69,-1,-1,-1
116,-1,2147.73,1281.91,21.43,21.83,0.67,-1,-1,-1
116,-1,902.75,1278.32,25.20,62.00,0.66,-1,-1,-1
116,-1,1437.65,52.46,29.15,28.85,0.62,-1,-1,-1
116,-1,901.85,1199.95,42.60,65.42,0.48,-1,-1,-1
116,-1,1447.47,49.74,13.90,17.82,0.37,-1,-1,-1
116,-1,1396.96,768.48,26.39,39.78,0.37,-1,-1,-1
116,-1,256.65,405.81,14.72,9.39,0.19,-1,-1,-1
116,-1,2115.60,802.30,10.61,10.05,0.15,-1,-1,-1
116,-1,1397.04,765.30,26.55,21.86,0.14,-1,-1,-1
116,-1,265.45,368.62,19.74,11.45,0.08,-1,-1,-1
116,-1,1399.64,791.16,17.96,19.21,0.06,-1,-1,-1
117,-1,850.79,1258.29,67.82,143.40,0.94,-1,-1,-1
117,-1,1359.79,783.74,71.44,94.47,0.87,-1,-1,-1
117,-1,865.01,1225.14,41.78,76.37,0.83,-1,-1,-1
117,-1,1412.84,56.56,24.47,27.34,0.73,-1,-1,-1
117,-1,868.99,1296.49,27.80,74.19,0.65,-1,-1,-1
117,-1,2116.23,1271.94,24.12,22.98,0.63,-1,-1,-1
117,-1,1416.89,50.57,12.99,19.98,0.62,-1,-1,-1
117,-1,1384.64,810.56,18.88,43.08,0.52,-1,-1,-1
117,-1,1369.22,776.86,34.65,44.81,0.36,-1,-1,-1
117,-1,222.96,411.24,16.71,9.49,0.23,-1,-1,-1
117,-1,885.04,1322.60,13.54,45.28,0.09,-1,-1,-1
117,-1,1902.65,1006.74,33.79,17.36,0.07,-1,-1,-1
117,-1,2096.32,803.86,10.31,15.35,0.06,-1,-1,-1
117,-1,2093.52,800.82,13.99,20.62,0.05,-1,-1,-1
118,-1,1320.90,794.18,62.00,98.12,0.88,-1,-1,-1
118,-1,817.12,1256.07,53.12,78.57,0.83,-1,-1,-1
118,-1,824.69,1328.86,31.27,80.29,0.79,-1,-1,-1
118,-1,801.58,1292.43,82.34,144.50,0.78,-1,-1,-1
118,-1,1345.74,825.54,18.75,45.86,0.75,-1,-1,-1
118,-1,1364.41,55.02,23.68,34.83,0.61,-1,-1,-1
118,-1,1335.13,791.32,33.90,41.36,0.58,-1,-1,-1
118,-1,2074.85,1259.48,20.99,22.72,0.52,-1,-1,-1
118,-1,847.46,1285.88,27.08,101.47,0.38,-1,-1,-1
118,-1,1368.98,53.07,14.76,19.64,0.29,-1,-1,-1
118,-1,847.95,1286.07,28.09,99.59,0.24,-1,-1,-1
118,-1,166.67,420.26,14.47,9.55,0.21,-1,-1,-1
118,-1,2074.16,1259.62,21.53,22.73,0.17,-1,-1,-1
118,-1,1721.62,1387.78,8.40,19.84,0.10,-1,-1,-1
118,-1,787.85,1297.17,48.22,47.12,0.10,-1,-1,-1
118,-1,1336.01,813.95,13.04,22.70,0.09,-1,-1,-1
118,-1,787.70,1297.81,26.12,31.55,0.06,-1,-1,-1
118,-1,175.78,382.89,19.46,11.55,0.05,-1,-1,-1
119,-1,1275.92,831.64,52.52,92.85,0.87,-1,-1,-1
119,-1,744.78,1349.22,73.03,158.64,0.85,-1,-1,-1
119,-1,757.53,1317.59,43.25,77.91,0.76,-1,-1,-1
119,-1,1293.69,854.41,21.70,48.08,0.70,-1,-1,-1
119,-1,766.15,1393.56,40.84,76.72,0.61,-1,-1,-1
119,-1,1295.95,57.75,29.82,32.47,0.56,-1,-1,-1
119,-1,1287.04,821.15,31.58,39.49,0.38,-1,-1,-1
119,-1,1668.12,1381.36,10.08,17.33,0.34,-1,-1,-1
119,-1,92.83,435.45,24.92,9.42,0.34,-1,-1,-1
119,-1,2016.43,1244.23,22.80,25.51,0.28,-1,-1,-1
119,-1,780.53,1315.13,20.04,42.07,0.20,-1,-1,-1
119,-1,102.54,397.32,19.84,11.17,0.19,-1,-1,-1
119,-1,786.28,1351.48,30.20,122.61,0.08,-1,-1,-1
119,-1,1258.84,831.09,93.93,44.77,0.06,-1,-1,-1
119,-1,739.18,1342.78,85.85,32.58,0.05,-1,-1,-1
119,-1,757.45,1318.07,23.98,40.98,0.05,-1,-1,-1
120,-1,1235.50,844.38,59.78,95.59,0.87,-1,-1,-1
120,-1,706.04,1384.31,73.55,143.53,0.86,-1,-1,-1
120,-1,717.33,1354.33,49.27,82.12,0.81,-1,-1,-1
120,-1,1259.99,67.51,23.42,26.63,0.76,-1,-1,-1
120,-1,722.21,1435.40,41.77,76.27,0.70,-1,-1,-1
120,-1,1263.77,61.06,13.48,17.58,0.65,-1,-1,-1
120,-1,1979.95,1235.84,20.23,22.78,0.54,-1,-1,-1
120,-1,1254.45,833.98,34.37,53.24,0.39,-1,-1,-1
120,-1,1255.55,867.77,20.80,49.26,0.25,-1,-1,-1
120,-1,45.56,445.07,16.92,9.69,0.19,-1,-1,-1
120,-1,1635.37,1376.48,9.30,18.84,0.10,-1,-1,-1
120,-1,1262.03,66.10,19.47,25.53,0.09,-1,-1,-1
120,-1,710.05,1390.10,31.11,123.91,0.07,-1,-1,-1
120,-1,1253.91,832.67,33.44,25.94,0.07,-1,-1,-1
121,-1,1217.25,845.04,70.12,109.50,0.83,-1,-1,-1
121,-1,694.09,1470.09,51.22,59.47,0.75,-1,-1,-1
121,-1,1239.27,882.46,20.30,46.75,0.68,-1,-1,-1
121,-1,705.92,1383.26,38.21,87.84,0.64,-1,-1,-1
121,-1,690.26,1387.66,78.74,140.72,0.60,-1,-1,-1
121,-1,1242.90,62.18,24.38,33.97,0.55,-1,-1,-1
121,-1,1967.88,1232.53,19.34,22.73,0.46,-1,-1,-1
121,-1,1243.21,62.48,23.95,34.41,0.40,-1,-1,-1
121,-1,691.83,1408.92,38.79,116.62,0.36,-1,-1,-1
121,-1,735.98,1394.41,32.56,133.38,0.31,-1,-1,-1
121,-1,735.21,1391.11,33.92,138.15,0.31,-1,-1,-1
121,-1,691.67,1407.44,31.61,119.09,0.26,-1,-1,-1
121,-1,1242.65,852.76,31.34,37.08,0.19,-1,-1,-1
121,-1,27.44,447.53,14.96,9.13,0.13,-1,-1,-1
121,-1,1967.78,1233.05,19.54,22.39,0.13,-1,-1,-1
121,-1,1239.23,849.76,15.78,34.08,0.09,-1,-1,-1
121,-1,1621.93,1374.05,9.23,17.61,0.09,-1,-1,-1
121,-1,708.58,1426.31,28.50,49.05,0.07,-1,-1,-1
121,-1,1257.63,865.33,14.74,22.35,0.06,-1,-1,-1
122,-1,1200.72,881.62,80.66,105.91,0.89,-1,-1,-1
122,-1,682.63,1445.93,60.18,82.51,0.78,-1,-1,-1
122,-1,1241.23,62.11,28.26,37.30,0.68,-1,-1,-1
122,-1,672.07,1459.47,76.10,69.91,0.58,-1,-1,-1
122,-1,1234.39,874.19,34.56,41.85,0.42,-1,-1,-1
122,-1,1957.87,1229.97,25.15,27.50,0.41,-1,-1,-1
122,-1,1248.96,64.97,13.51,19.93,0.38,-1,-1,-1
122,-1,640.11,1494.41,32.40,20.42,0.37,-1,-1,-1
122,-1,1231.12,919.28,16.98,18.90,0.29,-1,-1,-1
122,-1,25.77,444.19,15.90,9.56,0.18,-1,-1,-1
122,-1,1233.31,874.90,22.49,27.66,0.18,-1,-1,-1
122,-1,33.72,405.35,19.85,10.94,0.15,-1,-1,-1
122,-1,1250.99,875.32,18.73,18.48,0.14,-1,-1,-1
122,-1,1219.74,906.84,41.90,49.05,0.12,-1,-1,-1
122,-1,667.60,1449.13,114.80,77.75,0.07,-1,-1,-1
122,-1,1957.19,1230.22,25.77,27.22,0.05,-1,-1,-1
123,-1,1195.68,902.41,80.82,111.36,0.91,-1,-1,-1
123,-1,667.25,1498.40,58.65,30.93,0.79,-1,-1,-1
123,-1,1241.38,68.46,27.34,34.84,0.65,-1,-1,-1
123,-1,1229.80,907.63,33.02,45.63,0.42,-1,-1,-1
123,-1,1962.22,1246.47,22.35,28.16,0.37,-1,-1,-1
123,-1,1962.42,1246.37,22.24,28.33,0.25,-1,-1,-1
123,-1,19.67,447.29,20.43,9.86,0.25,-1,-1,-1
123,-1,1242.90,-0.06,23.99,9.13,0.23,-1,-1,-1
123,-1,634.57,1501.71,30.04,23.03,0.21,-1,-1,-1
123,-1,1232.58,899.44,14.50,29.57,0.20,-1,-1,-1
123,-1,1239.95,909.18,22.76,28.78,0.14,-1,-1,-1
123,-1,1219.89,909.13,41.33,73.36,0.13,-1,-1,-1
123,-1,1219.85,947.70,21.86,37.32,0.08,-1,-1,-1
123,-1,698.66,1499.32,26.68,29.77,0.07,-1,-1,-1
123,-1,1614.41,1396.09,8.94,18.87,0.06,-1,-1,-1
124,-1,1187.25,943.75,84.52,116.19,0.93,-1,-1,-1
124,-1,1209.21,981.14,27.27,49.42,0.68,-1,-1,-1
124,-1,1236.26,80.54,31.05,26.92,0.67,-1,-1,-1
124,-1,1974.33,1287.98,18.66,23.05,0.61,-1,-1,-1
124,-1,1247.30,74.87,13.32,20.39,0.46,-1,-1,-1
124,-1,1221.34,942.28,33.84,26.49,0.38,-1,-1,-1
124,-1,1243.60,-0.06,23.49,9.93,0.23,-1,-1,-1
124,-1,1246.90,74.60,13.72,19.88,0.16,-1,-1,-1
124,-1,1243.00,0.15,24.26,9.63,0.12,-1,-1,-1
124,-1,1670.77,1110.73,14.63,20.07,0.07,-1,-1,-1
125,-1,1170.23,991.00,92.44,142.97,0.90,-1,-1,-1
125,-1,1239.97,92.86,26.13,33.16,0.73,-1,-1,-1
125,-1,1198.59,1050.74,24.83,50.72,0.66,-1,-1,-1
125,-1,1239.35,0.08,28.33,19.76,0.53,-1,-1,-1
125,-1,1244.80,87.72,13.17,22.39,0.51,-1,-1,-1
125,-1,1239.15,0.00,28.25,19.84,0.22,-1,-1,-1
125,-1,1212.78,1010.33,28.36,36.47,0.20,-1,-1,-1
125,-1,1991.90,1353.10,18.52,26.58,0.18,-1,-1,-1
125,-1,1210.73,1029.13,15.90,22.48,0.07,-1,-1,-1
125,-1,1209.67,1051.59,13.92,18.86,0.06,-1,-1,-1
126,-1,1083.85,1337.84,102.56,182.07,0.88,-1,-1,-1
126,-1,1030.05,0.10,22.95,27.05,0.77,-1,-1,-1
126,-1,1221.27,154.66,28.94,32.60,0.70,-1,-1,-1
126,-1,1227.23,147.75,16.06,24.02,0.60,-1,-1,-1
126,-1,1113.55,1409.93,26.98,56.55,0.59,-1,-1,-1
126,-1,1230.14,36.44,25.09,31.89,0.58,-1,-1,-1
126,-1,1229.62,38.41,23.19,27.13,0.53,-1,-1,-1
126,-1,1126.69,1339.94,47.65,71.60,0.52,-1,-1,-1
127,-1,1210.28,181.23,30.96,34.66,0.82,-1,-1,-1
127,-1,1223.76,67.95,22.82,24.92,0.71,-1,-1,-1
127,-1,1217.26,178.90,15.06,25.28,0.71,-1,-1,-1
127,-1,1016.24,21.34,22.76,28.81,0.66,-1,-1,-1
127,-1,1215.65,61.42,25.54,25.79,0.58,-1,-1,-1
127,-1,1022.21,18.53,13.20,21.88,0.33,-1,-1,-1
127,-1,1062.13,1507.69,20.66,21.12,0.33,-1,-1,-1
127,-1,1223.96,65.16,22.13,27.26,0.19,-1,-1,-1
127,-1,1216.21,45.35,33.39,48.03,0.15,-1,-1,-1
128,-1,1193.53,215.95,34.98,38.16,0.84,-1,-1,-1
128,-1,997.56,42.10,26.61,33.56,0.79,-1,-1,-1
128,-1,1215.28,90.13,18.61,20.08,0.74,-1,-1,-1
128,-1,1202.40,214.07,16.91,25.45,0.72,-1,-1,-1
128,-1,1210.95,102.02,30.15,17.40,0.71,-1,-1,-1
128,-1,1205.26,87.47,37.69,31.10,0.22,-1,-1,-1
128,-1,1007.40,38.60,10.84,11.84,0.08,-1,-1,-1
128,-1,1203.92,86.68,37.47,15.13,0.08,-1,-1,-1
129,-1,1176.74,256.02,33.76,42.36,0.85,-1,-1,-1
129,-1,976.37,68.85,29.93,37.47,0.77,-1,-1,-1
129,-1,1184.64,254.47,17.41,29.23,0.72,-1,-1,-1
129,-1,1194.71,119.76,27.92,36.29,0.63,-1,-1,-1
129,-1,1204.26,120.84,17.02,23.52,0.43,-1,-1,-1
129,-1,988.09,72.28,11.58,20.04,0.33,-1,-1,-1
129,-1,1188.63,109.81,42.67,26.71,0.14,-1,-1,-1
130,-1,1152.98,297.33,36.65,45.65,0.81,-1,-1,-1
130,-1,952.17,107.53,29.26,28.70,0.77,-1,-1,-1
130,-1,1163.60,297.86,16.92,28.54,0.69,-1,-1,-1
130,-1,1174.31,159.55,31.89,28.32,0.65,-1,-1,-1
130,-1,962.96,97.19,13.09,23.57,0.55,-1,-1,-1
130,-1,1188.02,151.01,18.37,22.70,0.54,-1,-1,-1
130,-1,1169.38,133.87,39.91,54.95,0.46,-1,-1,-1
131,-1,1127.31,342.07,37.13,49.52,0.87,-1,-1,-1
131,-1,1152.37,184.68,35.40,38.58,0.80,-1,-1,-1
131,-1,924.51,131.73,30.11,37.38,0.58,-1,-1,-1
131,-1,928.49,134.21,19.78,24.78,0.51,-1,-1,-1
131,-1,1138.62,347.76,15.81,26.24,0.36,-1,-1,-1
131,-1,927.50,147.64,13.39,12.96,0.23,-1,-1,-1
131,-1,1165.42,187.50,15.32,19.81,0.11,-1,-1,-1
132,-1,1128.17,217.18,41.12,43.23,0.82,-1,-1,-1
132,-1,893.28,162.28,33.66,38.84,0.81,-1,-1,-1
132,-1,1096.28,385.86,41.16,56.91,0.80,-1,-1,-1
132,-1,1107.66,391.47,18.39,32.85,0.53,-1,-1,-1
132,-1,906.36,156.30,13.12,12.65,0.50,-1,-1,-1
132,-1,1140.61,221.17,17.57,24.02,0.31,-1,-1,-1
132,-1,448.88,66.03,17.03,12.70,0.25,-1,-1,-1
132,-1,2259.30,632.78,10.48,9.45,0.08,-1,-1,-1
132,-1,2176.64,246.74,16.51,12.27,0.06,-1,-1,-1
133,-1,1062.70,429.87,41.67,55.51,0.87,-1,-1,-1
133,-1,1102.41,255.38,38.02,37.99,0.81,-1,-1,-1
133,-1,1073.33,432.70,20.06,36.60,0.81,-1,-1,-1
133,-1,859.49,185.10,36.25,44.42,0.77,-1,-1,-1
133,-1,1115.65,249.85,15.31,18.40,0.62,-1,-1,-1
133,-1,874.83,189.94,16.30,22.18,0.45,-1,-1,-1
133,-1,2272.99,689.37,10.84,9.80,0.13,-1,-1,-1
133,-1,862.16,208.19,10.87,11.56,0.12,-1,-1,-1
133,-1,861.66,186.72,30.13,34.18,0.08,-1,-1,-1
134,-1,989.98,507.78,46.19,62.34,0.90,-1,-1,-1
134,-1,1038.40,289.91,47.85,65.64,0.79,-1,-1,-1
134,-1,792.30,239.78,43.05,43.46,0.71,-1,-1,-1
134,-1,1003.56,515.73,19.92,38.37,0.68,-1,-1,-1
134,-1,1058.99,306.69,16.39,22.88,0.39,-1,-1,-1
134,-1,2287.82,793.64,12.18,9.63,0.27,-1,-1,-1
134,-1,798.43,241.99,22.97,29.57,0.27,-1,-1,-1
134,-1,1427.72,900.20,19.84,13.83,0.24,-1,-1,-1
134,-1,344.62,117.53,19.17,12.47,0.20,-1,-1,-1
134,-1,812.07,235.19,14.29,22.70,0.19,-1,-1,-1
134,-1,1057.82,320.70,11.90,17.83,0.15,-1,-1,-1
134,-1,798.48,253.23,15.90,17.60,0.14,-1,-1,-1
134,-1,342.63,85.78,21.37,43.84,0.10,-1,-1,-1
135,-1,913.43,566.86,59.81,69.31,0.90,-1,-1,-1
135,-1,727.51,276.17,43.02,46.38,0.87,-1,-1,-1
135,-1,982.65,332.31,47.58,70.31,0.87,-1,-1,-1
135,-1,928.52,573.71,25.46,41.63,0.69,-1,-1,-1
135,-1,745.02,270.31,18.44,31.04,0.54,-1,-1,-1
135,-1,998.63,369.04,14.09,18.50,0.32,-1,-1,-1
135,-1,2143.38,1087.03,18.46,81.37,0.25,-1,-1,-1
135,-1,2275.74,867.94,12.98,10.66,0.22,-1,-1,-1
135,-1,286.97,134.84,20.10,13.99,0.22,-1,-1,-1
135,-1,995.22,351.77,28.23,26.82,0.20,-1,-1,-1
135,-1,2275.69,867.92,13.48,10.78,0.11,-1,-1,-1
136,-1,1409.04,583.47,78.16,69.03,0.88,-1,-1,-1
136,-1,1550.61,375.77,44.89,56.35,0.86,-1,-1,-1
136,-1,1317.66,258.61,41.66,53.49,0.83,-1,-1,-1
136,-1,1571.01,377.92,14.01,26.59,0.49,-1,-1,-1
136,-1,1433.19,590.01,27.82,40.61,0.46,-1,-1,-1
136,-1,1321.38,289.56,14.09,10.65,0.38,-1,-1,-1
136,-1,1338.02,256.40,16.50,34.48,0.37,-1,-1,-1
136,-1,1434.86,589.63,23.52,21.91,0.37,-1,-1,-1
136,-1,1008.56,39.42,16.05,13.35,0.08,-1,-1,-1
136,-1,312.11,135.63,77.18,43.44,0.08,-1,-1,-1
137,-1,1404.78,591.47,72.94,66.50,0.92,-1,-1,-1
137,-1,1312.39,272.50,42.63,44.93,0.84,-1,-1,-1
137,-1,1539.91,386.60,63.50,52.11,0.82,-1,-1,-1
137,-1,1426.62,594.00,27.52,40.64,0.66,-1,-1,-1
137,-1,1558.14,380.87,24.87,36.23,0.41,-1,-1,-1
137,-1,1327.51,268.72,24.16,28.26,0.27,-1,-1,-1
137,-1,1569.12,380.89,13.61,19.32,0.14,-1,-1,-1
137,-1,1320.14,260.67,28.53,27.89,0.14,-1,-1,-1
137,-1,1008.95,38.38,16.52,12.53,0.13,-1,-1,-1
137,-1,1559.89,398.87,18.03,23.15,0.09,-1,-1,-1
137,-1,1841.17,1020.41,26.94,9.90,0.08,-1,-1,-1
138,-1,1399.77,596.51,69.30,70.48,0.92,-1,-1,-1
138,-1,1539.84,392.52,48.13,52.25,0.87,-1,-1,-1
138,-1,1308.53,268.69,44.95,52.09,0.81,-1,-1,-1
138,-1,1422.43,600.56,26.74,45.66,0.74,-1,-1,-1
138,-1,1329.94,266.25,17.48,32.44,0.39,-1,-1,-1
138,-1,1544.55,392.93,35.33,37.48,0.35,-1,-1,-1
138,-1,1556.51,413.58,14.47,16.28,0.21,-1,-1,-1
138,-1,1556.87,401.67,17.62,26.15,0.17,-1,-1,-1
138,-1,1565.02,391.30,13.70,13.65,0.15,-1,-1,-1
138,-1,437.66,276.95,24.47,54.41,0.14,-1,-1,-1
138,-1,1008.92,35.89,16.86,12.78,0.09,-1,-1,-1
139,-1,1395.22,602.95,65.56,70.24,0.93,-1,-1,-1
139,-1,1303.37,276.28,48.82,50.32,0.83,-1,-1,-1
139,-1,1540.40,403.00,40.69,47.23,0.79,-1,-1,-1
139,-1,1416.84,608.38,25.31,44.19,0.72,-1,-1,-1
139,-1,1544.11,394.14,34.94,42.39,0.67,-1,-1,-1
139,-1,1543.90,382.57,48.27,30.87,0.53,-1,-1,-1
139,-1,1326.84,269.64,16.38,27.52,0.40,-1,-1,-1
139,-1,1318.25,277.20,23.19,30.43,0.13,-1,-1,-1
139,-1,1008.54,34.54,16.75,13.34,0.13,-1,-1,-1
139,-1,1541.18,381.88,50.13,66.82,0.07,-1,-1,-1
140,-1,1293.33,284.54,43.27,50.10,0.90,-1,-1,-1
140,-1,1378.17,614.73,75.71,72.88,0.89,-1,-1,-1
140,-1,1528.99,386.51,55.83,78.86,0.77,-1,-1,-1
140,-1,1401.14,621.85,28.52,43.07,0.64,-1,-1,-1
140,-1,1313.15,277.24,17.72,34.14,0.53,-1,-1,-1
140,-1,1539.52,406.77,26.45,39.49,0.40,-1,-1,-1
140,-1,1404.83,622.26,23.46,22.33,0.21,-1,-1,-1
140,-1,1007.45,31.11,16.86,13.81,0.18,-1,-1,-1
140,-1,307.50,128.53,77.95,46.62,0.17,-1,-1,-1
140,-1,1545.69,425.64,16.72,20.56,0.15,-1,-1,-1
141,-1,1371.13,620.53,70.36,74.58,0.92,-1,-1,-1
141,-1,1288.12,275.53,41.84,63.16,0.88,-1,-1,-1
141,-1,1512.38,396.49,74.12,72.03,0.85,-1,-1,-1
141,-1,1531.95,411.50,26.94,33.23,0.62,-1,-1,-1
141,-1,1393.11,625.10,26.10,42.92,0.60,-1,-1,-1
141,-1,1310.47,281.94,16.55,27.97,0.16,-1,-1,-1
141,-1,1007.16,28.33,16.36,13.41,0.15,-1,-1,-1
141,-1,1541.17,436.49,12.78,16.78,0.12,-1,-1,-1
141,-1,1542.78,413.20,17.14,20.47,0.08,-1,-1,-1
142,-1,1365.21,624.90,65.99,77.92,0.92,-1,-1,-1
142,-1,1521.02,394.46,53.93,80.41,0.81,-1,-1,-1
142,-1,1281.24,285.84,49.52,58.74,0.78,-1,-1,-1
142,-1,1386.91,631.97,27.06,48.21,0.75,-1,-1,-1
142,-1,1527.89,412.89,27.29,41.35,0.53,-1,-1,-1
142,-1,1539.56,413.81,15.07,19.31,0.29,-1,-1,-1
142,-1,1285.94,288.06,36.30,43.11,0.27,-1,-1,-1
142,-1,1006.29,27.58,17.33,13.09,0.26,-1,-1,-1
142,-1,1302.92,292.08,17.29,29.01,0.23,-1,-1,-1
142,-1,1005.55,10.92,18.35,29.75,0.11,-1,-1,-1
142,-1,1535.28,436.94,14.53,21.91,0.08,-1,-1,-1
142,-1,1286.19,319.84,13.96,13.01,0.05,-1,-1,-1
143,-1,1275.72,298.28,45.42,51.49,0.86,-1,-1,-1
143,-1,1517.19,425.63,43.48,54.88,0.82,-1,-1,-1
143,-1,1358.71,630.36,66.48,78.11,0.78,-1,-1,-1
143,-1,1381.75,641.19,25.37,42.33,0.56,-1,-1,-1
143,-1,1297.59,289.53,19.56,36.01,0.43,-1,-1,-1
143,-1,1006.15,25.51,17.13,13.40,0.30,-1,-1,-1
143,-1,1522.67,420.67,31.75,48.01,0.26,-1,-1,-1
143,-1,1529.57,422.76,23.08,28.66,0.17,-1,-1,-1
143,-1,1300.13,289.74,15.63,19.75,0.13,-1,-1,-1
143,-1,305.03,123.31,75.94,42.88,0.11,-1,-1,-1
143,-1,1280.23,323.32,12.83,13.12,0.11,-1,-1,-1
143,-1,1005.52,4.29,18.04,34.07,0.09,-1,-1,-1
143,-1,1358.79,629.97,65.89,78.11,0.07,-1,-1,-1
143,-1,1529.62,444.91,16.53,18.46,0.07,-1,-1,-1
144,-1,1348.90,638.30,70.83,75.98,0.91,-1,-1,-1
144,-1,1270.35,296.08,46.34,57.78,0.86,-1,-1,-1
144,-1,1512.11,432.22,45.81,54.12,0.72,-1,-1,-1
144,-1,1374.15,647.22,25.23,41.32,0.66,-1,-1,-1
144,-1,1293.29,300.96,16.04,28.82,0.46,-1,-1,-1
144,-1,1524.87,427.32,28.17,43.87,0.45,-1,-1,-1
144,-1,1005.65,24.44,17.64,13.04,0.38,-1,-1,-1
144,-1,1504.83,420.85,71.41,16.06,0.18,-1,-1,-1
144,-1,305.07,121.19,77.99,49.91,0.16,-1,-1,-1
144,-1,1847.86,1009.06,24.72,10.04,0.13,-1,-1,-1
144,-1,1530.72,427.46,20.75,22.86,0.11,-1,-1,-1
144,-1,1004.98,1.32,18.64,36.40,0.08,-1,-1,-1
144,-1,1526.70,450.45,12.36,21.22,0.08,-1,-1,-1
144,-1,950.64,19.59,42.55,13.78,0.07,-1,-1,-1
144,-1,1506.09,419.93,70.58,24.93,0.07,-1,-1,-1
144,-1,1847.90,1009.20,24.76,9.90,0.05,-1,-1,-1
145,-1,1332.42,652.11,75.70,77.28,0.93,-1,-1,-1
145,-1,1260.17,309.54,45.58,55.67,0.86,-1,-1,-1
145,-1,1501.51,417.64,54.04,81.62,0.80,-1,-1,-1
145,-1,1355.93,658.72,27.76,45.25,0.69,-1,-1,-1
145,-1,1520.05,438.01,24.68,28.66,0.56,-1,-1,-1
145,-1,1282.94,307.79,17.45,30.65,0.34,-1,-1,-1
145,-1,1267.50,340.68,10.90,10.70,0.34,-1,-1,-1
145,-1,1006.45,22.10,16.85,13.30,0.31,-1,-1,-1
145,-1,1005.92,2.32,17.27,32.95,0.20,-1,-1,-1
145,-1,1515.50,457.94,18.27,24.97,0.15,-1,-1,-1
145,-1,1848.38,1004.27,30.85,11.39,0.15,-1,-1,-1
145,-1,1276.48,302.89,24.33,49.68,0.06,-1,-1,-1
146,-1,1327.50,657.45,70.57,81.58,0.83,-1,-1,-1
146,-1,1254.93,317.84,44.87,54.53,0.82,-1,-1,-1
146,-1,1496.86,428.78,60.48,77.58,0.82,-1,-1,-1
146,-1,1347.60,669.89,29.38,46.00,0.54,-1,-1,-1
146,-1,1272.85,310.52,21.67,32.40,0.35,-1,-1,-1
146,-1,1271.85,310.50,23.02,14.84,0.25,-1,-1,-1
146,-1,1511.52,470.41,16.45,17.51,0.21,-1,-1,-1
146,-1,1006.55,2.50,16.30,32.09,0.20,-1,-1,-1
146,-1,1007.01,22.19,16.17,12.67,0.19,-1,-1,-1
146,-1,1850.43,1003.92,28.30,10.83,0.17,-1,-1,-1
146,-1,1517.79,444.60,17.65,22.41,0.15,-1,-1,-1
146,-1,1254.74,319.09,59.74,23.20,0.11,-1,-1,-1
146,-1,305.00,118.30,77.81,47.50,0.07,-1,-1,-1
146,-1,1520.02,440.27,18.61,19.46,0.06,-1,-1,-1
146,-1,148.15,90.27,10.10,14.82,0.05,-1,-1,-1
147,-1,1320.01,663.79,71.03,82.70,0.93,-1,-1,-1
147,-1,1492.45,452.55,48.58,60.15,0.89,-1,-1,-1
147,-1,1249.31,320.62,46.06,56.42,0.87,-1,-1,-1
147,-1,1344.08,675.55,27.21,46.87,0.55,-1,-1,-1
147,-1,1272.16,320.07,16.15,29.54,0.54,-1,-1,-1
147,-1,1007.24,19.73,15.88,13.95,0.46,-1,-1,-1
147,-1,1501.06,454.10,30.78,33.55,0.22,-1,-1,-1
147,-1,1512.41,457.49,16.51,19.08,0.18,-1,-1,-1
147,-1,1515.94,451.33,14.03,19.12,0.15,-1,-1,-1
147,-1,1509.18,475.12,13.08,19.28,0.12,-1,-1,-1
147,-1,1381.63,712.55,18.68,13.12,0.06,-1,-1,-1
147,-1,1006.74,0.94,16.61,31.29,0.05,-1,-1,-1
148,-1,1488.73,459.04,47.79,61.50,0.89,-1,-1,-1
148,-1,1311.95,674.00,78.00,81.49,0.88,-1,-1,-1
148,-1,1246.74,323.66,42.19,60.35,0.87,-1,-1,-1
148,-1,1265.60,321.21,17.57,33.80,0.47,-1,-1,-1
148,-1,1334.01,683.62,32.14,46.23,0.46,-1,-1,-1
148,-1,1007.92,20.00,16.32,13.58,0.30,-1,-1,-1
148,-1,1508.58,460.46,19.08,27.00,0.21,-1,-1,-1
148,-1,1500.38,460.55,28.67,40.64,0.20,-1,-1,-1
148,-1,1342.43,687.78,24.20,20.87,0.08,-1,-1,-1
149,-1,1306.30,678.28,72.58,85.82,0.91,-1,-1,-1
149,-1,1484.76,443.76,58.06,83.96,0.87,-1,-1,-1
149,-1,1243.02,316.35,41.01,73.35,0.78,-1,-1,-1
149,-1,1328.50,700.25,27.25,37.73,0.54,-1,-1,-1
149,-1,1008.53,18.67,17.34,13.62,0.44,-1,-1,-1
149,-1,1259.59,333.62,15.87,29.69,0.43,-1,-1,-1
149,-1,1505.99,462.01,16.21,22.49,0.38,-1,-1,-1
149,-1,1485.01,458.98,56.44,66.62,0.33,-1,-1,-1
149,-1,1247.00,333.02,29.31,42.29,0.24,-1,-1,-1
149,-1,910.64,73.98,17.23,42.71,0.17,-1,-1,-1
149,-1,1249.40,363.94,12.03,12.62,0.10,-1,-1,-1
149,-1,1499.31,490.11,17.55,20.14,0.06,-1,-1,-1
149,-1,1007.71,-0.18,18.84,32.22,0.05,-1,-1,-1
150,-1,1300.47,687.05,68.31,86.07,0.85,-1,-1,-1
150,-1,1238.46,340.99,37.93,54.61,0.85,-1,-1,-1
150,-1,1478.89,450.64,60.16,85.58,0.78,-1,-1,-1
150,-1,1321.13,699.00,30.01,49.95,0.62,-1,-1,-1
150,-1,1254.43,333.66,18.87,35.10,0.42,-1,-1,-1
150,-1,1008.53,17.86,16.46,13.65,0.30,-1,-1,-1
150,-1,1498.03,473.14,19.56,29.53,0.20,-1,-1,-1
150,-1,1494.97,488.92,18.88,26.98,0.12,-1,-1,-1
150,-1,1241.59,337.65,33.79,48.76,0.11,-1,-1,-1
150,-1,1007.99,2.35,17.41,28.76,0.10,-1,-1,-1
150,-1,1491.79,471.82,34.57,44.12,0.09,-1,-1,-1
150,-1,1856.05,999.61,23.62,9.37,0.09,-1,-1,-1
150,-1,911.07,70.99,16.60,45.26,0.09,-1,-1,-1
150,-1,307.68,115.24,77.55,44.22,0.08,-1,-1,-1
150,-1,1854.43,998.28,29.15,11.65,0.06,-1,-1,-1
150,-1,1237.89,334.61,37.10,21.20,0.05,-1,-1,-1
151,-1,1315.77,708.13,26.27,50.95,0.83,-1,-1,-1
151,-1,1461.73,480.53,61.61,64.85,0.83,-1,-1,-1
151,-1,1295.15,695.79,63.74,88.67,0.78,-1,-1,-1
151,-1,1235.89,345.05,34.14,54.93,0.69,-1,-1,-1
151,-1,1235.37,360.11,34.98,44.89,0.64,-1,-1,-1
151,-1,1008.32,18.31,17.50,13.24,0.44,-1,-1,-1
151,-1,1494.92,477.00,19.80,27.54,0.32,-1,-1,-1
151,-1,1235.00,332.13,48.77,72.30,0.26,-1,-1,-1
151,-1,1487.91,505.01,16.90,22.02,0.21,-1,-1,-1
151,-1,910.55,63.32,17.30,52.65,0.21,-1,-1,-1
151,-1,436.91,256.95,23.14,57.88,0.06,-1,-1,-1
151,-1,1007.70,1.91,18.65,29.56,0.06,-1,-1,-1
151,-1,1243.42,334.26,43.02,43.23,0.05,-1,-1,-1
152,-1,1275.73,714.65,84.53,90.66,0.87,-1,-1,-1
152,-1,1465.01,472.60,61.83,91.50,0.84,-1,-1,-1
152,-1,1226.04,364.49,40.59,56.06,0.81,-1,-1,-1
152,-1,1299.36,725.89,27.91,51.84,0.71,-1,-1,-1
152,-1,1228.34,363.30,35.69,45.74,0.65,-1,-1,-1
152,-1,1233.68,388.57,15.58,18.56,0.39,-1,-1,-1
152,-1,1008.25,18.65,17.17,12.89,0.36,-1,-1,-1
152,-1,1221.86,353.36,39.36,16.71,0.27,-1,-1,-1
152,-1,1485.48,498.49,17.04,26.85,0.27,-1,-1,-1
152,-1,1471.40,497.20,31.00,38.77,0.25,-1,-1,-1
152,-1,910.74,73.86,17.37,42.00,0.14,-1,-1,-1
152,-1,1480.78,526.41,14.18,17.24,0.13,-1,-1,-1
152,-1,1219.78,355.12,52.94,17.73,0.11,-1,-1,-1
152,-1,1007.57,-0.16,18.22,31.47,0.09,-1,-1,-1
152,-1,1220.83,359.43,36.34,11.34,0.08,-1,-1,-1
153,-1,1270.37,723.91,70.85,90.93,0.92,-1,-1,-1
153,-1,1288.81,734.64,29.82,54.80,0.80,-1,-1,-1
153,-1,1460.49,511.19,48.69,61.43,0.71,-1,-1,-1
153,-1,1225.63,365.26,37.81,51.11,0.68,-1,-1,-1
153,-1,1468.30,505.15,30.11,48.18,0.66,-1,-1,-1
153,-1,1223.52,364.76,40.17,63.85,0.62,-1,-1,-1
153,-1,1220.52,352.18,55.03,47.14,0.49,-1,-1,-1
153,-1,1008.51,19.21,17.17,12.69,0.46,-1,-1,-1
153,-1,1456.91,488.48,72.29,37.13,0.36,-1,-1,-1
153,-1,910.85,72.95,18.07,42.87,0.33,-1,-1,-1
153,-1,901.73,49.30,24.48,12.39,0.14,-1,-1,-1
153,-1,306.49,114.89,72.41,41.52,0.13,-1,-1,-1
153,-1,895.64,58.01,10.17,33.31,0.13,-1,-1,-1
153,-1,906.01,57.05,16.39,23.02,0.11,-1,-1,-1
153,-1,1476.42,507.18,21.42,30.45,0.06,-1,-1,-1
153,-1,1007.97,-0.36,18.68,32.00,0.06,-1,-1,-1
153,-1,1231.44,394.62,17.95,21.21,0.06,-1,-1,-1
153,-1,910.46,72.46,18.47,43.26,0.05,-1,-1,-1
154,-1,1262.76,733.67,69.40,91.72,0.89,-1,-1,-1
154,-1,1220.01,366.46,41.38,69.04,0.82,-1,-1,-1
154,-1,1454.74,492.92,53.93,88.28,0.79,-1,-1,-1
154,-1,1286.32,746.76,28.00,53.16,0.77,-1,-1,-1
154,-1,1009.10,18.27,16.59,13.54,0.50,-1,-1,-1
154,-1,1220.98,365.23,41.82,59.90,0.49,-1,-1,-1
154,-1,1476.56,508.42,20.86,29.11,0.36,-1,-1,-1
154,-1,1468.51,508.20,31.18,46.95,0.27,-1,-1,-1
154,-1,1471.09,543.84,15.94,18.24,0.11,-1,-1,-1
154,-1,1008.49,0.61,17.82,31.07,0.10,-1,-1,-1
154,-1,1459.38,506.71,47.07,71.60,0.09,-1,-1,-1
154,-1,1314.56,782.51,17.32,8.86,0.06,-1,-1,-1
155,-1,1248.09,753.67,70.30,94.29,0.92,-1,-1,-1
155,-1,1431.32,534.04,67.55,69.65,0.84,-1,-1,-1
155,-1,1271.00,765.79,31.08,56.14,0.76,-1,-1,-1
155,-1,1216.15,388.17,40.73,50.02,0.73,-1,-1,-1
155,-1,1214.63,374.23,45.82,77.32,0.73,-1,-1,-1
155,-1,1457.70,556.45,18.29,28.09,0.63,-1,-1,-1
155,-1,910.55,73.70,17.23,42.72,0.48,-1,-1,-1
155,-1,1009.12,18.11,16.54,13.30,0.45,-1,-1,-1
155,-1,1465.93,536.40,22.71,29.67,0.43,-1,-1,-1
155,-1,1215.26,369.89,46.97,57.45,0.35,-1,-1,-1
155,-1,1437.82,529.08,80.70,12.08,0.30,-1,-1,-1
155,-1,1215.65,408.34,36.48,42.39,0.23,-1,-1,-1
155,-1,1460.30,537.16,14.76,25.48,0.14,-1,-1,-1
155,-1,1222.11,414.06,17.34,23.75,0.12,-1,-1,-1
155,-1,1008.36,1.99,18.07,29.00,0.07,-1,-1,-1
155,-1,1468.51,535.18,20.32,15.98,0.07,-1,-1,-1
155,-1,1860.12,997.74,22.60,9.06,0.06,-1,-1,-1
156,-1,1232.59,773.62,74.31,97.57,0.84,-1,-1,-1
156,-1,1427.34,545.02,79.29,78.06,0.78,-1,-1,-1
156,-1,1254.68,789.66,29.48,54.88,0.66,-1,-1,-1
156,-1,1211.25,400.96,48.13,57.25,0.64,-1,-1,-1
156,-1,1209.08,399.97,49.79,69.98,0.60,-1,-1,-1
156,-1,1211.50,434.08,39.75,34.50,0.45,-1,-1,-1
156,-1,1009.72,18.51,17.62,12.70,0.43,-1,-1,-1
156,-1,1215.22,434.76,14.51,16.67,0.29,-1,-1,-1
156,-1,1447.84,579.16,17.50,21.25,0.21,-1,-1,-1
156,-1,1455.06,549.10,24.31,36.12,0.19,-1,-1,-1
156,-1,1202.74,397.16,69.89,20.33,0.14,-1,-1,-1
156,-1,1201.67,396.35,71.31,22.72,0.12,-1,-1,-1
156,-1,910.20,73.01,18.76,42.30,0.10,-1,-1,-1
156,-1,1232.20,773.69,74.97,97.66,0.08,-1,-1,-1
156,-1,1861.53,998.37,23.55,8.88,0.06,-1,-1,-1
156,-1,1232.41,774.34,74.66,96.83,0.06,-1,-1,-1
157,-1,1226.12,784.75,72.03,98.75,0.86,-1,-1,-1
157,-1,1208.49,387.84,50.13,87.94,0.86,-1,-1,-1
157,-1,1248.23,800.62,31.13,56.60,0.78,-1,-1,-1
157,-1,1427.21,560.36,53.99,72.02,0.74,-1,-1,-1
157,-1,1435.44,561.17,37.91,54.12,0.40,-1,-1,-1
157,-1,1207.61,406.75,49.57,64.06,0.39,-1,-1,-1
157,-1,1009.98,17.80,17.13,13.02,0.36,-1,-1,-1
157,-1,1218.45,408.43,20.21,35.94,0.30,-1,-1,-1
157,-1,308.35,114.29,78.73,46.78,0.24,-1,-1,-1
157,-1,1009.22,0.46,18.02,30.04,0.16,-1,-1,-1
157,-1,1423.07,554.39,80.02,21.69,0.12,-1,-1,-1
157,-1,1208.88,438.16,46.16,37.61,0.09,-1,-1,-1
157,-1,1214.70,438.91,17.87,22.26,0.07,-1,-1,-1
157,-1,1423.03,554.91,79.67,21.96,0.05,-1,-1,-1
158,-1,1217.51,794.64,72.44,100.19,0.92,-1,-1,-1
158,-1,1420.39,566.44,58.70,75.67,0.84,-1,-1,-1
158,-1,1204.57,422.53,51.19,60.35,0.81,-1,-1,-1
158,-1,1239.91,811.06,32.85,57.68,0.77,-1,-1,-1
158,-1,1445.74,565.59,22.71,37.26,0.58,-1,-1,-1
158,-1,1009.49,17.10,17.69,13.39,0.52,-1,-1,-1
158,-1,1215.59,408.47,27.22,41.17,0.46,-1,-1,-1
158,-1,306.71,113.48,80.98,48.87,0.22,-1,-1,-1
158,-1,1212.71,448.25,15.64,19.37,0.15,-1,-1,-1
158,-1,1008.75,1.42,18.69,28.53,0.11,-1,-1,-1
158,-1,1088.96,-0.00,60.56,14.11,0.05,-1,-1,-1
159,-1,1204.02,807.70,81.90,101.46,0.90,-1,-1,-1
159,-1,1414.51,574.35,71.46,79.63,0.80,-1,-1,-1
159,-1,1230.28,824.65,32.88,55.53,0.73,-1,-1,-1
159,-1,1200.18,426.59,50.07,64.95,0.65,-1,-1,-1
159,-1,1439.33,580.67,22.77,36.76,0.49,-1,-1,-1
159,-1,1009.74,17.15,17.35,13.45,0.49,-1,-1,-1
159,-1,1210.13,417.32,32.46,57.96,0.41,-1,-1,-1
159,-1,1202.49,460.17,41.00,31.47,0.26,-1,-1,-1
159,-1,307.86,113.96,77.17,46.15,0.20,-1,-1,-1
159,-1,1412.44,572.06,80.35,21.49,0.17,-1,-1,-1
159,-1,1207.70,455.15,18.65,22.77,0.17,-1,-1,-1
159,-1,1008.33,1.59,18.92,28.47,0.09,-1,-1,-1
159,-1,150.49,85.99,10.98,14.06,0.08,-1,-1,-1
159,-1,1436.26,602.42,17.15,27.58,0.07,-1,-1,-1
159,-1,1414.85,571.59,77.23,22.05,0.07,-1,-1,-1
159,-1,1198.38,425.01,67.32,26.03,0.06,-1,-1,-1
159,-1,1213.33,417.81,20.51,22.71,0.06,-1,-1,-1
160,-1,1193.34,817.85,86.30,103.34,0.94,-1,-1,-1
160,-1,1397.24,579.54,78.20,82.20,0.79,-1,-1,-1
160,-1,1197.85,423.28,55.50,74.47,0.72,-1,-1,-1
160,-1,1218.04,833.09,36.30,58.39,0.64,-1,-1,-1
160,-1,1211.16,423.28,21.09,40.80,0.45,-1,-1,-1
160,-1,1205.07,459.78,18.17,22.94,0.39,-1,-1,-1
160,-1,1434.06,581.49,23.93,35.08,0.30,-1,-1,-1
160,-1,1428.04,609.38,20.57,28.95,0.26,-1,-1,-1
160,-1,1199.30,460.33,48.98,36.75,0.20,-1,-1,-1
160,-1,1862.39,995.68,25.17,9.57,0.19,-1,-1,-1
160,-1,1008.94,13.52,17.04,13.29,0.15,-1,-1,-1
160,-1,1425.17,584.56,31.64,53.49,0.10,-1,-1,-1
160,-1,1008.38,0.47,17.96,25.48,0.08,-1,-1,-1
160,-1,1204.13,424.98,32.50,58.87,0.08,-1,-1,-1
160,-1,1221.09,833.23,30.26,30.84,0.07,-1,-1,-1
161,-1,1180.98,846.17,87.11,106.20,0.88,-1,-1,-1
161,-1,1194.07,425.69,54.01,86.90,0.81,-1,-1,-1
161,-1,1405.50,600.78,60.49,81.58,0.79,-1,-1,-1
161,-1,1208.98,863.91,31.24,57.82,0.71,-1,-1,-1
161,-1,1197.80,440.31,50.35,60.38,0.54,-1,-1,-1
161,-1,1201.35,473.61,18.00,23.39,0.38,-1,-1,-1
161,-1,1194.46,468.71,45.62,43.33,0.31,-1,-1,-1
161,-1,1007.55,7.51,16.73,15.79,0.31,-1,-1,-1
161,-1,1200.33,443.90,27.88,34.22,0.27,-1,-1,-1
161,-1,1427.45,606.62,22.52,32.69,0.20,-1,-1,-1
161,-1,1422.73,637.16,18.89,21.10,0.11,-1,-1,-1
161,-1,1434.76,599.39,18.50,22.05,0.10,-1,-1,-1
161,-1,1210.38,438.14,20.04,33.46,0.07,-1,-1,-1
161,-1,1424.84,598.89,57.00,22.38,0.06,-1,-1,-1
161,-1,1419.17,599.43,58.53,46.82,0.05,-1,-1,-1
162,-1,1166.45,902.11,89.47,118.04,0.92,-1,-1,-1
162,-1,1405.52,649.48,53.61,77.39,0.85,-1,-1,-1
162,-1,1194.99,921.96,36.46,68.20,0.84,-1,-1,-1
162,-1,1188.10,478.12,52.77,70.36,0.80,-1,-1,-1
162,-1,1193.15,473.19,41.28,54.75,0.59,-1,-1,-1
162,-1,1193.95,508.90,20.01,23.22,0.39,-1,-1,-1
162,-1,1422.30,635.96,32.13,47.88,0.31,-1,-1,-1
162,-1,1004.34,19.92,16.32,13.22,0.30,-1,-1,-1
162,-1,1203.72,467.14,28.20,20.41,0.30,-1,-1,-1
162,-1,1426.23,636.35,27.00,19.64,0.17,-1,-1,-1
162,-1,1423.38,669.18,16.91,16.89,0.11,-1,-1,-1
162,-1,274.16,127.28,80.83,50.39,0.08,-1,-1,-1
162,-1,1421.33,675.89,20.24,23.03,0.07,-1,-1,-1
163,-1,1145.92,980.24,96.63,129.79,0.92,-1,-1,-1
163,-1,1180.18,519.59,53.23,73.80,0.81,-1,-1,-1
163,-1,1394.47,691.13,84.81,96.65,0.81,-1,-1,-1
163,-1,1177.20,1003.36,41.07,70.49,0.77,-1,-1,-1
163,-1,1420.75,726.56,21.21,25.74,0.59,-1,-1,-1
163,-1,1185.20,552.99,19.41,22.00,0.49,-1,-1,-1
163,-1,1418.01,692.15,31.09,58.90,0.26,-1,-1,-1
163,-1,1197.26,509.30,28.35,19.78,0.25,-1,-1,-1
163,-1,1190.19,509.47,38.35,59.50,0.25,-1,-1,-1
163,-1,243.18,147.50,82.22,50.48,0.16,-1,-1,-1
163,-1,1912.55,1150.61,24.06,8.72,0.14,-1,-1,-1
163,-1,997.93,31.69,17.85,14.87,0.14,-1,-1,-1
163,-1,1425.51,691.78,21.89,22.87,0.07,-1,-1,-1
163,-1,998.28,32.06,17.55,14.84,0.06,-1,-1,-1
164,-1,1166.73,553.64,64.24,99.18,0.78,-1,-1,-1
164,-1,1398.60,768.28,65.15,96.08,0.72,-1,-1,-1
164,-1,1111.67,1085.44,112.95,146.82,0.63,-1,-1,-1
164,-1,1172.86,567.47,56.21,68.25,0.62,-1,-1,-1
164,-1,1416.75,801.08,19.40,25.57,0.51,-1,-1,-1
164,-1,1940.56,1254.80,28.68,10.33,0.50,-1,-1,-1
164,-1,1172.12,609.76,21.66,25.62,0.49,-1,-1,-1
164,-1,1415.40,761.24,31.13,27.75,0.45,-1,-1,-1
164,-1,1165.52,611.58,58.34,40.90,0.41,-1,-1,-1
164,-1,1149.47,1115.23,41.66,74.97,0.25,-1,-1,-1
164,-1,1415.02,763.03,28.93,56.08,0.19,-1,-1,-1
164,-1,1174.31,552.89,39.11,46.73,0.16,-1,-1,-1
164,-1,988.85,49.51,17.92,13.91,0.14,-1,-1,-1
164,-1,1112.43,1085.45,112.27,146.62,0.09,-1,-1,-1
164,-1,1177.11,572.62,33.09,42.19,0.09,-1,-1,-1
164,-1,1167.67,553.02,63.30,99.23,0.06,-1,-1,-1
165,-1,1381.51,847.93,72.27,116.29,0.82,-1,-1,-1
165,-1,1407.85,893.03,21.66,50.09,0.70,-1,-1,-1
165,-1,1152.73,631.20,53.88,77.02,0.65,-1,-1,-1
165,-1,1074.76,1218.40,118.42,168.86,0.52,-1,-1,-1
165,-1,1146.07,628.60,64.54,99.11,0.51,-1,-1,-1
165,-1,1146.43,684.60,48.66,42.30,0.48,-1,-1,-1
165,-1,1403.33,847.40,31.61,59.37,0.46,-1,-1,-1
165,-1,1074.53,1218.59,118.60,168.82,0.46,-1,-1,-1
165,-1,1113.26,1254.71,41.23,81.83,0.22,-1,-1,-1
165,-1,1969.68,1389.83,19.14,9.74,0.20,-1,-1,-1
165,-1,1408.54,872.01,18.19,33.35,0.14,-1,-1,-1
165,-1,1151.77,682.35,23.64,25.59,0.12,-1,-1,-1
165,-1,1404.37,847.40,29.30,25.81,0.11,-1,-1,-1
165,-1,1170.21,631.57,28.47,44.80,0.06,-1,-1,-1
165,-1,246.25,135.96,822.83,854.18,0.05,-1,-1,-1
166,-1,1374.02,935.53,56.68,115.19,0.89,-1,-1,-1
166,-1,1119.91,709.87,65.53,82.07,0.88,-1,-1,-1
166,-1,1141.44,689.42,38.15,51.77,0.67,-1,-1,-1
166,-1,1027.85,1338.91,120.89,187.55,0.65,-1,-1,-1
166,-1,1028.26,1338.38,120.73,187.89,0.58,-1,-1,-1
166,-1,1382.55,921.99,38.00,56.83,0.54,-1,-1,-1
166,-1,1065.98,1384.55,45.37,84.86,0.51,-1,-1,-1
166,-1,1126.06,744.63,24.53,27.74,0.35,-1,-1,-1
166,-1,961.40,93.79,18.80,14.51,0.20,-1,-1,-1
166,-1,1392.63,972.18,20.95,53.15,0.09,-1,-1,-1
167,-1,1089.96,717.83,72.31,120.88,0.86,-1,-1,-1
167,-1,1348.63,993.09,60.29,122.86,0.84,-1,-1,-1
167,-1,1006.89,1429.19,92.38,99.30,0.77,-1,-1,-1
167,-1,1129.11,733.38,22.82,49.19,0.74,-1,-1,-1
167,-1,1369.06,1031.24,21.57,58.14,0.69,-1,-1,-1
167,-1,1016.47,1481.79,48.44,47.56,0.54,-1,-1,-1
167,-1,1359.77,978.14,37.29,36.20,0.52,-1,-1,-1
167,-1,946.68,102.80,19.37,14.19,0.32,-1,-1,-1
167,-1,1095.41,789.82,26.06,27.95,0.30,-1,-1,-1
167,-1,1370.30,1015.30,17.35,25.62,0.11,-1,-1,-1
167,-1,981.40,1480.13,27.65,25.66,0.07,-1,-1,-1
167,-1,1007.13,1429.54,92.15,98.85,0.06,-1,-1,-1
167,-1,1089.61,790.21,61.99,47.77,0.05,-1,-1,-1
168,-1,1316.20,1025.07,61.97,135.59,0.83,-1,-1,-1
168,-1,1054.50,757.51,77.06,113.04,0.81,-1,-1,-1
168,-1,1328.41,1015.94,39.22,63.37,0.73,-1,-1,-1
168,-1,1333.14,1068.62,29.30,69.73,0.67,-1,-1,-1
168,-1,1054.53,818.72,69.76,51.12,0.53,-1,-1,-1
168,-1,1093.45,749.13,27.26,62.32,0.37,-1,-1,-1
168,-1,931.12,105.25,18.69,14.45,0.30,-1,-1,-1
168,-1,1059.55,819.77,28.37,29.47,0.16,-1,-1,-1
168,-1,2244.22,1256.06,20.55,13.23,0.07,-1,-1,-1
169,-1,1282.30,1044.37,60.96,138.60,0.86,-1,-1,-1
169,-1,1295.91,1091.93,32.37,68.33,0.75,-1,-1,-1
169,-1,1022.90,771.10,73.15,114.38,0.74,-1,-1,-1
169,-1,1292.97,1034.66,39.38,56.49,0.62,-1,-1,-1
169,-1,1063.21,771.97,25.44,35.53,0.55,-1,-1,-1
169,-1,1020.29,834.35,67.76,52.85,0.52,-1,-1,-1
169,-1,916.52,102.28,18.77,15.62,0.36,-1,-1,-1
169,-1,1025.90,834.82,28.15,30.73,0.33,-1,-1,-1
169,-1,1297.80,1091.27,30.58,33.11,0.23,-1,-1,-1
169,-1,1304.93,1078.16,13.31,20.05,0.10,-1,-1,-1
170,-1,987.61,768.35,85.67,132.24,0.85,-1,-1,-1
170,-1,1249.40,1069.84,63.12,130.08,0.85,-1,-1,-1
170,-1,1029.95,783.99,29.52,54.70,0.69,-1,-1,-1
170,-1,1262.88,1107.31,32.39,37.22,0.66,-1,-1,-1
170,-1,1255.55,1048.94,44.94,59.11,0.59,-1,-1,-1
170,-1,903.50,101.96,20.53,15.07,0.31,-1,-1,-1
170,-1,994.52,846.68,28.51,30.60,0.18,-1,-1,-1
170,-1,987.97,850.27,72.43,50.16,0.09,-1,-1,-1
170,-1,1013.75,769.35,38.99,64.63,0.08,-1,-1,-1
170,-1,1013.41,769.46,40.78,65.84,0.07,-1,-1,-1
170,-1,1013.66,768.78,35.86,60.80,0.06,-1,-1,-1
171,-1,960.14,815.56,80.86,98.24,0.83,-1,-1,-1
171,-1,1220.68,1082.14,66.27,133.65,0.78,-1,-1,-1
171,-1,999.86,795.42,33.43,55.28,0.76,-1,-1,-1
171,-1,1242.52,1122.39,26.40,37.45,0.69,-1,-1,-1
171,-1,1231.18,1063.39,40.96,56.13,0.55,-1,-1,-1
171,-1,967.89,860.59,28.47,32.22,0.23,-1,-1,-1
171,-1,894.78,101.35,17.61,14.95,0.10,-1,-1,-1
171,-1,1232.36,1063.32,37.96,24.79,0.06,-1,-1,-1
172,-1,941.79,816.48,84.10,108.63,0.87,-1,-1,-1
172,-1,1225.19,1134.28,29.54,37.79,0.77,-1,-1,-1
172,-1,1194.84,1083.15,78.36,144.69,0.75,-1,-1,-1
172,-1,985.99,807.57,27.95,55.18,0.72,-1,-1,-1
172,-1,1209.28,1073.85,47.16,57.50,0.53,-1,-1,-1
172,-1,983.87,806.18,17.50,25.66,0.21,-1,-1,-1
172,-1,889.82,99.33,19.57,15.35,0.13,-1,-1,-1
172,-1,941.91,872.17,70.93,51.96,0.07,-1,-1,-1
172,-1,948.71,871.94,28.43,30.63,0.07,-1,-1,-1
173,-1,929.33,817.68,85.65,119.07,0.87,-1,-1,-1
173,-1,1196.04,1092.95,71.96,145.46,0.79,-1,-1,-1
173,-1,1199.63,1083.32,47.82,69.85,0.78,-1,-1,-1
173,-1,1212.17,1146.88,37.86,68.61,0.56,-1,-1,-1
173,-1,929.38,882.90,73.12,52.91,0.49,-1,-1,-1
173,-1,973.31,816.99,29.51,55.85,0.49,-1,-1,-1
173,-1,1211.77,1146.83,38.30,30.29,0.33,-1,-1,-1
173,-1,888.12,98.10,18.92,14.63,0.26,-1,-1,-1
173,-1,935.93,873.58,55.53,42.33,0.07,-1,-1,-1
174,-1,912.20,830.37,85.61,133.39,0.85,-1,-1,-1
174,-1,1190.29,1118.95,74.84,148.11,0.84,-1,-1,-1
174,-1,955.80,837.08,36.46,60.35,0.81,-1,-1,-1
174,-1,1192.16,1107.34,50.31,65.80,0.69,-1,-1,-1
174,-1,1217.04,1172.54,26.20,71.19,0.66,-1,-1,-1
174,-1,887.79,96.23,18.44,14.38,0.50,-1,-1,-1
174,-1,915.40,900.49,68.07,62.00,0.36,-1,-1,-1
174,-1,913.20,902.15,71.13,60.66,0.30,-1,-1,-1
174,-1,1219.27,1172.06,19.67,22.08,0.14,-1,-1,-1
174,-1,921.52,908.27,28.88,33.26,0.07,-1,-1,-1
174,-1,1217.14,1151.56,16.11,30.49,0.06,-1,-1,-1
174,-1,929.89,860.59,34.94,50.93,0.06,-1,-1,-1
175,-1,904.69,872.76,86.20,106.94,0.87,-1,-1,-1
175,-1,1191.63,1134.78,74.34,150.67,0.83,-1,-1,-1
175,-1,1195.26,1121.99,46.85,67.04,0.70,-1,-1,-1
175,-1,942.43,849.94,48.08,58.46,0.62,-1,-1,-1
175,-1,1211.74,1189.51,34.17,33.57,0.60,-1,-1,-1
175,-1,1212.39,1186.95,36.58,73.41,0.27,-1,-1,-1
175,-1,887.62,94.75,19.96,14.28,0.22,-1,-1,-1
175,-1,905.52,916.70,70.89,62.19,0.15,-1,-1,-1
175,-1,973.06,852.61,16.38,23.98,0.11,-1,-1,-1
175,-1,80.71,-0.93,811.41,779.91,0.08,-1,-1,-1
176,-1,940.78,863.40,36.96,65.75,0.80,-1,-1,-1
176,-1,1193.05,1138.05,49.41,72.36,0.77,-1,-1,-1
176,-1,896.14,880.45,87.54,114.50,0.74,-1,-1,-1
176,-1,1188.09,1158.99,77.96,145.07,0.71,-1,-1,-1
176,-1,1211.39,1206.69,36.72,72.79,0.66,-1,-1,-1
176,-1,897.06,933.22,72.89,62.07,0.37,-1,-1,-1
176,-1,1216.01,1206.48,30.56,31.42,0.24,-1,-1,-1
176,-1,897.28,932.78,73.08,62.14,0.22,-1,-1,-1
176,-1,888.17,93.48,18.97,14.99,0.20,-1,-1,-1
176,-1,914.92,858.93,87.95,65.90,0.11,-1,-1,-1
176,-1,915.46,859.34,87.41,65.29,0.10,-1,-1,-1
176,-1,903.06,938.03,31.03,35.02,0.07,-1,-1,-1
176,-1,82.04,0.27,808.24,779.26,0.06,-1,-1,-1
177,-1,884.91,861.38,100.49,152.16,0.87,-1,-1,-1
177,-1,1191.03,1182.43,68.44,143.27,0.83,-1,-1,-1
177,-1,1214.44,1226.12,27.71,72.32,0.71,-1,-1,-1
177,-1,934.76,884.07,33.55,55.92,0.64,-1,-1,-1
177,-1,1191.54,1153.32,52.40,75.45,0.53,-1,-1,-1
177,-1,888.12,93.85,19.88,14.01,0.28,-1,-1,-1
177,-1,886.17,953.03,77.64,60.63,0.26,-1,-1,-1
177,-1,1220.04,1225.60,23.81,27.13,0.26,-1,-1,-1
177,-1,957.45,881.51,13.84,31.74,0.12,-1,-1,-1
177,-1,947.91,880.62,18.88,29.12,0.06,-1,-1,-1
178,-1,873.81,920.94,95.04,110.92,0.89,-1,-1,-1
178,-1,1189.59,1183.25,69.12,164.74,0.84,-1,-1,-1
178,-1,1205.89,1245.26,34.04,77.76,0.83,-1,-1,-1
178,-1,1198.54,1175.73,38.99,71.52,0.73,-1,-1,-1
178,-1,921.53,894.96,48.46,64.51,0.70,-1,-1,-1
178,-1,874.50,971.89,78.70,60.08,0.35,-1,-1,-1
178,-1,888.15,93.59,19.74,14.62,0.21,-1,-1,-1
178,-1,881.88,973.34,30.98,36.17,0.19,-1,-1,-1
178,-1,1207.15,1246.17,33.37,33.92,0.15,-1,-1,-1
178,-1,923.35,895.73,46.85,27.22,0.13,-1,-1,-1
178,-1,950.87,901.31,19.52,21.44,0.06,-1,-1,-1
179,-1,1188.93,1171.80,68.56,199.23,0.89,-1,-1,-1
179,-1,916.63,910.39,38.76,66.08,0.81,-1,-1,-1
179,-1,1207.13,1267.09,33.73,77.02,0.81,-1,-1,-1
179,-1,1206.77,1213.57,26.81,56.21,0.72,-1,-1,-1
179,-1,862.76,935.64,103.51,117.54,0.62,-1,-1,-1
179,-1,863.03,990.88,80.13,60.90,0.52,-1,-1,-1
179,-1,864.19,990.81,78.79,60.86,0.52,-1,-1,-1
179,-1,888.16,93.62,20.09,14.39,0.32,-1,-1,-1
179,-1,887.44,938.81,71.65,70.70,0.16,-1,-1,-1
179,-1,871.03,991.02,45.73,37.18,0.11,-1,-1,-1
180,-1,1181.24,1221.98,71.56,172.37,0.91,-1,-1,-1
180,-1,907.18,927.83,39.53,65.28,0.81,-1,-1,-1
180,-1,846.66,921.65,108.28,148.86,0.79,-1,-1,-1
180,-1,1205.41,1214.35,35.74,78.57,0.52,-1,-1,-1
180,-1,1200.46,1288.30,30.07,75.39,0.51,-1,-1,-1
180,-1,849.54,1008.81,78.76,60.40,0.33,-1,-1,-1
180,-1,1204.32,1289.19,29.52,27.85,0.26,-1,-1,-1
180,-1,887.89,93.20,19.83,14.62,0.21,-1,-1,-1
180,-1,857.98,1009.64,30.87,38.19,0.19,-1,-1,-1
180,-1,1206.66,1213.99,34.92,31.70,0.18,-1,-1,-1
180,-1,857.28,1008.36,69.66,43.61,0.12,-1,-1,-1
181,-1,815.86,949.67,121.05,153.71,0.87,-1,-1,-1
181,-1,1154.32,1258.84,121.49,185.97,0.87,-1,-1,-1
181,-1,1172.83,1334.30,46.94,83.71,0.76,-1,-1,-1
181,-1,1205.21,1258.60,37.76,85.17,0.74,-1,-1,-1
181,-1,890.50,964.43,33.10,60.38,0.57,-1,-1,-1
181,-1,1180.47,1334.72,35.23,40.81,0.19,-1,-1,-1
181,-1,816.76,1054.76,64.10,47.24,0.13,-1,-1,-1
181,-1,886.65,92.87,18.99,15.48,0.07,-1,-1,-1
181,-1,825.77,1042.07,35.68,38.72,0.06,-1,-1,-1
182,-1,1145.95,1272.00,110.34,194.48,0.92,-1,-1,-1
182,-1,799.60,986.37,123.30,134.13,0.86,-1,-1,-1
182,-1,1199.53,1278.58,45.72,83.34,0.63,-1,-1,-1
182,-1,873.44,971.10,42.09,71.31,0.51,-1,-1,-1
182,-1,800.41,1080.98,60.32,37.80,0.38,-1,-1,-1
182,-1,886.33,91.22,18.93,16.05,0.18,-1,-1,-1
182,-1,1209.38,1280.75,35.30,45.44,0.12,-1,-1,-1
182,-1,1165.92,1356.32,42.67,80.41,0.11,-1,-1,-1
182,-1,810.11,1055.72,36.85,40.99,0.08,-1,-1,-1
182,-1,1177.01,1356.38,30.28,45.21,0.06,-1,-1,-1
183,-1,1126.91,1301.52,127.87,186.36,0.92,-1,-1,-1
183,-1,783.14,1005.15,125.09,131.29,0.86,-1,-1,-1
183,-1,860.59,984.92,41.88,70.06,0.81,-1,-1,-1
183,-1,1165.08,1377.32,34.01,45.46,0.69,-1,-1,-1
183,-1,1202.32,1301.47,42.25,45.50,0.44,-1,-1,-1
183,-1,784.57,1095.07,61.33,39.43,0.39,-1,-1,-1
183,-1,886.05,88.67,18.36,15.68,0.31,-1,-1,-1
183,-1,795.39,1064.95,74.00,53.77,0.30,-1,-1,-1
183,-1,1195.04,1301.68,49.06,88.70,0.15,-1,-1,-1
183,-1,794.95,1069.18,37.69,43.36,0.13,-1,-1,-1
183,-1,1195.05,1338.52,28.66,53.77,0.10,-1,-1,-1
183,-1,1152.42,1377.95,48.19,80.16,0.05,-1,-1,-1
184,-1,1110.84,1322.97,148.22,185.72,0.92,-1,-1,-1
184,-1,767.92,1021.36,127.92,129.76,0.83,-1,-1,-1
184,-1,1144.88,1397.40,42.56,47.03,0.78,-1,-1,-1
184,-1,843.79,995.60,61.92,73.11,0.60,-1,-1,-1
184,-1,768.12,1111.30,62.23,37.96,0.53,-1,-1,-1
184,-1,1190.89,1329.52,47.69,79.46,0.52,-1,-1,-1
184,-1,884.69,86.47,18.65,15.70,0.29,-1,-1,-1
184,-1,1203.12,1321.79,37.50,46.79,0.21,-1,-1,-1
184,-1,778.53,1080.32,77.85,51.61,0.18,-1,-1,-1
185,-1,1081.32,1340.24,163.54,187.87,0.94,-1,-1,-1
185,-1,746.57,996.35,132.35,171.90,0.89,-1,-1,-1
185,-1,828.05,1016.44,45.29,67.58,0.79,-1,-1,-1
185,-1,882.50,82.05,19.53,14.83,0.35,-1,-1,-1
185,-1,1180.75,1362.18,44.52,57.02,0.22,-1,-1,-1
185,-1,1125.15,1422.34,44.86,72.36,0.12,-1,-1,-1
185,-1,759.01,1098.78,35.52,40.64,0.11,-1,-1,-1
185,-1,747.84,1124.79,61.47,39.99,0.08,-1,-1,-1
185,-1,1138.03,1421.22,30.81,48.34,0.07,-1,-1,-1
185,-1,1140.65,1420.57,21.32,22.25,0.06,-1,-1,-1
186,-1,688.45,1088.21,144.56,184.27,0.92,-1,-1,-1
186,-1,771.46,1093.09,51.57,84.29,0.79,-1,-1,-1
186,-1,1130.29,1434.58,79.69,95.53,0.27,-1,-1,-1
186,-1,1131.33,1483.61,79.72,45.38,0.15,-1,-1,-1
186,-1,1148.15,1434.03,28.10,93.31,0.13,-1,-1,-1
186,-1,689.75,1225.46,68.00,45.02,0.09,-1,-1,-1
186,-1,1158.33,1484.55,37.09,44.64,0.09,-1,-1,-1
186,-1,1132.60,1483.65,78.98,45.32,0.08,-1,-1,-1
187,-1,641.93,1211.82,146.78,168.21,0.92,-1,-1,-1
187,-1,729.19,1188.42,54.65,89.01,0.82,-1,-1,-1
187,-1,865.85,95.95,20.05,15.06,0.35,-1,-1,-1
187,-1,657.53,1298.26,41.06,49.49,0.14,-1,-1,-1
188,-1,581.55,1338.82,158.61,178.94,0.93,-1,-1,-1
188,-1,666.08,1305.59,65.68,88.16,0.79,-1,-1,-1
188,-1,581.10,1426.27,104.14,93.13,0.14,-1,-1,-1
188,-1,855.01,111.84,20.13,16.44,0.12,-1,-1,-1
189,-1,615.19,1458.27,56.16,70.68,0.69,-1,-1,-1
189,-1,593.98,1431.71,79.13,97.33,0.38,-1,-1,-1
189,-1,839.78,134.52,21.63,16.48,0.34,-1,-1,-1
189,-1,605.84,1428.62,42.09,97.54,0.11,-1,-1,-1
189,-1,840.58,681.55,27.97,14.88,0.08,-1,-1,-1
189,-1,594.82,1429.52,77.53,99.25,0.08,-1,-1,-1
190,-1,1330.18,1136.08,155.43,146.45,0.94,-1,-1,-1
190,-1,1287.46,729.27,85.39,96.01,0.92,-1,-1,-1
190,-1,1890.70,1286.32,91.56,75.19,0.85,-1,-1,-1
190,-1,1908.39,1321.93,151.60,160.09,0.81,-1,-1,-1
190,-1,1422.02,1200.95,44.30,54.62,0.78,-1,-1,-1
190,-1,1967.12,1400.60,51.17,55.68,0.66,-1,-1,-1
190,-1,1315.07,749.24,32.64,40.72,0.53,-1,-1,-1
190,-1,749.49,70.00,29.16,28.61,0.51,-1,-1,-1
190,-1,1380.32,1169.54,30.58,33.44,0.50,-1,-1,-1
190,-1,750.42,64.09,20.46,28.82,0.49,-1,-1,-1
190,-1,746.92,50.88,31.59,48.69,0.19,-1,-1,-1
190,-1,1378.82,1176.41,17.02,21.98,0.15,-1,-1,-1
190,-1,1380.99,1170.26,41.40,54.64,0.14,-1,-1,-1
190,-1,749.77,65.43,29.10,32.91,0.14,-1,-1,-1
190,-1,2122.44,485.95,15.38,14.41,0.08,-1,-1,-1
191,-1,1312.21,1121.01,152.88,141.56,0.94,-1,-1,-1
191,-1,1272.53,718.36,85.84,95.72,0.92,-1,-1,-1
191,-1,1861.04,1270.01,96.75,78.70,0.87,-1,-1,-1
191,-1,1891.95,1307.50,122.60,152.85,0.84,-1,-1,-1
191,-1,728.05,69.88,42.53,27.80,0.82,-1,-1,-1
191,-1,1947.00,1377.86,58.98,56.76,0.78,-1,-1,-1
191,-1,1406.38,1185.73,36.58,51.33,0.74,-1,-1,-1
191,-1,1298.94,738.12,30.25,39.13,0.69,-1,-1,-1
191,-1,743.18,62.66,20.33,25.11,0.67,-1,-1,-1
191,-1,1359.98,1155.89,29.02,36.66,0.49,-1,-1,-1
191,-1,1358.77,1158.70,18.58,22.76,0.32,-1,-1,-1
191,-1,1374.85,1157.07,15.79,22.70,0.06,-1,-1,-1
192,-1,1169.75,1112.75,157.37,133.85,0.93,-1,-1,-1
192,-1,1125.74,714.49,80.60,91.60,0.92,-1,-1,-1
192,-1,1722.84,1230.67,83.18,87.73,0.89,-1,-1,-1
192,-1,1758.51,1262.19,141.41,144.33,0.82,-1,-1,-1
192,-1,1811.14,1332.70,56.54,50.73,0.62,-1,-1,-1
192,-1,1273.87,1173.21,29.58,48.22,0.59,-1,-1,-1
192,-1,545.19,67.11,37.58,34.41,0.48,-1,-1,-1
192,-1,558.14,82.10,31.95,30.81,0.46,-1,-1,-1
192,-1,1218.26,1143.24,32.95,30.44,0.31,-1,-1,-1
192,-1,1218.51,1142.11,51.86,54.36,0.22,-1,-1,-1
192,-1,1153.09,731.60,33.82,50.02,0.15,-1,-1,-1
192,-1,545.48,67.60,32.39,13.30,0.09,-1,-1,-1
193,-1,1128.87,1103.65,154.47,127.56,0.94,-1,-1,-1
193,-1,1082.81,705.76,78.04,93.20,0.93,-1,-1,-1
193,-1,1682.38,1214.41,161.47,165.41,0.89,-1,-1,-1
193,-1,1682.70,1215.46,75.46,84.38,0.86,-1,-1,-1
193,-1,1228.02,1157.86,33.47,48.51,0.67,-1,-1,-1
193,-1,499.11,85.10,33.02,32.06,0.60,-1,-1,-1
193,-1,1108.58,725.06,44.42,39.71,0.56,-1,-1,-1
193,-1,503.71,80.64,19.01,28.55,0.53,-1,-1,-1
193,-1,1163.76,1131.78,41.56,37.58,0.46,-1,-1,-1
193,-1,1780.01,1311.86,47.90,46.64,0.19,-1,-1,-1
193,-1,502.55,100.55,28.65,17.43,0.09,-1,-1,-1
194,-1,1118.25,1084.24,153.19,133.96,0.92,-1,-1,-1
194,-1,1064.98,697.00,90.96,90.61,0.91,-1,-1,-1
194,-1,1667.22,1200.85,75.06,84.72,0.87,-1,-1,-1
194,-1,1694.36,1230.81,132.71,132.01,0.84,-1,-1,-1
194,-1,500.03,79.12,22.45,27.64,0.68,-1,-1,-1
194,-1,488.90,98.03,41.72,16.69,0.61,-1,-1,-1
194,-1,1099.39,713.82,31.95,37.67,0.44,-1,-1,-1
194,-1,1761.65,1301.41,37.14,38.85,0.31,-1,-1,-1
194,-1,488.02,99.81,43.01,14.59,0.26,-1,-1,-1
194,-1,1067.27,698.10,65.45,53.17,0.25,-1,-1,-1
194,-1,1217.47,1144.83,32.54,48.59,0.22,-1,-1,-1
194,-1,2270.86,256.21,14.98,15.13,0.20,-1,-1,-1
194,-1,1145.26,1113.57,67.87,56.94,0.19,-1,-1,-1
194,-1,1149.20,1114.85,43.23,36.42,0.19,-1,-1,-1
194,-1,1787.17,1298.59,33.82,41.31,0.18,-1,-1,-1
194,-1,2264.70,257.75,19.67,26.96,0.08,-1,-1,-1
195,-1,1107.77,1066.56,148.60,137.38,0.93,-1,-1,-1
195,-1,1068.38,687.53,82.07,88.90,0.92,-1,-1,-1
195,-1,1654.00,1185.59,73.46,79.86,0.87,-1,-1,-1
195,-1,1663.41,1201.61,148.37,144.75,0.82,-1,-1,-1
195,-1,497.89,82.30,29.52,29.15,0.71,-1,-1,-1
195,-1,501.50,76.95,18.06,25.22,0.69,-1,-1,-1
195,-1,1091.47,704.84,31.06,37.85,0.60,-1,-1,-1
195,-1,1196.45,1130.42,38.44,48.78,0.53,-1,-1,-1
195,-1,1772.37,1278.33,34.96,44.41,0.31,-1,-1,-1
195,-1,2267.37,258.37,13.30,20.48,0.14,-1,-1,-1
195,-1,1759.81,1287.55,21.97,31.34,0.12,-1,-1,-1
195,-1,1151.99,1109.87,14.45,20.81,0.09,-1,-1,-1
195,-1,1771.36,1291.62,16.82,27.11,0.07,-1,-1,-1
195,-1,1161.14,1108.67,18.28,26.55,0.06,-1,-1,-1
196,-1,1051.91,650.61,70.89,89.62,0.93,-1,-1,-1
196,-1,1075.08,1035.34,134.85,130.83,0.89,-1,-1,-1
196,-1,1607.63,1146.51,79.51,83.61,0.87,-1,-1,-1
196,-1,1646.54,1171.95,120.62,129.42,0.86,-1,-1,-1
196,-1,1077.11,669.70,25.85,46.01,0.66,-1,-1,-1
196,-1,494.00,58.60,19.96,27.19,0.64,-1,-1,-1
196,-1,490.83,64.14,28.83,29.87,0.63,-1,-1,-1
196,-1,1160.40,1094.16,29.74,47.04,0.58,-1,-1,-1
196,-1,1714.40,1233.51,42.08,48.33,0.41,-1,-1,-1
196,-1,626.87,799.15,12.09,15.85,0.16,-1,-1,-1
196,-1,480.89,49.01,41.16,45.08,0.15,-1,-1,-1
196,-1,1116.61,1066.42,29.89,39.58,0.12,-1,-1,-1
196,-1,481.71,49.16,15.98,17.26,0.06,-1,-1,-1
196,-1,2028.11,1138.56,50.81,16.66,0.06,-1,-1,-1
196,-1,677.90,0.06,114.90,23.55,0.06,-1,-1,-1
197,-1,1030.76,669.41,87.13,89.09,0.91,-1,-1,-1
197,-1,1606.43,1183.07,81.56,79.75,0.89,-1,-1,-1
197,-1,1641.51,1211.65,122.26,135.16,0.86,-1,-1,-1
197,-1,1063.37,1068.36,133.13,136.47,0.85,-1,-1,-1
197,-1,480.55,70.76,35.00,27.82,0.74,-1,-1,-1
197,-1,1063.11,1068.99,133.19,135.75,0.73,-1,-1,-1
197,-1,1063.60,686.11,31.04,38.85,0.67,-1,-1,-1
197,-1,1717.02,1274.60,39.16,50.73,0.65,-1,-1,-1
197,-1,480.13,59.98,26.49,27.37,0.49,-1,-1,-1
197,-1,1146.51,1131.97,29.26,48.02,0.21,-1,-1,-1
197,-1,2048.75,1190.31,53.25,16.65,0.06,-1,-1,-1
197,-1,2048.02,1190.09,53.67,16.90,0.06,-1,-1,-1
198,-1,1029.15,700.07,81.83,89.07,0.91,-1,-1,-1
198,-1,1049.94,1123.44,133.14,147.15,0.89,-1,-1,-1
198,-1,1621.21,1244.49,150.04,179.88,0.88,-1,-1,-1
198,-1,1620.78,1246.46,77.96,80.28,0.85,-1,-1,-1
198,-1,464.87,79.85,34.88,27.00,0.81,-1,-1,-1
198,-1,1053.92,717.36,28.76,37.73,0.75,-1,-1,-1
198,-1,1724.98,1342.30,41.21,56.94,0.65,-1,-1,-1
198,-1,466.45,71.30,24.78,25.93,0.55,-1,-1,-1
198,-1,1126.70,1194.26,35.75,50.97,0.54,-1,-1,-1
198,-1,486.90,70.14,12.51,9.16,0.16,-1,-1,-1
198,-1,1088.65,1161.22,28.40,29.27,0.11,-1,-1,-1
198,-1,1087.01,1158.83,42.26,58.05,0.07,-1,-1,-1
198,-1,1684.02,-0.69,822.63,809.66,0.06,-1,-1,-1
198,-1,1718.61,1356.75,24.23,37.05,0.06,-1,-1,-1
199,-1,1018.30,740.76,78.95,98.73,0.92,-1,-1,-1
199,-1,1033.04,1207.38,135.41,160.42,0.92,-1,-1,-1
199,-1,1625.80,1336.20,90.37,92.69,0.91,-1,-1,-1
199,-1,1661.84,1373.18,128.71,154.65,0.87,-1,-1,-1
199,-1,1720.22,1447.12,67.84,59.41,0.75,-1,-1,-1
199,-1,442.93,96.65,41.55,25.91,0.72,-1,-1,-1
199,-1,1042.08,761.12,32.83,43.75,0.67,-1,-1,-1
199,-1,449.35,84.45,23.60,29.28,0.61,-1,-1,-1
199,-1,456.99,94.42,15.95,19.47,0.33,-1,-1,-1
199,-1,570.73,954.16,9.34,20.43,0.08,-1,-1,-1
199,-1,456.05,96.28,21.52,20.31,0.07,-1,-1,-1
199,-1,570.65,954.22,9.46,20.35,0.05,-1,-1,-1
200,-1,1002.39,795.15,80.57,103.61,0.94,-1,-1,-1
200,-1,1011.56,1310.17,147.72,179.10,0.91,-1,-1,-1
200,-1,1635.22,1449.59,95.29,79.75,0.90,-1,-1,-1
200,-1,1029.82,818.09,30.18,40.63,0.58,-1,-1,-1
200,-1,422.09,111.22,40.61,28.45,0.54,-1,-1,-1
200,-1,421.10,89.45,32.15,45.11,0.43,-1,-1,-1
200,-1,1634.68,1458.96,121.52,71.15,0.28,-1,-1,-1
200,-1,434.44,110.80,17.70,21.80,0.27,-1,-1,-1
200,-1,1704.71,1485.58,52.26,43.56,0.21,-1,-1,-1
200,-1,427.96,111.26,34.09,27.89,0.11,-1,-1,-1
200,-1,1711.94,1484.56,44.89,44.47,0.10,-1,-1,-1
201,-1,979.96,853.95,91.07,112.08,0.92,-1,-1,-1
201,-1,989.14,1423.84,119.33,104.37,0.77,-1,-1,-1
201,-1,989.67,1423.69,118.56,104.97,0.63,-1,-1,-1
201,-1,397.59,125.23,34.40,37.31,0.61,-1,-1,-1
201,-1,405.15,136.02,33.59,29.56,0.39,-1,-1,-1
201,-1,494.94,1141.59,15.00,20.17,0.36,-1,-1,-1
201,-1,397.69,127.17,42.38,38.65,0.33,-1,-1,-1
201,-1,1030.47,1476.03,39.86,48.03,0.31,-1,-1,-1
201,-1,415.46,137.65,12.68,18.55,0.19,-1,-1,-1
201,-1,469.45,997.37,24.02,12.53,0.12,-1,-1,-1
201,-1,1012.32,878.13,36.33,56.53,0.10,-1,-1,-1
201,-1,1004.97,1446.26,62.19,81.45,0.09,-1,-1,-1
202,-1,972.95,886.45,92.51,112.57,0.93,-1,-1,-1
202,-1,999.23,912.76,37.12,44.07,0.78,-1,-1,-1
202,-1,381.62,145.63,41.38,28.07,0.75,-1,-1,-1
202,-1,381.94,136.19,29.49,29.41,0.57,-1,-1,-1
202,-1,974.39,1494.23,112.10,35.48,0.23,-1,-1,-1
202,-1,2500.34,338.92,217.55,123.87,0.12,-1,-1,-1
202,-1,974.53,1494.16,112.43,35.22,0.09,-1,-1,-1
202,-1,2504.46,338.74,160.59,55.98,0.08,-1,-1,-1
202,-1,474.31,1205.49,10.66,24.72,0.07,-1,-1,-1
202,-1,475.23,1205.55,9.60,22.91,0.06,-1,-1,-1
203,-1,962.62,891.62,96.12,115.17,0.94,-1,-1,-1
203,-1,367.58,141.03,44.81,33.54,0.85,-1,-1,-1
203,-1,991.75,919.77,33.68,44.81,0.73,-1,-1,-1
203,-1,378.38,136.88,19.38,26.21,0.66,-1,-1,-1
203,-1,463.24,1236.55,11.17,23.99,0.56,-1,-1,-1
203,-1,2517.59,343.56,175.65,97.49,0.21,-1,-1,-1
203,-1,2520.75,344.90,154.73,48.21,0.09,-1,-1,-1
203,-1,972.12,1518.84,43.96,10.31,0.06,-1,-1,-1
204,-1,1486.25,811.70,87.12,114.23,0.90,-1,-1,-1
204,-1,1376.40,1408.45,92.23,118.61,0.83,-1,-1,-1
204,-1,1512.36,837.61,34.79,44.96,0.74,-1,-1,-1
204,-1,1376.65,1408.48,91.81,119.38,0.63,-1,-1,-1
204,-1,1081.10,62.11,39.01,27.40,0.59,-1,-1,-1
204,-1,1100.01,62.32,11.77,18.85,0.29,-1,-1,-1
204,-1,1080.96,50.65,26.89,31.22,0.27,-1,-1,-1
204,-1,1402.21,1474.38,37.29,50.82,0.17,-1,-1,-1
204,-1,1081.02,51.81,18.87,25.35,0.12,-1,-1,-1
204,-1,998.17,1096.24,9.46,12.96,0.12,-1,-1,-1
204,-1,989.36,1095.91,17.95,22.30,0.11,-1,-1,-1
204,-1,1080.30,48.97,32.50,35.17,0.07,-1,-1,-1
204,-1,1399.16,1439.90,38.39,75.97,0.06,-1,-1,-1
204,-1,1095.31,60.07,19.17,23.78,0.05,-1,-1,-1
205,-1,1482.20,796.06,81.52,109.38,0.93,-1,-1,-1
205,-1,1370.57,1387.54,94.07,140.57,0.93,-1,-1,-1
205,-1,1071.86,51.74,42.47,32.77,0.76,-1,-1,-1
205,-1,1507.47,821.98,31.52,42.51,0.67,-1,-1,-1
205,-1,1406.46,1451.42,22.48,33.14,0.43,-1,-1,-1
205,-1,1393.84,1451.47,17.80,32.01,0.27,-1,-1,-1
205,-1,1088.55,56.21,13.16,18.28,0.21,-1,-1,-1
205,-1,995.35,1094.54,9.77,22.52,0.20,-1,-1,-1
205,-1,1070.66,49.38,43.15,34.99,0.18,-1,-1,-1
205,-1,1395.98,1450.36,34.58,56.38,0.12,-1,-1,-1
205,-1,1397.27,1442.48,13.02,24.03,0.09,-1,-1,-1
205,-1,1083.19,48.55,25.72,27.91,0.09,-1,-1,-1
205,-1,574.78,1250.26,19.98,10.42,0.07,-1,-1,-1
205,-1,1399.77,1439.96,25.48,36.68,0.07,-1,-1,-1
205,-1,1083.70,48.33,13.08,20.98,0.07,-1,-1,-1
205,-1,1071.07,48.10,24.71,22.91,0.06,-1,-1,-1
206,-1,1477.03,779.98,80.71,109.67,0.92,-1,-1,-1
206,-1,1404.48,1491.42,36.18,37.99,0.86,-1,-1,-1
206,-1,1367.04,1364.90,105.07,163.73,0.86,-1,-1,-1
206,-1,1068.01,43.34,42.57,37.32,0.79,-1,-1,-1
206,-1,1503.35,805.05,34.70,59.76,0.58,-1,-1,-1
206,-1,1081.10,45.23,11.91,22.85,0.57,-1,-1,-1
206,-1,1402.89,1421.89,22.63,37.97,0.56,-1,-1,-1
206,-1,1089.74,54.66,12.82,17.03,0.28,-1,-1,-1
206,-1,1394.59,1402.88,15.68,40.05,0.25,-1,-1,-1
206,-1,995.22,1088.83,11.29,24.82,0.19,-1,-1,-1
206,-1,1392.71,1412.84,15.92,46.14,0.18,-1,-1,-1
206,-1,1083.77,46.44,17.28,26.27,0.17,-1,-1,-1
206,-1,1388.62,1422.51,37.61,58.73,0.07,-1,-1,-1
207,-1,1474.32,765.78,81.78,104.72,0.94,-1,-1,-1
207,-1,1361.90,1342.62,93.15,183.86,0.89,-1,-1,-1
207,-1,1061.84,39.79,45.11,35.31,0.82,-1,-1,-1
207,-1,1398.33,1470.89,37.87,56.73,0.78,-1,-1,-1
207,-1,1500.74,789.70,34.73,56.49,0.64,-1,-1,-1
207,-1,1075.80,40.22,11.02,19.68,0.55,-1,-1,-1
207,-1,1085.81,49.96,11.93,18.02,0.50,-1,-1,-1
207,-1,1397.39,1399.01,32.84,36.94,0.40,-1,-1,-1
207,-1,1396.35,1393.62,33.11,85.59,0.35,-1,-1,-1
208,-1,1464.32,732.98,88.56,103.22,0.92,-1,-1,-1
208,-1,1361.28,1295.38,84.11,211.71,0.90,-1,-1,-1
208,-1,1395.93,1415.57,36.17,57.44,0.86,-1,-1,-1
208,-1,1054.33,40.64,44.77,26.58,0.78,-1,-1,-1
208,-1,1492.61,759.02,29.84,38.65,0.54,-1,-1,-1
208,-1,1066.97,32.31,10.50,18.06,0.50,-1,-1,-1
208,-1,1079.27,41.65,12.60,16.43,0.50,-1,-1,-1
208,-1,1389.03,1348.72,36.57,39.16,0.48,-1,-1,-1
208,-1,1067.50,14.46,9.00,13.22,0.18,-1,-1,-1
208,-1,1064.32,33.15,20.49,22.75,0.17,-1,-1,-1
208,-1,1055.62,14.29,45.38,54.64,0.09,-1,-1,-1
208,-1,1416.54,1378.42,27.55,95.67,0.08,-1,-1,-1
209,-1,1462.05,720.41,82.10,100.79,0.93,-1,-1,-1
209,-1,1362.94,1275.85,83.45,206.22,0.91,-1,-1,-1
209,-1,1392.42,1388.79,34.92,59.67,0.85,-1,-1,-1
209,-1,1049.17,31.09,46.50,31.36,0.68,-1,-1,-1
209,-1,1491.78,741.43,30.25,52.57,0.58,-1,-1,-1
209,-1,1935.95,1489.03,79.42,40.51,0.54,-1,-1,-1
209,-1,1072.65,37.98,13.88,18.60,0.54,-1,-1,-1
209,-1,1061.74,28.79,10.25,18.63,0.53,-1,-1,-1
209,-1,1378.80,1323.34,48.35,80.49,0.39,-1,-1,-1
209,-1,1379.74,1332.65,42.08,33.01,0.12,-1,-1,-1
209,-1,1061.69,32.12,21.78,23.24,0.09,-1,-1,-1
209,-1,1058.37,45.53,36.56,17.74,0.06,-1,-1,-1
209,-1,1975.23,1509.61,38.90,19.72,0.06,-1,-1,-1
209,-1,1936.37,1489.34,78.74,40.14,0.05,-1,-1,-1
210,-1,1459.94,706.78,76.23,98.38,0.93,-1,-1,-1
210,-1,1390.33,1366.40,33.28,58.44,0.89,-1,-1,-1
210,-1,1356.70,1255.85,88.41,202.51,0.89,-1,-1,-1
210,-1,1903.10,1456.36,100.77,72.86,0.82,-1,-1,-1
210,-1,1041.95,30.93,48.39,28.76,0.78,-1,-1,-1
210,-1,1056.46,24.45,10.31,20.04,0.52,-1,-1,-1
210,-1,1071.12,33.76,10.47,16.22,0.48,-1,-1,-1
210,-1,1485.34,727.85,45.76,51.63,0.34,-1,-1,-1
210,-1,1383.72,1297.00,34.59,46.17,0.21,-1,-1,-1
210,-1,1485.63,731.08,29.83,34.87,0.17,-1,-1,-1
210,-1,1901.52,1472.93,108.31,60.97,0.15,-1,-1,-1
210,-1,1394.12,1316.70,23.65,26.47,0.13,-1,-1,-1
210,-1,1384.39,1310.31,34.52,59.63,0.12,-1,-1,-1
210,-1,1055.17,29.28,29.71,24.04,0.08,-1,-1,-1
210,-1,1955.55,1478.42,41.54,45.65,0.06,-1,-1,-1
210,-1,1958.89,1486.15,48.83,42.70,0.05,-1,-1,-1
211,-1,1446.84,677.13,85.45,91.86,0.94,-1,-1,-1
211,-1,1355.98,1213.25,83.15,195.55,0.90,-1,-1,-1
211,-1,1869.27,1387.55,100.25,90.92,0.89,-1,-1,-1
211,-1,1387.49,1319.32,31.73,56.96,0.88,-1,-1,-1
211,-1,1027.44,21.35,56.42,27.44,0.86,-1,-1,-1
211,-1,1043.86,16.52,11.74,14.68,0.72,-1,-1,-1
211,-1,1061.94,23.45,14.59,16.78,0.70,-1,-1,-1
211,-1,1867.48,1425.61,164.94,103.53,0.70,-1,-1,-1
211,-1,1477.89,695.88,27.04,37.40,0.67,-1,-1,-1
211,-1,1373.53,1253.91,47.10,73.26,0.49,-1,-1,-1
211,-1,1470.58,700.76,14.40,23.95,0.10,-1,-1,-1
212,-1,1436.97,648.05,80.00,90.48,0.91,-1,-1,-1
212,-1,1382.34,1277.10,31.87,55.93,0.89,-1,-1,-1
212,-1,1847.63,1323.22,90.17,83.99,0.88,-1,-1,-1
212,-1,1877.35,1360.15,109.62,167.84,0.87,-1,-1,-1
212,-1,1334.97,1175.48,136.95,188.64,0.80,-1,-1,-1
212,-1,1016.68,0.91,56.25,39.55,0.80,-1,-1,-1
212,-1,1917.65,1450.24,53.67,57.27,0.79,-1,-1,-1
212,-1,1053.64,17.20,14.21,15.43,0.67,-1,-1,-1
212,-1,1374.49,1212.68,40.09,63.75,0.51,-1,-1,-1
212,-1,1034.38,9.56,9.19,16.78,0.25,-1,-1,-1
212,-1,1313.22,0.01,29.29,56.09,0.22,-1,-1,-1
212,-1,1467.86,667.84,27.71,33.76,0.21,-1,-1,-1
212,-1,1030.68,24.75,41.80,15.44,0.20,-1,-1,-1
212,-1,1313.49,0.07,28.39,55.79,0.18,-1,-1,-1
212,-1,1264.53,0.54,160.98,54.53,0.10,-1,-1,-1
212,-1,1383.55,1225.64,28.01,31.18,0.07,-1,-1,-1
212,-1,1290.25,0.10,30.99,48.40,0.06,-1,-1,-1
212,-1,1271.95,0.68,70.63,55.05,0.06,-1,-1,-1
213,-1,1432.37,634.87,80.36,90.37,0.93,-1,-1,-1
213,-1,1841.30,1296.18,82.33,82.77,0.87,-1,-1,-1
213,-1,1381.27,1259.38,32.03,55.72,0.86,-1,-1,-1
213,-1,1862.47,1332.17,146.45,168.28,0.84,-1,-1,-1
213,-1,1333.59,1160.08,140.51,186.65,0.84,-1,-1,-1
213,-1,1018.54,10.08,50.58,30.05,0.82,-1,-1,-1
213,-1,1909.67,1418.26,56.53,55.30,0.81,-1,-1,-1
213,-1,1049.21,14.57,12.73,15.92,0.69,-1,-1,-1
213,-1,1031.08,6.86,10.85,17.81,0.49,-1,-1,-1
213,-1,1461.75,654.11,27.39,35.56,0.46,-1,-1,-1
213,-1,1379.39,1197.96,34.79,62.83,0.33,-1,-1,-1
213,-1,1008.72,1054.09,10.33,19.14,0.10,-1,-1,-1
213,-1,1386.70,1209.60,24.77,29.79,0.09,-1,-1,-1
213,-1,1263.52,0.58,162.67,52.12,0.08,-1,-1,-1
213,-1,1009.39,1053.97,10.16,20.82,0.07,-1,-1,-1
213,-1,1389.74,1192.97,11.98,15.58,0.05,-1,-1,-1
214,-1,1415.96,592.67,83.67,89.32,0.91,-1,-1,-1
214,-1,1382.30,1206.23,30.70,53.66,0.89,-1,-1,-1
214,-1,1808.84,1215.38,142.70,185.52,0.86,-1,-1,-1
214,-1,1807.95,1220.93,73.24,74.31,0.83,-1,-1,-1
214,-1,1338.99,1113.55,134.73,176.33,0.83,-1,-1,-1
214,-1,1874.23,1322.28,51.68,52.67,0.74,-1,-1,-1
214,-1,1443.58,615.45,28.06,36.37,0.71,-1,-1,-1
214,-1,1030.90,0.37,17.67,25.14,0.68,-1,-1,-1
214,-1,1019.17,8.94,35.02,23.84,0.51,-1,-1,-1
214,-1,1383.08,1148.69,33.66,72.50,0.42,-1,-1,-1
214,-1,1252.19,0.43,165.66,45.99,0.12,-1,-1,-1
214,-1,1395.28,1172.04,18.99,16.19,0.08,-1,-1,-1
214,-1,1435.10,618.45,19.75,24.57,0.08,-1,-1,-1
215,-1,1396.37,566.38,85.93,79.75,0.90,-1,-1,-1
215,-1,1773.85,1140.08,121.36,171.66,0.89,-1,-1,-1
215,-1,1382.47,1161.02,29.62,52.10,0.85,-1,-1,-1
215,-1,1343.94,1073.00,123.73,169.85,0.84,-1,-1,-1
215,-1,1773.11,1139.98,74.85,69.48,0.77,-1,-1,-1
215,-1,1019.97,1.62,30.37,24.46,0.77,-1,-1,-1
215,-1,1026.65,0.28,15.11,16.86,0.58,-1,-1,-1
215,-1,1432.88,578.01,21.66,36.18,0.56,-1,-1,-1
215,-1,1846.92,1235.57,41.95,51.32,0.40,-1,-1,-1
215,-1,1385.76,1104.94,33.85,73.65,0.37,-1,-1,-1
215,-1,1022.35,0.35,27.55,24.68,0.23,-1,-1,-1
215,-1,1391.24,1114.12,27.02,30.98,0.10,-1,-1,-1
215,-1,1127.45,872.71,17.69,12.32,0.08,-1,-1,-1
215,-1,1399.41,1126.73,19.37,18.59,0.06,-1,-1,-1
216,-1,1396.77,548.58,80.38,85.65,0.90,-1,-1,-1
216,-1,1351.59,1061.91,92.63,166.32,0.89,-1,-1,-1
216,-1,1759.45,1117.26,75.14,69.37,0.88,-1,-1,-1
216,-1,1383.91,1147.38,30.30,51.74,0.87,-1,-1,-1
216,-1,1830.37,1208.75,43.66,50.63,0.79,-1,-1,-1
216,-1,1770.17,1125.20,123.16,156.21,0.79,-1,-1,-1
216,-1,1421.77,568.27,29.45,35.00,0.73,-1,-1,-1
216,-1,1022.12,2.55,26.14,21.11,0.64,-1,-1,-1
216,-1,1026.24,0.14,15.78,16.14,0.51,-1,-1,-1
216,-1,1392.49,1104.75,29.58,62.11,0.23,-1,-1,-1
216,-1,1403.34,1118.50,18.28,13.46,0.13,-1,-1,-1
216,-1,1417.99,574.87,13.86,20.78,0.09,-1,-1,-1
216,-1,1393.77,1089.58,26.87,42.43,0.07,-1,-1,-1
217,-1,1390.22,534.54,70.01,76.91,0.92,-1,-1,-1
217,-1,1353.60,1039.66,119.46,161.06,0.89,-1,-1,-1
217,-1,1738.13,1071.10,73.38,69.21,0.87,-1,-1,-1
217,-1,1387.21,1122.71,29.10,50.81,0.84,-1,-1,-1
217,-1,1759.34,1100.07,108.77,128.65,0.82,-1,-1,-1
217,-1,1416.50,546.56,23.99,35.76,0.68,-1,-1,-1
217,-1,1808.74,1154.97,45.72,50.97,0.64,-1,-1,-1
217,-1,1020.69,0.13,25.01,19.01,0.24,-1,-1,-1
217,-1,1020.31,0.07,25.67,19.15,0.21,-1,-1,-1
217,-1,1405.17,1090.29,18.64,18.34,0.13,-1,-1,-1
217,-1,2488.38,1128.64,36.88,15.11,0.12,-1,-1,-1
217,-1,1020.95,0.09,25.14,18.98,0.12,-1,-1,-1
217,-1,1399.85,1087.47,24.34,52.91,0.12,-1,-1,-1
217,-1,1807.50,1151.89,16.87,24.62,0.09,-1,-1,-1
217,-1,1020.39,0.15,25.64,19.67,0.07,-1,-1,-1
217,-1,1409.00,1063.70,10.33,17.16,0.06,-1,-1,-1
217,-1,2489.14,1130.58,37.84,40.28,0.06,-1,-1,-1
217,-1,1806.23,1151.59,21.80,45.84,0.05,-1,-1,-1
218,-1,1379.55,524.94,80.54,75.24,0.91,-1,-1,-1
218,-1,1358.32,1028.08,125.76,158.72,0.88,-1,-1,-1
218,-1,1387.35,1109.63,29.53,51.08,0.86,-1,-1,-1
218,-1,1725.92,1049.76,71.05,70.70,0.84,-1,-1,-1
218,-1,1743.29,1073.58,113.31,129.38,0.81,-1,-1,-1
218,-1,1411.54,535.77,25.42,34.39,0.72,-1,-1,-1
218,-1,1802.77,1134.14,48.85,42.35,0.63,-1,-1,-1
218,-1,1021.75,0.00,23.91,16.01,0.62,-1,-1,-1
218,-1,1021.83,0.26,24.08,16.98,0.13,-1,-1,-1
218,-1,1395.07,1066.22,32.55,65.47,0.11,-1,-1,-1
218,-1,1033.88,1031.30,9.06,22.61,0.08,-1,-1,-1
219,-1,1378.51,516.01,73.52,73.71,0.91,-1,-1,-1
219,-1,1359.96,1017.76,121.18,157.93,0.88,-1,-1,-1
219,-1,1719.45,1035.09,124.08,143.51,0.86,-1,-1,-1
219,-1,1387.05,1096.25,28.67,51.31,0.85,-1,-1,-1
219,-1,1404.38,526.54,23.50,33.15,0.83,-1,-1,-1
219,-1,1712.41,1029.48,71.42,69.79,0.80,-1,-1,-1
219,-1,1793.84,1110.47,35.59,47.64,0.71,-1,-1,-1
219,-1,1021.88,0.21,23.23,13.97,0.41,-1,-1,-1
219,-1,1021.61,0.17,23.42,14.13,0.41,-1,-1,-1
219,-1,1396.32,1058.24,31.49,60.23,0.11,-1,-1,-1
219,-1,1401.80,1064.11,26.03,20.77,0.06,-1,-1,-1
219,-1,1750.73,1037.31,31.94,36.84,0.06,-1,-1,-1
219,-1,1411.16,1036.62,12.68,20.90,0.06,-1,-1,-1
220,-1,1369.05,497.82,69.51,70.51,0.92,-1,-1,-1
220,-1,1363.50,998.83,122.97,151.76,0.87,-1,-1,-1
220,-1,1387.77,1074.49,28.30,49.94,0.85,-1,-1,-1
220,-1,1694.94,990.58,66.87,64.59,0.84,-1,-1,-1
220,-1,1702.85,1002.38,121.25,132.15,0.79,-1,-1,-1
220,-1,1765.10,1067.18,37.06,47.08,0.76,-1,-1,-1
220,-1,1396.35,507.77,22.26,33.68,0.75,-1,-1,-1
220,-1,1021.18,0.12,23.49,9.17,0.55,-1,-1,-1
220,-1,1404.40,1043.30,22.01,54.06,0.21,-1,-1,-1
220,-1,1409.70,1045.55,14.92,18.63,0.10,-1,-1,-1
220,-1,1258.43,0.35,156.37,43.90,0.05,-1,-1,-1
221,-1,1363.18,484.79,73.28,73.35,0.91,-1,-1,-1
221,-1,1370.28,988.86,120.16,150.23,0.91,-1,-1,-1
221,-1,1389.96,1062.70,28.64,50.27,0.84,-1,-1,-1
221,-1,1686.66,971.14,69.75,60.01,0.84,-1,-1,-1
221,-1,1688.57,975.00,112.83,138.46,0.82,-1,-1,-1
221,-1,1392.65,496.41,23.12,32.50,0.71,-1,-1,-1
221,-1,1753.04,1044.16,38.21,46.15,0.59,-1,-1,-1
221,-1,1401.23,1028.76,32.44,57.24,0.45,-1,-1,-1
221,-1,1017.65,-0.00,28.65,8.36,0.15,-1,-1,-1
221,-1,1407.28,1030.06,25.29,23.44,0.08,-1,-1,-1
222,-1,1357.16,471.51,71.48,68.06,0.90,-1,-1,-1
222,-1,1681.99,940.14,101.91,130.66,0.78,-1,-1,-1
222,-1,1375.36,971.10,121.51,145.68,0.76,-1,-1,-1
222,-1,1732.44,1005.16,36.97,44.55,0.72,-1,-1,-1
222,-1,1381.07,480.12,24.99,32.56,0.71,-1,-1,-1
222,-1,1669.10,934.79,68.72,62.67,0.71,-1,-1,-1
222,-1,1375.81,970.86,120.91,145.59,0.69,-1,-1,-1
222,-1,1691.81,981.66,46.82,55.81,0.12,-1,-1,-1
223,-1,1355.91,463.46,67.39,68.31,0.92,-1,-1,-1
223,-1,1380.03,963.92,119.92,142.88,0.91,-1,-1,-1
223,-1,1659.33,916.80,70.64,57.33,0.85,-1,-1,-1
223,-1,1682.36,946.80,86.89,104.60,0.82,-1,-1,-1
223,-1,1398.23,1033.17,26.92,48.53,0.82,-1,-1,-1
223,-1,1379.69,472.12,24.24,33.76,0.60,-1,-1,-1
223,-1,1723.88,987.93,35.70,42.15,0.35,-1,-1,-1
223,-1,1698.23,986.83,62.62,57.99,0.34,-1,-1,-1
223,-1,1698.70,1001.47,69.01,49.06,0.31,-1,-1,-1
223,-1,1415.38,994.23,30.18,61.17,0.12,-1,-1,-1
223,-1,1254.42,0.10,159.08,43.29,0.11,-1,-1,-1
224,-1,1340.37,449.61,79.21,66.78,0.90,-1,-1,-1
224,-1,1652.16,883.92,67.03,54.36,0.86,-1,-1,-1
224,-1,1386.66,947.70,109.35,138.70,0.84,-1,-1,-1
224,-1,1403.18,1014.42,32.34,47.59,0.79,-1,-1,-1
224,-1,1670.18,906.92,76.96,105.65,0.77,-1,-1,-1
224,-1,1371.71,456.68,25.54,32.58,0.69,-1,-1,-1
224,-1,1703.02,948.27,48.60,43.36,0.63,-1,-1,-1
224,-1,1255.17,0.29,156.05,44.62,0.09,-1,-1,-1
224,-1,1387.29,1019.57,61.00,65.66,0.06,-1,-1,-1
224,-1,1060.04,1017.91,12.44,21.01,0.05,-1,-1,-1
225,-1,1341.63,444.16,75.68,63.34,0.91,-1,-1,-1
225,-1,1389.92,940.27,93.21,137.65,0.89,-1,-1,-1
225,-1,1644.98,866.99,66.86,54.22,0.86,-1,-1,-1
225,-1,1403.81,1008.43,28.67,45.35,0.82,-1,-1,-1
225,-1,1663.01,897.20,74.44,95.73,0.81,-1,-1,-1
225,-1,1693.85,931.29,30.97,42.30,0.78,-1,-1,-1
225,-1,1372.42,449.70,19.24,32.09,0.75,-1,-1,-1
225,-1,1424.26,974.27,32.49,56.49,0.26,-1,-1,-1
225,-1,1063.44,1017.71,10.50,21.08,0.13,-1,-1,-1
225,-1,1245.94,0.13,175.52,44.08,0.09,-1,-1,-1
225,-1,-1.61,-2.64,796.07,808.93,0.07,-1,-1,-1
225,-1,874.74,1104.71,19.23,14.56,0.06,-1,-1,-1
225,-1,1431.76,976.66,22.43,26.06,0.05,-1,-1,-1
226,-1,1339.92,436.44,69.30,65.11,0.89,-1,-1,-1
226,-1,1657.35,894.54,70.58,79.87,0.85,-1,-1,-1
226,-1,1389.59,934.07,123.04,134.09,0.80,-1,-1,-1
226,-1,1681.23,911.58,32.77,43.21,0.75,-1,-1,-1
226,-1,1634.00,852.13,69.24,54.05,0.75,-1,-1,-1
226,-1,1405.18,1000.73,28.29,43.42,0.75,-1,-1,-1
226,-1,1362.34,444.28,25.48,31.52,0.67,-1,-1,-1
226,-1,1631.99,855.58,99.85,106.19,0.08,-1,-1,-1
226,-1,1427.05,969.43,29.50,51.60,0.05,-1,-1,-1
227,-1,1337.45,431.15,66.76,63.74,0.91,-1,-1,-1
227,-1,1392.22,928.33,98.60,132.29,0.89,-1,-1,-1
227,-1,1631.00,838.62,67.60,51.82,0.84,-1,-1,-1
227,-1,1408.04,994.47,27.41,43.69,0.79,-1,-1,-1
227,-1,1361.98,437.57,23.18,31.12,0.73,-1,-1,-1
227,-1,1680.06,896.01,27.70,40.96,0.73,-1,-1,-1
227,-1,1644.39,874.59,77.18,83.85,0.73,-1,-1,-1
227,-1,1428.43,959.17,35.47,56.08,0.55,-1,-1,-1
227,-1,1066.88,1016.83,9.75,13.24,0.09,-1,-1,-1
227,-1,1660.71,909.05,59.39,48.44,0.07,-1,-1,-1
227,-1,1256.16,0.10,156.23,48.39,0.06,-1,-1,-1
227,-1,2185.39,402.28,33.07,62.15,0.06,-1,-1,-1
228,-1,1320.69,417.44,78.41,63.72,0.91,-1,-1,-1
228,-1,1398.30,917.40,103.63,127.09,0.86,-1,-1,-1
228,-1,1410.65,979.21,30.95,43.76,0.84,-1,-1,-1
228,-1,1640.56,845.87,63.17,79.18,0.82,-1,-1,-1
228,-1,1622.94,809.10,66.81,50.63,0.81,-1,-1,-1
228,-1,1666.07,867.30,30.04,38.97,0.75,-1,-1,-1
228,-1,1355.34,424.48,20.38,30.08,0.62,-1,-1,-1
228,-1,1443.82,952.66,20.85,31.60,0.38,-1,-1,-1
228,-1,1424.44,952.37,40.24,40.34,0.19,-1,-1,-1
228,-1,1667.02,884.88,22.45,21.29,0.08,-1,-1,-1
228,-1,1408.42,0.07,31.91,10.33,0.05,-1,-1,-1
229,-1,1410.67,891.45,89.39,140.90,0.91,-1,-1,-1
229,-1,1320.91,403.99,64.99,62.30,0.87,-1,-1,-1
229,-1,1632.19,801.96,64.20,90.67,0.87,-1,-1,-1
229,-1,1612.86,781.63,62.93,49.93,0.87,-1,-1,-1
229,-1,1415.36,965.55,36.42,44.20,0.84,-1,-1,-1
229,-1,1656.73,835.96,29.71,37.60,0.83,-1,-1,-1
229,-1,1340.17,409.65,26.36,30.76,0.67,-1,-1,-1
229,-1,1443.91,938.13,31.74,53.03,0.56,-1,-1,-1
229,-1,1450.38,929.30,27.46,39.66,0.08,-1,-1,-1
230,-1,1317.60,395.92,62.73,61.45,0.93,-1,-1,-1
230,-1,1420.39,896.12,82.03,128.51,0.89,-1,-1,-1
230,-1,1429.38,958.83,33.44,44.06,0.87,-1,-1,-1
230,-1,1609.01,767.50,62.07,46.85,0.84,-1,-1,-1
230,-1,1655.17,819.85,30.18,37.66,0.82,-1,-1,-1
230,-1,1626.21,787.69,65.38,88.29,0.81,-1,-1,-1
230,-1,1343.19,404.36,19.65,28.26,0.75,-1,-1,-1
230,-1,1449.95,928.31,24.10,54.57,0.43,-1,-1,-1
230,-1,1451.30,929.13,21.82,23.32,0.14,-1,-1,-1
231,-1,1314.00,391.48,61.45,60.43,0.89,-1,-1,-1
231,-1,1439.94,952.61,32.59,42.24,0.87,-1,-1,-1
231,-1,1618.96,770.36,71.77,89.17,0.81,-1,-1,-1
231,-1,1424.69,885.68,98.19,130.76,0.81,-1,-1,-1
231,-1,1650.64,803.70,26.04,37.41,0.77,-1,-1,-1
231,-1,1603.47,751.40,59.75,47.34,0.76,-1,-1,-1
231,-1,1337.80,396.29,20.24,31.13,0.76,-1,-1,-1
231,-1,1452.21,918.38,24.61,48.07,0.61,-1,-1,-1
231,-1,19.97,-3.22,826.08,809.91,0.28,-1,-1,-1
231,-1,1636.15,753.11,27.61,40.88,0.08,-1,-1,-1
231,-1,1087.35,1010.13,9.58,19.09,0.06,-1,-1,-1
231,-1,1603.22,775.02,25.07,24.25,0.05,-1,-1,-1
231,-1,1644.40,801.61,16.41,26.76,0.05,-1,-1,-1
232,-1,1312.82,383.75,58.96,57.02,0.90,-1,-1,-1
232,-1,1408.53,878.11,110.22,129.53,0.90,-1,-1,-1
232,-1,1597.87,736.62,59.32,48.60,0.84,-1,-1,-1
232,-1,1450.85,945.42,32.05,40.75,0.83,-1,-1,-1
232,-1,1646.16,785.89,28.73,37.15,0.83,-1,-1,-1
232,-1,1615.87,759.19,71.73,82.99,0.78,-1,-1,-1
232,-1,1330.75,390.64,20.01,27.62,0.72,-1,-1,-1
232,-1,1449.66,908.60,28.44,49.19,0.63,-1,-1,-1
233,-1,1438.42,870.51,66.35,129.41,0.89,-1,-1,-1
233,-1,1307.80,374.07,60.56,57.47,0.87,-1,-1,-1
233,-1,1457.56,933.74,36.04,44.45,0.85,-1,-1,-1
233,-1,1596.64,722.67,54.69,48.44,0.79,-1,-1,-1
233,-1,1648.22,768.35,24.92,38.34,0.75,-1,-1,-1
233,-1,1610.30,756.51,75.29,68.48,0.75,-1,-1,-1
233,-1,1453.06,894.83,30.83,51.23,0.64,-1,-1,-1
233,-1,1324.00,381.65,22.21,28.85,0.59,-1,-1,-1
233,-1,1626.80,723.36,25.19,39.75,0.06,-1,-1,-1
234,-1,1436.86,863.23,76.40,129.76,0.90,-1,-1,-1
234,-1,1304.28,366.01,59.54,56.89,0.89,-1,-1,-1
234,-1,1607.03,742.99,76.95,66.19,0.76,-1,-1,-1
234,-1,1639.43,754.62,30.72,38.03,0.76,-1,-1,-1
234,-1,1322.06,374.52,19.43,23.57,0.63,-1,-1,-1
234,-1,1592.01,709.07,52.68,48.86,0.55,-1,-1,-1
234,-1,1464.22,928.93,30.61,41.58,0.34,-1,-1,-1
234,-1,1588.36,709.10,91.74,80.87,0.29,-1,-1,-1
234,-1,1452.33,883.54,44.30,83.62,0.26,-1,-1,-1
234,-1,1453.43,887.16,31.60,45.49,0.22,-1,-1,-1
234,-1,1620.68,709.11,24.71,40.27,0.21,-1,-1,-1
234,-1,1596.95,709.54,33.67,33.48,0.05,-1,-1,-1
234,-1,1248.36,0.25,163.41,53.37,0.05,-1,-1,-1
235,-1,1440.21,853.07,72.73,128.89,0.92,-1,-1,-1
235,-1,1299.52,361.70,60.10,55.75,0.90,-1,-1,-1
235,-1,1471.01,915.15,27.55,45.35,0.82,-1,-1,-1
235,-1,1638.39,741.24,31.63,36.95,0.74,-1,-1,-1
235,-1,1591.86,699.95,84.49,95.85,0.73,-1,-1,-1
235,-1,1318.17,367.23,21.95,29.14,0.70,-1,-1,-1
235,-1,1586.12,695.83,52.99,47.42,0.65,-1,-1,-1
235,-1,1467.08,895.26,20.10,26.35,0.32,-1,-1,-1
235,-1,1457.29,879.66,22.72,28.80,0.17,-1,-1,-1
235,-1,1465.03,893.62,28.12,43.49,0.12,-1,-1,-1
235,-1,1094.86,999.31,16.24,20.13,0.07,-1,-1,-1
235,-1,1246.72,0.33,164.05,54.25,0.06,-1,-1,-1
236,-1,1420.86,844.08,94.22,126.18,0.90,-1,-1,-1
236,-1,1292.81,355.07,62.21,56.54,0.89,-1,-1,-1
236,-1,1471.52,907.33,28.35,40.90,0.84,-1,-1,-1
236,-1,1594.33,716.16,74.90,64.00,0.83,-1,-1,-1
236,-1,1315.77,359.79,22.45,31.04,0.76,-1,-1,-1
236,-1,1580.68,683.56,53.96,45.88,0.59,-1,-1,-1
236,-1,1462.70,870.90,22.78,35.40,0.32,-1,-1,-1
236,-1,1632.47,726.50,33.45,35.73,0.32,-1,-1,-1
236,-1,1247.61,0.48,160.46,49.60,0.22,-1,-1,-1
236,-1,1613.99,699.08,36.50,59.46,0.22,-1,-1,-1
236,-1,1580.29,686.03,70.92,67.93,0.08,-1,-1,-1
237,-1,1441.03,831.25,72.10,126.53,0.92,-1,-1,-1
237,-1,1292.64,342.63,57.52,62.18,0.91,-1,-1,-1
237,-1,1469.01,893.30,32.89,43.40,0.85,-1,-1,-1
237,-1,1574.31,670.73,54.75,45.56,0.81,-1,-1,-1
237,-1,1576.49,674.95,87.80,90.21,0.80,-1,-1,-1
237,-1,1629.44,712.33,27.49,36.09,0.72,-1,-1,-1
237,-1,1313.01,353.03,21.09,28.42,0.69,-1,-1,-1
237,-1,1465.72,867.37,23.81,31.72,0.51,-1,-1,-1
237,-1,1245.75,0.04,158.98,49.06,0.07,-1,-1,-1
237,-1,855.53,637.50,23.57,10.21,0.05,-1,-1,-1
238,-1,1448.66,810.85,64.45,134.06,0.91,-1,-1,-1
238,-1,1279.56,342.97,72.80,53.36,0.90,-1,-1,-1
238,-1,1473.52,879.59,32.82,44.94,0.85,-1,-1,-1
238,-1,1572.05,659.84,87.11,91.62,0.80,-1,-1,-1
238,-1,1304.69,346.55,26.87,27.95,0.75,-1,-1,-1
238,-1,1624.21,698.81,29.34,35.08,0.71,-1,-1,-1
238,-1,1571.21,657.82,50.39,44.87,0.71,-1,-1,-1
238,-1,1466.36,835.35,23.75,41.14,0.32,-1,-1,-1
238,-1,1475.36,861.26,16.21,17.53,0.18,-1,-1,-1
238,-1,1597.81,658.50,24.02,37.13,0.13,-1,-1,-1
238,-1,1290.60,0.06,27.87,54.39,0.09,-1,-1,-1
238,-1,1280.59,0.22,39.44,54.00,0.09,-1,-1,-1
238,-1,1248.52,0.21,71.68,54.20,0.08,-1,-1,-1
238,-1,1268.32,0.07,29.47,46.78,0.07,-1,-1,-1
238,-1,1249.31,-0.03,34.20,48.34,0.06,-1,-1,-1
239,-1,1277.06,338.42,70.86,53.97,0.92,-1,-1,-1
239,-1,1475.29,869.01,30.48,43.61,0.86,-1,-1,-1
239,-1,1429.45,813.11,86.82,119.92,0.86,-1,-1,-1
239,-1,1560.43,649.48,92.98,89.23,0.81,-1,-1,-1
239,-1,1302.59,342.16,20.54,27.95,0.75,-1,-1,-1
239,-1,1610.96,686.06,31.38,36.32,0.75,-1,-1,-1
239,-1,1563.86,646.78,50.15,45.94,0.72,-1,-1,-1
239,-1,1462.37,836.88,28.01,35.36,0.31,-1,-1,-1
239,-1,1471.15,851.82,20.20,23.70,0.25,-1,-1,-1
239,-1,1245.65,0.45,151.00,50.21,0.13,-1,-1,-1
239,-1,1592.53,647.38,22.63,36.93,0.07,-1,-1,-1
239,-1,1600.55,699.57,51.09,38.00,0.06,-1,-1,-1
239,-1,1269.65,0.00,26.07,44.01,0.06,-1,-1,-1
240,-1,1272.67,334.15,70.76,50.62,0.91,-1,-1,-1
240,-1,1440.24,803.74,80.88,119.28,0.90,-1,-1,-1
240,-1,1555.02,636.91,54.16,43.52,0.77,-1,-1,-1
240,-1,1298.43,336.99,21.02,27.69,0.75,-1,-1,-1
240,-1,1573.63,666.53,69.28,60.19,0.73,-1,-1,-1
240,-1,1476.25,861.56,29.44,39.35,0.68,-1,-1,-1
240,-1,1572.96,664.97,70.09,61.57,0.57,-1,-1,-1
240,-1,1611.58,672.69,28.31,38.20,0.13,-1,-1,-1
240,-1,1587.47,655.96,37.75,51.73,0.11,-1,-1,-1
240,-1,1553.47,644.06,65.01,44.77,0.10,-1,-1,-1
240,-1,1108.75,991.46,9.74,20.51,0.09,-1,-1,-1
240,-1,1476.48,842.48,13.06,15.08,0.09,-1,-1,-1
240,-1,1473.43,841.55,16.87,35.04,0.06,-1,-1,-1
240,-1,1466.37,832.82,16.21,21.29,0.06,-1,-1,-1
241,-1,1445.61,785.85,76.32,114.55,0.92,-1,-1,-1
241,-1,1264.24,323.22,67.15,53.52,0.90,-1,-1,-1
241,-1,1481.11,836.92,25.75,42.77,0.82,-1,-1,-1
241,-1,1544.75,617.08,52.94,44.15,0.82,-1,-1,-1
241,-1,1560.41,641.70,70.33,63.83,0.81,-1,-1,-1
241,-1,1289.02,326.94,20.83,29.15,0.75,-1,-1,-1
241,-1,1599.30,655.30,23.08,33.41,0.72,-1,-1,-1
241,-1,1464.66,810.54,23.66,34.22,0.35,-1,-1,-1
241,-1,1476.92,818.28,14.85,25.29,0.20,-1,-1,-1
241,-1,1113.33,990.01,10.03,20.55,0.12,-1,-1,-1
241,-1,1482.92,822.05,14.47,20.50,0.10,-1,-1,-1
242,-1,1251.46,318.99,76.43,48.57,0.90,-1,-1,-1
242,-1,1480.72,827.22,28.16,39.48,0.87,-1,-1,-1
242,-1,1445.82,757.10,77.54,130.91,0.85,-1,-1,-1
242,-1,1587.69,644.53,26.17,33.50,0.75,-1,-1,-1
242,-1,1539.07,606.63,51.29,42.63,0.72,-1,-1,-1
242,-1,1285.61,321.47,18.11,27.55,0.72,-1,-1,-1
242,-1,1555.05,637.97,70.30,55.96,0.71,-1,-1,-1
242,-1,1537.79,614.73,80.60,51.79,0.28,-1,-1,-1
242,-1,1465.62,799.86,23.22,30.91,0.25,-1,-1,-1
242,-1,1109.96,985.37,12.89,24.31,0.25,-1,-1,-1
242,-1,1109.78,983.66,12.90,25.95,0.19,-1,-1,-1
242,-1,-2.17,-4.28,796.95,814.03,0.08,-1,-1,-1
242,-1,1569.76,606.99,21.39,36.13,0.07,-1,-1,-1
242,-1,1476.30,802.71,12.23,23.01,0.06,-1,-1,-1
242,-1,1463.53,791.64,18.64,30.98,0.06,-1,-1,-1
242,-1,1612.49,623.82,37.08,26.90,0.06,-1,-1,-1
243,-1,1240.68,300.14,68.47,48.20,0.92,-1,-1,-1
243,-1,1436.17,727.99,91.11,117.47,0.88,-1,-1,-1
243,-1,1540.12,603.31,62.93,53.29,0.83,-1,-1,-1
243,-1,1571.67,606.72,26.08,34.24,0.80,-1,-1,-1
243,-1,1266.28,301.35,20.90,27.88,0.75,-1,-1,-1
243,-1,1524.45,574.15,53.06,38.52,0.71,-1,-1,-1
243,-1,1480.42,786.88,24.71,38.67,0.71,-1,-1,-1
243,-1,1482.82,773.57,26.60,29.74,0.36,-1,-1,-1
243,-1,1467.19,761.17,22.04,25.45,0.36,-1,-1,-1
243,-1,1560.75,586.49,24.87,47.58,0.24,-1,-1,-1
243,-1,1524.26,574.38,53.31,37.98,0.15,-1,-1,-1
243,-1,1239.24,0.37,153.05,51.13,0.11,-1,-1,-1
243,-1,1559.67,608.70,20.10,26.52,0.10,-1,-1,-1
243,-1,1557.96,575.32,27.19,38.78,0.06,-1,-1,-1
244,-1,1447.40,724.81,73.55,106.12,0.93,-1,-1,-1
244,-1,1235.32,292.73,68.91,49.06,0.92,-1,-1,-1
244,-1,1530.61,590.44,82.30,55.32,0.82,-1,-1,-1
244,-1,1518.51,562.65,57.41,41.28,0.78,-1,-1,-1
244,-1,1260.34,294.47,22.65,27.54,0.77,-1,-1,-1
244,-1,1568.32,597.02,21.87,33.01,0.74,-1,-1,-1
244,-1,1479.37,777.14,24.96,34.20,0.69,-1,-1,-1
244,-1,1466.79,751.53,24.36,33.44,0.36,-1,-1,-1
244,-1,1477.30,756.09,14.42,24.07,0.26,-1,-1,-1
244,-1,1559.40,597.86,12.43,24.87,0.12,-1,-1,-1
244,-1,1121.72,978.05,13.13,21.08,0.08,-1,-1,-1
244,-1,1464.89,748.64,19.19,23.21,0.07,-1,-1,-1
244,-1,16.94,-5.15,826.47,814.67,0.07,-1,-1,-1
244,-1,1471.86,753.45,16.45,18.49,0.06,-1,-1,-1
245,-1,1227.08,287.95,71.73,45.84,0.92,-1,-1,-1
245,-1,1450.01,706.16,68.18,110.87,0.91,-1,-1,-1
245,-1,1518.35,552.39,47.24,36.36,0.80,-1,-1,-1
245,-1,1527.28,568.77,68.17,66.07,0.79,-1,-1,-1
245,-1,1480.81,757.42,24.49,40.56,0.78,-1,-1,-1
245,-1,1254.06,288.98,20.87,26.89,0.77,-1,-1,-1
245,-1,1561.07,584.55,23.80,33.72,0.75,-1,-1,-1
245,-1,1471.25,740.43,20.76,27.98,0.44,-1,-1,-1
245,-1,1468.45,761.01,48.71,55.48,0.14,-1,-1,-1
245,-1,1465.92,728.81,19.39,26.09,0.10,-1,-1,-1
245,-1,1547.41,553.16,18.84,31.46,0.08,-1,-1,-1
246,-1,1224.44,284.16,69.79,44.85,0.89,-1,-1,-1
246,-1,1429.16,699.91,89.71,104.15,0.85,-1,-1,-1
246,-1,1525.42,573.13,65.90,49.67,0.81,-1,-1,-1
246,-1,1480.14,746.04,25.71,39.06,0.76,-1,-1,-1
246,-1,1555.94,574.11,23.93,33.85,0.75,-1,-1,-1
246,-1,1510.18,544.45,50.80,35.66,0.74,-1,-1,-1
246,-1,1249.43,283.50,20.41,28.53,0.70,-1,-1,-1
246,-1,1470.32,723.08,22.80,27.99,0.45,-1,-1,-1
246,-1,1451.42,745.91,63.21,57.83,0.07,-1,-1,-1
247,-1,1220.12,278.82,67.72,45.04,0.92,-1,-1,-1
247,-1,1451.68,687.92,70.98,103.40,0.91,-1,-1,-1
247,-1,1480.16,732.01,27.45,39.61,0.81,-1,-1,-1
247,-1,1506.09,534.45,51.53,36.83,0.73,-1,-1,-1
247,-1,1526.50,565.20,58.50,47.39,0.71,-1,-1,-1
247,-1,1245.53,279.82,19.31,26.91,0.71,-1,-1,-1
247,-1,1549.61,564.53,27.88,33.12,0.62,-1,-1,-1
247,-1,1471.87,714.53,20.84,38.55,0.17,-1,-1,-1
247,-1,1504.73,541.63,59.75,42.88,0.12,-1,-1,-1
248,-1,1212.52,271.41,62.88,44.06,0.92,-1,-1,-1
248,-1,1438.32,665.59,79.90,98.30,0.86,-1,-1,-1
248,-1,1477.87,709.12,30.80,36.62,0.84,-1,-1,-1
248,-1,1511.54,545.68,62.32,49.54,0.81,-1,-1,-1
248,-1,1498.46,518.82,48.29,36.36,0.76,-1,-1,-1
248,-1,1235.69,271.19,20.26,26.51,0.74,-1,-1,-1
248,-1,1543.02,547.94,24.31,32.11,0.65,-1,-1,-1
248,-1,1470.19,685.93,23.35,26.94,0.27,-1,-1,-1
249,-1,1449.20,651.42,70.99,99.76,0.92,-1,-1,-1
249,-1,1208.72,266.72,63.82,45.70,0.90,-1,-1,-1
249,-1,1491.29,527.50,80.25,59.05,0.83,-1,-1,-1
249,-1,1493.44,510.82,46.80,35.48,0.81,-1,-1,-1
249,-1,1537.97,542.28,22.66,29.05,0.75,-1,-1,-1
249,-1,1231.45,266.98,18.79,26.49,0.66,-1,-1,-1
249,-1,1465.60,670.39,21.94,33.13,0.40,-1,-1,-1
249,-1,1485.98,704.17,18.31,28.93,0.39,-1,-1,-1
249,-1,1474.59,680.76,14.37,22.66,0.19,-1,-1,-1
249,-1,535.43,1463.52,23.38,16.98,0.13,-1,-1,-1
249,-1,1475.86,692.23,19.43,36.43,0.12,-1,-1,-1
249,-1,1228.13,0.55,161.88,50.48,0.05,-1,-1,-1
250,-1,1205.24,263.96,61.06,45.65,0.91,-1,-1,-1
250,-1,1424.67,636.61,93.26,102.98,0.86,-1,-1,-1
250,-1,1502.64,529.20,63.96,49.70,0.81,-1,-1,-1
250,-1,1228.10,265.11,19.13,25.90,0.76,-1,-1,-1
250,-1,1482.01,685.28,22.51,36.53,0.73,-1,-1,-1
250,-1,1487.79,504.58,48.61,38.66,0.69,-1,-1,-1
250,-1,1531.71,534.01,23.66,29.54,0.64,-1,-1,-1
250,-1,1472.76,670.60,18.08,27.06,0.39,-1,-1,-1
250,-1,1465.19,654.59,19.74,25.58,0.15,-1,-1,-1
250,-1,1464.36,686.45,51.70,51.73,0.07,-1,-1,-1
251,-1,1444.70,634.38,70.16,93.81,0.91,-1,-1,-1
251,-1,1202.01,261.58,61.19,45.75,0.91,-1,-1,-1
251,-1,1223.99,261.96,19.15,26.41,0.76,-1,-1,-1
251,-1,1481.95,674.92,22.64,33.65,0.73,-1,-1,-1
251,-1,1481.97,496.44,47.68,36.35,0.70,-1,-1,-1
251,-1,1471.89,654.42,17.04,22.52,0.64,-1,-1,-1
251,-1,1500.01,523.80,58.25,47.99,0.62,-1,-1,-1
251,-1,1496.30,522.16,61.52,50.63,0.39,-1,-1,-1
251,-1,1479.32,499.55,71.69,64.09,0.21,-1,-1,-1
251,-1,1525.95,525.42,27.24,30.71,0.13,-1,-1,-1
251,-1,1463.26,647.19,13.77,24.82,0.09,-1,-1,-1
251,-1,2437.89,898.46,16.07,21.40,0.08,-1,-1,-1
251,-1,1514.84,542.90,42.85,28.58,0.06,-1,-1,-1
252,-1,1199.30,258.75,60.42,45.34,0.90,-1,-1,-1
252,-1,1449.67,604.86,64.27,109.79,0.86,-1,-1,-1
252,-1,1488.98,508.20,62.43,54.24,0.82,-1,-1,-1
252,-1,1476.10,488.68,49.33,35.77,0.76,-1,-1,-1
252,-1,1221.52,258.83,18.62,26.12,0.76,-1,-1,-1
252,-1,1479.33,661.29,26.71,35.64,0.75,-1,-1,-1
252,-1,1522.28,518.45,27.34,29.29,0.68,-1,-1,-1
252,-1,1506.39,494.82,28.41,45.64,0.16,-1,-1,-1
252,-1,1480.71,653.75,16.71,20.46,0.09,-1,-1,-1
252,-1,1469.56,643.31,18.41,27.14,0.08,-1,-1,-1
252,-1,1520.11,523.94,15.09,18.85,0.07,-1,-1,-1
252,-1,1476.08,488.63,48.51,35.36,0.07,-1,-1,-1
252,-1,558.40,833.66,20.77,11.75,0.05,-1,-1,-1
253,-1,1434.47,607.99,90.41,92.87,0.91,-1,-1,-1
253,-1,1196.90,256.75,58.78,44.08,0.89,-1,-1,-1
253,-1,1488.85,507.41,56.28,46.95,0.87,-1,-1,-1
253,-1,1473.53,482.15,48.02,34.00,0.79,-1,-1,-1
253,-1,1518.02,509.69,21.52,30.36,0.74,-1,-1,-1
253,-1,1219.26,255.62,18.07,26.04,0.69,-1,-1,-1
253,-1,1483.06,651.01,20.77,32.25,0.68,-1,-1,-1
253,-1,1509.19,493.14,19.74,37.39,0.10,-1,-1,-1
253,-1,1926.13,1034.55,30.08,15.33,0.05,-1,-1,-1
254,-1,1440.95,602.49,75.81,85.19,0.90,-1,-1,-1
254,-1,1194.49,253.01,58.20,44.99,0.89,-1,-1,-1
254,-1,1472.74,494.98,81.91,52.55,0.84,-1,-1,-1
254,-1,1479.94,637.73,26.86,33.73,0.84,-1,-1,-1
254,-1,1512.55,502.24,21.38,30.24,0.75,-1,-1,-1
254,-1,1469.19,475.18,48.43,36.58,0.73,-1,-1,-1
254,-1,1216.10,253.15,17.74,24.81,0.65,-1,-1,-1
254,-1,1466.24,619.16,20.25,22.76,0.60,-1,-1,-1
254,-1,1469.29,475.19,47.31,35.79,0.06,-1,-1,-1
255,-1,1192.18,249.28,57.57,45.22,0.89,-1,-1,-1
255,-1,1421.36,588.93,98.92,86.86,0.89,-1,-1,-1
255,-1,1464.36,467.71,73.04,72.05,0.86,-1,-1,-1
255,-1,1479.95,625.16,24.65,33.17,0.76,-1,-1,-1
255,-1,1465.58,609.79,16.85,24.67,0.72,-1,-1,-1
255,-1,1213.65,250.78,17.43,24.85,0.66,-1,-1,-1
255,-1,1468.02,465.13,43.76,34.90,0.63,-1,-1,-1
255,-1,1452.70,598.87,15.65,23.90,0.36,-1,-1,-1
255,-1,1505.10,496.11,20.96,28.12,0.31,-1,-1,-1
255,-1,1466.40,628.99,52.31,45.29,0.15,-1,-1,-1
256,-1,1190.45,240.16,55.90,42.26,0.89,-1,-1,-1
256,-1,1428.10,556.15,89.24,100.29,0.88,-1,-1,-1
256,-1,1462.12,452.78,49.86,32.87,0.74,-1,-1,-1
256,-1,1211.52,239.26,18.73,26.32,0.74,-1,-1,-1
256,-1,1475.91,476.13,57.09,47.26,0.69,-1,-1,-1
256,-1,1482.55,607.39,21.27,33.84,0.69,-1,-1,-1
256,-1,1503.66,478.37,20.60,32.95,0.35,-1,-1,-1
256,-1,1460.08,590.50,19.86,25.19,0.31,-1,-1,-1
256,-1,1459.70,588.72,27.75,46.61,0.13,-1,-1,-1
256,-1,1453.45,583.69,13.94,21.94,0.09,-1,-1,-1
256,-1,1470.59,609.50,17.52,26.34,0.07,-1,-1,-1
256,-1,1479.38,614.67,36.11,41.02,0.07,-1,-1,-1
257,-1,1432.58,579.74,83.14,84.64,0.92,-1,-1,-1
257,-1,1190.14,242.56,56.18,47.82,0.90,-1,-1,-1
257,-1,1462.63,460.06,69.56,72.39,0.85,-1,-1,-1
257,-1,1465.72,597.20,17.10,27.59,0.66,-1,-1,-1
257,-1,1464.34,458.35,46.79,35.19,0.66,-1,-1,-1
257,-1,1211.35,243.92,18.44,25.81,0.64,-1,-1,-1
257,-1,1487.10,614.79,22.07,33.76,0.56,-1,-1,-1
257,-1,1452.65,590.34,15.09,21.45,0.37,-1,-1,-1
257,-1,1504.95,485.10,19.78,32.67,0.33,-1,-1,-1
257,-1,1463.85,458.36,46.51,35.04,0.13,-1,-1,-1
257,-1,1493.88,464.14,23.97,39.39,0.05,-1,-1,-1
258,-1,1188.90,253.26,57.18,52.29,0.92,-1,-1,-1
258,-1,1440.48,584.47,81.37,103.45,0.91,-1,-1,-1
258,-1,1464.74,479.98,70.09,72.19,0.90,-1,-1,-1
258,-1,1493.61,636.88,21.69,35.08,0.72,-1,-1,-1
258,-1,1209.24,260.15,18.73,27.30,0.70,-1,-1,-1
258,-1,1471.15,620.72,16.67,26.26,0.61,-1,-1,-1
258,-1,1507.65,508.41,20.33,29.65,0.45,-1,-1,-1
258,-1,1484.30,627.46,20.88,37.51,0.45,-1,-1,-1
258,-1,1467.24,479.89,47.70,34.06,0.38,-1,-1,-1
258,-1,1456.94,610.80,11.22,22.56,0.26,-1,-1,-1
258,-1,1501.51,487.10,17.75,30.12,0.06,-1,-1,-1
259,-1,1184.14,278.12,63.58,46.46,0.89,-1,-1,-1
259,-1,1441.45,618.55,101.60,100.46,0.89,-1,-1,-1
259,-1,1469.24,513.13,73.89,67.37,0.85,-1,-1,-1
259,-1,1204.95,278.97,22.72,27.20,0.75,-1,-1,-1
259,-1,1501.98,668.48,23.69,33.73,0.70,-1,-1,-1
259,-1,1470.11,503.66,49.96,35.13,0.70,-1,-1,-1
259,-1,1511.78,534.47,19.23,30.38,0.66,-1,-1,-1
259,-1,1472.63,648.41,22.44,21.32,0.61,-1,-1,-1
259,-1,1487.84,662.35,24.82,35.21,0.34,-1,-1,-1
259,-1,1166.75,1143.81,9.89,27.52,0.15,-1,-1,-1
259,-1,-0.79,-2.52,797.80,805.69,0.15,-1,-1,-1
259,-1,1457.87,636.95,11.01,22.25,0.14,-1,-1,-1
259,-1,433.47,880.54,26.00,8.78,0.11,-1,-1,-1
259,-1,1497.18,504.69,22.94,26.00,0.08,-1,-1,-1
259,-1,1490.66,653.39,36.64,38.80,0.08,-1,-1,-1
259,-1,512.06,898.96,22.41,8.55,0.06,-1,-1,-1
260,-1,1181.89,302.96,66.40,48.43,0.92,-1,-1,-1
260,-1,1430.72,671.86,115.71,92.30,0.88,-1,-1,-1
260,-1,1502.26,572.47,48.93,45.32,0.77,-1,-1,-1
260,-1,1205.59,305.10,18.26,27.11,0.76,-1,-1,-1
260,-1,1475.97,540.54,50.84,56.00,0.68,-1,-1,-1
260,-1,1513.27,570.82,26.66,33.46,0.68,-1,-1,-1
260,-1,1479.95,692.84,18.77,26.24,0.58,-1,-1,-1
260,-1,1505.63,711.05,27.14,35.09,0.55,-1,-1,-1
260,-1,1166.91,1251.10,10.97,30.42,0.21,-1,-1,-1
260,-1,1493.93,708.89,29.77,24.93,0.20,-1,-1,-1
260,-1,1491.47,697.79,22.55,26.49,0.07,-1,-1,-1
260,-1,1476.12,559.48,69.85,34.66,0.07,-1,-1,-1
260,-1,1463.53,687.03,13.68,18.66,0.06,-1,-1,-1
261,-1,1451.00,700.98,105.77,122.23,0.92,-1,-1,-1
261,-1,1178.69,334.89,65.39,52.55,0.90,-1,-1,-1
261,-1,1514.35,769.02,25.94,35.95,0.78,-1,-1,-1
261,-1,1201.59,337.41,21.26,28.28,0.67,-1,-1,-1
261,-1,1485.58,600.53,74.13,69.78,0.67,-1,-1,-1
261,-1,1481.63,584.49,54.97,38.02,0.52,-1,-1,-1
261,-1,1168.73,1394.82,10.01,33.88,0.36,-1,-1,-1
261,-1,1486.12,747.94,18.67,25.87,0.24,-1,-1,-1
261,-1,1527.23,619.69,23.30,33.34,0.15,-1,-1,-1
261,-1,593.30,832.52,103.26,37.99,0.10,-1,-1,-1
262,-1,1456.18,787.39,107.14,110.69,0.94,-1,-1,-1
262,-1,1174.34,368.15,63.14,61.15,0.91,-1,-1,-1
262,-1,1492.69,639.58,54.08,39.32,0.76,-1,-1,-1
262,-1,1525.76,838.96,24.36,39.38,0.75,-1,-1,-1
262,-1,1198.64,375.73,21.65,29.96,0.75,-1,-1,-1
262,-1,1500.07,665.66,68.79,66.02,0.73,-1,-1,-1
262,-1,1534.36,678.18,28.19,36.07,0.63,-1,-1,-1
262,-1,1490.72,813.79,21.78,29.98,0.16,-1,-1,-1
262,-1,626.13,659.45,13.35,8.80,0.09,-1,-1,-1
262,-1,1490.13,811.69,33.42,49.51,0.06,-1,-1,-1
262,-1,1483.65,813.10,20.11,21.33,0.06,-1,-1,-1
263,-1,1448.99,955.82,131.02,144.33,0.96,-1,-1,-1
263,-1,1141.97,469.70,82.06,62.66,0.91,-1,-1,-1
263,-1,1495.55,782.64,64.24,48.32,0.87,-1,-1,-1
263,-1,1518.23,803.72,72.91,90.10,0.81,-1,-1,-1
263,-1,1550.05,837.15,27.64,37.55,0.81,-1,-1,-1
263,-1,1539.99,1028.70,28.13,47.77,0.72,-1,-1,-1
263,-1,1171.82,475.78,26.22,32.72,0.69,-1,-1,-1
263,-1,1493.93,998.48,28.94,27.90,0.13,-1,-1,-1
263,-1,1492.17,1000.00,39.24,54.43,0.11,-1,-1,-1
263,-1,1517.97,1005.78,35.25,59.12,0.05,-1,-1,-1
264,-1,1123.17,533.32,87.03,66.45,0.91,-1,-1,-1
264,-1,1419.44,1080.20,168.59,149.61,0.89,-1,-1,-1
264,-1,1495.73,875.00,65.50,53.77,0.81,-1,-1,-1
264,-1,1549.03,936.24,37.95,41.46,0.79,-1,-1,-1
264,-1,1515.97,911.34,79.41,87.40,0.78,-1,-1,-1
264,-1,1157.15,542.36,22.14,31.76,0.72,-1,-1,-1
264,-1,1532.23,1158.15,34.77,45.81,0.65,-1,-1,-1
264,-1,1482.15,1116.60,45.70,45.70,0.20,-1,-1,-1
264,-1,1144.95,549.34,14.53,16.58,0.10,-1,-1,-1
264,-1,1.24,-4.13,773.83,818.93,0.06,-1,-1,-1
265,-1,1383.71,1226.57,134.71,179.52,0.95,-1,-1,-1
265,-1,1061.03,614.28,88.84,76.05,0.92,-1,-1,-1
265,-1,1478.06,1027.23,95.67,115.12,0.88,-1,-1,-1
265,-1,1458.97,1003.92,65.12,61.60,0.85,-1,-1,-1
265,-1,1520.18,1076.26,39.00,45.10,0.83,-1,-1,-1
265,-1,1467.53,1323.55,34.50,55.66,0.68,-1,-1,-1
265,-1,1090.54,623.11,31.96,38.59,0.67,-1,-1,-1
265,-1,1424.84,1271.74,30.76,35.48,0.55,-1,-1,-1
265,-1,1155.67,1.93,539.41,306.60,0.17,-1,-1,-1
265,-1,1423.91,1273.75,16.15,29.38,0.15,-1,-1,-1
265,-1,1446.01,1280.84,11.35,19.80,0.10,-1,-1,-1
265,-1,1458.18,1338.92,26.05,33.58,0.08,-1,-1,-1
266,-1,1350.19,1205.40,140.12,181.16,0.94,-1,-1,-1
266,-1,1035.46,610.23,98.21,74.86,0.92,-1,-1,-1
266,-1,1455.02,1018.69,92.43,114.07,0.89,-1,-1,-1
266,-1,1430.86,991.55,71.23,62.44,0.88,-1,-1,-1
266,-1,1076.37,620.74,27.07,35.81,0.75,-1,-1,-1
266,-1,1428.07,1303.95,48.74,53.00,0.68,-1,-1,-1
266,-1,1499.22,1063.18,37.67,46.43,0.43,-1,-1,-1
266,-1,1394.90,1251.65,33.72,49.09,0.22,-1,-1,-1
266,-1,1080.22,0.15,66.57,15.53,0.19,-1,-1,-1
266,-1,1149.81,2.00,543.19,305.88,0.13,-1,-1,-1
266,-1,1392.88,1250.94,63.60,72.72,0.11,-1,-1,-1
267,-1,1022.25,604.41,97.43,73.12,0.91,-1,-1,-1
267,-1,1308.16,1184.68,152.80,172.84,0.90,-1,-1,-1
267,-1,1413.04,975.18,111.30,138.71,0.85,-1,-1,-1
267,-1,1402.64,1278.04,41.94,51.69,0.84,-1,-1,-1
267,-1,1414.39,978.76,66.33,57.44,0.82,-1,-1,-1
267,-1,1057.98,613.99,27.03,35.13,0.70,-1,-1,-1
267,-1,1479.58,1047.36,34.74,44.02,0.34,-1,-1,-1
267,-1,1065.49,0.09,75.81,15.18,0.28,-1,-1,-1
267,-1,1364.08,1228.78,39.29,47.11,0.23,-1,-1,-1
267,-1,1140.85,1.87,545.00,302.32,0.21,-1,-1,-1
267,-1,1363.06,1227.23,74.67,55.74,0.11,-1,-1,-1
267,-1,1050.53,613.65,21.81,28.53,0.09,-1,-1,-1
267,-1,580.46,651.63,48.07,33.88,0.07,-1,-1,-1
267,-1,1475.11,1057.49,19.94,30.10,0.07,-1,-1,-1
267,-1,0.60,97.82,799.05,860.80,0.06,-1,-1,-1
267,-1,1047.94,618.35,18.46,17.96,0.06,-1,-1,-1
268,-1,1288.05,1116.12,109.99,177.65,0.95,-1,-1,-1
268,-1,997.02,583.62,87.82,74.48,0.92,-1,-1,-1
268,-1,1380.69,940.47,58.91,57.94,0.85,-1,-1,-1
268,-1,1351.79,1213.05,26.83,52.37,0.83,-1,-1,-1
268,-1,1387.66,950.10,98.67,118.72,0.77,-1,-1,-1
268,-1,1440.75,1006.14,32.19,42.68,0.70,-1,-1,-1
268,-1,1031.86,589.62,28.47,41.42,0.53,-1,-1,-1
268,-1,1130.97,0.21,547.31,307.16,0.49,-1,-1,-1
268,-1,1316.89,1168.36,36.60,47.48,0.39,-1,-1,-1
268,-1,1317.98,1169.86,23.39,27.23,0.25,-1,-1,-1
268,-1,1326.66,1165.05,14.86,26.43,0.15,-1,-1,-1
268,-1,1333.60,1172.83,18.59,28.18,0.07,-1,-1,-1
268,-1,1059.46,-0.08,71.87,13.94,0.05,-1,-1,-1
