1,-1,657.45,530.20,15.46,11.91,0.13,-1,-1,-1
2,-1,657.45,530.20,15.46,11.91,0.13,-1,-1,-1
3,-1,931.09,979.94,65.16,22.80,0.73,-1,-1,-1
3,-1,928.18,893.13,30.42,15.46,0.43,-1,-1,-1
3,-1,905.79,901.99,54.90,15.84,0.41,-1,-1,-1
3,-1,904.63,893.63,54.41,24.05,0.32,-1,-1,-1
3,-1,1508.92,744.58,57.14,13.27,0.29,-1,-1,-1
3,-1,929.96,992.61,75.96,14.74,0.24,-1,-1,-1
3,-1,927.60,992.97,78.68,14.18,0.20,-1,-1,-1
3,-1,1749.44,712.61,16.65,14.79,0.18,-1,-1,-1
3,-1,877.32,268.60,88.15,16.05,0.18,-1,-1,-1
3,-1,2022.08,639.07,26.44,17.37,0.15,-1,-1,-1
3,-1,1261.68,777.04,65.75,12.43,0.12,-1,-1,-1
3,-1,905.09,903.39,54.94,14.36,0.12,-1,-1,-1
3,-1,1885.33,628.67,323.80,62.62,0.11,-1,-1,-1
3,-1,930.23,987.09,27.01,15.55,0.10,-1,-1,-1
3,-1,968.48,980.04,26.06,21.11,0.09,-1,-1,-1
3,-1,930.22,986.23,27.56,16.35,0.07,-1,-1,-1
3,-1,1405.42,570.40,10.81,9.96,0.06,-1,-1,-1
3,-1,1902.95,677.97,20.11,13.69,0.06,-1,-1,-1
3,-1,1901.40,638.69,144.05,54.21,0.05,-1,-1,-1
4,-1,434.01,1406.25,46.25,33.01,0.69,-1,-1,-1
4,-1,612.32,833.64,28.32,14.06,0.61,-1,-1,-1
4,-1,181.98,1325.43,54.27,14.44,0.45,-1,-1,-1
4,-1,59.23,805.92,17.89,18.68,0.45,-1,-1,-1
4,-1,177.45,1299.33,63.01,37.19,0.44,-1,-1,-1
4,-1,430.99,807.90,76.48,16.84,0.19,-1,-1,-1
4,-1,371.45,851.66,21.67,11.35,0.15,-1,-1,-1
4,-1,371.19,852.00,22.40,10.90,0.09,-1,-1,-1
4,-1,1272.64,1424.44,24.17,14.84,0.09,-1,-1,-1
4,-1,461.81,1404.01,33.96,35.00,0.08,-1,-1,-1
4,-1,1935.09,902.48,62.64,15.38,0.06,-1,-1,-1
5,-1,523.11,990.30,30.56,35.21,0.74,-1,-1,-1
5,-1,1357.34,1331.88,38.81,49.86,0.73,-1,-1,-1
5,-1,763.48,1230.73,135.33,27.94,0.72,-1,-1,-1
5,-1,801.60,1196.38,39.26,50.69,0.67,-1,-1,-1
5,-1,1372.66,1377.95,39.36,15.55,0.64,-1,-1,-1
5,-1,1051.56,770.21,17.10,17.31,0.49,-1,-1,-1
5,-1,1540.41,820.97,35.39,13.37,0.45,-1,-1,-1
5,-1,522.52,1023.97,37.10,10.13,0.39,-1,-1,-1
5,-1,956.39,794.78,43.79,14.14,0.34,-1,-1,-1
5,-1,764.22,1243.82,64.10,14.34,0.33,-1,-1,-1
5,-1,409.10,846.96,38.72,17.73,0.32,-1,-1,-1
5,-1,1307.21,825.68,49.91,18.03,0.27,-1,-1,-1
5,-1,1201.31,1233.42,71.54,29.17,0.24,-1,-1,-1
5,-1,1218.51,1233.57,17.64,19.04,0.21,-1,-1,-1
5,-1,982.81,721.29,16.76,13.18,0.20,-1,-1,-1
5,-1,654.02,830.25,34.61,10.44,0.16,-1,-1,-1
5,-1,1193.57,1233.43,47.46,24.89,0.16,-1,-1,-1
5,-1,1395.00,790.35,54.48,11.71,0.14,-1,-1,-1
5,-1,1139.27,1241.15,137.67,24.26,0.12,-1,-1,-1
5,-1,522.68,1024.52,38.01,16.44,0.09,-1,-1,-1
5,-1,2520.46,466.83,37.66,72.60,0.08,-1,-1,-1
5,-1,797.38,1196.87,97.60,52.11,0.08,-1,-1,-1
5,-1,2521.77,518.09,31.82,20.75,0.07,-1,-1,-1
5,-1,389.05,451.15,21.08,12.58,0.07,-1,-1,-1
5,-1,1200.35,1251.25,75.66,13.53,0.06,-1,-1,-1
5,-1,1331.88,826.07,25.47,17.28,0.06,-1,-1,-1
5,-1,400.05,847.88,59.88,28.50,0.06,-1,-1,-1
5,-1,1142.70,1233.34,99.71,26.65,0.05,-1,-1,-1
6,-1,1645.97,1347.74,57.50,42.98,0.83,-1,-1,-1
6,-1,848.84,974.93,28.89,34.05,0.81,-1,-1,-1
6,-1,1108.04,1176.19,35.01,49.79,0.80,-1,-1,-1
6,-1,1074.59,1210.01,117.83,27.08,0.70,-1,-1,-1
6,-1,853.84,1005.29,32.19,14.57,0.66,-1,-1,-1
6,-1,1351.71,767.56,10.27,13.67,0.62,-1,-1,-1
6,-1,1870.69,824.27,24.37,15.35,0.61,-1,-1,-1
6,-1,776.80,834.04,55.58,21.26,0.59,-1,-1,-1
6,-1,1752.31,794.86,15.90,16.21,0.51,-1,-1,-1
6,-1,1658.23,832.84,34.41,14.12,0.48,-1,-1,-1
6,-1,979.50,816.17,41.73,12.19,0.46,-1,-1,-1
6,-1,1291.81,717.19,19.77,17.77,0.46,-1,-1,-1
6,-1,1311.74,792.52,13.11,10.18,0.44,-1,-1,-1
6,-1,1661.99,1389.09,38.92,12.13,0.36,-1,-1,-1
6,-1,1048.85,996.50,23.42,16.03,0.35,-1,-1,-1
6,-1,1571.25,1264.72,29.66,28.85,0.35,-1,-1,-1
6,-1,1011.09,816.88,12.89,11.22,0.34,-1,-1,-1
6,-1,2037.45,669.22,14.52,8.86,0.21,-1,-1,-1
6,-1,768.67,453.26,18.16,13.45,0.20,-1,-1,-1
6,-1,2206.40,332.01,29.27,17.14,0.17,-1,-1,-1
6,-1,776.47,833.44,31.36,14.62,0.16,-1,-1,-1
6,-1,1752.89,795.15,17.30,34.32,0.16,-1,-1,-1
6,-1,1558.10,1285.63,55.37,14.92,0.14,-1,-1,-1
6,-1,1074.60,1219.92,63.85,17.51,0.11,-1,-1,-1
6,-1,1547.29,1264.68,43.88,30.81,0.10,-1,-1,-1
6,-1,1469.21,1251.31,142.90,48.27,0.10,-1,-1,-1
6,-1,768.67,453.12,18.18,13.48,0.10,-1,-1,-1
6,-1,1645.44,1377.64,54.00,22.46,0.07,-1,-1,-1
6,-1,1301.03,688.08,13.99,10.13,0.07,-1,-1,-1
6,-1,2189.32,680.06,18.97,9.04,0.07,-1,-1,-1
6,-1,2547.54,531.31,11.98,11.61,0.06,-1,-1,-1
6,-1,775.85,833.89,56.18,22.15,0.06,-1,-1,-1
6,-1,1583.62,1288.45,32.13,12.84,0.06,-1,-1,-1
6,-1,1301.96,687.95,13.18,10.05,0.05,-1,-1,-1
7,-1,1627.66,1315.53,43.14,41.66,0.84,-1,-1,-1
7,-1,835.77,949.30,29.37,34.12,0.81,-1,-1,-1
7,-1,1093.47,1152.25,29.97,47.29,0.80,-1,-1,-1
7,-1,1734.42,784.96,14.85,16.20,0.70,-1,-1,-1
7,-1,1664.32,817.50,21.26,13.88,0.69,-1,-1,-1
7,-1,1334.71,752.07,13.19,16.75,0.66,-1,-1,-1
7,-1,1637.60,1359.55,39.73,16.27,0.65,-1,-1,-1
7,-1,1527.78,1234.25,135.76,34.80,0.64,-1,-1,-1
7,-1,1055.82,1191.80,52.86,13.80,0.59,-1,-1,-1
7,-1,1859.05,807.35,28.28,16.87,0.56,-1,-1,-1
7,-1,2203.44,682.83,20.78,11.13,0.53,-1,-1,-1
7,-1,1074.53,728.50,28.40,21.70,0.50,-1,-1,-1
7,-1,792.70,813.50,35.98,20.15,0.48,-1,-1,-1
7,-1,842.56,976.80,34.47,14.97,0.48,-1,-1,-1
7,-1,1280.65,705.43,10.21,17.58,0.45,-1,-1,-1
7,-1,998.03,797.63,42.91,13.14,0.38,-1,-1,-1
7,-1,2028.76,658.89,16.03,9.49,0.30,-1,-1,-1
7,-1,2217.13,664.45,14.94,11.02,0.28,-1,-1,-1
7,-1,1052.96,1190.42,115.33,14.44,0.26,-1,-1,-1
7,-1,1623.17,1235.37,40.17,28.32,0.22,-1,-1,-1
7,-1,1546.93,1257.56,147.86,13.95,0.19,-1,-1,-1
7,-1,791.60,815.86,41.67,23.27,0.13,-1,-1,-1
7,-1,1316.99,675.54,9.73,10.84,0.13,-1,-1,-1
7,-1,1625.15,1260.67,69.75,11.33,0.13,-1,-1,-1
7,-1,2198.60,685.39,9.76,10.12,0.13,-1,-1,-1
7,-1,770.00,451.59,18.63,12.29,0.12,-1,-1,-1
7,-1,1528.34,1241.55,166.23,33.66,0.11,-1,-1,-1
7,-1,810.74,817.01,18.92,16.47,0.11,-1,-1,-1
7,-1,2498.55,807.31,49.41,13.44,0.09,-1,-1,-1
7,-1,1293.95,676.67,28.64,11.25,0.08,-1,-1,-1
7,-1,1907.65,456.40,15.69,50.32,0.07,-1,-1,-1
7,-1,1850.83,813.31,13.79,10.49,0.07,-1,-1,-1
7,-1,1197.78,777.63,17.84,13.45,0.07,-1,-1,-1
7,-1,2399.82,539.47,10.00,11.28,0.07,-1,-1,-1
7,-1,836.73,478.90,24.68,10.03,0.06,-1,-1,-1
7,-1,792.07,813.71,34.77,20.39,0.06,-1,-1,-1
7,-1,2405.06,539.17,9.75,11.84,0.06,-1,-1,-1
7,-1,1626.14,1256.83,39.42,11.97,0.05,-1,-1,-1
7,-1,2499.01,809.23,26.14,10.64,0.05,-1,-1,-1
8,-1,1086.50,1045.66,31.75,55.19,0.83,-1,-1,-1
8,-1,2505.79,1346.02,34.62,85.49,0.83,-1,-1,-1
8,-1,1602.20,1191.62,58.59,49.46,0.80,-1,-1,-1
8,-1,838.43,852.15,27.20,32.03,0.80,-1,-1,-1
8,-1,2452.92,1392.28,106.93,44.94,0.76,-1,-1,-1
8,-1,1849.00,718.41,22.04,14.75,0.72,-1,-1,-1
8,-1,807.98,723.43,47.86,23.71,0.70,-1,-1,-1
8,-1,1724.59,698.80,16.48,14.97,0.70,-1,-1,-1
8,-1,1582.65,1139.35,97.83,36.55,0.66,-1,-1,-1
8,-1,1332.01,660.88,11.70,16.65,0.65,-1,-1,-1
8,-1,1616.02,1235.91,39.06,18.26,0.63,-1,-1,-1
8,-1,1051.81,1076.83,115.24,23.40,0.62,-1,-1,-1
8,-1,840.97,880.64,33.78,10.86,0.50,-1,-1,-1
8,-1,2228.87,581.82,9.79,11.77,0.42,-1,-1,-1
8,-1,1006.61,711.92,51.21,15.75,0.40,-1,-1,-1
8,-1,1117.24,1077.62,50.16,14.06,0.36,-1,-1,-1
8,-1,833.11,728.94,11.61,11.03,0.36,-1,-1,-1
8,-1,769.00,374.63,18.79,11.52,0.34,-1,-1,-1
8,-1,1316.30,682.96,41.40,14.15,0.33,-1,-1,-1
8,-1,1051.81,1087.84,46.71,11.71,0.32,-1,-1,-1
8,-1,1274.46,618.84,11.82,12.94,0.27,-1,-1,-1
8,-1,2202.63,580.87,36.87,29.39,0.26,-1,-1,-1
8,-1,1339.27,682.98,18.74,12.51,0.26,-1,-1,-1
8,-1,1319.23,594.97,23.54,13.51,0.25,-1,-1,-1
8,-1,2202.98,597.47,18.02,12.60,0.21,-1,-1,-1
8,-1,1319.54,595.04,23.20,13.03,0.21,-1,-1,-1
8,-1,2486.43,719.69,67.46,11.48,0.21,-1,-1,-1
8,-1,1667.36,729.11,37.05,13.53,0.21,-1,-1,-1
8,-1,1078.27,646.14,55.07,18.86,0.16,-1,-1,-1
8,-1,1652.94,1140.91,26.64,34.11,0.15,-1,-1,-1
8,-1,1038.46,713.55,20.06,14.84,0.13,-1,-1,-1
8,-1,2491.21,720.21,15.22,10.30,0.12,-1,-1,-1
8,-1,1620.91,1166.59,70.81,12.60,0.11,-1,-1,-1
8,-1,2480.18,724.04,25.05,9.53,0.10,-1,-1,-1
8,-1,1601.75,1208.97,53.88,46.68,0.09,-1,-1,-1
8,-1,809.50,723.39,12.64,14.27,0.08,-1,-1,-1
8,-1,1581.45,1160.55,113.51,19.40,0.07,-1,-1,-1
8,-1,1305.76,680.31,53.85,14.34,0.06,-1,-1,-1
8,-1,2024.93,574.54,48.86,10.65,0.06,-1,-1,-1
8,-1,1305.80,679.97,51.30,12.01,0.05,-1,-1,-1
9,-1,2395.09,1103.02,147.40,52.25,0.91,-1,-1,-1
9,-1,843.76,584.98,26.85,33.69,0.83,-1,-1,-1
9,-1,2443.61,1069.85,55.10,79.80,0.80,-1,-1,-1
9,-1,1566.17,917.46,50.48,37.18,0.79,-1,-1,-1
9,-1,1333.25,396.93,14.76,17.77,0.76,-1,-1,-1
9,-1,1836.15,446.91,24.93,13.96,0.65,-1,-1,-1
9,-1,1711.01,427.52,13.19,15.70,0.65,-1,-1,-1
9,-1,1596.86,866.83,116.68,28.82,0.61,-1,-1,-1
9,-1,1365.38,424.50,13.05,14.22,0.61,-1,-1,-1
9,-1,1699.59,462.73,14.92,12.81,0.60,-1,-1,-1
9,-1,849.08,616.06,32.26,10.29,0.58,-1,-1,-1
9,-1,1572.98,954.06,39.16,18.26,0.58,-1,-1,-1
9,-1,1076.30,769.37,81.19,54.51,0.54,-1,-1,-1
9,-1,837.84,464.04,39.97,18.27,0.52,-1,-1,-1
9,-1,1077.82,769.41,31.82,53.62,0.45,-1,-1,-1
9,-1,2210.40,335.70,15.50,11.09,0.44,-1,-1,-1
9,-1,1279.15,349.20,10.14,16.01,0.44,-1,-1,-1
9,-1,1044.64,800.71,113.88,23.18,0.36,-1,-1,-1
9,-1,2483.43,454.30,47.49,15.42,0.35,-1,-1,-1
9,-1,1676.11,892.06,49.82,21.49,0.33,-1,-1,-1
9,-1,2483.46,455.22,21.31,13.03,0.32,-1,-1,-1
9,-1,1044.10,808.63,47.05,14.80,0.22,-1,-1,-1
9,-1,1335.08,328.65,12.94,10.46,0.20,-1,-1,-1
9,-1,835.71,471.54,50.78,15.07,0.19,-1,-1,-1
9,-1,2223.93,336.85,12.74,10.39,0.18,-1,-1,-1
9,-1,1032.52,448.06,47.99,14.50,0.16,-1,-1,-1
9,-1,1566.02,935.76,46.22,36.93,0.15,-1,-1,-1
9,-1,1594.26,879.25,132.09,37.11,0.15,-1,-1,-1
9,-1,2031.94,309.73,23.61,9.44,0.13,-1,-1,-1
9,-1,1931.52,141.09,20.09,11.78,0.12,-1,-1,-1
9,-1,758.62,100.15,21.26,15.03,0.12,-1,-1,-1
9,-1,-0.54,608.04,798.78,825.91,0.12,-1,-1,-1
9,-1,1667.96,871.20,44.74,23.19,0.11,-1,-1,-1
9,-1,835.00,475.38,62.00,12.46,0.10,-1,-1,-1
9,-1,835.00,463.13,17.06,17.74,0.08,-1,-1,-1
9,-1,2051.66,260.59,14.55,9.25,0.07,-1,-1,-1
9,-1,1334.32,328.60,24.32,12.66,0.07,-1,-1,-1
9,-1,1034.40,448.06,42.04,12.68,0.06,-1,-1,-1
9,-1,2423.06,187.60,14.57,10.38,0.06,-1,-1,-1
9,-1,2210.86,335.27,16.28,11.05,0.05,-1,-1,-1
9,-1,1110.97,799.55,48.41,16.04,0.05,-1,-1,-1
10,-1,2329.14,1016.02,145.39,43.82,0.87,-1,-1,-1
10,-1,841.98,478.53,23.92,33.58,0.83,-1,-1,-1
10,-1,2477.34,1377.26,68.56,62.08,0.83,-1,-1,-1
10,-1,1064.73,664.13,31.05,48.67,0.81,-1,-1,-1
10,-1,2364.15,976.11,51.09,68.63,0.80,-1,-1,-1
10,-1,1524.05,810.98,58.23,35.67,0.77,-1,-1,-1
10,-1,1642.11,786.12,114.58,34.06,0.77,-1,-1,-1
10,-1,1033.16,695.70,102.54,19.74,0.76,-1,-1,-1
10,-1,1699.97,314.41,18.99,20.39,0.75,-1,-1,-1
10,-1,1834.07,329.09,15.57,14.85,0.73,-1,-1,-1
10,-1,846.39,508.38,30.94,14.01,0.71,-1,-1,-1
10,-1,1334.69,289.12,11.66,15.89,0.64,-1,-1,-1
10,-1,1293.34,227.47,14.55,21.58,0.51,-1,-1,-1
10,-1,873.67,369.33,17.86,13.13,0.45,-1,-1,-1
10,-1,1526.19,840.00,47.56,18.17,0.45,-1,-1,-1
10,-1,2475.56,351.69,15.64,9.57,0.45,-1,-1,-1
10,-1,2236.88,226.30,16.40,10.06,0.42,-1,-1,-1
10,-1,1682.81,356.61,55.18,15.77,0.42,-1,-1,-1
10,-1,1390.05,311.24,14.06,9.96,0.27,-1,-1,-1
10,-1,1055.95,336.98,54.97,19.57,0.25,-1,-1,-1
10,-1,1096.63,695.85,39.15,11.94,0.22,-1,-1,-1
10,-1,861.72,367.21,32.26,16.33,0.20,-1,-1,-1
10,-1,1687.62,813.56,90.22,15.05,0.19,-1,-1,-1
10,-1,1641.16,787.28,32.50,17.35,0.19,-1,-1,-1
10,-1,2221.24,229.44,32.79,9.46,0.18,-1,-1,-1
10,-1,1356.05,308.64,46.89,13.27,0.16,-1,-1,-1
10,-1,2020.48,200.30,22.54,10.08,0.15,-1,-1,-1
10,-1,1338.95,299.44,63.07,21.02,0.14,-1,-1,-1
10,-1,1718.05,356.78,19.88,14.06,0.13,-1,-1,-1
10,-1,1642.36,792.61,136.48,31.88,0.13,-1,-1,-1
10,-1,798.47,1221.90,112.11,132.39,0.13,-1,-1,-1
10,-1,1094.00,343.86,10.97,11.94,0.12,-1,-1,-1
10,-1,2302.45,206.88,11.61,9.15,0.10,-1,-1,-1
10,-1,1661.64,802.77,62.53,17.44,0.09,-1,-1,-1
10,-1,1364.73,209.96,9.59,9.01,0.09,-1,-1,-1
10,-1,862.00,372.98,38.47,15.71,0.07,-1,-1,-1
10,-1,1704.52,793.31,51.44,26.05,0.07,-1,-1,-1
10,-1,1681.65,359.02,17.10,11.38,0.06,-1,-1,-1
10,-1,2384.64,1423.06,17.30,16.39,0.06,-1,-1,-1
10,-1,1032.26,702.43,44.07,12.62,0.06,-1,-1,-1
10,-1,2474.02,351.04,42.62,12.55,0.06,-1,-1,-1
10,-1,1732.57,793.41,23.32,22.96,0.05,-1,-1,-1
10,-1,1064.87,1326.14,59.57,46.40,0.05,-1,-1,-1
10,-1,784.45,909.72,34.33,24.28,0.05,-1,-1,-1
11,-1,2267.59,969.14,142.25,44.10,0.86,-1,-1,-1
11,-1,2437.00,1357.08,65.44,82.27,0.86,-1,-1,-1
11,-1,2311.92,936.39,42.52,68.82,0.82,-1,-1,-1
11,-1,841.74,468.39,25.76,32.73,0.82,-1,-1,-1
11,-1,1053.14,642.35,31.22,51.21,0.82,-1,-1,-1
11,-1,1671.34,783.62,110.90,37.46,0.76,-1,-1,-1
11,-1,1507.42,787.36,44.61,40.13,0.74,-1,-1,-1
11,-1,1694.21,311.22,18.47,19.51,0.74,-1,-1,-1
11,-1,846.01,497.26,31.79,11.80,0.67,-1,-1,-1
11,-1,1343.16,274.02,11.25,13.28,0.62,-1,-1,-1
11,-1,1406.10,300.50,33.97,13.93,0.55,-1,-1,-1
11,-1,1826.09,317.33,11.94,14.29,0.52,-1,-1,-1
11,-1,2349.38,1393.82,99.75,45.19,0.52,-1,-1,-1
11,-1,1310.16,227.98,11.59,25.22,0.52,-1,-1,-1
11,-1,1721.55,355.26,38.58,14.40,0.49,-1,-1,-1
11,-1,1113.41,345.35,16.77,13.35,0.45,-1,-1,-1
11,-1,896.11,371.41,17.13,13.67,0.45,-1,-1,-1
11,-1,1510.13,825.60,35.44,13.29,0.44,-1,-1,-1
11,-1,1824.85,317.43,23.86,17.71,0.35,-1,-1,-1
11,-1,878.36,376.70,48.59,13.50,0.28,-1,-1,-1
11,-1,1423.96,300.65,16.21,12.95,0.24,-1,-1,-1
11,-1,877.43,366.61,42.31,19.98,0.23,-1,-1,-1
11,-1,1026.99,676.18,97.86,17.95,0.18,-1,-1,-1
11,-1,877.27,378.39,49.67,12.14,0.15,-1,-1,-1
11,-1,1078.72,677.94,44.52,12.03,0.15,-1,-1,-1
11,-1,1744.11,815.10,44.72,12.87,0.15,-1,-1,-1
11,-1,2439.93,351.74,38.12,13.99,0.14,-1,-1,-1
11,-1,2360.01,1396.58,198.14,42.19,0.13,-1,-1,-1
11,-1,1744.95,791.55,38.06,29.49,0.12,-1,-1,-1
11,-1,2348.22,1000.93,61.23,11.48,0.12,-1,-1,-1
11,-1,2439.52,351.79,29.54,13.86,0.11,-1,-1,-1
11,-1,1311.84,285.35,66.69,11.65,0.08,-1,-1,-1
11,-1,1809.12,318.65,41.75,17.22,0.07,-1,-1,-1
11,-1,1745.05,806.09,39.07,16.46,0.07,-1,-1,-1
11,-1,1721.18,357.52,42.13,12.42,0.07,-1,-1,-1
11,-1,2002.01,201.52,21.12,9.67,0.07,-1,-1,-1
11,-1,2232.88,225.67,30.48,10.83,0.07,-1,-1,-1
11,-1,2425.65,71.03,14.34,11.95,0.06,-1,-1,-1
11,-1,1667.81,797.26,131.34,33.41,0.06,-1,-1,-1
11,-1,1507.76,810.19,39.27,27.47,0.06,-1,-1,-1
11,-1,1026.23,680.43,58.25,12.99,0.06,-1,-1,-1
12,-1,2234.73,1051.06,124.83,45.02,0.88,-1,-1,-1
12,-1,2426.36,1390.57,68.01,48.61,0.86,-1,-1,-1
12,-1,841.85,550.34,28.17,32.65,0.84,-1,-1,-1
12,-1,1480.41,839.18,49.53,47.45,0.84,-1,-1,-1
12,-1,1070.94,700.55,31.48,48.64,0.82,-1,-1,-1
12,-1,1349.72,366.40,16.06,17.89,0.80,-1,-1,-1
12,-1,1490.06,883.44,35.33,16.42,0.76,-1,-1,-1
12,-1,2262.83,1016.07,54.81,64.65,0.74,-1,-1,-1
12,-1,1721.30,875.28,95.55,53.97,0.73,-1,-1,-1
12,-1,1688.29,394.04,19.35,18.04,0.71,-1,-1,-1
12,-1,1805.67,394.74,22.95,15.47,0.69,-1,-1,-1
12,-1,1322.59,316.22,11.68,14.58,0.67,-1,-1,-1
12,-1,1033.55,731.28,113.41,19.82,0.63,-1,-1,-1
12,-1,857.12,578.89,28.87,11.23,0.61,-1,-1,-1
12,-1,1460.25,387.96,12.53,11.71,0.61,-1,-1,-1
12,-1,2212.68,317.44,35.87,10.92,0.54,-1,-1,-1
12,-1,1755.83,433.06,23.30,12.98,0.54,-1,-1,-1
12,-1,2384.90,434.83,60.47,15.14,0.48,-1,-1,-1
12,-1,916.20,453.30,25.04,14.18,0.46,-1,-1,-1
12,-1,1107.59,432.16,55.52,14.53,0.43,-1,-1,-1
12,-1,1714.74,874.46,86.59,72.54,0.42,-1,-1,-1
12,-1,1445.79,282.83,14.38,10.73,0.39,-1,-1,-1
12,-1,902.44,448.01,44.76,22.64,0.29,-1,-1,-1
12,-1,1716.15,433.02,65.73,15.59,0.28,-1,-1,-1
12,-1,902.86,448.29,40.13,20.74,0.23,-1,-1,-1
12,-1,2320.97,296.73,18.03,8.67,0.18,-1,-1,-1
12,-1,1715.19,874.47,41.39,32.92,0.18,-1,-1,-1
12,-1,1965.83,294.00,34.21,9.11,0.13,-1,-1,-1
12,-1,903.17,447.94,13.88,19.31,0.12,-1,-1,-1
12,-1,1431.68,388.00,40.87,12.21,0.12,-1,-1,-1
12,-1,2385.46,436.03,21.11,11.83,0.11,-1,-1,-1
12,-1,1785.07,918.82,59.54,13.47,0.09,-1,-1,-1
12,-1,902.61,461.83,51.61,9.71,0.09,-1,-1,-1
12,-1,2339.30,1426.60,88.93,12.70,0.08,-1,-1,-1
12,-1,2282.71,276.54,18.73,9.03,0.08,-1,-1,-1
12,-1,1715.29,440.36,31.38,9.48,0.06,-1,-1,-1
12,-1,2415.29,157.37,9.79,12.39,0.06,-1,-1,-1
12,-1,908.67,455.91,39.66,13.40,0.06,-1,-1,-1
12,-1,800.75,1008.29,13.16,12.05,0.05,-1,-1,-1
12,-1,2334.31,689.47,118.88,34.04,0.05,-1,-1,-1
13,-1,2242.87,1055.68,70.34,68.19,0.83,-1,-1,-1
13,-1,2216.68,1095.61,119.40,32.94,0.82,-1,-1,-1
13,-1,853.12,598.64,23.99,28.94,0.80,-1,-1,-1
13,-1,1482.12,880.31,48.07,46.48,0.79,-1,-1,-1
13,-1,1688.52,450.36,18.66,21.28,0.74,-1,-1,-1
13,-1,1807.38,451.41,14.98,14.70,0.70,-1,-1,-1
13,-1,1351.58,426.21,13.98,16.78,0.68,-1,-1,-1
13,-1,1087.43,751.98,29.76,44.11,0.65,-1,-1,-1
13,-1,1482.44,902.44,50.53,31.54,0.60,-1,-1,-1
13,-1,1744.61,925.21,97.35,55.58,0.55,-1,-1,-1
13,-1,935.69,513.57,16.35,13.31,0.53,-1,-1,-1
13,-1,1054.27,789.04,56.28,18.39,0.51,-1,-1,-1
13,-1,1458.78,345.10,16.96,9.97,0.46,-1,-1,-1
13,-1,1482.47,447.00,10.57,10.79,0.44,-1,-1,-1
13,-1,1452.50,446.48,40.06,11.87,0.43,-1,-1,-1
13,-1,851.08,622.94,41.64,13.15,0.41,-1,-1,-1
13,-1,2198.46,378.54,19.69,12.30,0.41,-1,-1,-1
13,-1,2365.00,490.21,29.20,13.13,0.36,-1,-1,-1
13,-1,916.27,512.03,50.77,21.74,0.36,-1,-1,-1
13,-1,1782.48,962.69,59.08,21.52,0.35,-1,-1,-1
13,-1,1117.74,494.53,49.39,12.69,0.34,-1,-1,-1
13,-1,1328.18,375.13,12.13,11.74,0.30,-1,-1,-1
13,-1,916.83,510.59,38.88,20.05,0.29,-1,-1,-1
13,-1,850.53,623.62,42.37,12.44,0.29,-1,-1,-1
13,-1,1145.60,495.29,21.65,10.90,0.23,-1,-1,-1
13,-1,1742.95,922.80,40.10,41.76,0.22,-1,-1,-1
13,-1,1785.90,941.09,56.44,37.77,0.22,-1,-1,-1
13,-1,310.90,1140.64,73.36,42.18,0.18,-1,-1,-1
13,-1,763.10,141.67,21.39,13.87,0.15,-1,-1,-1
13,-1,1488.76,918.80,43.82,15.61,0.13,-1,-1,-1
13,-1,1697.59,463.15,17.96,9.78,0.12,-1,-1,-1
13,-1,2318.80,356.80,14.83,8.36,0.09,-1,-1,-1
13,-1,1741.69,924.88,96.66,59.27,0.08,-1,-1,-1
13,-1,2403.58,220.26,11.97,11.57,0.08,-1,-1,-1
13,-1,1055.58,751.80,61.46,54.57,0.08,-1,-1,-1
13,-1,2446.04,1415.13,51.03,24.25,0.06,-1,-1,-1
13,-1,1948.60,354.44,15.48,9.48,0.06,-1,-1,-1
13,-1,2198.19,378.22,39.29,13.83,0.05,-1,-1,-1
14,-1,1507.56,923.33,47.31,39.39,0.82,-1,-1,-1
14,-1,2240.21,1057.17,67.67,62.97,0.81,-1,-1,-1
14,-1,2206.65,1099.24,125.32,30.99,0.81,-1,-1,-1
14,-1,868.23,660.04,24.34,32.34,0.80,-1,-1,-1
14,-1,1098.27,807.98,29.65,43.81,0.80,-1,-1,-1
14,-1,1350.82,494.20,13.67,16.60,0.75,-1,-1,-1
14,-1,1700.97,513.17,15.59,18.06,0.71,-1,-1,-1
14,-1,1822.31,978.10,51.89,41.58,0.70,-1,-1,-1
14,-1,1797.01,501.21,26.24,20.14,0.68,-1,-1,-1
14,-1,874.55,686.45,31.83,10.27,0.61,-1,-1,-1
14,-1,1521.74,959.56,29.81,11.12,0.60,-1,-1,-1
14,-1,1761.85,555.15,56.28,13.93,0.60,-1,-1,-1
14,-1,2318.77,428.53,13.65,9.48,0.54,-1,-1,-1
14,-1,1493.13,508.32,38.82,13.39,0.54,-1,-1,-1
14,-1,2331.93,547.61,16.70,9.41,0.48,-1,-1,-1
14,-1,938.62,574.59,32.71,16.31,0.35,-1,-1,-1
14,-1,956.59,577.67,15.42,12.12,0.34,-1,-1,-1
14,-1,1827.58,1018.82,40.88,19.84,0.33,-1,-1,-1
14,-1,1791.28,555.79,26.97,12.82,0.32,-1,-1,-1
14,-1,767.16,217.73,20.54,13.83,0.30,-1,-1,-1
14,-1,1338.86,447.70,11.47,20.25,0.30,-1,-1,-1
14,-1,2160.48,445.75,46.25,11.78,0.26,-1,-1,-1
14,-1,1139.76,555.64,46.92,15.39,0.25,-1,-1,-1
14,-1,1763.11,991.77,106.30,46.08,0.25,-1,-1,-1
14,-1,929.37,574.33,55.86,20.53,0.23,-1,-1,-1
14,-1,1917.55,424.85,29.90,9.97,0.19,-1,-1,-1
14,-1,1062.39,846.66,67.05,13.07,0.18,-1,-1,-1
14,-1,1917.16,423.79,31.37,10.54,0.15,-1,-1,-1
14,-1,928.50,585.68,60.07,10.96,0.12,-1,-1,-1
14,-1,1479.42,421.39,26.38,9.86,0.10,-1,-1,-1
14,-1,1700.65,524.45,26.31,10.60,0.09,-1,-1,-1
14,-1,1166.05,555.84,21.63,14.95,0.09,-1,-1,-1
14,-1,1758.18,556.67,49.58,11.56,0.08,-1,-1,-1
14,-1,1507.78,950.22,45.40,20.69,0.08,-1,-1,-1
14,-1,1149.46,559.10,22.25,15.49,0.08,-1,-1,-1
14,-1,1760.69,557.46,29.58,11.13,0.07,-1,-1,-1
14,-1,930.01,586.71,60.12,9.03,0.07,-1,-1,-1
14,-1,579.86,724.10,38.40,27.87,0.06,-1,-1,-1
14,-1,1806.13,555.72,12.32,12.18,0.06,-1,-1,-1
14,-1,2332.20,547.89,46.27,12.25,0.06,-1,-1,-1
14,-1,1100.34,828.09,20.00,23.57,0.05,-1,-1,-1
14,-1,1310.15,229.13,9.37,21.06,0.05,-1,-1,-1
15,-1,2237.76,1120.72,123.84,35.00,0.89,-1,-1,-1
15,-1,2267.83,1077.87,66.53,69.75,0.83,-1,-1,-1
15,-1,1507.69,968.53,50.40,45.39,0.80,-1,-1,-1
15,-1,1834.83,1009.60,56.70,73.15,0.77,-1,-1,-1
15,-1,856.33,708.77,22.61,31.41,0.76,-1,-1,-1
15,-1,970.24,609.04,18.80,24.79,0.75,-1,-1,-1
15,-1,1101.92,849.13,30.61,46.40,0.74,-1,-1,-1
15,-1,1710.61,558.52,14.57,14.61,0.74,-1,-1,-1
15,-1,1805.64,549.66,17.53,12.77,0.68,-1,-1,-1
15,-1,1347.49,544.68,12.46,18.05,0.68,-1,-1,-1
15,-1,2298.44,590.74,55.33,13.58,0.60,-1,-1,-1
15,-1,1515.40,1009.17,40.45,12.68,0.56,-1,-1,-1
15,-1,1802.32,601.75,53.27,14.52,0.53,-1,-1,-1
15,-1,1075.52,887.11,44.41,12.32,0.42,-1,-1,-1
15,-1,1076.18,877.75,97.07,21.25,0.41,-1,-1,-1
15,-1,1337.38,498.30,11.25,14.10,0.39,-1,-1,-1
15,-1,1520.35,561.41,42.62,12.51,0.38,-1,-1,-1
15,-1,858.34,735.48,42.74,9.97,0.37,-1,-1,-1
15,-1,1198.10,603.68,22.67,11.42,0.31,-1,-1,-1
15,-1,951.77,629.89,62.74,9.24,0.30,-1,-1,-1
15,-1,1825.30,1069.30,66.48,22.37,0.26,-1,-1,-1
15,-1,2309.90,484.72,18.64,8.99,0.24,-1,-1,-1
15,-1,2298.68,591.31,27.92,11.51,0.19,-1,-1,-1
15,-1,1830.14,601.66,25.46,13.36,0.13,-1,-1,-1
15,-1,1800.71,604.52,45.27,12.34,0.12,-1,-1,-1
15,-1,770.51,277.70,19.25,13.07,0.10,-1,-1,-1
15,-1,2291.24,464.27,19.41,8.68,0.09,-1,-1,-1
15,-1,770.59,277.59,19.10,13.07,0.09,-1,-1,-1
15,-1,1508.01,476.81,13.18,8.97,0.08,-1,-1,-1
15,-1,1550.84,562.20,12.54,9.23,0.07,-1,-1,-1
16,-1,1842.00,1088.23,42.08,38.23,0.84,-1,-1,-1
16,-1,1500.13,1022.27,51.16,45.02,0.82,-1,-1,-1
16,-1,853.15,770.30,23.26,30.94,0.80,-1,-1,-1
16,-1,1089.66,911.48,28.17,45.28,0.78,-1,-1,-1
16,-1,2237.00,1193.65,130.91,28.73,0.77,-1,-1,-1
16,-1,2275.25,1151.01,54.11,70.74,0.77,-1,-1,-1
16,-1,967.96,674.80,19.95,24.50,0.76,-1,-1,-1
16,-1,1350.58,592.76,11.96,17.04,0.76,-1,-1,-1
16,-1,1722.18,619.57,16.12,19.22,0.69,-1,-1,-1
16,-1,1546.35,615.63,37.87,12.40,0.62,-1,-1,-1
16,-1,1502.96,1061.08,51.14,17.95,0.61,-1,-1,-1
16,-1,1807.66,600.75,16.63,16.31,0.60,-1,-1,-1
16,-1,863.66,796.68,34.54,9.83,0.59,-1,-1,-1
16,-1,1842.86,1125.59,52.92,17.22,0.58,-1,-1,-1
16,-1,1873.52,660.78,20.57,13.81,0.56,-1,-1,-1
16,-1,1239.12,659.75,10.89,12.78,0.48,-1,-1,-1
16,-1,1807.18,599.59,37.20,20.28,0.47,-1,-1,-1
16,-1,2298.63,542.40,12.27,10.15,0.38,-1,-1,-1
16,-1,2309.07,1203.47,58.80,17.35,0.37,-1,-1,-1
16,-1,1347.56,553.16,9.56,25.49,0.37,-1,-1,-1
16,-1,2276.18,643.16,10.48,8.70,0.36,-1,-1,-1
16,-1,1066.50,949.22,46.78,11.06,0.35,-1,-1,-1
16,-1,1571.40,616.22,13.55,12.18,0.35,-1,-1,-1
16,-1,1515.18,533.68,13.39,8.94,0.20,-1,-1,-1
16,-1,1067.04,942.91,96.89,16.39,0.17,-1,-1,-1
16,-1,772.65,338.64,20.59,12.85,0.16,-1,-1,-1
16,-1,962.74,694.28,54.43,9.81,0.15,-1,-1,-1
16,-1,1121.19,942.15,44.81,10.79,0.12,-1,-1,-1
16,-1,1200.62,660.09,48.37,13.36,0.11,-1,-1,-1
16,-1,2355.60,576.03,28.10,17.34,0.10,-1,-1,-1
16,-1,2290.89,525.59,18.70,12.19,0.06,-1,-1,-1
16,-1,1717.90,631.52,31.84,14.85,0.05,-1,-1,-1
16,-1,540.70,351.32,25.32,8.59,0.05,-1,-1,-1
16,-1,966.39,689.36,26.79,11.89,0.05,-1,-1,-1
17,-1,2224.22,1223.54,136.77,29.20,0.85,-1,-1,-1
17,-1,1478.89,1068.89,50.64,40.56,0.82,-1,-1,-1
17,-1,2266.17,1178.63,52.27,71.11,0.80,-1,-1,-1
17,-1,824.10,819.19,21.27,32.10,0.79,-1,-1,-1
17,-1,1356.13,643.36,11.79,16.52,0.77,-1,-1,-1
17,-1,1725.02,665.43,14.34,18.37,0.74,-1,-1,-1
17,-1,1828.49,1115.17,45.60,40.19,0.72,-1,-1,-1
17,-1,960.87,722.80,19.59,22.59,0.66,-1,-1,-1
17,-1,1583.21,656.80,12.94,17.32,0.66,-1,-1,-1
17,-1,1056.71,954.83,47.47,49.08,0.61,-1,-1,-1
17,-1,1876.61,712.91,40.43,15.63,0.54,-1,-1,-1
17,-1,2258.85,685.17,53.73,13.26,0.51,-1,-1,-1
17,-1,1479.96,1098.15,57.53,18.72,0.51,-1,-1,-1
17,-1,1349.46,605.70,11.92,15.36,0.48,-1,-1,-1
17,-1,1810.09,653.94,12.70,11.93,0.44,-1,-1,-1
17,-1,828.72,847.77,36.60,9.39,0.44,-1,-1,-1
17,-1,1042.07,995.22,48.87,13.58,0.38,-1,-1,-1
17,-1,2111.16,584.36,34.04,9.76,0.29,-1,-1,-1
17,-1,1837.48,1160.37,46.08,12.96,0.28,-1,-1,-1
17,-1,1495.51,1105.81,41.48,11.69,0.28,-1,-1,-1
17,-1,2273.09,597.23,14.72,10.10,0.26,-1,-1,-1
17,-1,1808.70,654.50,32.47,12.57,0.24,-1,-1,-1
17,-1,1528.64,587.63,15.88,9.37,0.23,-1,-1,-1
17,-1,1040.33,983.65,106.72,24.30,0.21,-1,-1,-1
17,-1,1234.54,708.79,46.65,12.16,0.16,-1,-1,-1
17,-1,2274.37,580.02,19.73,9.49,0.16,-1,-1,-1
17,-1,2128.39,446.30,11.83,23.09,0.09,-1,-1,-1
17,-1,1264.10,709.81,16.81,9.85,0.08,-1,-1,-1
17,-1,956.14,740.70,44.40,10.36,0.08,-1,-1,-1
17,-1,1829.49,1147.93,60.92,24.56,0.07,-1,-1,-1
17,-1,2274.99,579.91,18.03,9.39,0.06,-1,-1,-1
17,-1,775.69,395.67,19.58,11.72,0.05,-1,-1,-1
18,-1,2208.05,1257.22,143.35,36.22,0.88,-1,-1,-1
18,-1,1467.17,1101.24,49.42,35.02,0.84,-1,-1,-1
18,-1,806.88,853.84,22.31,30.38,0.81,-1,-1,-1
18,-1,2252.38,1214.14,53.08,71.99,0.80,-1,-1,-1
18,-1,1817.04,1153.88,62.33,49.98,0.79,-1,-1,-1
18,-1,1054.85,987.71,28.14,48.72,0.76,-1,-1,-1
18,-1,1356.89,678.51,11.56,17.77,0.73,-1,-1,-1
18,-1,1587.14,685.08,11.57,17.94,0.73,-1,-1,-1
18,-1,1805.80,684.02,17.17,15.71,0.71,-1,-1,-1
18,-1,1728.71,698.75,13.75,17.37,0.71,-1,-1,-1
18,-1,953.43,766.41,32.12,20.43,0.52,-1,-1,-1
18,-1,1350.06,638.10,11.28,16.85,0.52,-1,-1,-1
18,-1,1478.03,1132.36,37.90,12.81,0.49,-1,-1,-1
18,-1,1913.45,738.78,18.87,10.49,0.49,-1,-1,-1
18,-1,808.88,879.61,41.22,9.39,0.41,-1,-1,-1
18,-1,1830.49,1203.37,48.19,10.62,0.38,-1,-1,-1
18,-1,1277.36,743.78,17.50,10.99,0.21,-1,-1,-1
18,-1,2253.74,722.62,17.18,9.11,0.21,-1,-1,-1
18,-1,1527.21,624.21,10.83,10.90,0.18,-1,-1,-1
18,-1,1055.30,1004.91,19.89,30.13,0.17,-1,-1,-1
18,-1,1527.24,623.75,26.86,10.92,0.14,-1,-1,-1
18,-1,2114.66,625.70,13.67,10.57,0.13,-1,-1,-1
18,-1,1277.56,743.14,16.97,10.78,0.10,-1,-1,-1
18,-1,2253.28,722.22,53.13,11.44,0.07,-1,-1,-1
18,-1,775.92,428.82,19.26,12.76,0.07,-1,-1,-1
18,-1,952.97,766.44,32.51,20.34,0.06,-1,-1,-1
18,-1,1245.01,743.43,50.21,16.64,0.06,-1,-1,-1
18,-1,775.93,429.04,19.17,12.62,0.06,-1,-1,-1
18,-1,1820.32,1185.57,61.72,18.64,0.05,-1,-1,-1
19,-1,2175.91,1296.44,137.12,36.80,0.89,-1,-1,-1
19,-1,1786.56,1193.22,39.15,56.99,0.81,-1,-1,-1
19,-1,2219.68,1255.53,40.65,73.91,0.78,-1,-1,-1
19,-1,1020.16,1016.43,30.60,46.75,0.78,-1,-1,-1
19,-1,778.72,884.11,26.09,36.01,0.77,-1,-1,-1
19,-1,1420.53,1141.05,47.56,42.92,0.77,-1,-1,-1
19,-1,1804.11,706.73,17.10,18.54,0.76,-1,-1,-1
19,-1,1593.73,719.72,12.85,20.30,0.71,-1,-1,-1
19,-1,784.90,911.40,37.53,13.28,0.70,-1,-1,-1
19,-1,1744.36,724.92,13.16,16.80,0.69,-1,-1,-1
19,-1,1354.18,665.87,11.27,22.11,0.65,-1,-1,-1
19,-1,917.33,801.05,60.09,18.95,0.62,-1,-1,-1
19,-1,1908.83,770.81,60.86,15.00,0.60,-1,-1,-1
19,-1,1787.85,1239.97,59.34,16.88,0.59,-1,-1,-1
19,-1,1351.85,711.57,11.75,18.38,0.55,-1,-1,-1
19,-1,1440.08,1180.17,35.53,10.66,0.51,-1,-1,-1
19,-1,984.75,1056.65,53.69,12.52,0.47,-1,-1,-1
19,-1,2242.18,753.19,25.79,11.14,0.42,-1,-1,-1
19,-1,2241.69,752.03,52.87,12.47,0.30,-1,-1,-1
19,-1,2112.80,661.88,30.71,9.62,0.26,-1,-1,-1
19,-1,2112.40,661.85,31.51,9.41,0.22,-1,-1,-1
19,-1,1252.43,788.41,59.09,11.49,0.22,-1,-1,-1
19,-1,1351.23,712.13,26.55,18.42,0.16,-1,-1,-1
19,-1,1957.38,641.77,40.98,9.78,0.15,-1,-1,-1
19,-1,1953.72,770.80,14.25,13.91,0.12,-1,-1,-1
19,-1,2253.97,1319.23,58.72,13.81,0.10,-1,-1,-1
19,-1,776.95,462.83,19.77,12.93,0.09,-1,-1,-1
19,-1,916.94,801.30,60.36,19.51,0.07,-1,-1,-1
19,-1,1527.24,650.55,9.25,10.93,0.06,-1,-1,-1
19,-1,355.31,967.13,23.86,12.51,0.06,-1,-1,-1
19,-1,1421.88,1175.07,54.73,16.05,0.05,-1,-1,-1
19,-1,1348.50,717.67,14.30,17.05,0.05,-1,-1,-1
20,-1,2293.56,1184.65,139.25,29.80,0.85,-1,-1,-1
20,-1,1887.26,1079.13,40.73,45.70,0.78,-1,-1,-1
20,-1,1910.57,601.65,16.12,18.18,0.77,-1,-1,-1
20,-1,897.36,753.76,22.82,29.99,0.76,-1,-1,-1
20,-1,1742.98,601.41,14.88,19.07,0.75,-1,-1,-1
20,-1,2335.55,1142.30,51.06,69.22,0.75,-1,-1,-1
20,-1,1130.81,888.83,28.72,44.32,0.75,-1,-1,-1
20,-1,1964.23,580.27,11.68,12.94,0.74,-1,-1,-1
20,-1,1516.33,1003.62,46.19,39.29,0.72,-1,-1,-1
20,-1,1485.28,589.29,14.70,14.39,0.70,-1,-1,-1
20,-1,1552.37,1033.76,44.70,13.59,0.59,-1,-1,-1
20,-1,2385.99,633.82,56.11,17.17,0.58,-1,-1,-1
20,-1,1048.50,674.94,55.22,14.79,0.58,-1,-1,-1
20,-1,1895.04,1123.98,52.08,13.50,0.52,-1,-1,-1
20,-1,1102.36,926.03,42.86,13.48,0.49,-1,-1,-1
20,-1,907.79,778.05,34.94,9.53,0.42,-1,-1,-1
20,-1,2141.51,652.76,16.35,12.10,0.32,-1,-1,-1
20,-1,1499.14,543.97,10.56,14.73,0.27,-1,-1,-1
20,-1,2272.50,537.75,34.78,9.27,0.25,-1,-1,-1
20,-1,1681.06,527.52,21.50,12.66,0.25,-1,-1,-1
20,-1,1395.95,663.76,51.11,16.21,0.23,-1,-1,-1
20,-1,2386.14,634.22,21.86,14.44,0.18,-1,-1,-1
20,-1,1395.92,663.69,51.29,16.08,0.17,-1,-1,-1
20,-1,2116.96,514.80,15.93,8.61,0.16,-1,-1,-1
20,-1,2079.90,652.50,82.85,13.55,0.16,-1,-1,-1
20,-1,1908.55,614.71,28.34,10.56,0.10,-1,-1,-1
20,-1,1046.87,681.99,84.28,11.50,0.09,-1,-1,-1
20,-1,1046.31,679.42,79.28,11.46,0.09,-1,-1,-1
20,-1,847.04,400.76,25.67,10.14,0.08,-1,-1,-1
20,-1,840.64,400.82,10.00,8.41,0.08,-1,-1,-1
20,-1,919.12,332.91,17.05,11.76,0.08,-1,-1,-1
20,-1,1517.25,1035.53,74.78,14.12,0.08,-1,-1,-1
20,-1,2271.74,538.84,14.54,8.63,0.07,-1,-1,-1
20,-1,2375.58,1199.65,56.79,12.89,0.07,-1,-1,-1
20,-1,1045.65,677.87,107.91,13.95,0.05,-1,-1,-1
20,-1,1086.43,674.92,16.66,12.38,0.05,-1,-1,-1
23,-1,2506.51,761.22,29.52,36.73,0.77,-1,-1,-1
23,-1,2521.13,791.64,26.59,10.07,0.59,-1,-1,-1
23,-1,966.88,973.13,32.86,33.08,0.35,-1,-1,-1
23,-1,1097.73,1027.01,54.85,39.80,0.06,-1,-1,-1
23,-1,1756.96,636.70,806.16,799.05,0.05,-1,-1,-1
24,-1,2480.66,733.31,30.71,34.40,0.76,-1,-1,-1
24,-1,2493.56,761.69,27.46,10.48,0.57,-1,-1,-1
25,-1,2400.00,715.63,34.41,35.00,0.79,-1,-1,-1
25,-1,2409.49,743.73,34.20,9.71,0.55,-1,-1,-1
25,-1,1520.50,968.48,48.32,33.79,0.22,-1,-1,-1
25,-1,1554.84,630.61,828.02,804.58,0.07,-1,-1,-1
26,-1,2258.06,709.36,31.15,28.08,0.84,-1,-1,-1
26,-1,2388.02,863.61,30.86,49.85,0.74,-1,-1,-1
26,-1,2388.27,882.75,17.74,31.98,0.44,-1,-1,-1
26,-1,2296.55,720.44,24.35,15.78,0.29,-1,-1,-1
26,-1,2248.21,732.73,68.77,9.38,0.08,-1,-1,-1
26,-1,2388.49,865.44,28.55,48.93,0.06,-1,-1,-1
27,-1,2153.22,719.19,28.69,39.17,0.77,-1,-1,-1
27,-1,2224.04,874.58,31.06,50.58,0.73,-1,-1,-1
27,-1,2158.61,753.39,41.23,10.03,0.58,-1,-1,-1
27,-1,2225.15,897.20,17.18,27.44,0.16,-1,-1,-1
27,-1,2225.63,892.60,30.42,34.02,0.05,-1,-1,-1
28,-1,2120.80,733.19,28.53,35.65,0.83,-1,-1,-1
28,-1,2186.92,879.41,30.96,67.16,0.71,-1,-1,-1
28,-1,2186.90,897.67,21.20,33.99,0.69,-1,-1,-1
28,-1,2129.96,765.63,31.54,9.23,0.39,-1,-1,-1
28,-1,909.18,1087.56,85.11,65.74,0.27,-1,-1,-1
28,-1,1624.06,829.90,24.78,18.64,0.09,-1,-1,-1
28,-1,948.70,1088.97,45.96,45.46,0.06,-1,-1,-1
28,-1,1464.06,1154.29,43.02,23.23,0.06,-1,-1,-1
29,-1,2070.50,729.90,29.67,32.62,0.81,-1,-1,-1
29,-1,2146.33,868.36,29.75,48.52,0.69,-1,-1,-1
29,-1,2078.72,757.79,26.60,11.38,0.69,-1,-1,-1
29,-1,2109.19,909.52,44.55,10.81,0.42,-1,-1,-1
29,-1,819.37,1152.89,38.56,13.71,0.11,-1,-1,-1
30,-1,2255.82,1260.04,76.79,83.96,0.81,-1,-1,-1
30,-1,1915.23,737.33,29.86,38.97,0.80,-1,-1,-1
30,-1,1942.53,896.43,31.01,57.37,0.75,-1,-1,-1
30,-1,1916.40,772.12,31.57,14.74,0.59,-1,-1,-1
30,-1,1889.53,941.66,61.45,11.82,0.37,-1,-1,-1
30,-1,2253.45,1321.81,60.59,21.50,0.25,-1,-1,-1
30,-1,1885.45,939.50,132.57,16.77,0.22,-1,-1,-1
30,-1,2458.16,1234.52,9.86,17.27,0.05,-1,-1,-1
31,-1,1765.75,1265.49,59.93,69.25,0.81,-1,-1,-1
31,-1,1676.47,743.56,27.75,39.61,0.74,-1,-1,-1
31,-1,1612.69,894.93,24.03,50.69,0.73,-1,-1,-1
31,-1,1765.76,1326.29,44.87,15.21,0.57,-1,-1,-1
31,-1,2415.94,1356.81,102.97,46.64,0.35,-1,-1,-1
31,-1,1677.05,770.22,14.05,10.61,0.32,-1,-1,-1
31,-1,1613.03,916.58,10.51,23.30,0.20,-1,-1,-1
31,-1,1677.53,771.16,27.86,17.54,0.18,-1,-1,-1
31,-1,1299.04,1221.85,28.55,20.24,0.13,-1,-1,-1
31,-1,1613.10,899.88,23.01,47.24,0.09,-1,-1,-1
31,-1,1177.95,464.80,17.68,14.43,0.08,-1,-1,-1
31,-1,2494.74,1358.35,64.53,52.23,0.05,-1,-1,-1
32,-1,1555.60,1313.83,74.25,88.24,0.85,-1,-1,-1
32,-1,1456.63,636.16,28.54,37.54,0.80,-1,-1,-1
32,-1,1320.81,1131.70,72.76,84.65,0.80,-1,-1,-1
32,-1,1565.81,1396.93,56.86,24.96,0.72,-1,-1,-1
32,-1,2480.19,601.93,24.46,30.59,0.71,-1,-1,-1
32,-1,1351.15,779.25,27.24,53.08,0.69,-1,-1,-1
32,-1,2065.34,1311.44,68.41,28.93,0.55,-1,-1,-1
32,-1,2037.43,1278.16,91.04,58.66,0.44,-1,-1,-1
32,-1,1296.62,1203.09,64.48,12.29,0.41,-1,-1,-1
32,-1,1458.19,665.29,24.69,17.92,0.39,-1,-1,-1
32,-1,1306.08,816.88,69.98,14.88,0.38,-1,-1,-1
32,-1,1936.17,1245.22,191.72,93.55,0.34,-1,-1,-1
32,-1,2478.15,618.12,13.56,20.53,0.20,-1,-1,-1
32,-1,1933.25,1245.26,52.29,47.70,0.16,-1,-1,-1
32,-1,1295.30,1194.74,173.60,24.39,0.15,-1,-1,-1
32,-1,1305.92,817.87,44.08,10.68,0.15,-1,-1,-1
32,-1,2428.73,273.69,11.53,9.06,0.11,-1,-1,-1
32,-1,1934.32,1245.38,113.06,68.05,0.11,-1,-1,-1
32,-1,1308.71,779.94,70.10,53.01,0.10,-1,-1,-1
32,-1,1278.65,215.90,33.62,39.29,0.08,-1,-1,-1
32,-1,2478.81,606.36,23.03,33.07,0.08,-1,-1,-1
32,-1,1395.98,1190.70,75.64,41.26,0.08,-1,-1,-1
32,-1,2015.84,1289.70,117.23,51.01,0.08,-1,-1,-1
32,-1,1632.44,1114.23,15.70,19.72,0.07,-1,-1,-1
32,-1,1933.55,1245.07,32.41,24.56,0.06,-1,-1,-1
32,-1,1265.97,1185.53,94.73,28.80,0.05,-1,-1,-1
32,-1,2476.73,627.17,56.97,14.42,0.05,-1,-1,-1
33,-1,1168.93,1133.26,58.22,65.80,0.82,-1,-1,-1
33,-1,1375.32,1292.97,68.36,84.32,0.79,-1,-1,-1
33,-1,2409.73,604.29,30.34,35.07,0.76,-1,-1,-1
33,-1,1255.01,781.50,27.34,51.28,0.76,-1,-1,-1
33,-1,1381.35,635.70,25.92,32.99,0.74,-1,-1,-1
33,-1,1386.95,1376.06,59.05,21.09,0.61,-1,-1,-1
33,-1,1159.74,1187.83,47.95,17.64,0.59,-1,-1,-1
33,-1,2409.14,612.44,15.60,27.32,0.41,-1,-1,-1
33,-1,1959.70,1317.90,47.40,36.14,0.37,-1,-1,-1
33,-1,1918.31,1287.81,64.06,53.39,0.34,-1,-1,-1
33,-1,1381.44,665.11,26.48,13.77,0.33,-1,-1,-1
33,-1,1918.75,1308.42,89.25,46.31,0.22,-1,-1,-1
33,-1,984.11,1212.22,54.97,24.18,0.13,-1,-1,-1
33,-1,2409.82,626.19,74.83,16.77,0.12,-1,-1,-1
33,-1,263.49,768.25,67.41,26.59,0.11,-1,-1,-1
33,-1,1949.79,1288.10,67.21,47.04,0.08,-1,-1,-1
33,-1,1917.96,1298.60,99.59,56.81,0.06,-1,-1,-1
34,-1,1068.95,1095.00,59.14,67.34,0.80,-1,-1,-1
34,-1,1173.62,771.29,32.97,51.31,0.80,-1,-1,-1
34,-1,1322.40,625.60,24.32,33.27,0.80,-1,-1,-1
34,-1,2365.26,600.23,28.25,30.87,0.79,-1,-1,-1
34,-1,1277.18,1353.12,50.43,26.79,0.74,-1,-1,-1
34,-1,1267.65,1269.80,61.41,89.58,0.72,-1,-1,-1
34,-1,1319.87,655.75,26.77,13.15,0.53,-1,-1,-1
34,-1,1922.50,1315.38,94.87,122.21,0.35,-1,-1,-1
34,-1,1058.95,1152.76,49.52,17.28,0.22,-1,-1,-1
34,-1,2364.69,622.15,20.76,10.73,0.15,-1,-1,-1
34,-1,2364.93,622.62,68.27,12.69,0.12,-1,-1,-1
34,-1,1173.01,813.31,36.13,12.33,0.10,-1,-1,-1
34,-1,149.27,256.84,17.14,14.16,0.10,-1,-1,-1
35,-1,1058.62,1063.47,52.60,50.46,0.83,-1,-1,-1
35,-1,1161.20,737.97,25.06,46.48,0.79,-1,-1,-1
35,-1,1253.46,1209.35,66.06,82.76,0.76,-1,-1,-1
35,-1,1292.50,617.05,24.94,44.85,0.75,-1,-1,-1
35,-1,1266.31,1288.39,49.56,25.39,0.57,-1,-1,-1
35,-1,2340.63,593.71,30.32,32.20,0.40,-1,-1,-1
35,-1,1292.47,645.23,24.72,16.88,0.24,-1,-1,-1
35,-1,1264.97,1268.15,61.59,45.64,0.24,-1,-1,-1
35,-1,1118.60,816.60,180.09,33.42,0.09,-1,-1,-1
35,-1,996.94,1114.36,92.14,23.21,0.07,-1,-1,-1
35,-1,2341.28,593.97,29.79,32.19,0.06,-1,-1,-1
35,-1,2353.31,593.42,17.53,24.10,0.05,-1,-1,-1
36,-1,1219.11,1120.85,62.50,72.30,0.77,-1,-1,-1
36,-1,1162.07,712.57,24.65,52.96,0.74,-1,-1,-1
36,-1,1027.58,1026.11,49.78,33.52,0.74,-1,-1,-1
36,-1,1280.15,588.08,25.17,39.43,0.73,-1,-1,-1
36,-1,1225.73,1191.63,48.08,12.41,0.61,-1,-1,-1
36,-1,1120.49,743.73,20.79,10.91,0.36,-1,-1,-1
36,-1,2259.30,596.39,93.83,22.87,0.31,-1,-1,-1
36,-1,1281.11,610.46,25.18,22.73,0.26,-1,-1,-1
36,-1,1218.67,1139.23,32.79,37.42,0.21,-1,-1,-1
36,-1,1219.08,1140.53,61.03,62.08,0.13,-1,-1,-1
36,-1,1007.26,1044.97,67.65,22.12,0.13,-1,-1,-1
36,-1,2401.85,267.09,27.21,9.63,0.13,-1,-1,-1
36,-1,1119.69,743.52,40.97,15.75,0.12,-1,-1,-1
36,-1,670.20,1145.96,40.27,25.09,0.10,-1,-1,-1
36,-1,1120.18,742.03,96.69,25.06,0.08,-1,-1,-1
36,-1,2550.39,705.23,9.07,16.33,0.06,-1,-1,-1
36,-1,1030.53,1053.79,45.58,12.62,0.06,-1,-1,-1
36,-1,2257.89,599.88,124.67,20.91,0.05,-1,-1,-1
36,-1,2341.49,610.16,43.94,9.81,0.05,-1,-1,-1
37,-1,1278.47,573.66,24.14,29.07,0.82,-1,-1,-1
37,-1,1153.16,692.24,23.00,67.49,0.77,-1,-1,-1
37,-1,1202.93,1062.49,58.96,68.87,0.74,-1,-1,-1
37,-1,1945.50,1242.37,85.79,19.87,0.47,-1,-1,-1
37,-1,1217.18,1128.08,39.65,12.75,0.42,-1,-1,-1
37,-1,1944.43,1183.92,94.36,65.38,0.35,-1,-1,-1
37,-1,1276.96,598.85,27.13,11.27,0.28,-1,-1,-1
37,-1,2286.23,595.05,34.13,12.22,0.21,-1,-1,-1
37,-1,1913.86,1215.13,68.74,32.21,0.19,-1,-1,-1
37,-1,969.69,973.39,101.05,56.74,0.16,-1,-1,-1
37,-1,2248.99,593.96,72.22,15.02,0.15,-1,-1,-1
37,-1,1017.60,975.66,51.50,49.84,0.14,-1,-1,-1
37,-1,2424.68,273.33,8.91,9.52,0.14,-1,-1,-1
37,-1,2374.76,311.85,9.12,11.07,0.09,-1,-1,-1
37,-1,2400.08,272.44,8.61,10.02,0.07,-1,-1,-1
37,-1,1216.45,1128.48,43.84,29.39,0.07,-1,-1,-1
37,-1,2307.92,595.38,13.04,10.20,0.07,-1,-1,-1
38,-1,1187.90,1003.78,50.97,62.68,0.78,-1,-1,-1
38,-1,1277.65,566.88,25.16,42.02,0.76,-1,-1,-1
38,-1,1163.56,666.32,23.52,38.65,0.71,-1,-1,-1
38,-1,1006.03,987.41,87.96,35.17,0.64,-1,-1,-1
38,-1,1197.22,1065.31,38.00,15.20,0.63,-1,-1,-1
38,-1,1947.45,1174.13,41.50,56.48,0.38,-1,-1,-1
38,-1,1276.96,598.25,24.98,12.44,0.36,-1,-1,-1
38,-1,1056.31,992.92,76.30,23.83,0.33,-1,-1,-1
38,-1,2534.56,526.58,23.64,12.17,0.20,-1,-1,-1
38,-1,993.60,992.91,139.92,41.26,0.19,-1,-1,-1
38,-1,2245.80,590.61,66.35,15.07,0.17,-1,-1,-1
38,-1,1929.21,1170.86,90.86,35.37,0.17,-1,-1,-1
38,-1,1028.47,966.47,63.75,38.85,0.14,-1,-1,-1
38,-1,1932.01,1210.03,77.52,22.11,0.13,-1,-1,-1
38,-1,2421.52,284.80,12.30,9.90,0.13,-1,-1,-1
38,-1,1006.11,989.29,39.97,33.20,0.11,-1,-1,-1
38,-1,1162.57,666.12,28.28,84.42,0.11,-1,-1,-1
38,-1,1127.35,690.93,38.50,11.82,0.10,-1,-1,-1
38,-1,1092.36,992.43,40.20,16.84,0.09,-1,-1,-1
38,-1,984.14,1018.72,64.00,15.97,0.07,-1,-1,-1
38,-1,2494.76,525.28,61.78,14.00,0.06,-1,-1,-1
38,-1,991.47,995.59,141.27,36.86,0.06,-1,-1,-1
38,-1,1925.98,1182.27,84.98,51.15,0.05,-1,-1,-1
38,-1,1049.65,979.64,44.33,25.55,0.05,-1,-1,-1
39,-1,1187.32,986.08,51.20,64.66,0.75,-1,-1,-1
39,-1,1289.58,552.70,25.36,38.26,0.73,-1,-1,-1
39,-1,1185.66,660.67,19.17,39.88,0.71,-1,-1,-1
39,-1,1848.24,1118.13,157.01,92.20,0.55,-1,-1,-1
39,-1,1928.59,1198.27,72.18,19.46,0.53,-1,-1,-1
39,-1,1192.62,1045.77,42.23,15.23,0.42,-1,-1,-1
39,-1,954.53,957.76,76.37,45.01,0.39,-1,-1,-1
39,-1,2237.30,591.98,71.33,19.23,0.33,-1,-1,-1
39,-1,1284.51,578.92,29.90,17.74,0.28,-1,-1,-1
39,-1,954.79,958.31,70.64,42.27,0.22,-1,-1,-1
39,-1,1914.66,1162.47,86.82,43.84,0.18,-1,-1,-1
39,-1,2516.94,532.23,22.39,12.71,0.15,-1,-1,-1
39,-1,1952.47,1205.49,47.45,12.01,0.14,-1,-1,-1
39,-1,2273.37,593.67,35.44,16.09,0.12,-1,-1,-1
39,-1,2291.59,593.99,17.73,14.00,0.11,-1,-1,-1
39,-1,1887.29,1187.07,113.70,31.43,0.09,-1,-1,-1
39,-1,1005.89,958.13,19.19,32.05,0.07,-1,-1,-1
39,-1,1009.50,977.01,15.07,15.39,0.06,-1,-1,-1
39,-1,2236.42,592.45,70.25,16.82,0.05,-1,-1,-1
40,-1,1337.80,549.59,21.55,31.70,0.76,-1,-1,-1
40,-1,1213.54,646.18,23.03,39.36,0.71,-1,-1,-1
40,-1,1197.93,944.66,34.32,39.43,0.71,-1,-1,-1
40,-1,2409.61,714.05,33.17,24.43,0.49,-1,-1,-1
40,-1,1198.26,969.11,31.40,22.44,0.44,-1,-1,-1
40,-1,2454.69,539.85,58.53,16.65,0.42,-1,-1,-1
40,-1,1876.16,1152.21,122.74,46.07,0.39,-1,-1,-1
40,-1,2233.63,600.02,67.18,21.76,0.31,-1,-1,-1
40,-1,981.11,954.45,23.25,37.88,0.17,-1,-1,-1
40,-1,2231.15,600.10,69.36,23.46,0.12,-1,-1,-1
40,-1,2408.91,714.84,35.19,22.77,0.11,-1,-1,-1
40,-1,2467.51,548.40,58.52,14.08,0.10,-1,-1,-1
40,-1,2285.65,602.90,15.31,14.81,0.09,-1,-1,-1
40,-1,2234.98,600.19,17.37,22.29,0.09,-1,-1,-1
40,-1,2231.78,597.93,69.58,24.33,0.09,-1,-1,-1
40,-1,961.91,568.99,34.76,24.95,0.09,-1,-1,-1
40,-1,2367.81,714.20,96.55,34.75,0.08,-1,-1,-1
40,-1,2409.73,713.76,32.92,24.82,0.08,-1,-1,-1
40,-1,1021.60,945.84,37.95,47.36,0.07,-1,-1,-1
40,-1,1329.60,574.17,32.48,12.36,0.06,-1,-1,-1
40,-1,2236.79,607.97,99.05,17.54,0.06,-1,-1,-1
40,-1,2293.38,614.49,42.15,10.88,0.05,-1,-1,-1
41,-1,1361.88,564.29,22.92,33.03,0.77,-1,-1,-1
41,-1,1250.09,636.49,30.79,41.41,0.73,-1,-1,-1
41,-1,2345.74,682.24,27.03,28.42,0.49,-1,-1,-1
41,-1,1212.31,927.54,32.01,49.61,0.43,-1,-1,-1
41,-1,1865.13,1126.47,51.77,34.92,0.42,-1,-1,-1
41,-1,1005.46,934.23,62.23,37.12,0.29,-1,-1,-1
41,-1,2245.39,587.41,57.64,24.03,0.26,-1,-1,-1
41,-1,1897.26,1120.85,57.57,41.90,0.26,-1,-1,-1
41,-1,2254.48,590.74,12.71,15.73,0.23,-1,-1,-1
41,-1,2465.88,547.67,13.19,10.93,0.23,-1,-1,-1
41,-1,1894.11,1120.46,60.03,42.38,0.19,-1,-1,-1
41,-1,1891.91,1135.22,24.94,26.63,0.12,-1,-1,-1
41,-1,1237.25,669.04,43.18,11.51,0.11,-1,-1,-1
41,-1,1208.07,970.29,45.03,10.66,0.10,-1,-1,-1
41,-1,2283.30,599.22,20.34,12.33,0.10,-1,-1,-1
41,-1,1362.48,585.84,22.95,15.43,0.10,-1,-1,-1
41,-1,2403.85,306.67,44.66,12.59,0.09,-1,-1,-1
41,-1,1248.96,656.32,14.73,16.08,0.08,-1,-1,-1
41,-1,1676.71,548.90,21.99,15.92,0.08,-1,-1,-1
41,-1,2334.51,687.89,36.49,25.81,0.07,-1,-1,-1
41,-1,1236.17,671.79,91.59,14.18,0.07,-1,-1,-1
41,-1,2239.43,582.57,64.58,29.92,0.07,-1,-1,-1
41,-1,1237.23,662.41,30.40,16.50,0.06,-1,-1,-1
41,-1,2366.77,253.28,31.79,9.84,0.05,-1,-1,-1
41,-1,1552.09,572.35,36.26,36.33,0.05,-1,-1,-1
42,-1,1293.37,643.73,20.89,42.60,0.81,-1,-1,-1
42,-1,1048.25,948.08,54.03,37.74,0.78,-1,-1,-1
42,-1,1375.81,569.46,23.59,29.81,0.70,-1,-1,-1
42,-1,1266.31,911.83,57.67,35.55,0.69,-1,-1,-1
42,-1,2288.52,684.67,33.88,30.48,0.58,-1,-1,-1
42,-1,2304.33,586.18,50.80,18.38,0.49,-1,-1,-1
42,-1,2442.19,543.92,27.50,16.26,0.40,-1,-1,-1
42,-1,1274.43,938.67,39.78,13.65,0.33,-1,-1,-1
42,-1,1376.76,585.15,23.76,17.02,0.24,-1,-1,-1
42,-1,1891.03,1099.21,30.06,34.36,0.23,-1,-1,-1
42,-1,1048.09,885.17,52.82,57.12,0.21,-1,-1,-1
42,-1,1231.00,896.92,29.47,33.54,0.16,-1,-1,-1
42,-1,1213.40,681.40,48.57,18.40,0.11,-1,-1,-1
42,-1,1263.05,908.11,22.25,36.10,0.10,-1,-1,-1
42,-1,1083.92,942.80,20.27,17.56,0.08,-1,-1,-1
42,-1,2287.40,716.54,64.86,11.09,0.08,-1,-1,-1
42,-1,1230.22,914.57,29.31,21.94,0.08,-1,-1,-1
42,-1,1213.16,675.03,79.01,26.07,0.07,-1,-1,-1
42,-1,1069.72,908.57,35.12,40.88,0.06,-1,-1,-1
42,-1,2288.62,711.19,40.88,11.62,0.05,-1,-1,-1
43,-1,1297.82,658.51,20.97,45.43,0.76,-1,-1,-1
43,-1,1364.77,590.08,21.37,25.46,0.76,-1,-1,-1
43,-1,2372.03,582.01,90.38,31.83,0.42,-1,-1,-1
43,-1,2271.19,653.01,24.35,24.20,0.38,-1,-1,-1
43,-1,1281.83,917.54,47.96,60.13,0.38,-1,-1,-1
43,-1,2375.78,582.74,60.04,21.24,0.31,-1,-1,-1
43,-1,1366.15,611.68,27.29,10.35,0.30,-1,-1,-1
43,-1,1365.93,611.46,28.13,10.78,0.13,-1,-1,-1
43,-1,1294.46,918.12,34.93,36.63,0.13,-1,-1,-1
43,-1,1261.62,912.82,52.88,39.62,0.10,-1,-1,-1
43,-1,1225.03,696.39,32.63,11.63,0.09,-1,-1,-1
43,-1,1390.67,580.82,36.14,15.53,0.07,-1,-1,-1
43,-1,1286.95,953.86,39.09,24.20,0.06,-1,-1,-1
43,-1,2404.60,587.53,29.64,13.14,0.06,-1,-1,-1
44,-1,1341.22,590.98,21.01,27.61,0.79,-1,-1,-1
44,-1,1279.45,660.62,25.71,38.36,0.78,-1,-1,-1
44,-1,2277.41,645.55,27.70,29.42,0.61,-1,-1,-1
44,-1,2407.63,582.36,56.49,21.38,0.46,-1,-1,-1
44,-1,1272.33,929.04,55.92,41.64,0.41,-1,-1,-1
44,-1,2382.13,336.74,18.16,30.14,0.39,-1,-1,-1
44,-1,1341.57,612.57,24.18,11.27,0.38,-1,-1,-1
44,-1,996.89,976.42,86.27,48.04,0.32,-1,-1,-1
44,-1,1547.94,784.63,22.83,27.66,0.26,-1,-1,-1
44,-1,1889.32,1026.64,29.34,27.03,0.25,-1,-1,-1
44,-1,1925.78,1054.61,35.68,29.55,0.21,-1,-1,-1
44,-1,996.73,972.69,87.21,51.39,0.21,-1,-1,-1
44,-1,2431.95,360.10,12.60,9.75,0.20,-1,-1,-1
44,-1,2334.38,651.24,44.54,22.24,0.11,-1,-1,-1
44,-1,1044.80,980.67,35.33,42.62,0.11,-1,-1,-1
44,-1,2277.45,645.77,27.54,29.12,0.10,-1,-1,-1
44,-1,173.97,496.15,21.20,14.46,0.09,-1,-1,-1
44,-1,1235.93,691.86,59.34,11.75,0.09,-1,-1,-1
44,-1,1033.61,968.08,44.50,34.19,0.08,-1,-1,-1
44,-1,997.13,972.42,86.99,52.06,0.07,-1,-1,-1
44,-1,1272.92,935.46,55.85,35.94,0.07,-1,-1,-1
44,-1,1535.26,802.09,34.32,16.78,0.07,-1,-1,-1
44,-1,1890.01,1027.14,79.08,56.27,0.06,-1,-1,-1
44,-1,2433.92,589.06,30.11,13.77,0.06,-1,-1,-1
44,-1,1544.87,784.37,54.22,32.53,0.06,-1,-1,-1
44,-1,1108.22,904.43,45.40,19.40,0.06,-1,-1,-1
44,-1,1029.28,966.13,20.67,12.05,0.06,-1,-1,-1
44,-1,2274.92,646.63,103.58,29.78,0.05,-1,-1,-1
45,-1,1306.89,593.20,20.41,28.35,0.82,-1,-1,-1
45,-1,2261.76,664.27,32.62,30.71,0.76,-1,-1,-1
45,-1,1253.37,672.66,33.44,39.67,0.74,-1,-1,-1
45,-1,1227.88,946.56,44.10,42.17,0.49,-1,-1,-1
45,-1,2447.26,598.89,60.65,17.62,0.25,-1,-1,-1
45,-1,2261.56,674.30,27.82,20.44,0.21,-1,-1,-1
45,-1,1271.71,702.47,74.93,17.40,0.14,-1,-1,-1
45,-1,1299.05,614.25,30.33,10.33,0.13,-1,-1,-1
45,-1,1205.05,703.03,137.99,23.04,0.11,-1,-1,-1
45,-1,1209.14,947.36,47.80,40.41,0.10,-1,-1,-1
45,-1,924.26,1009.32,75.96,36.13,0.10,-1,-1,-1
45,-1,1225.54,971.11,22.55,17.74,0.10,-1,-1,-1
45,-1,961.78,999.34,32.27,27.04,0.09,-1,-1,-1
45,-1,976.04,1004.25,20.22,20.78,0.07,-1,-1,-1
45,-1,922.76,1018.56,41.05,36.10,0.07,-1,-1,-1
46,-1,1258.52,609.41,20.65,32.02,0.82,-1,-1,-1
46,-1,2214.67,673.18,47.19,31.80,0.79,-1,-1,-1
46,-1,2494.33,600.73,24.22,27.66,0.75,-1,-1,-1
46,-1,1199.90,681.52,20.82,48.95,0.70,-1,-1,-1
46,-1,2524.83,569.99,10.89,13.36,0.40,-1,-1,-1
46,-1,1886.37,1091.42,78.77,42.89,0.21,-1,-1,-1
46,-1,1159.75,962.90,31.64,43.36,0.15,-1,-1,-1
46,-1,1850.80,1056.72,65.37,76.09,0.15,-1,-1,-1
46,-1,2204.77,699.87,58.50,11.88,0.13,-1,-1,-1
46,-1,1880.82,1089.16,36.39,43.37,0.10,-1,-1,-1
46,-1,1885.36,1108.15,29.54,25.63,0.10,-1,-1,-1
46,-1,1898.81,1110.83,17.50,24.17,0.09,-1,-1,-1
46,-1,2491.07,620.35,34.08,11.27,0.09,-1,-1,-1
46,-1,2222.22,696.49,81.71,13.05,0.09,-1,-1,-1
46,-1,847.43,1029.50,68.43,71.65,0.08,-1,-1,-1
46,-1,2215.77,696.40,49.54,10.77,0.07,-1,-1,-1
46,-1,1893.36,1103.69,38.08,29.83,0.06,-1,-1,-1
46,-1,1134.41,962.52,51.25,37.94,0.06,-1,-1,-1
46,-1,1850.35,1057.48,30.58,62.55,0.05,-1,-1,-1
46,-1,2506.14,569.23,31.53,15.62,0.05,-1,-1,-1
47,-1,2171.15,685.16,27.48,28.59,0.78,-1,-1,-1
47,-1,1215.73,600.12,18.49,27.84,0.78,-1,-1,-1
47,-1,1160.04,672.16,18.83,30.83,0.77,-1,-1,-1
47,-1,767.57,1044.83,89.59,38.25,0.65,-1,-1,-1
47,-1,2483.00,617.72,23.59,25.70,0.57,-1,-1,-1
47,-1,1077.76,965.12,24.18,41.02,0.42,-1,-1,-1
47,-1,1128.55,689.20,28.36,11.28,0.34,-1,-1,-1
47,-1,2507.13,584.61,19.73,11.16,0.28,-1,-1,-1
47,-1,1862.59,1103.05,43.54,47.96,0.25,-1,-1,-1
47,-1,2164.27,712.59,34.26,11.14,0.23,-1,-1,-1
47,-1,1066.53,981.92,18.14,24.65,0.23,-1,-1,-1
47,-1,1053.56,978.61,16.19,27.39,0.23,-1,-1,-1
47,-1,1863.03,1102.63,42.26,48.09,0.20,-1,-1,-1
47,-1,1049.58,990.88,49.41,19.76,0.20,-1,-1,-1
47,-1,2480.71,637.95,31.47,12.28,0.18,-1,-1,-1
47,-1,741.34,858.83,38.33,36.08,0.16,-1,-1,-1
47,-1,740.67,858.87,38.46,36.99,0.16,-1,-1,-1
47,-1,2480.93,636.85,31.49,12.70,0.15,-1,-1,-1
47,-1,818.29,1069.54,54.59,15.34,0.12,-1,-1,-1
47,-1,1046.87,962.22,55.50,47.63,0.11,-1,-1,-1
47,-1,1216.83,619.39,32.53,15.36,0.10,-1,-1,-1
47,-1,1215.92,614.61,17.71,15.71,0.08,-1,-1,-1
47,-1,755.18,1071.63,116.71,24.21,0.08,-1,-1,-1
47,-1,1056.92,999.67,37.04,12.35,0.07,-1,-1,-1
48,-1,1209.24,603.56,18.62,27.08,0.79,-1,-1,-1
48,-1,2166.14,694.89,31.07,29.23,0.78,-1,-1,-1
48,-1,2483.34,630.53,29.54,26.74,0.74,-1,-1,-1
48,-1,1160.00,679.70,19.70,32.75,0.69,-1,-1,-1
48,-1,1025.92,983.92,43.39,39.68,0.55,-1,-1,-1
48,-1,2491.52,586.68,60.78,16.59,0.47,-1,-1,-1
48,-1,1894.02,1135.32,45.52,48.14,0.40,-1,-1,-1
48,-1,1031.12,1014.94,42.21,19.67,0.32,-1,-1,-1
48,-1,1828.03,1108.38,62.33,53.66,0.28,-1,-1,-1
48,-1,1901.83,1176.56,58.46,16.51,0.12,-1,-1,-1
48,-1,2528.65,587.14,22.71,13.69,0.11,-1,-1,-1
48,-1,2147.06,712.73,53.23,13.78,0.09,-1,-1,-1
48,-1,749.02,1070.79,80.06,35.44,0.08,-1,-1,-1
48,-1,2490.38,589.08,68.81,17.47,0.07,-1,-1,-1
48,-1,2385.80,392.76,11.39,9.11,0.06,-1,-1,-1
48,-1,1210.53,619.99,19.12,12.16,0.06,-1,-1,-1
48,-1,2288.34,400.91,10.86,9.13,0.05,-1,-1,-1
49,-1,1204.58,600.48,20.95,27.39,0.85,-1,-1,-1
49,-1,1149.03,677.91,22.83,30.38,0.77,-1,-1,-1
49,-1,2492.79,629.36,28.19,25.79,0.75,-1,-1,-1
49,-1,2169.75,699.50,28.94,20.82,0.73,-1,-1,-1
49,-1,1893.10,1133.58,72.13,65.51,0.66,-1,-1,-1
49,-1,1011.32,994.92,56.37,44.00,0.30,-1,-1,-1
49,-1,1011.24,988.71,58.27,50.68,0.15,-1,-1,-1
49,-1,1890.96,1134.33,49.62,64.57,0.10,-1,-1,-1
49,-1,2489.77,649.32,69.03,10.30,0.09,-1,-1,-1
49,-1,1010.39,976.41,60.24,63.08,0.08,-1,-1,-1
49,-1,1042.22,977.91,26.76,31.39,0.08,-1,-1,-1
49,-1,2300.56,398.83,17.18,8.43,0.08,-1,-1,-1
49,-1,2384.01,394.56,13.17,9.37,0.08,-1,-1,-1
49,-1,2169.37,715.62,43.34,10.47,0.07,-1,-1,-1
49,-1,1953.31,1157.32,20.33,10.27,0.06,-1,-1,-1
49,-1,1149.49,695.91,22.42,15.96,0.06,-1,-1,-1
49,-1,731.17,1041.90,118.69,99.37,0.06,-1,-1,-1
49,-1,2384.70,394.97,12.08,9.29,0.06,-1,-1,-1
49,-1,733.50,1086.13,65.89,54.74,0.05,-1,-1,-1
49,-1,2547.51,590.06,11.99,26.88,0.05,-1,-1,-1
49,-1,1014.05,1021.23,33.39,16.42,0.05,-1,-1,-1
50,-1,1203.80,598.51,19.01,29.08,0.82,-1,-1,-1
50,-1,1151.78,668.83,25.07,34.33,0.72,-1,-1,-1
50,-1,2504.98,634.33,23.39,25.98,0.72,-1,-1,-1
50,-1,2171.50,719.52,27.59,14.81,0.61,-1,-1,-1
50,-1,991.01,1024.90,54.88,40.90,0.48,-1,-1,-1
50,-1,1908.10,1163.59,129.21,67.05,0.26,-1,-1,-1
50,-1,829.12,767.81,40.52,19.04,0.25,-1,-1,-1
50,-1,1978.79,1178.31,57.69,46.79,0.23,-1,-1,-1
50,-1,1288.91,982.72,44.15,20.99,0.17,-1,-1,-1
50,-1,703.29,1112.69,68.60,41.51,0.12,-1,-1,-1
50,-1,1135.53,694.73,39.74,10.44,0.12,-1,-1,-1
50,-1,1908.24,1164.05,129.54,67.20,0.10,-1,-1,-1
50,-1,2498.96,657.13,58.59,10.62,0.08,-1,-1,-1
50,-1,1980.36,1221.30,58.94,12.28,0.05,-1,-1,-1
51,-1,1207.39,593.48,19.05,32.55,0.80,-1,-1,-1
51,-1,2496.60,638.64,24.88,30.67,0.75,-1,-1,-1
51,-1,1152.24,671.83,27.83,30.46,0.73,-1,-1,-1
51,-1,943.75,1054.76,56.90,40.65,0.54,-1,-1,-1
51,-1,686.96,1134.62,62.54,31.08,0.44,-1,-1,-1
51,-1,1145.35,695.76,30.89,11.55,0.43,-1,-1,-1
51,-1,2500.44,661.64,40.38,10.07,0.42,-1,-1,-1
51,-1,710.82,1113.80,39.21,34.54,0.36,-1,-1,-1
51,-1,1943.94,1209.80,123.17,54.42,0.28,-1,-1,-1
51,-1,2144.55,710.91,64.48,26.98,0.18,-1,-1,-1
51,-1,2173.59,725.18,27.94,12.29,0.16,-1,-1,-1
51,-1,1217.00,608.01,27.35,11.49,0.15,-1,-1,-1
51,-1,2298.24,396.33,9.11,8.92,0.13,-1,-1,-1
51,-1,2336.54,367.86,9.20,9.14,0.11,-1,-1,-1
51,-1,1204.55,608.15,40.53,17.74,0.11,-1,-1,-1
51,-1,898.30,1087.51,67.56,11.82,0.10,-1,-1,-1
51,-1,687.36,1113.47,84.88,57.65,0.10,-1,-1,-1
51,-1,725.93,1147.40,47.07,26.23,0.08,-1,-1,-1
51,-1,686.70,1140.98,85.58,36.12,0.07,-1,-1,-1
51,-1,686.50,1163.05,36.70,18.47,0.07,-1,-1,-1
51,-1,956.95,1084.68,32.75,13.26,0.05,-1,-1,-1
52,-1,1152.96,668.94,26.00,35.17,0.82,-1,-1,-1
52,-1,1213.05,596.01,17.26,26.54,0.80,-1,-1,-1
52,-1,2021.75,1218.45,90.27,48.17,0.70,-1,-1,-1
52,-1,929.73,1058.28,64.87,46.55,0.70,-1,-1,-1
52,-1,2481.89,642.19,26.23,18.86,0.67,-1,-1,-1
52,-1,2271.79,397.00,38.61,14.23,0.21,-1,-1,-1
52,-1,2493.03,658.68,32.12,9.26,0.19,-1,-1,-1
52,-1,2271.50,396.95,39.30,14.76,0.19,-1,-1,-1
52,-1,929.13,1079.62,41.49,27.19,0.17,-1,-1,-1
52,-1,894.07,967.93,28.53,19.76,0.13,-1,-1,-1
52,-1,2291.51,396.87,19.12,10.86,0.13,-1,-1,-1
52,-1,1156.95,693.26,20.96,13.27,0.09,-1,-1,-1
52,-1,2369.25,398.43,9.71,9.34,0.08,-1,-1,-1
52,-1,2020.17,1238.69,42.96,21.79,0.08,-1,-1,-1
52,-1,2479.11,657.18,47.30,11.45,0.08,-1,-1,-1
52,-1,929.18,1079.72,18.05,25.74,0.07,-1,-1,-1
52,-1,937.69,1092.87,36.43,13.54,0.07,-1,-1,-1
52,-1,1209.04,612.01,22.18,12.64,0.06,-1,-1,-1
52,-1,2017.09,1238.03,90.72,31.06,0.06,-1,-1,-1
52,-1,2143.46,721.88,75.21,23.60,0.06,-1,-1,-1
53,-1,1219.12,590.01,18.48,28.32,0.78,-1,-1,-1
53,-1,1176.63,660.03,22.84,30.96,0.75,-1,-1,-1
53,-1,931.90,1089.79,71.99,58.71,0.59,-1,-1,-1
53,-1,610.39,1137.93,120.28,102.66,0.53,-1,-1,-1
53,-1,2466.55,649.43,43.56,16.17,0.52,-1,-1,-1
53,-1,2179.69,728.59,26.77,17.67,0.44,-1,-1,-1
53,-1,2054.44,1254.82,48.05,46.65,0.33,-1,-1,-1
53,-1,771.14,1233.07,44.19,36.93,0.20,-1,-1,-1
53,-1,2470.96,663.03,47.56,10.67,0.15,-1,-1,-1
53,-1,2144.85,723.60,13.36,12.04,0.12,-1,-1,-1
53,-1,2362.74,399.42,9.46,8.59,0.10,-1,-1,-1
53,-1,2051.06,1255.55,50.97,48.34,0.10,-1,-1,-1
53,-1,1219.99,607.44,18.55,13.00,0.10,-1,-1,-1
53,-1,2145.22,723.65,63.88,22.37,0.09,-1,-1,-1
53,-1,2281.62,397.14,8.93,11.21,0.08,-1,-1,-1
53,-1,2182.82,732.33,40.31,14.34,0.07,-1,-1,-1
53,-1,2265.66,403.08,10.13,8.42,0.06,-1,-1,-1
53,-1,1177.68,678.93,31.89,13.69,0.06,-1,-1,-1
53,-1,955.46,1143.35,30.72,11.16,0.06,-1,-1,-1
54,-1,1232.11,587.79,17.68,25.54,0.81,-1,-1,-1
54,-1,1188.76,661.59,21.34,30.43,0.80,-1,-1,-1
54,-1,2151.76,723.24,68.26,18.68,0.61,-1,-1,-1
54,-1,2042.63,1262.92,89.87,46.11,0.47,-1,-1,-1
54,-1,1184.02,686.26,29.54,12.02,0.34,-1,-1,-1
54,-1,2467.41,653.55,30.17,15.83,0.22,-1,-1,-1
54,-1,2009.79,1237.72,129.38,75.93,0.13,-1,-1,-1
54,-1,2358.38,399.93,12.20,8.27,0.11,-1,-1,-1
54,-1,1043.05,538.56,18.96,12.37,0.07,-1,-1,-1
54,-1,2465.83,654.16,31.15,14.77,0.07,-1,-1,-1
54,-1,2009.60,1238.01,55.61,44.87,0.06,-1,-1,-1
54,-1,2271.09,394.31,15.61,14.51,0.05,-1,-1,-1
55,-1,1233.07,591.85,27.61,33.84,0.73,-1,-1,-1
55,-1,1203.53,671.16,23.90,22.85,0.69,-1,-1,-1
55,-1,941.31,1105.06,55.54,36.20,0.51,-1,-1,-1
55,-1,2098.77,1252.06,51.19,45.17,0.46,-1,-1,-1
55,-1,2451.58,649.32,26.91,16.09,0.46,-1,-1,-1
55,-1,623.04,1215.13,112.35,41.57,0.25,-1,-1,-1
55,-1,622.16,1215.19,112.97,41.34,0.24,-1,-1,-1
55,-1,1240.45,607.42,19.23,18.72,0.21,-1,-1,-1
55,-1,1202.46,685.86,33.18,12.01,0.18,-1,-1,-1
55,-1,2207.41,730.60,42.63,16.56,0.13,-1,-1,-1
55,-1,2098.78,1262.06,29.39,33.42,0.11,-1,-1,-1
55,-1,2450.89,653.59,27.94,12.74,0.10,-1,-1,-1
55,-1,2098.88,1252.09,52.65,45.64,0.10,-1,-1,-1
55,-1,941.93,1104.12,110.26,49.78,0.09,-1,-1,-1
55,-1,1093.02,963.24,33.25,47.73,0.08,-1,-1,-1
55,-1,623.67,1215.27,112.03,41.34,0.06,-1,-1,-1
56,-1,1237.90,593.31,20.47,20.04,0.68,-1,-1,-1
56,-1,946.99,1144.02,62.02,40.18,0.51,-1,-1,-1
56,-1,1205.87,672.03,40.65,12.34,0.45,-1,-1,-1
56,-1,1251.00,603.81,19.24,12.24,0.37,-1,-1,-1
56,-1,2437.24,639.82,35.30,17.65,0.37,-1,-1,-1
56,-1,2197.74,716.55,62.04,20.07,0.33,-1,-1,-1
56,-1,2230.07,721.62,29.72,15.11,0.32,-1,-1,-1
56,-1,934.14,1179.57,44.50,18.30,0.32,-1,-1,-1
56,-1,1239.44,603.40,30.48,12.86,0.27,-1,-1,-1
56,-1,2437.24,639.94,35.51,17.56,0.23,-1,-1,-1
56,-1,1159.13,897.08,51.58,17.71,0.17,-1,-1,-1
56,-1,2163.06,1245.02,66.39,47.32,0.16,-1,-1,-1
56,-1,1232.16,603.39,37.73,13.97,0.11,-1,-1,-1
56,-1,933.53,1183.98,21.85,14.26,0.10,-1,-1,-1
56,-1,2273.55,390.07,9.92,12.42,0.07,-1,-1,-1
57,-1,1249.90,590.33,19.66,25.76,0.65,-1,-1,-1
57,-1,946.61,1153.36,81.04,47.75,0.61,-1,-1,-1
57,-1,1248.38,672.97,15.94,16.14,0.55,-1,-1,-1
57,-1,2425.35,628.55,33.77,23.86,0.36,-1,-1,-1
57,-1,1226.83,677.77,20.11,11.12,0.26,-1,-1,-1
57,-1,949.63,1169.22,74.87,37.02,0.18,-1,-1,-1
57,-1,1226.14,681.14,46.08,14.44,0.18,-1,-1,-1
57,-1,1227.09,672.44,38.21,16.90,0.12,-1,-1,-1
57,-1,948.48,1182.25,54.53,24.88,0.12,-1,-1,-1
57,-1,1249.54,600.17,18.60,16.51,0.10,-1,-1,-1
57,-1,1269.02,599.16,29.28,11.53,0.09,-1,-1,-1
57,-1,2226.71,709.68,66.07,20.89,0.06,-1,-1,-1
57,-1,2516.17,559.61,43.19,18.89,0.05,-1,-1,-1
58,-1,1244.53,592.74,16.55,32.00,0.75,-1,-1,-1
58,-1,584.97,1293.69,80.37,53.73,0.74,-1,-1,-1
58,-1,915.53,1187.04,80.13,55.53,0.58,-1,-1,-1
58,-1,1230.14,673.95,48.13,21.93,0.51,-1,-1,-1
58,-1,2417.04,623.26,28.04,17.11,0.49,-1,-1,-1
58,-1,2498.60,541.32,11.39,11.61,0.30,-1,-1,-1
58,-1,2301.34,1269.68,34.33,27.60,0.30,-1,-1,-1
58,-1,2304.82,719.43,32.16,15.20,0.25,-1,-1,-1
58,-1,1358.50,1248.32,39.60,29.29,0.22,-1,-1,-1
58,-1,658.79,1260.31,27.69,36.44,0.17,-1,-1,-1
58,-1,2304.63,719.09,31.17,15.36,0.16,-1,-1,-1
58,-1,2304.82,719.26,30.81,15.35,0.16,-1,-1,-1
58,-1,2279.12,386.26,9.04,11.92,0.10,-1,-1,-1
58,-1,592.99,1321.18,63.97,27.82,0.10,-1,-1,-1
58,-1,2294.43,1268.25,91.27,47.01,0.09,-1,-1,-1
58,-1,1979.24,623.20,39.75,19.72,0.07,-1,-1,-1
58,-1,2271.19,387.10,16.68,19.41,0.07,-1,-1,-1
58,-1,917.96,1215.95,34.12,26.08,0.07,-1,-1,-1
58,-1,1256.75,674.30,21.43,20.13,0.06,-1,-1,-1
58,-1,926.70,1202.88,69.42,41.31,0.05,-1,-1,-1
59,-1,1243.95,586.16,15.91,24.09,0.71,-1,-1,-1
59,-1,1255.89,670.75,18.01,15.14,0.36,-1,-1,-1
59,-1,2272.86,388.91,15.50,14.17,0.32,-1,-1,-1
59,-1,2428.67,626.36,23.91,25.31,0.20,-1,-1,-1
59,-1,1226.41,670.75,47.84,15.27,0.13,-1,-1,-1
59,-1,2352.99,362.85,8.78,12.44,0.13,-1,-1,-1
59,-1,2428.44,628.26,10.72,23.72,0.07,-1,-1,-1
59,-1,2427.97,628.05,12.14,23.71,0.07,-1,-1,-1
59,-1,2495.27,540.60,64.15,19.38,0.06,-1,-1,-1
59,-1,1237.34,605.77,44.74,9.49,0.06,-1,-1,-1
59,-1,272.69,609.28,41.82,22.18,0.06,-1,-1,-1
59,-1,2428.52,625.91,52.38,26.91,0.05,-1,-1,-1
60,-1,1248.19,583.15,11.00,24.18,0.69,-1,-1,-1
60,-1,2372.34,736.51,33.45,16.01,0.30,-1,-1,-1
60,-1,2442.55,633.13,23.87,19.88,0.29,-1,-1,-1
60,-1,1261.56,668.48,49.23,21.26,0.17,-1,-1,-1
60,-1,2438.57,640.74,26.90,20.52,0.16,-1,-1,-1
60,-1,2520.89,1013.82,38.50,45.74,0.10,-1,-1,-1
60,-1,2361.33,389.87,9.70,9.17,0.10,-1,-1,-1
60,-1,2438.63,650.42,20.77,10.89,0.09,-1,-1,-1
60,-1,2520.84,1013.76,38.48,45.80,0.07,-1,-1,-1
60,-1,2351.92,364.86,9.52,12.71,0.06,-1,-1,-1
61,-1,1247.97,579.12,14.77,30.70,0.72,-1,-1,-1
61,-1,2440.73,644.98,31.86,20.57,0.48,-1,-1,-1
61,-1,1270.09,673.14,55.02,20.34,0.40,-1,-1,-1
61,-1,2476.43,558.38,53.00,10.77,0.23,-1,-1,-1
61,-1,759.86,1272.80,106.70,45.44,0.15,-1,-1,-1
61,-1,2476.19,558.90,16.32,9.10,0.15,-1,-1,-1
61,-1,2290.01,391.42,10.27,11.04,0.13,-1,-1,-1
61,-1,2458.20,647.29,15.32,17.40,0.08,-1,-1,-1
61,-1,2469.26,1329.21,59.20,56.86,0.06,-1,-1,-1
61,-1,2280.28,391.66,19.29,13.56,0.06,-1,-1,-1
62,-1,1252.64,569.82,13.17,25.67,0.68,-1,-1,-1
62,-1,1305.77,673.78,35.03,14.88,0.28,-1,-1,-1
62,-1,2443.78,664.86,36.97,21.17,0.28,-1,-1,-1
62,-1,1245.33,584.95,37.71,12.22,0.26,-1,-1,-1
62,-1,2449.03,566.39,44.45,10.56,0.18,-1,-1,-1
62,-1,2287.92,393.25,13.36,12.58,0.17,-1,-1,-1
62,-1,1290.86,673.48,67.10,18.90,0.14,-1,-1,-1
62,-1,2349.97,366.76,10.69,11.70,0.10,-1,-1,-1
62,-1,2349.98,366.89,11.25,11.72,0.09,-1,-1,-1
62,-1,1290.36,675.09,29.59,12.91,0.09,-1,-1,-1
62,-1,1249.14,569.16,33.85,28.12,0.07,-1,-1,-1
62,-1,1290.70,674.13,68.27,18.88,0.06,-1,-1,-1
62,-1,445.06,1282.05,59.63,62.11,0.05,-1,-1,-1
63,-1,1267.97,572.29,12.04,22.40,0.69,-1,-1,-1
63,-1,2443.74,658.55,26.60,20.71,0.51,-1,-1,-1
63,-1,1346.66,669.90,15.62,16.64,0.50,-1,-1,-1
63,-1,473.14,1245.41,47.80,51.99,0.25,-1,-1,-1
63,-1,2288.88,393.48,13.55,14.76,0.21,-1,-1,-1
63,-1,2436.93,755.92,94.90,21.27,0.20,-1,-1,-1
63,-1,2440.95,657.75,12.21,17.02,0.19,-1,-1,-1
63,-1,473.13,1245.11,48.58,54.37,0.12,-1,-1,-1
63,-1,1332.37,673.47,13.90,13.43,0.09,-1,-1,-1
63,-1,2372.44,395.78,9.65,8.88,0.09,-1,-1,-1
63,-1,2347.62,368.34,10.58,10.02,0.08,-1,-1,-1
63,-1,2443.96,667.65,27.31,15.32,0.07,-1,-1,-1
63,-1,1261.00,588.95,46.92,9.31,0.07,-1,-1,-1
64,-1,1269.07,574.85,12.74,22.71,0.71,-1,-1,-1
64,-1,2290.82,394.22,10.48,13.97,0.60,-1,-1,-1
64,-1,498.79,1219.97,72.27,82.62,0.38,-1,-1,-1
64,-1,1355.35,674.35,33.41,17.35,0.30,-1,-1,-1
64,-1,527.41,1220.18,42.03,54.04,0.29,-1,-1,-1
64,-1,2344.78,369.56,11.10,9.84,0.18,-1,-1,-1
64,-1,2440.17,669.18,26.55,22.59,0.08,-1,-1,-1
64,-1,2439.23,668.75,27.39,23.64,0.06,-1,-1,-1
65,-1,1274.44,576.74,12.14,24.87,0.62,-1,-1,-1
65,-1,596.21,1211.27,59.85,61.53,0.56,-1,-1,-1
65,-1,1396.31,681.82,28.85,15.99,0.52,-1,-1,-1
65,-1,2425.44,677.01,32.88,24.73,0.48,-1,-1,-1
65,-1,2342.06,369.08,10.54,10.53,0.39,-1,-1,-1
65,-1,2289.59,395.99,11.67,14.82,0.19,-1,-1,-1
65,-1,1269.35,592.54,44.64,10.40,0.17,-1,-1,-1
65,-1,1385.30,688.52,46.98,15.30,0.16,-1,-1,-1
65,-1,2423.00,677.47,24.05,26.01,0.13,-1,-1,-1
65,-1,2363.50,557.76,26.59,12.91,0.10,-1,-1,-1
65,-1,1384.43,685.80,20.12,11.19,0.09,-1,-1,-1
65,-1,2363.13,558.07,26.99,12.86,0.09,-1,-1,-1
65,-1,2362.91,368.58,9.38,9.34,0.09,-1,-1,-1
65,-1,1256.77,595.32,55.40,12.95,0.06,-1,-1,-1
66,-1,657.51,1222.59,63.82,91.33,0.81,-1,-1,-1
66,-1,2409.09,664.55,28.08,30.78,0.63,-1,-1,-1
66,-1,1426.83,686.56,29.69,23.42,0.51,-1,-1,-1
66,-1,2288.47,394.54,13.21,14.95,0.47,-1,-1,-1
66,-1,1275.31,572.89,13.85,23.31,0.36,-1,-1,-1
66,-1,2338.42,368.79,10.39,10.46,0.31,-1,-1,-1
66,-1,1271.59,572.13,40.87,27.84,0.27,-1,-1,-1
66,-1,641.33,1293.53,47.53,17.04,0.24,-1,-1,-1
66,-1,1262.89,571.95,49.73,28.79,0.20,-1,-1,-1
66,-1,2359.41,368.10,9.58,10.54,0.10,-1,-1,-1
66,-1,633.57,1277.75,56.55,32.98,0.08,-1,-1,-1
66,-1,1712.48,829.09,36.56,24.01,0.07,-1,-1,-1
66,-1,638.73,1289.13,105.57,23.00,0.06,-1,-1,-1
67,-1,1438.70,692.92,53.77,20.39,0.68,-1,-1,-1
67,-1,1280.91,575.70,20.24,20.77,0.67,-1,-1,-1
67,-1,694.75,1231.09,58.84,70.13,0.46,-1,-1,-1
67,-1,2333.34,368.55,9.61,11.29,0.26,-1,-1,-1
67,-1,2406.42,667.84,24.89,27.31,0.24,-1,-1,-1
67,-1,2286.49,395.42,19.94,13.78,0.14,-1,-1,-1
67,-1,791.74,599.95,37.73,16.34,0.12,-1,-1,-1
67,-1,2405.26,668.14,11.92,25.13,0.08,-1,-1,-1
67,-1,1420.45,696.37,72.63,18.71,0.08,-1,-1,-1
67,-1,2286.43,395.97,20.73,13.88,0.07,-1,-1,-1
67,-1,687.45,1289.95,67.27,23.21,0.07,-1,-1,-1
67,-1,1737.32,1130.16,55.38,23.05,0.06,-1,-1,-1
67,-1,2405.45,667.41,11.00,25.49,0.06,-1,-1,-1
68,-1,703.92,1201.46,65.65,66.13,0.81,-1,-1,-1
68,-1,1273.80,568.28,24.10,24.63,0.74,-1,-1,-1
68,-1,1228.30,999.06,62.34,25.36,0.41,-1,-1,-1
68,-1,1087.53,727.93,44.39,20.18,0.35,-1,-1,-1
68,-1,2410.38,665.97,25.75,21.43,0.34,-1,-1,-1
68,-1,2328.90,368.96,11.72,10.91,0.31,-1,-1,-1
68,-1,1474.09,698.97,43.30,18.89,0.13,-1,-1,-1
68,-1,1274.28,590.59,52.20,12.29,0.09,-1,-1,-1
68,-1,479.65,926.45,20.61,19.86,0.07,-1,-1,-1
68,-1,2279.23,395.17,8.98,9.97,0.05,-1,-1,-1
68,-1,697.38,1260.24,59.42,17.86,0.05,-1,-1,-1
69,-1,713.36,1193.14,62.10,71.61,0.80,-1,-1,-1
69,-1,1280.88,564.99,22.21,22.42,0.77,-1,-1,-1
69,-1,2419.26,664.30,25.36,23.16,0.65,-1,-1,-1
69,-1,2271.54,542.28,11.03,10.50,0.43,-1,-1,-1
69,-1,2271.11,541.78,48.53,13.02,0.35,-1,-1,-1
69,-1,1465.69,697.29,56.18,22.51,0.35,-1,-1,-1
69,-1,2326.67,368.18,9.89,11.65,0.29,-1,-1,-1
69,-1,1281.28,578.81,32.61,13.90,0.22,-1,-1,-1
69,-1,2277.06,394.42,10.37,10.71,0.12,-1,-1,-1
69,-1,1462.88,698.17,24.81,16.45,0.08,-1,-1,-1
69,-1,2417.69,673.26,13.70,14.70,0.07,-1,-1,-1
70,-1,1950.53,1196.59,68.70,68.25,0.71,-1,-1,-1
70,-1,1787.63,897.17,25.17,10.31,0.07,-1,-1,-1
72,-1,903.43,1074.11,47.01,56.20,0.79,-1,-1,-1
72,-1,1947.46,1285.54,98.75,79.09,0.67,-1,-1,-1
72,-1,947.48,589.55,53.12,14.25,0.61,-1,-1,-1
72,-1,1168.69,674.27,95.52,16.08,0.49,-1,-1,-1
72,-1,1393.35,603.33,21.12,17.94,0.42,-1,-1,-1
72,-1,1221.37,496.97,17.83,12.23,0.26,-1,-1,-1
72,-1,1500.41,563.04,20.66,14.69,0.23,-1,-1,-1
72,-1,894.28,1131.34,35.54,15.06,0.22,-1,-1,-1
72,-1,1172.10,681.65,98.06,10.55,0.22,-1,-1,-1
72,-1,640.49,346.20,23.64,17.12,0.21,-1,-1,-1
72,-1,1195.35,672.05,46.89,11.32,0.14,-1,-1,-1
72,-1,893.85,1122.92,57.62,23.90,0.14,-1,-1,-1
72,-1,2213.41,441.25,26.46,18.99,0.12,-1,-1,-1
72,-1,1840.38,563.71,43.85,13.98,0.11,-1,-1,-1
72,-1,1168.65,675.55,81.97,13.74,0.09,-1,-1,-1
72,-1,946.04,590.53,54.92,12.09,0.09,-1,-1,-1
72,-1,1318.95,546.97,18.26,20.44,0.08,-1,-1,-1
72,-1,2213.03,440.78,26.96,19.36,0.08,-1,-1,-1
72,-1,1948.75,1334.39,116.47,49.64,0.07,-1,-1,-1
72,-1,2019.97,1343.11,47.92,23.89,0.06,-1,-1,-1
73,-1,1176.26,1089.22,49.15,60.31,0.82,-1,-1,-1
73,-1,2223.29,1302.39,109.36,120.72,0.78,-1,-1,-1
73,-1,1692.69,608.58,15.74,18.83,0.73,-1,-1,-1
73,-1,1615.75,554.69,11.56,19.14,0.70,-1,-1,-1
73,-1,1471.89,665.03,74.91,18.85,0.57,-1,-1,-1
73,-1,1238.35,595.24,50.56,14.38,0.48,-1,-1,-1
73,-1,1717.78,498.47,17.18,13.39,0.45,-1,-1,-1
73,-1,1266.93,596.05,21.12,12.54,0.42,-1,-1,-1
73,-1,1812.59,569.25,11.55,13.55,0.40,-1,-1,-1
73,-1,1506.27,496.23,9.32,15.06,0.38,-1,-1,-1
73,-1,1470.27,673.01,98.41,13.20,0.33,-1,-1,-1
73,-1,2212.70,575.70,54.45,10.85,0.31,-1,-1,-1
73,-1,1470.41,670.29,97.49,15.63,0.25,-1,-1,-1
73,-1,960.23,414.93,16.82,21.23,0.24,-1,-1,-1
73,-1,1876.81,474.62,46.55,10.12,0.24,-1,-1,-1
73,-1,120.39,449.92,24.41,14.48,0.24,-1,-1,-1
73,-1,798.25,398.05,9.41,10.09,0.21,-1,-1,-1
73,-1,173.50,99.22,105.93,17.56,0.20,-1,-1,-1
73,-1,1213.08,1111.29,12.37,26.88,0.19,-1,-1,-1
73,-1,872.38,391.06,10.43,12.48,0.19,-1,-1,-1
73,-1,1525.87,675.35,42.90,10.60,0.18,-1,-1,-1
73,-1,1510.51,665.07,28.74,15.02,0.18,-1,-1,-1
73,-1,129.81,449.46,14.63,22.12,0.18,-1,-1,-1
73,-1,173.94,99.54,104.14,16.77,0.11,-1,-1,-1
73,-1,2294.57,1389.74,23.03,37.01,0.10,-1,-1,-1
73,-1,2177.20,423.14,50.14,10.45,0.09,-1,-1,-1
73,-1,47.71,380.59,832.24,76.69,0.09,-1,-1,-1
73,-1,1039.89,412.28,14.88,9.95,0.08,-1,-1,-1
73,-1,1173.22,1111.70,54.17,39.72,0.08,-1,-1,-1
73,-1,1180.81,1140.53,45.09,11.77,0.07,-1,-1,-1
73,-1,1238.85,598.31,46.22,11.61,0.06,-1,-1,-1
74,-1,1176.45,1089.80,57.05,63.27,0.85,-1,-1,-1
74,-1,1236.88,595.90,52.45,14.43,0.71,-1,-1,-1
74,-1,1610.36,553.13,11.22,18.47,0.71,-1,-1,-1
74,-1,1463.95,669.94,69.94,18.84,0.70,-1,-1,-1
74,-1,1806.61,567.35,13.50,18.96,0.68,-1,-1,-1
74,-1,2241.49,1292.81,77.50,111.88,0.61,-1,-1,-1
74,-1,1711.59,498.26,13.59,12.90,0.60,-1,-1,-1
74,-1,1688.31,609.32,16.85,30.65,0.53,-1,-1,-1
74,-1,1461.09,680.26,99.87,11.14,0.47,-1,-1,-1
74,-1,2231.81,575.94,40.94,11.66,0.46,-1,-1,-1
74,-1,126.87,450.14,25.60,14.04,0.46,-1,-1,-1
74,-1,1496.31,495.87,9.05,16.92,0.37,-1,-1,-1
74,-1,2242.11,1292.16,59.30,60.23,0.36,-1,-1,-1
74,-1,171.99,98.73,104.93,18.22,0.20,-1,-1,-1
74,-1,1896.58,478.38,32.09,8.76,0.15,-1,-1,-1
74,-1,584.94,377.48,15.69,32.78,0.13,-1,-1,-1
74,-1,792.59,395.06,12.65,12.77,0.11,-1,-1,-1
74,-1,1175.97,1105.53,63.05,58.30,0.10,-1,-1,-1
74,-1,136.36,449.15,15.56,23.83,0.09,-1,-1,-1
74,-1,1237.94,604.04,55.62,10.49,0.09,-1,-1,-1
74,-1,864.28,389.81,11.39,13.24,0.09,-1,-1,-1
74,-1,1153.49,473.39,29.61,9.35,0.09,-1,-1,-1
74,-1,472.97,420.36,9.16,25.79,0.09,-1,-1,-1
74,-1,78.74,381.65,827.21,68.93,0.09,-1,-1,-1
74,-1,172.06,99.17,103.49,17.55,0.08,-1,-1,-1
74,-1,1212.11,1104.51,22.19,43.10,0.08,-1,-1,-1
74,-1,955.94,413.22,16.46,15.56,0.08,-1,-1,-1
74,-1,956.21,413.75,14.57,12.42,0.06,-1,-1,-1
74,-1,452.39,414.29,10.14,16.40,0.06,-1,-1,-1
74,-1,263.85,413.82,11.31,9.85,0.06,-1,-1,-1
74,-1,1886.64,431.69,18.11,9.82,0.06,-1,-1,-1
74,-1,1401.15,390.02,8.83,9.70,0.05,-1,-1,-1
74,-1,956.07,413.63,21.43,20.92,0.05,-1,-1,-1
75,-1,1063.87,1095.43,51.81,58.63,0.82,-1,-1,-1
75,-1,1547.42,605.37,14.87,18.15,0.71,-1,-1,-1
75,-1,1664.63,563.49,13.38,21.38,0.65,-1,-1,-1
75,-1,1462.50,551.07,11.07,14.46,0.62,-1,-1,-1
75,-1,2118.80,1240.28,66.24,50.71,0.61,-1,-1,-1
75,-1,2113.35,566.20,41.85,12.84,0.60,-1,-1,-1
75,-1,1130.82,585.28,15.52,17.10,0.58,-1,-1,-1
75,-1,1345.74,671.99,63.94,17.29,0.55,-1,-1,-1
75,-1,1557.59,495.58,14.63,12.99,0.45,-1,-1,-1
75,-1,1339.68,495.50,37.08,16.76,0.45,-1,-1,-1
75,-1,1341.98,681.66,98.45,10.46,0.45,-1,-1,-1
75,-1,2116.13,1248.03,112.74,81.93,0.35,-1,-1,-1
75,-1,635.25,454.03,12.45,11.45,0.31,-1,-1,-1
75,-1,1873.09,418.57,15.22,10.31,0.29,-1,-1,-1
75,-1,1345.73,680.45,95.51,12.19,0.29,-1,-1,-1
75,-1,710.33,384.24,13.36,13.94,0.23,-1,-1,-1
75,-1,1023.70,471.07,34.74,9.93,0.22,-1,-1,-1
75,-1,2110.25,1250.95,74.34,40.88,0.21,-1,-1,-1
75,-1,1380.59,672.25,28.69,13.78,0.20,-1,-1,-1
75,-1,1339.21,495.65,38.31,16.83,0.17,-1,-1,-1
75,-1,642.16,393.22,10.12,10.52,0.16,-1,-1,-1
75,-1,630.98,387.54,17.79,16.42,0.16,-1,-1,-1
75,-1,893.48,406.27,14.84,12.47,0.14,-1,-1,-1
75,-1,279.11,415.47,10.66,14.28,0.12,-1,-1,-1
75,-1,1253.76,387.20,10.12,9.30,0.12,-1,-1,-1
75,-1,2038.55,417.81,30.94,10.71,0.12,-1,-1,-1
75,-1,2110.23,1249.22,74.42,42.46,0.11,-1,-1,-1
75,-1,1060.71,1167.96,49.80,25.45,0.09,-1,-1,-1
75,-1,737.77,999.23,17.94,11.17,0.09,-1,-1,-1
75,-1,1720.70,431.47,24.12,11.85,0.09,-1,-1,-1
75,-1,92.15,412.99,11.39,10.39,0.07,-1,-1,-1
75,-1,423.85,376.78,15.41,33.08,0.06,-1,-1,-1
75,-1,2428.09,448.88,44.40,9.88,0.06,-1,-1,-1
75,-1,2113.83,570.13,48.28,11.26,0.06,-1,-1,-1
75,-1,2109.45,1251.03,21.52,24.59,0.05,-1,-1,-1
75,-1,1339.24,495.95,14.69,12.63,0.05,-1,-1,-1
76,-1,2031.39,1166.89,118.50,92.67,0.83,-1,-1,-1
76,-1,1260.02,546.81,11.92,15.51,0.75,-1,-1,-1
76,-1,914.88,584.95,14.58,17.31,0.75,-1,-1,-1
76,-1,1361.59,600.54,12.67,19.92,0.66,-1,-1,-1
76,-1,1025.14,1134.01,47.11,49.32,0.65,-1,-1,-1
76,-1,1461.56,557.63,10.83,16.44,0.64,-1,-1,-1
76,-1,1194.05,675.14,91.94,13.50,0.51,-1,-1,-1
76,-1,1230.58,667.90,22.01,18.67,0.50,-1,-1,-1
76,-1,1924.18,550.34,42.14,11.99,0.49,-1,-1,-1
76,-1,1193.32,675.41,91.62,14.87,0.44,-1,-1,-1
76,-1,1792.79,410.23,13.84,12.68,0.38,-1,-1,-1
76,-1,2169.15,435.26,28.86,9.77,0.32,-1,-1,-1
76,-1,1120.16,496.02,16.44,9.78,0.27,-1,-1,-1
76,-1,1525.73,465.69,32.86,9.71,0.25,-1,-1,-1
76,-1,1339.86,494.39,14.49,14.19,0.25,-1,-1,-1
76,-1,364.69,386.99,19.12,12.55,0.22,-1,-1,-1
76,-1,1205.27,668.25,62.91,20.80,0.20,-1,-1,-1
76,-1,445.56,380.74,14.38,12.33,0.20,-1,-1,-1
76,-1,1626.68,415.68,14.61,9.12,0.18,-1,-1,-1
76,-1,1024.22,1135.47,50.31,49.21,0.16,-1,-1,-1
76,-1,374.53,389.71,10.41,10.23,0.16,-1,-1,-1
76,-1,2030.92,1167.22,96.19,49.72,0.14,-1,-1,-1
76,-1,783.34,1259.91,55.68,49.50,0.12,-1,-1,-1
76,-1,1240.52,676.19,45.68,10.44,0.12,-1,-1,-1
76,-1,540.19,290.25,41.48,42.28,0.11,-1,-1,-1
76,-1,540.45,290.32,41.46,41.52,0.10,-1,-1,-1
76,-1,2032.48,1200.23,108.34,59.38,0.09,-1,-1,-1
76,-1,571.21,369.54,12.99,12.02,0.08,-1,-1,-1
76,-1,1026.05,1135.29,17.66,26.82,0.08,-1,-1,-1
76,-1,546.69,403.31,11.90,10.69,0.07,-1,-1,-1
76,-1,540.37,290.80,41.29,40.83,0.07,-1,-1,-1
76,-1,2034.62,1201.09,48.63,32.64,0.06,-1,-1,-1
76,-1,1023.35,1133.93,54.95,51.01,0.06,-1,-1,-1
76,-1,537.19,268.32,24.49,44.88,0.05,-1,-1,-1
77,-1,1139.52,1141.98,43.67,38.67,0.81,-1,-1,-1
77,-1,1110.94,543.82,15.41,14.31,0.77,-1,-1,-1
77,-1,2060.67,1111.91,81.61,43.89,0.73,-1,-1,-1
77,-1,1113.98,661.66,60.31,18.80,0.66,-1,-1,-1
77,-1,1243.74,597.98,14.29,19.30,0.63,-1,-1,-1
77,-1,769.73,588.68,18.58,16.85,0.58,-1,-1,-1
77,-1,1328.50,558.24,12.79,15.85,0.55,-1,-1,-1
77,-1,584.95,377.03,19.85,10.34,0.52,-1,-1,-1
77,-1,2062.29,1112.85,133.19,73.80,0.48,-1,-1,-1
77,-1,1116.14,669.41,76.06,13.09,0.47,-1,-1,-1
77,-1,1801.05,543.26,43.17,12.43,0.46,-1,-1,-1
77,-1,1163.39,669.69,28.62,10.24,0.45,-1,-1,-1
77,-1,1122.53,1152.01,96.31,49.88,0.44,-1,-1,-1
77,-1,1169.59,491.43,20.38,13.53,0.40,-1,-1,-1
77,-1,303.57,401.51,13.36,11.94,0.30,-1,-1,-1
77,-1,925.50,493.63,41.37,10.23,0.29,-1,-1,-1
77,-1,292.20,263.79,48.72,58.36,0.28,-1,-1,-1
77,-1,1285.09,426.73,26.07,10.54,0.25,-1,-1,-1
77,-1,133.13,389.82,8.90,9.88,0.24,-1,-1,-1
77,-1,1124.02,1151.42,21.52,22.77,0.22,-1,-1,-1
77,-1,1124.01,1152.01,58.29,29.70,0.20,-1,-1,-1
77,-1,333.81,369.31,10.68,10.28,0.17,-1,-1,-1
77,-1,2053.12,1124.65,27.91,11.81,0.15,-1,-1,-1
77,-1,1952.70,426.30,30.05,9.86,0.12,-1,-1,-1
77,-1,924.77,493.54,42.65,10.35,0.11,-1,-1,-1
77,-1,784.97,373.16,13.31,10.40,0.10,-1,-1,-1
77,-1,1585.17,407.73,28.82,12.03,0.10,-1,-1,-1
77,-1,202.85,379.79,15.29,12.33,0.10,-1,-1,-1
77,-1,784.96,373.22,13.23,10.47,0.10,-1,-1,-1
77,-1,1151.00,661.31,20.37,15.44,0.09,-1,-1,-1
77,-1,119.56,383.87,13.43,15.64,0.08,-1,-1,-1
77,-1,2052.27,1126.93,87.73,29.13,0.08,-1,-1,-1
77,-1,1142.87,1175.78,77.59,26.71,0.07,-1,-1,-1
77,-1,2052.53,1124.76,35.68,22.35,0.07,-1,-1,-1
77,-1,410.32,397.86,19.51,9.49,0.07,-1,-1,-1
77,-1,1358.44,466.76,27.60,9.58,0.07,-1,-1,-1
77,-1,212.22,414.33,9.21,9.52,0.06,-1,-1,-1
77,-1,2051.90,1126.95,144.66,60.97,0.05,-1,-1,-1
77,-1,1802.67,547.82,45.20,10.02,0.05,-1,-1,-1
78,-1,1273.04,1125.56,164.85,64.60,0.86,-1,-1,-1
78,-1,670.14,589.93,18.65,17.71,0.73,-1,-1,-1
78,-1,2147.01,1055.04,67.55,38.60,0.72,-1,-1,-1
78,-1,1082.99,669.39,72.60,18.40,0.71,-1,-1,-1
78,-1,1176.54,599.99,14.51,17.29,0.70,-1,-1,-1
78,-1,1009.38,544.29,16.87,14.55,0.65,-1,-1,-1
78,-1,1049.40,488.30,13.14,14.63,0.63,-1,-1,-1
78,-1,1106.23,664.11,27.03,16.27,0.44,-1,-1,-1
78,-1,389.66,377.76,21.45,11.10,0.42,-1,-1,-1
78,-1,1240.84,555.92,11.51,15.53,0.41,-1,-1,-1
78,-1,78.38,262.92,51.33,59.44,0.37,-1,-1,-1
78,-1,2140.82,1066.54,26.79,14.67,0.37,-1,-1,-1
78,-1,1083.17,663.76,51.53,20.70,0.36,-1,-1,-1
78,-1,810.11,495.93,31.43,9.67,0.34,-1,-1,-1
78,-1,2149.37,1058.64,143.67,62.46,0.28,-1,-1,-1
78,-1,1420.84,409.83,25.13,9.63,0.22,-1,-1,-1
78,-1,1145.57,424.07,18.54,11.87,0.21,-1,-1,-1
78,-1,1410.13,1169.62,27.88,20.22,0.20,-1,-1,-1
78,-1,1713.52,528.05,33.40,10.31,0.18,-1,-1,-1
78,-1,780.52,494.92,61.73,11.29,0.10,-1,-1,-1
78,-1,1082.09,673.17,73.92,15.29,0.09,-1,-1,-1
78,-1,2141.70,1066.09,61.78,28.02,0.08,-1,-1,-1
78,-1,1267.91,1151.83,47.45,12.54,0.08,-1,-1,-1
78,-1,78.12,262.98,51.27,57.58,0.07,-1,-1,-1
78,-1,1161.86,1121.47,279.14,70.48,0.07,-1,-1,-1
78,-1,1268.14,1151.04,165.40,36.80,0.07,-1,-1,-1
78,-1,1774.33,418.31,25.97,9.29,0.06,-1,-1,-1
78,-1,1232.93,464.66,14.48,9.07,0.06,-1,-1,-1
79,-1,1294.95,1116.41,133.28,54.24,0.87,-1,-1,-1
79,-1,1060.51,598.76,18.74,17.78,0.74,-1,-1,-1
79,-1,529.03,596.99,17.82,13.03,0.65,-1,-1,-1
79,-1,656.79,498.45,33.08,10.28,0.62,-1,-1,-1
79,-1,873.10,547.24,15.01,24.23,0.55,-1,-1,-1
79,-1,1117.51,558.54,11.49,18.93,0.55,-1,-1,-1
79,-1,988.41,674.37,67.56,16.06,0.50,-1,-1,-1
79,-1,1584.18,521.47,30.38,13.48,0.48,-1,-1,-1
79,-1,2103.08,1013.85,108.41,53.17,0.45,-1,-1,-1
79,-1,899.64,493.51,13.66,11.39,0.35,-1,-1,-1
79,-1,1010.79,669.15,25.36,14.94,0.35,-1,-1,-1
79,-1,1275.40,1140.03,104.71,32.49,0.31,-1,-1,-1
79,-1,2101.98,1013.02,52.68,36.82,0.29,-1,-1,-1
79,-1,989.71,669.09,49.98,17.76,0.27,-1,-1,-1
79,-1,2083.29,1030.24,24.72,15.02,0.22,-1,-1,-1
79,-1,1260.14,409.08,20.42,9.63,0.20,-1,-1,-1
79,-1,2083.77,1030.36,52.73,22.66,0.19,-1,-1,-1
79,-1,2082.92,1029.26,151.20,43.03,0.15,-1,-1,-1
79,-1,988.07,671.80,67.32,18.39,0.13,-1,-1,-1
79,-1,1598.66,415.80,19.17,8.99,0.10,-1,-1,-1
79,-1,1279.91,1143.81,164.33,38.90,0.09,-1,-1,-1
79,-1,1276.01,1141.28,58.60,20.89,0.09,-1,-1,-1
79,-1,389.25,375.59,16.37,16.15,0.09,-1,-1,-1
79,-1,1113.11,415.47,15.19,9.69,0.08,-1,-1,-1
79,-1,1579.74,520.93,36.29,13.56,0.08,-1,-1,-1
79,-1,187.60,381.35,20.82,10.98,0.07,-1,-1,-1
79,-1,983.20,423.69,16.24,11.86,0.07,-1,-1,-1
79,-1,2102.13,1013.12,52.53,36.75,0.05,-1,-1,-1
80,-1,1272.77,1087.60,136.35,48.85,0.83,-1,-1,-1
80,-1,355.23,603.82,18.88,22.52,0.74,-1,-1,-1
80,-1,909.17,604.88,20.98,17.03,0.69,-1,-1,-1
80,-1,699.66,552.87,17.23,17.50,0.66,-1,-1,-1
80,-1,957.95,555.80,11.07,14.79,0.61,-1,-1,-1
80,-1,895.16,664.62,26.54,18.18,0.58,-1,-1,-1
80,-1,1380.45,488.01,38.79,19.79,0.54,-1,-1,-1
80,-1,877.16,667.98,62.10,22.72,0.48,-1,-1,-1
80,-1,877.14,667.91,62.82,23.27,0.44,-1,-1,-1
80,-1,1360.80,417.82,25.75,10.48,0.40,-1,-1,-1
80,-1,1964.06,922.95,93.93,36.39,0.35,-1,-1,-1
80,-1,1252.57,1112.43,97.74,25.28,0.34,-1,-1,-1
80,-1,1399.73,488.40,19.40,17.39,0.34,-1,-1,-1
80,-1,699.95,494.45,16.72,12.65,0.34,-1,-1,-1
80,-1,447.68,501.13,41.92,11.59,0.34,-1,-1,-1
80,-1,699.64,494.51,16.53,12.65,0.31,-1,-1,-1
80,-1,1963.85,923.52,128.31,60.32,0.30,-1,-1,-1
80,-1,477.59,501.37,12.24,10.16,0.20,-1,-1,-1
80,-1,1962.02,933.37,22.46,13.43,0.19,-1,-1,-1
80,-1,1253.40,1109.55,169.08,34.36,0.15,-1,-1,-1
80,-1,1252.60,1111.35,33.91,17.23,0.14,-1,-1,-1
80,-1,761.11,426.49,20.11,10.52,0.13,-1,-1,-1
80,-1,1271.92,1124.19,119.07,14.28,0.11,-1,-1,-1
80,-1,1961.92,930.08,101.85,32.45,0.06,-1,-1,-1
80,-1,878.13,678.64,38.28,12.39,0.06,-1,-1,-1
80,-1,1381.95,491.93,41.25,19.60,0.06,-1,-1,-1
80,-1,877.06,664.46,47.49,24.26,0.05,-1,-1,-1
81,-1,1278.82,1074.92,145.07,42.47,0.81,-1,-1,-1
81,-1,1844.35,845.47,87.66,45.92,0.78,-1,-1,-1
81,-1,590.69,549.02,23.18,13.23,0.71,-1,-1,-1
81,-1,1266.61,497.03,17.28,15.69,0.70,-1,-1,-1
81,-1,835.76,606.13,26.14,17.03,0.67,-1,-1,-1
81,-1,871.00,557.24,10.07,17.49,0.67,-1,-1,-1
81,-1,587.46,495.69,13.61,12.84,0.62,-1,-1,-1
81,-1,267.89,608.69,16.58,19.93,0.58,-1,-1,-1
81,-1,339.10,504.74,38.29,11.93,0.58,-1,-1,-1
81,-1,836.49,669.30,48.47,17.13,0.41,-1,-1,-1
81,-1,629.48,427.34,15.96,11.94,0.37,-1,-1,-1
81,-1,836.45,673.00,53.53,17.92,0.33,-1,-1,-1
81,-1,1226.32,423.19,20.46,10.53,0.29,-1,-1,-1
81,-1,1843.71,845.80,50.82,34.77,0.14,-1,-1,-1
81,-1,918.67,412.86,33.64,9.52,0.11,-1,-1,-1
81,-1,756.55,468.00,27.23,8.93,0.10,-1,-1,-1
81,-1,1261.17,1102.33,105.09,17.54,0.09,-1,-1,-1
81,-1,1264.55,1091.53,156.09,28.06,0.09,-1,-1,-1
81,-1,1835.42,866.63,92.24,26.18,0.09,-1,-1,-1
81,-1,835.40,674.15,55.05,18.61,0.08,-1,-1,-1
81,-1,1260.99,1102.66,44.65,13.80,0.08,-1,-1,-1
82,-1,2506.05,1044.24,53.37,38.03,0.75,-1,-1,-1
82,-1,856.69,597.75,20.90,16.71,0.73,-1,-1,-1
82,-1,274.58,613.43,23.37,20.42,0.72,-1,-1,-1
82,-1,1362.73,1050.92,139.86,38.55,0.70,-1,-1,-1
82,-1,885.51,662.22,47.55,21.56,0.68,-1,-1,-1
82,-1,1225.14,505.88,15.48,17.67,0.67,-1,-1,-1
82,-1,868.46,550.29,11.91,20.60,0.66,-1,-1,-1
82,-1,357.48,1403.24,41.46,36.11,0.65,-1,-1,-1
82,-1,1781.77,816.14,75.84,45.52,0.61,-1,-1,-1
82,-1,561.83,495.53,17.08,13.20,0.59,-1,-1,-1
82,-1,386.10,1407.80,43.96,31.22,0.53,-1,-1,-1
82,-1,574.93,549.90,14.34,14.07,0.49,-1,-1,-1
82,-1,343.04,505.13,22.83,11.70,0.39,-1,-1,-1
82,-1,1757.02,824.52,132.99,53.03,0.30,-1,-1,-1
82,-1,575.00,549.46,36.51,15.32,0.29,-1,-1,-1
82,-1,1175.06,426.03,16.92,9.60,0.27,-1,-1,-1
82,-1,1363.04,1051.05,59.89,36.22,0.20,-1,-1,-1
82,-1,574.53,550.57,57.80,13.87,0.18,-1,-1,-1
82,-1,275.63,613.79,22.49,20.40,0.18,-1,-1,-1
82,-1,331.95,1407.05,98.71,32.55,0.14,-1,-1,-1
82,-1,1756.93,825.73,93.01,32.41,0.14,-1,-1,-1
82,-1,884.95,663.48,65.04,21.66,0.13,-1,-1,-1
82,-1,2471.41,1065.39,54.08,16.91,0.13,-1,-1,-1
82,-1,589.03,556.10,44.38,9.18,0.12,-1,-1,-1
82,-1,2473.15,1065.89,85.07,28.65,0.10,-1,-1,-1
82,-1,1754.85,824.34,58.06,23.74,0.10,-1,-1,-1
82,-1,2506.90,1071.72,52.92,16.48,0.10,-1,-1,-1
82,-1,708.13,465.72,31.78,9.10,0.10,-1,-1,-1
82,-1,1832.49,849.65,57.11,28.91,0.10,-1,-1,-1
82,-1,885.09,673.75,46.79,11.91,0.09,-1,-1,-1
82,-1,309.49,1404.22,108.37,35.12,0.09,-1,-1,-1
82,-1,2507.09,1064.41,18.55,14.09,0.08,-1,-1,-1
82,-1,1358.82,1055.19,156.33,35.77,0.08,-1,-1,-1
82,-1,924.18,664.17,25.76,13.00,0.08,-1,-1,-1
82,-1,1233.87,508.37,21.86,14.55,0.08,-1,-1,-1
82,-1,1783.29,815.98,33.07,29.99,0.07,-1,-1,-1
82,-1,2504.32,1066.73,36.42,16.07,0.07,-1,-1,-1
82,-1,576.63,424.12,21.98,13.29,0.07,-1,-1,-1
82,-1,1344.52,1072.37,76.44,18.15,0.07,-1,-1,-1
82,-1,1448.79,1056.40,51.94,24.79,0.06,-1,-1,-1
82,-1,1754.74,824.11,36.40,15.72,0.06,-1,-1,-1
83,-1,873.84,1392.97,86.87,46.24,0.83,-1,-1,-1
83,-1,1862.67,837.47,37.54,32.74,0.75,-1,-1,-1
83,-1,1451.20,972.55,124.32,66.44,0.72,-1,-1,-1
83,-1,931.14,571.06,17.98,16.93,0.64,-1,-1,-1
83,-1,403.42,616.13,31.19,17.68,0.61,-1,-1,-1
83,-1,643.19,546.42,49.99,13.91,0.61,-1,-1,-1
83,-1,916.00,524.80,10.44,14.23,0.52,-1,-1,-1
83,-1,1014.55,609.27,20.97,13.48,0.47,-1,-1,-1
83,-1,626.87,493.87,11.98,12.29,0.47,-1,-1,-1
83,-1,1274.47,513.75,15.20,13.98,0.47,-1,-1,-1
83,-1,412.72,502.08,36.63,11.84,0.45,-1,-1,-1
83,-1,987.58,613.86,33.65,30.26,0.38,-1,-1,-1
83,-1,643.14,546.97,20.95,13.62,0.30,-1,-1,-1
83,-1,1854.49,848.23,16.76,17.92,0.27,-1,-1,-1
83,-1,1451.65,1009.90,49.59,23.98,0.26,-1,-1,-1
83,-1,1853.66,847.83,38.89,22.47,0.17,-1,-1,-1
83,-1,1276.66,513.91,29.43,14.35,0.17,-1,-1,-1
83,-1,1202.33,428.56,18.15,9.03,0.15,-1,-1,-1
83,-1,1534.49,972.26,42.19,35.87,0.14,-1,-1,-1
83,-1,1182.29,668.01,57.29,26.84,0.09,-1,-1,-1
83,-1,1258.19,513.34,32.38,16.35,0.08,-1,-1,-1
83,-1,381.56,1382.54,21.13,12.71,0.07,-1,-1,-1
83,-1,431.44,502.53,19.67,10.36,0.06,-1,-1,-1
83,-1,1854.40,847.41,71.23,30.31,0.06,-1,-1,-1
84,-1,1188.73,1359.95,77.62,79.69,0.82,-1,-1,-1
84,-1,487.81,617.72,15.49,17.03,0.74,-1,-1,-1
84,-1,960.79,554.51,17.26,16.65,0.69,-1,-1,-1
84,-1,673.98,492.34,14.14,13.77,0.67,-1,-1,-1
84,-1,1430.69,977.77,97.81,55.60,0.64,-1,-1,-1
84,-1,1320.70,514.46,14.84,14.39,0.60,-1,-1,-1
84,-1,1949.06,845.46,76.27,49.34,0.49,-1,-1,-1
84,-1,1949.00,844.82,50.41,33.19,0.47,-1,-1,-1
84,-1,931.67,515.61,17.51,14.53,0.44,-1,-1,-1
84,-1,466.18,503.35,38.14,10.62,0.37,-1,-1,-1
84,-1,999.56,607.65,55.42,15.40,0.29,-1,-1,-1
84,-1,682.22,544.59,62.05,13.60,0.23,-1,-1,-1
84,-1,682.89,545.32,26.24,13.16,0.21,-1,-1,-1
84,-1,999.19,612.62,63.55,14.35,0.20,-1,-1,-1
84,-1,1030.25,608.12,16.29,10.06,0.18,-1,-1,-1
84,-1,488.63,503.35,16.04,9.66,0.15,-1,-1,-1
84,-1,1235.44,1360.00,48.57,79.80,0.14,-1,-1,-1
84,-1,1423.99,1003.69,47.05,32.18,0.13,-1,-1,-1
84,-1,1237.88,1359.88,18.09,31.88,0.07,-1,-1,-1
84,-1,753.67,319.99,92.69,18.62,0.07,-1,-1,-1
84,-1,1187.38,1373.88,91.65,66.02,0.06,-1,-1,-1
84,-1,960.94,565.48,22.55,11.26,0.06,-1,-1,-1
85,-1,1302.00,1026.49,74.69,83.08,0.88,-1,-1,-1
85,-1,1627.80,1219.50,107.09,156.96,0.86,-1,-1,-1
85,-1,1009.53,565.84,21.65,21.51,0.73,-1,-1,-1
85,-1,1396.95,511.45,19.45,14.53,0.69,-1,-1,-1
85,-1,991.93,531.32,10.94,19.94,0.65,-1,-1,-1
85,-1,1086.59,629.67,39.55,16.62,0.63,-1,-1,-1
85,-1,1067.07,638.82,80.88,11.28,0.57,-1,-1,-1
85,-1,1676.39,1261.62,27.71,53.18,0.53,-1,-1,-1
85,-1,655.58,614.24,26.37,15.07,0.47,-1,-1,-1
85,-1,2129.00,827.45,89.19,40.03,0.47,-1,-1,-1
85,-1,750.75,477.67,10.64,11.51,0.40,-1,-1,-1
85,-1,1273.51,1073.32,137.35,59.36,0.38,-1,-1,-1
85,-1,738.75,530.89,41.74,14.37,0.36,-1,-1,-1
85,-1,2134.88,825.77,43.78,34.72,0.36,-1,-1,-1
85,-1,2126.95,836.60,91.51,32.35,0.23,-1,-1,-1
85,-1,600.60,499.98,14.93,10.57,0.22,-1,-1,-1
85,-1,1107.92,639.42,41.21,10.24,0.22,-1,-1,-1
85,-1,1273.39,430.13,22.37,9.76,0.20,-1,-1,-1
85,-1,1272.24,1102.06,39.32,25.70,0.18,-1,-1,-1
85,-1,681.11,424.73,46.96,13.34,0.15,-1,-1,-1
85,-1,1272.82,1093.93,87.29,36.25,0.12,-1,-1,-1
85,-1,1008.90,579.03,30.82,12.70,0.09,-1,-1,-1
85,-1,773.22,449.19,15.13,9.02,0.08,-1,-1,-1
85,-1,552.02,499.81,65.97,12.78,0.08,-1,-1,-1
85,-1,2127.00,837.24,49.97,23.17,0.06,-1,-1,-1
85,-1,2127.67,836.29,26.51,13.37,0.06,-1,-1,-1
86,-1,1137.20,1176.67,116.80,133.96,0.92,-1,-1,-1
86,-1,1810.85,1255.31,175.65,131.73,0.87,-1,-1,-1
86,-1,1119.97,1274.31,129.05,69.71,0.84,-1,-1,-1
86,-1,1110.76,588.91,19.09,22.10,0.77,-1,-1,-1
86,-1,1483.94,514.25,19.86,15.09,0.75,-1,-1,-1
86,-1,1079.02,540.36,14.12,21.07,0.63,-1,-1,-1
86,-1,781.66,559.33,18.14,18.80,0.55,-1,-1,-1
86,-1,1207.45,646.80,60.98,15.49,0.55,-1,-1,-1
86,-1,2337.27,817.55,80.06,33.26,0.52,-1,-1,-1
86,-1,1203.01,653.45,87.39,11.70,0.39,-1,-1,-1
86,-1,2337.61,818.00,28.66,28.54,0.28,-1,-1,-1
86,-1,737.80,558.79,62.47,45.17,0.26,-1,-1,-1
86,-1,725.46,522.09,23.85,11.61,0.24,-1,-1,-1
86,-1,1243.68,647.40,22.42,12.00,0.22,-1,-1,-1
86,-1,653.36,489.18,61.58,16.33,0.15,-1,-1,-1
86,-1,1812.62,1255.83,71.86,63.89,0.13,-1,-1,-1
86,-1,649.64,488.63,65.28,16.81,0.12,-1,-1,-1
86,-1,1907.01,1351.55,80.05,34.39,0.10,-1,-1,-1
86,-1,1325.47,432.09,24.28,9.44,0.10,-1,-1,-1
86,-1,2331.52,824.73,164.38,40.03,0.10,-1,-1,-1
86,-1,716.23,568.95,168.01,162.39,0.10,-1,-1,-1
86,-1,684.04,489.13,30.58,14.22,0.09,-1,-1,-1
86,-1,735.90,558.88,63.86,45.87,0.09,-1,-1,-1
86,-1,2330.70,822.76,163.74,41.91,0.08,-1,-1,-1
86,-1,1251.91,654.06,38.75,9.60,0.07,-1,-1,-1
86,-1,2340.31,820.76,75.78,28.99,0.07,-1,-1,-1
86,-1,2323.42,830.71,48.77,17.83,0.05,-1,-1,-1
87,-1,698.25,505.11,21.33,14.73,0.71,-1,-1,-1
87,-1,2217.80,1311.39,65.75,60.81,0.69,-1,-1,-1
87,-1,1244.84,581.40,16.78,15.43,0.68,-1,-1,-1
87,-1,1392.11,632.08,60.38,23.11,0.66,-1,-1,-1
87,-1,2192.62,1324.96,35.25,33.27,0.63,-1,-1,-1
87,-1,839.38,475.19,19.62,15.02,0.62,-1,-1,-1
87,-1,1596.94,510.50,19.74,17.60,0.61,-1,-1,-1
87,-1,1195.95,540.75,13.72,20.11,0.57,-1,-1,-1
87,-1,832.19,576.34,53.61,16.78,0.50,-1,-1,-1
87,-1,2192.06,1325.45,101.73,54.29,0.35,-1,-1,-1
87,-1,1392.41,637.69,86.73,15.26,0.35,-1,-1,-1
87,-1,1392.18,638.00,85.31,20.09,0.34,-1,-1,-1
87,-1,864.63,578.65,21.29,12.93,0.25,-1,-1,-1
87,-1,234.22,477.71,17.45,8.89,0.21,-1,-1,-1
87,-1,2215.09,1313.58,199.01,122.85,0.18,-1,-1,-1
87,-1,1443.09,637.83,36.15,12.23,0.18,-1,-1,-1
87,-1,1431.40,632.75,19.81,14.07,0.16,-1,-1,-1
87,-1,1393.69,431.73,32.44,12.74,0.13,-1,-1,-1
87,-1,830.49,580.10,80.60,15.03,0.12,-1,-1,-1
87,-1,703.07,1244.18,18.84,18.74,0.07,-1,-1,-1
88,-1,1407.59,1.49,17.33,15.33,0.68,-1,-1,-1
88,-1,2500.11,596.36,58.99,51.84,0.65,-1,-1,-1
88,-1,1010.39,10.03,24.06,13.11,0.60,-1,-1,-1
88,-1,1616.98,61.17,87.54,16.15,0.51,-1,-1,-1
88,-1,1619.20,57.86,69.46,17.21,0.24,-1,-1,-1
88,-1,1277.32,1379.67,73.85,58.97,0.15,-1,-1,-1
88,-1,940.95,1184.73,55.50,24.99,0.13,-1,-1,-1
88,-1,1288.92,1379.44,59.27,55.61,0.13,-1,-1,-1
88,-1,2490.65,617.74,69.37,31.53,0.13,-1,-1,-1
88,-1,1648.83,57.76,25.74,11.83,0.13,-1,-1,-1
88,-1,1277.08,1271.66,225.84,163.43,0.11,-1,-1,-1
88,-1,294.74,1252.47,31.96,26.17,0.11,-1,-1,-1
88,-1,2456.96,613.22,78.54,13.28,0.10,-1,-1,-1
88,-1,1268.85,1272.20,229.85,164.90,0.08,-1,-1,-1
88,-1,1421.92,1276.82,72.80,53.34,0.08,-1,-1,-1
88,-1,701.54,795.63,52.84,16.79,0.07,-1,-1,-1
88,-1,1278.29,1345.36,129.29,91.76,0.06,-1,-1,-1
88,-1,889.72,1264.48,617.76,172.99,0.05,-1,-1,-1
89,-1,339.19,1147.30,9.00,10.37,0.14,-1,-1,-1
89,-1,129.09,1115.46,18.61,12.26,0.12,-1,-1,-1
89,-1,688.42,926.51,17.93,12.64,0.10,-1,-1,-1
89,-1,702.27,896.87,31.74,21.83,0.09,-1,-1,-1
89,-1,202.87,1150.93,19.50,15.22,0.09,-1,-1,-1
89,-1,217.36,1022.53,15.55,9.25,0.08,-1,-1,-1
89,-1,146.61,1089.76,19.50,11.47,0.08,-1,-1,-1
89,-1,562.79,1032.03,24.37,23.40,0.07,-1,-1,-1
89,-1,541.50,1247.94,10.19,13.81,0.06,-1,-1,-1
89,-1,582.21,975.13,18.43,17.56,0.06,-1,-1,-1
89,-1,67.43,1113.77,39.49,15.63,0.06,-1,-1,-1
89,-1,171.42,1093.01,32.26,14.01,0.06,-1,-1,-1
90,-1,808.42,964.62,446.07,289.36,0.43,-1,-1,-1
90,-1,1512.41,459.72,100.03,32.61,0.23,-1,-1,-1
90,-1,49.40,807.38,827.05,619.23,0.12,-1,-1,-1
90,-1,586.39,567.39,13.33,16.33,0.10,-1,-1,-1
90,-1,978.96,1017.82,244.30,231.03,0.09,-1,-1,-1
90,-1,1271.77,170.60,820.66,844.41,0.08,-1,-1,-1
90,-1,1562.98,462.69,49.05,34.23,0.08,-1,-1,-1
90,-1,1429.36,627.69,821.36,807.16,0.06,-1,-1,-1
90,-1,779.67,787.27,37.42,13.57,0.05,-1,-1,-1
90,-1,585.98,551.82,15.24,31.56,0.05,-1,-1,-1
90,-1,115.02,833.06,823.71,590.61,0.05,-1,-1,-1
91,-1,2009.32,535.52,32.61,26.88,0.60,-1,-1,-1
91,-1,1700.66,574.34,103.97,33.00,0.28,-1,-1,-1
91,-1,1659.74,1063.40,72.73,58.94,0.19,-1,-1,-1
91,-1,1632.25,1061.01,102.44,123.86,0.12,-1,-1,-1
91,-1,1700.39,574.98,104.97,23.09,0.10,-1,-1,-1
91,-1,527.86,15.14,50.67,65.21,0.07,-1,-1,-1
91,-1,873.33,576.49,339.09,376.59,0.07,-1,-1,-1
91,-1,1631.24,1114.31,74.10,77.59,0.07,-1,-1,-1
91,-1,990.89,930.44,22.47,20.40,0.06,-1,-1,-1
91,-1,1700.05,574.64,105.47,23.14,0.05,-1,-1,-1
91,-1,2012.11,551.55,33.41,19.68,0.05,-1,-1,-1
92,-1,592.11,337.91,12.13,14.39,0.78,-1,-1,-1
92,-1,2104.61,912.66,22.53,16.17,0.65,-1,-1,-1
92,-1,1988.02,336.39,19.45,15.71,0.65,-1,-1,-1
92,-1,1414.24,399.01,19.13,12.05,0.56,-1,-1,-1
92,-1,2048.29,423.00,54.09,11.95,0.54,-1,-1,-1
92,-1,1655.94,369.05,10.34,12.79,0.48,-1,-1,-1
92,-1,1678.17,386.52,27.55,10.62,0.43,-1,-1,-1
92,-1,17.34,319.98,12.30,11.61,0.22,-1,-1,-1
92,-1,886.54,631.27,820.59,803.57,0.21,-1,-1,-1
92,-1,2048.61,421.97,52.80,12.77,0.18,-1,-1,-1
92,-1,2055.10,417.03,30.86,14.53,0.14,-1,-1,-1
92,-1,1196.66,331.61,76.86,12.69,0.14,-1,-1,-1
92,-1,1198.64,336.36,23.32,9.15,0.12,-1,-1,-1
92,-1,103.70,309.66,11.70,9.50,0.12,-1,-1,-1
92,-1,789.39,631.99,822.74,802.47,0.09,-1,-1,-1
92,-1,1246.20,331.55,26.23,10.31,0.09,-1,-1,-1
93,-1,2142.26,1046.59,19.79,14.33,0.55,-1,-1,-1
93,-1,1991.15,558.07,24.08,13.30,0.52,-1,-1,-1
93,-1,2078.87,638.03,57.38,11.28,0.42,-1,-1,-1
93,-1,69.81,540.67,19.64,12.18,0.39,-1,-1,-1
93,-1,2081.51,632.66,39.74,12.88,0.38,-1,-1,-1
93,-1,1683.74,607.60,15.98,10.65,0.37,-1,-1,-1
93,-1,1433.70,609.46,24.49,9.56,0.32,-1,-1,-1
93,-1,1671.85,588.53,14.16,10.89,0.21,-1,-1,-1
93,-1,2077.86,637.24,57.24,11.95,0.20,-1,-1,-1
93,-1,79.96,540.60,10.09,11.48,0.18,-1,-1,-1
93,-1,1988.86,559.55,24.35,11.85,0.17,-1,-1,-1
93,-1,1433.32,609.48,12.19,8.83,0.14,-1,-1,-1
93,-1,1249.59,553.11,56.32,13.13,0.13,-1,-1,-1
93,-1,1284.28,553.36,21.48,9.10,0.08,-1,-1,-1
93,-1,178.19,508.10,22.59,9.16,0.08,-1,-1,-1
93,-1,198.79,474.94,18.41,8.74,0.07,-1,-1,-1
94,-1,1676.09,620.69,32.75,29.20,0.45,-1,-1,-1
94,-1,83.40,575.16,16.16,11.51,0.43,-1,-1,-1
94,-1,2086.14,667.14,55.52,12.54,0.36,-1,-1,-1
94,-1,1433.91,642.46,21.20,10.11,0.32,-1,-1,-1
94,-1,1681.14,639.52,26.90,10.18,0.31,-1,-1,-1
94,-1,2086.00,665.35,55.89,14.35,0.30,-1,-1,-1
94,-1,205.37,510.01,18.80,8.79,0.20,-1,-1,-1
94,-1,1991.75,590.61,24.08,11.39,0.20,-1,-1,-1
94,-1,1675.71,620.83,18.44,18.55,0.16,-1,-1,-1
94,-1,2086.89,669.08,54.55,10.78,0.15,-1,-1,-1
94,-1,386.49,535.87,9.66,8.96,0.14,-1,-1,-1
94,-1,1676.10,621.32,12.95,10.95,0.11,-1,-1,-1
94,-1,205.97,510.29,17.67,8.13,0.10,-1,-1,-1
94,-1,57.06,512.49,17.10,28.42,0.10,-1,-1,-1
94,-1,1298.89,587.55,13.51,8.80,0.08,-1,-1,-1
95,-1,1992.52,578.56,18.65,12.48,0.48,-1,-1,-1
95,-1,1668.10,635.38,30.12,11.35,0.42,-1,-1,-1
95,-1,1681.45,620.92,36.55,11.58,0.42,-1,-1,-1
95,-1,1439.80,641.39,24.86,10.57,0.42,-1,-1,-1
95,-1,1295.48,591.06,35.74,9.56,0.34,-1,-1,-1
95,-1,2121.99,669.27,49.26,10.81,0.32,-1,-1,-1
95,-1,107.61,581.20,14.72,12.01,0.31,-1,-1,-1
95,-1,2123.50,669.70,47.53,10.50,0.18,-1,-1,-1
95,-1,107.53,581.51,14.83,11.44,0.18,-1,-1,-1
95,-1,1439.60,641.37,48.51,14.09,0.17,-1,-1,-1
95,-1,1440.46,642.41,48.46,13.52,0.14,-1,-1,-1
95,-1,2122.38,665.40,48.22,14.61,0.14,-1,-1,-1
95,-1,214.29,549.46,10.13,8.46,0.13,-1,-1,-1
95,-1,76.79,513.00,11.77,9.02,0.13,-1,-1,-1
95,-1,78.25,527.06,18.29,19.83,0.12,-1,-1,-1
95,-1,379.32,542.46,17.18,9.41,0.09,-1,-1,-1
95,-1,1179.48,468.10,116.33,26.12,0.08,-1,-1,-1
95,-1,1251.20,480.33,42.82,14.34,0.08,-1,-1,-1
95,-1,1251.80,480.48,42.24,14.78,0.06,-1,-1,-1
95,-1,379.18,541.81,37.39,9.91,0.06,-1,-1,-1
96,-1,1654.78,641.68,29.64,12.34,0.68,-1,-1,-1
96,-1,1969.56,580.13,20.03,12.93,0.68,-1,-1,-1
96,-1,1307.66,598.67,36.25,10.50,0.50,-1,-1,-1
96,-1,1430.58,649.79,28.24,10.27,0.48,-1,-1,-1
96,-1,2152.80,671.14,45.42,12.81,0.29,-1,-1,-1
96,-1,1682.40,628.76,19.89,9.29,0.25,-1,-1,-1
96,-1,106.04,590.31,20.77,9.05,0.24,-1,-1,-1
96,-1,2152.49,670.77,45.66,12.98,0.24,-1,-1,-1
96,-1,106.25,590.44,21.05,9.46,0.22,-1,-1,-1
96,-1,222.78,553.88,9.21,9.73,0.19,-1,-1,-1
96,-1,319.37,521.07,16.65,13.84,0.16,-1,-1,-1
96,-1,222.68,553.66,9.14,9.88,0.15,-1,-1,-1
96,-1,413.17,544.58,12.84,13.95,0.11,-1,-1,-1
96,-1,382.83,546.69,17.88,11.86,0.11,-1,-1,-1
96,-1,84.92,538.27,10.66,13.75,0.10,-1,-1,-1
96,-1,209.78,582.13,31.94,8.80,0.08,-1,-1,-1
96,-1,85.35,539.10,10.14,13.13,0.07,-1,-1,-1
96,-1,485.53,538.26,17.58,8.78,0.06,-1,-1,-1
96,-1,1744.71,556.41,62.10,13.21,0.06,-1,-1,-1
97,-1,1682.43,621.32,26.58,11.76,0.51,-1,-1,-1
97,-1,1640.44,638.20,25.04,10.33,0.50,-1,-1,-1
97,-1,1959.39,587.99,12.67,11.56,0.50,-1,-1,-1
97,-1,112.34,586.90,18.80,10.13,0.32,-1,-1,-1
97,-1,245.45,508.20,11.41,18.53,0.17,-1,-1,-1
97,-1,86.04,536.26,9.23,10.38,0.15,-1,-1,-1
97,-1,1416.28,643.14,41.59,13.20,0.15,-1,-1,-1
97,-1,2177.54,657.28,40.45,12.67,0.14,-1,-1,-1
97,-1,232.55,549.95,8.81,10.56,0.12,-1,-1,-1
97,-1,2177.75,657.52,43.20,12.52,0.11,-1,-1,-1
97,-1,1340.02,596.26,27.44,14.08,0.09,-1,-1,-1
97,-1,1296.88,595.04,73.11,16.01,0.08,-1,-1,-1
97,-1,386.05,546.16,18.76,10.17,0.08,-1,-1,-1
97,-1,105.05,521.04,12.99,13.65,0.08,-1,-1,-1
97,-1,212.28,518.68,17.71,8.87,0.07,-1,-1,-1
97,-1,416.33,545.71,16.07,9.32,0.06,-1,-1,-1
98,-1,1952.23,591.75,14.25,10.35,0.45,-1,-1,-1
98,-1,1333.73,592.69,58.52,15.34,0.44,-1,-1,-1
98,-1,321.50,513.57,18.41,14.37,0.31,-1,-1,-1
98,-1,214.62,514.74,17.91,9.78,0.30,-1,-1,-1
98,-1,2138.10,1059.56,115.11,18.41,0.30,-1,-1,-1
98,-1,1626.27,634.20,53.59,10.72,0.27,-1,-1,-1
98,-1,1405.39,640.17,41.23,11.60,0.25,-1,-1,-1
98,-1,2177.25,637.37,34.81,18.68,0.25,-1,-1,-1
98,-1,241.03,505.07,10.49,13.12,0.22,-1,-1,-1
98,-1,242.12,548.47,9.77,9.77,0.20,-1,-1,-1
98,-1,389.24,544.34,14.41,9.93,0.17,-1,-1,-1
98,-1,2177.26,636.99,35.19,19.00,0.14,-1,-1,-1
98,-1,422.99,543.27,17.50,11.59,0.13,-1,-1,-1
98,-1,107.93,582.45,39.24,9.71,0.13,-1,-1,-1
98,-1,87.55,534.16,9.29,10.21,0.10,-1,-1,-1
98,-1,214.27,515.04,18.47,9.63,0.10,-1,-1,-1
98,-1,836.90,582.67,13.22,8.89,0.05,-1,-1,-1
98,-1,2138.74,1061.57,66.74,13.47,0.05,-1,-1,-1
98,-1,234.66,578.50,13.15,8.73,0.05,-1,-1,-1
99,-1,1953.49,591.90,16.82,10.82,0.59,-1,-1,-1
99,-1,2167.37,1059.51,120.79,21.72,0.58,-1,-1,-1
99,-1,2167.91,1060.27,119.75,19.03,0.51,-1,-1,-1
99,-1,1694.58,607.88,14.63,12.24,0.47,-1,-1,-1
99,-1,1621.83,631.07,33.41,11.10,0.41,-1,-1,-1
99,-1,1382.07,589.38,17.90,13.38,0.39,-1,-1,-1
99,-1,217.62,513.00,20.04,9.74,0.35,-1,-1,-1
99,-1,2163.58,633.79,22.74,10.60,0.31,-1,-1,-1
99,-1,126.01,580.03,33.48,10.00,0.27,-1,-1,-1
99,-1,1621.40,630.92,15.36,9.91,0.25,-1,-1,-1
99,-1,241.79,574.46,18.78,8.95,0.23,-1,-1,-1
99,-1,2167.20,1061.41,66.62,14.20,0.21,-1,-1,-1
99,-1,239.63,502.61,9.37,14.21,0.19,-1,-1,-1
99,-1,2233.44,1059.99,54.78,23.51,0.19,-1,-1,-1
99,-1,1401.75,639.61,34.87,9.37,0.18,-1,-1,-1
99,-1,319.67,513.17,24.67,11.08,0.16,-1,-1,-1
99,-1,1343.39,589.15,56.80,14.30,0.15,-1,-1,-1
99,-1,608.63,501.31,40.09,11.55,0.15,-1,-1,-1
99,-1,84.35,531.53,10.45,11.18,0.15,-1,-1,-1
99,-1,133.06,537.14,19.98,15.17,0.15,-1,-1,-1
99,-1,386.42,541.67,14.06,9.21,0.13,-1,-1,-1
99,-1,130.11,514.19,13.60,10.64,0.10,-1,-1,-1
99,-1,246.15,546.54,9.89,9.29,0.10,-1,-1,-1
99,-1,130.08,514.03,13.72,10.30,0.10,-1,-1,-1
99,-1,143.07,536.45,10.02,9.53,0.09,-1,-1,-1
99,-1,559.83,615.12,17.74,9.07,0.09,-1,-1,-1
99,-1,1419.92,521.25,16.38,8.71,0.07,-1,-1,-1
99,-1,514.15,528.78,10.12,9.61,0.07,-1,-1,-1
99,-1,2162.59,633.08,47.72,13.78,0.06,-1,-1,-1
99,-1,84.69,531.65,10.47,10.95,0.05,-1,-1,-1
100,-1,1954.07,589.31,18.67,13.07,0.69,-1,-1,-1
100,-1,225.94,500.31,19.14,19.52,0.66,-1,-1,-1
100,-1,2311.39,1018.95,40.35,67.14,0.39,-1,-1,-1
100,-1,2311.30,1018.93,38.71,64.60,0.28,-1,-1,-1
100,-1,1604.64,624.50,17.47,12.44,0.22,-1,-1,-1
100,-1,1604.65,623.43,49.14,13.56,0.17,-1,-1,-1
100,-1,859.90,580.27,12.42,8.71,0.13,-1,-1,-1
100,-1,140.94,511.56,16.73,8.84,0.12,-1,-1,-1
100,-1,552.62,614.96,12.21,9.47,0.12,-1,-1,-1
100,-1,144.70,532.38,12.38,11.52,0.11,-1,-1,-1
100,-1,2143.32,648.98,41.89,10.12,0.11,-1,-1,-1
100,-1,84.79,528.59,9.93,10.97,0.10,-1,-1,-1
100,-1,1378.44,635.95,63.28,9.87,0.10,-1,-1,-1
100,-1,256.45,543.93,25.99,9.42,0.10,-1,-1,-1
100,-1,255.98,543.99,10.87,9.42,0.09,-1,-1,-1
100,-1,2330.94,1063.39,16.70,17.75,0.09,-1,-1,-1
100,-1,546.09,502.51,63.34,10.04,0.07,-1,-1,-1
100,-1,479.45,526.82,10.98,10.18,0.06,-1,-1,-1
100,-1,1666.04,592.36,21.03,9.97,0.05,-1,-1,-1
101,-1,1459.85,585.63,12.39,10.93,0.60,-1,-1,-1
101,-1,1850.29,1008.04,39.35,26.87,0.59,-1,-1,-1
101,-1,2392.17,726.83,88.19,18.77,0.59,-1,-1,-1
101,-1,1113.82,607.55,14.23,11.68,0.48,-1,-1,-1
101,-1,1635.33,633.66,12.00,10.17,0.48,-1,-1,-1
101,-1,1620.34,638.57,42.04,9.74,0.35,-1,-1,-1
101,-1,2206.78,692.60,30.58,18.19,0.35,-1,-1,-1
101,-1,909.89,635.33,16.36,9.03,0.25,-1,-1,-1
101,-1,1864.52,1022.04,44.13,15.31,0.24,-1,-1,-1
101,-1,1622.83,635.10,33.75,11.68,0.22,-1,-1,-1
101,-1,2214.02,693.19,26.42,12.26,0.20,-1,-1,-1
101,-1,2214.45,693.11,26.35,12.08,0.16,-1,-1,-1
101,-1,356.98,584.18,14.60,9.11,0.15,-1,-1,-1
101,-1,0.43,629.35,11.93,10.28,0.13,-1,-1,-1
101,-1,646.53,503.79,443.93,91.66,0.09,-1,-1,-1
101,-1,960.02,521.90,16.34,8.40,0.08,-1,-1,-1
101,-1,2392.53,727.85,17.47,11.93,0.08,-1,-1,-1
101,-1,1850.65,1009.16,56.74,26.81,0.07,-1,-1,-1
101,-1,2393.03,730.14,92.17,15.55,0.06,-1,-1,-1
102,-1,2246.06,754.93,17.80,32.68,0.76,-1,-1,-1
102,-1,934.03,980.51,70.96,37.61,0.75,-1,-1,-1
102,-1,472.81,591.17,14.90,11.99,0.68,-1,-1,-1
102,-1,17.98,625.00,18.30,13.64,0.67,-1,-1,-1
102,-1,2370.47,784.37,42.99,15.25,0.66,-1,-1,-1
102,-1,1168.13,676.13,29.35,11.78,0.59,-1,-1,-1
102,-1,1312.78,703.11,24.46,10.78,0.53,-1,-1,-1
102,-1,649.48,645.26,27.85,11.35,0.48,-1,-1,-1
102,-1,2330.06,709.24,27.72,10.81,0.28,-1,-1,-1
102,-1,2224.43,773.41,37.69,11.46,0.22,-1,-1,-1
102,-1,2331.77,710.15,68.56,13.29,0.21,-1,-1,-1
102,-1,135.26,625.72,18.79,8.98,0.20,-1,-1,-1
102,-1,1313.17,703.08,56.69,12.71,0.16,-1,-1,-1
102,-1,958.41,742.03,12.59,10.40,0.15,-1,-1,-1
102,-1,647.56,646.28,33.88,10.81,0.13,-1,-1,-1
102,-1,2332.43,710.07,26.14,22.73,0.08,-1,-1,-1
102,-1,957.72,742.18,60.05,18.37,0.06,-1,-1,-1
102,-1,2378.08,714.08,22.48,9.43,0.06,-1,-1,-1
102,-1,189.74,547.47,28.09,8.76,0.06,-1,-1,-1
102,-1,958.37,742.06,30.49,13.73,0.06,-1,-1,-1
103,-1,1242.69,737.04,12.98,42.72,0.68,-1,-1,-1
103,-1,87.41,715.93,12.91,13.41,0.65,-1,-1,-1
103,-1,1546.54,684.04,45.86,14.74,0.52,-1,-1,-1
103,-1,1457.83,832.06,66.68,19.38,0.48,-1,-1,-1
103,-1,1320.07,762.97,30.01,18.92,0.45,-1,-1,-1
103,-1,1956.74,689.77,24.44,10.73,0.38,-1,-1,-1
103,-1,1466.82,832.23,17.17,35.46,0.36,-1,-1,-1
103,-1,1264.03,694.78,36.68,12.44,0.34,-1,-1,-1
103,-1,1954.48,689.45,49.93,11.74,0.30,-1,-1,-1
103,-1,254.43,734.05,69.96,15.53,0.19,-1,-1,-1
103,-1,266.97,734.16,16.79,13.49,0.18,-1,-1,-1
103,-1,1466.36,831.92,27.88,21.36,0.08,-1,-1,-1
103,-1,1320.04,769.52,32.29,14.94,0.05,-1,-1,-1
103,-1,1450.92,832.60,73.90,21.38,0.05,-1,-1,-1
103,-1,252.78,739.60,34.20,11.42,0.05,-1,-1,-1
103,-1,253.09,736.64,34.43,12.71,0.05,-1,-1,-1
104,-1,855.62,843.40,44.61,18.75,0.67,-1,-1,-1
104,-1,1320.33,687.93,22.20,12.73,0.65,-1,-1,-1
104,-1,645.39,755.70,14.40,36.12,0.49,-1,-1,-1
104,-1,728.05,780.97,19.02,25.05,0.32,-1,-1,-1
104,-1,661.08,705.53,21.99,11.34,0.30,-1,-1,-1
104,-1,728.75,780.28,15.68,14.23,0.26,-1,-1,-1
104,-1,942.31,693.58,21.25,13.16,0.25,-1,-1,-1
104,-1,646.95,756.20,13.47,35.25,0.22,-1,-1,-1
104,-1,2059.99,688.93,35.58,12.55,0.10,-1,-1,-1
104,-1,1903.17,859.60,31.55,23.83,0.06,-1,-1,-1
105,-1,2518.87,758.25,21.12,21.95,0.78,-1,-1,-1
105,-1,2350.53,634.61,11.72,18.95,0.76,-1,-1,-1
105,-1,2481.07,907.65,31.77,18.79,0.63,-1,-1,-1
105,-1,2090.10,987.43,16.81,24.56,0.49,-1,-1,-1
105,-1,2294.14,538.56,20.64,11.12,0.44,-1,-1,-1
105,-1,2483.39,670.64,17.85,14.52,0.42,-1,-1,-1
105,-1,1041.20,854.08,51.28,31.59,0.37,-1,-1,-1
105,-1,2503.06,544.23,17.14,11.06,0.34,-1,-1,-1
105,-1,2458.60,670.91,43.36,16.69,0.26,-1,-1,-1
105,-1,425.63,708.98,19.77,15.55,0.25,-1,-1,-1
105,-1,2503.45,544.59,16.28,10.51,0.21,-1,-1,-1
105,-1,2459.63,671.63,40.85,16.59,0.12,-1,-1,-1
105,-1,858.12,1359.71,71.13,79.23,0.09,-1,-1,-1
105,-1,857.65,1359.67,71.84,79.31,0.07,-1,-1,-1
105,-1,2188.11,546.77,18.52,8.86,0.07,-1,-1,-1
105,-1,2513.45,774.58,45.44,10.47,0.06,-1,-1,-1
105,-1,2476.81,677.58,40.69,10.55,0.06,-1,-1,-1
106,-1,1475.63,721.69,17.97,20.70,0.77,-1,-1,-1
106,-1,1661.55,742.64,14.92,30.25,0.76,-1,-1,-1
106,-1,1517.52,865.92,22.35,46.47,0.71,-1,-1,-1
106,-1,1332.40,620.80,12.83,17.81,0.70,-1,-1,-1
106,-1,1609.23,702.62,12.70,14.72,0.68,-1,-1,-1
106,-1,1558.49,776.69,27.97,28.12,0.67,-1,-1,-1
106,-1,1738.17,673.08,20.55,14.22,0.64,-1,-1,-1
106,-1,2416.70,571.70,12.55,11.10,0.54,-1,-1,-1
106,-1,2163.96,664.12,22.94,15.63,0.47,-1,-1,-1
106,-1,1271.85,984.93,10.73,24.89,0.45,-1,-1,-1
106,-1,1433.00,654.14,30.25,9.77,0.44,-1,-1,-1
106,-1,2259.57,514.87,10.65,9.88,0.30,-1,-1,-1
106,-1,0.49,934.28,34.41,29.52,0.21,-1,-1,-1
106,-1,2299.31,1329.86,138.59,46.81,0.17,-1,-1,-1
106,-1,536.67,726.98,44.22,27.63,0.16,-1,-1,-1
106,-1,2389.66,513.54,9.35,9.01,0.13,-1,-1,-1
106,-1,2322.28,521.59,11.39,9.85,0.13,-1,-1,-1
106,-1,1512.15,892.16,68.10,15.26,0.07,-1,-1,-1
106,-1,1558.01,790.62,29.55,16.32,0.07,-1,-1,-1
106,-1,1574.55,791.88,13.22,11.19,0.07,-1,-1,-1
106,-1,474.04,0.52,397.80,270.20,0.06,-1,-1,-1
106,-1,241.50,0.68,812.34,427.67,0.06,-1,-1,-1
107,-1,916.99,1050.39,41.53,48.02,0.79,-1,-1,-1
107,-1,1075.87,890.70,30.44,53.11,0.75,-1,-1,-1
107,-1,1010.92,738.02,20.15,22.95,0.73,-1,-1,-1
107,-1,1267.44,669.14,14.89,11.64,0.70,-1,-1,-1
107,-1,1108.89,777.81,22.19,25.31,0.69,-1,-1,-1
107,-1,1201.19,741.39,14.95,31.21,0.68,-1,-1,-1
107,-1,869.70,619.06,14.61,25.27,0.66,-1,-1,-1
107,-1,1725.35,1274.60,87.34,51.72,0.65,-1,-1,-1
107,-1,970.04,657.28,19.39,12.66,0.63,-1,-1,-1
107,-1,1155.18,707.10,28.76,17.01,0.57,-1,-1,-1
107,-1,2047.59,651.31,24.10,13.53,0.43,-1,-1,-1
107,-1,1876.66,567.21,9.30,11.18,0.42,-1,-1,-1
107,-1,1735.89,516.24,10.17,10.45,0.31,-1,-1,-1
107,-1,1647.87,654.74,18.86,9.72,0.29,-1,-1,-1
107,-1,1107.92,796.02,27.14,15.03,0.27,-1,-1,-1
107,-1,1856.14,514.46,8.66,10.33,0.17,-1,-1,-1
107,-1,1155.80,712.72,32.66,14.52,0.14,-1,-1,-1
107,-1,1265.83,954.22,26.27,30.02,0.12,-1,-1,-1
107,-1,1723.42,1318.49,63.70,12.15,0.08,-1,-1,-1
107,-1,1067.57,926.45,42.76,18.68,0.08,-1,-1,-1
107,-1,1646.34,658.76,51.37,12.34,0.08,-1,-1,-1
107,-1,1798.31,524.23,9.55,9.91,0.07,-1,-1,-1
107,-1,1708.71,1315.51,39.30,10.65,0.07,-1,-1,-1
107,-1,1003.71,754.57,28.36,12.64,0.06,-1,-1,-1
107,-1,1724.45,1274.65,76.50,51.13,0.06,-1,-1,-1
107,-1,1220.37,676.11,102.19,13.34,0.06,-1,-1,-1
107,-1,1644.70,655.39,52.54,15.50,0.05,-1,-1,-1
108,-1,1197.36,745.16,15.80,29.88,0.78,-1,-1,-1
108,-1,999.51,738.70,16.61,34.24,0.76,-1,-1,-1
108,-1,1149.17,709.02,14.82,28.49,0.76,-1,-1,-1
108,-1,1097.61,892.22,21.55,31.60,0.74,-1,-1,-1
108,-1,1657.79,648.77,13.96,16.55,0.74,-1,-1,-1
108,-1,1108.20,783.50,23.09,28.29,0.71,-1,-1,-1
108,-1,1267.30,674.37,16.90,15.42,0.69,-1,-1,-1
108,-1,896.92,1064.41,44.17,37.38,0.68,-1,-1,-1
108,-1,883.15,611.81,13.36,16.63,0.68,-1,-1,-1
108,-1,954.76,649.29,18.56,15.07,0.64,-1,-1,-1
108,-1,1858.76,516.87,10.31,10.36,0.37,-1,-1,-1
108,-1,1878.70,564.80,8.72,11.07,0.33,-1,-1,-1
108,-1,2042.06,657.70,18.06,14.11,0.22,-1,-1,-1
108,-1,2040.76,658.05,59.89,13.96,0.18,-1,-1,-1
108,-1,1671.83,510.21,11.85,10.69,0.12,-1,-1,-1
108,-1,1112.06,798.99,22.72,14.68,0.12,-1,-1,-1
108,-1,1734.99,518.11,8.65,10.71,0.11,-1,-1,-1
108,-1,906.08,1099.06,67.13,15.47,0.11,-1,-1,-1
108,-1,2040.44,659.36,60.39,11.76,0.06,-1,-1,-1
108,-1,905.23,1090.33,41.23,14.97,0.05,-1,-1,-1
108,-1,1642.30,662.08,28.46,11.39,0.05,-1,-1,-1
109,-1,1184.07,771.24,19.98,28.62,0.79,-1,-1,-1
109,-1,891.95,1131.99,41.91,49.74,0.79,-1,-1,-1
109,-1,1264.83,686.03,13.35,16.28,0.69,-1,-1,-1
109,-1,895.00,624.88,14.55,15.98,0.68,-1,-1,-1
109,-1,1097.55,817.59,27.93,17.23,0.66,-1,-1,-1
109,-1,1668.93,666.04,11.13,21.91,0.61,-1,-1,-1
109,-1,980.44,755.66,28.27,23.85,0.58,-1,-1,-1
109,-1,1146.50,720.10,10.68,21.55,0.57,-1,-1,-1
109,-1,1099.62,927.52,28.37,34.47,0.56,-1,-1,-1
109,-1,1886.89,575.60,10.85,11.19,0.51,-1,-1,-1
109,-1,1099.54,926.27,30.52,75.84,0.38,-1,-1,-1
109,-1,945.36,652.87,19.38,11.56,0.34,-1,-1,-1
109,-1,67.90,888.23,45.59,31.93,0.30,-1,-1,-1
109,-1,979.14,771.51,28.53,13.59,0.30,-1,-1,-1
109,-1,2048.71,668.64,18.40,12.43,0.23,-1,-1,-1
109,-1,67.47,888.29,46.22,32.04,0.16,-1,-1,-1
109,-1,1867.20,527.71,12.31,8.39,0.13,-1,-1,-1
109,-1,896.01,1171.63,35.90,22.36,0.12,-1,-1,-1
109,-1,994.50,755.43,14.31,18.97,0.12,-1,-1,-1
109,-1,1808.57,535.56,8.88,9.34,0.10,-1,-1,-1
109,-1,2048.80,668.35,77.39,14.72,0.07,-1,-1,-1
109,-1,1099.81,824.04,26.71,12.61,0.07,-1,-1,-1
109,-1,1387.66,1067.87,25.00,21.63,0.07,-1,-1,-1
109,-1,1129.47,1002.26,51.09,17.05,0.06,-1,-1,-1
109,-1,63.29,888.45,52.14,31.86,0.05,-1,-1,-1
110,-1,1095.57,958.01,30.16,61.39,0.80,-1,-1,-1
110,-1,962.04,777.95,25.38,24.56,0.77,-1,-1,-1
110,-1,855.56,1194.49,41.32,61.86,0.76,-1,-1,-1
110,-1,894.11,636.39,10.34,16.33,0.74,-1,-1,-1
110,-1,1172.51,780.60,19.12,38.37,0.70,-1,-1,-1
110,-1,1670.52,676.54,10.27,15.33,0.63,-1,-1,-1
110,-1,1254.07,697.79,15.83,19.17,0.60,-1,-1,-1
110,-1,1136.24,733.99,10.65,26.24,0.60,-1,-1,-1
110,-1,1101.13,827.89,28.20,27.87,0.56,-1,-1,-1
110,-1,928.87,648.83,23.90,12.38,0.55,-1,-1,-1
110,-1,2054.44,677.27,13.65,15.09,0.40,-1,-1,-1
110,-1,1888.81,578.31,10.18,12.49,0.34,-1,-1,-1
110,-1,1807.28,539.72,9.73,16.58,0.30,-1,-1,-1
110,-1,1739.03,531.28,15.70,11.18,0.25,-1,-1,-1
110,-1,1252.74,698.42,16.36,16.20,0.12,-1,-1,-1
110,-1,961.58,794.89,27.12,13.72,0.11,-1,-1,-1
110,-1,1865.72,531.85,14.58,10.39,0.09,-1,-1,-1
110,-1,1095.54,988.22,30.47,28.16,0.08,-1,-1,-1
110,-1,1093.43,839.90,36.19,18.54,0.07,-1,-1,-1
110,-1,2053.99,677.27,28.41,16.55,0.07,-1,-1,-1
110,-1,896.60,1252.29,61.75,17.78,0.06,-1,-1,-1
110,-1,1093.58,988.37,19.69,15.18,0.06,-1,-1,-1
110,-1,8.94,917.08,37.45,49.86,0.05,-1,-1,-1
111,-1,1132.38,805.70,26.55,31.07,0.82,-1,-1,-1
111,-1,855.78,652.02,11.06,16.54,0.75,-1,-1,-1
111,-1,1655.85,690.94,13.13,17.90,0.74,-1,-1,-1
111,-1,759.05,1331.48,47.73,63.69,0.69,-1,-1,-1
111,-1,894.72,796.01,24.83,19.52,0.67,-1,-1,-1
111,-1,1083.20,761.64,13.43,22.38,0.65,-1,-1,-1
111,-1,1028.97,875.70,62.95,19.45,0.58,-1,-1,-1
111,-1,1066.31,1025.15,26.12,42.42,0.56,-1,-1,-1
111,-1,1214.67,709.70,13.57,33.60,0.54,-1,-1,-1
111,-1,2026.72,691.53,19.14,12.11,0.48,-1,-1,-1
111,-1,1871.56,586.01,9.95,11.55,0.40,-1,-1,-1
111,-1,896.14,672.03,16.92,10.67,0.35,-1,-1,-1
111,-1,1707.05,540.74,10.90,9.36,0.25,-1,-1,-1
111,-1,895.91,671.71,31.43,13.15,0.15,-1,-1,-1
111,-1,894.32,795.57,25.85,42.20,0.15,-1,-1,-1
111,-1,1064.32,875.85,28.25,19.12,0.13,-1,-1,-1
111,-1,2025.32,690.84,57.72,23.31,0.13,-1,-1,-1
111,-1,1129.31,826.14,30.57,14.86,0.12,-1,-1,-1
111,-1,515.69,855.92,139.70,35.67,0.10,-1,-1,-1
111,-1,1776.73,546.13,8.41,9.24,0.06,-1,-1,-1
112,-1,1090.15,841.52,33.75,42.81,0.85,-1,-1,-1
112,-1,1052.07,1118.90,30.73,67.62,0.82,-1,-1,-1
112,-1,1659.68,705.26,19.66,23.53,0.78,-1,-1,-1
112,-1,820.20,671.68,12.00,23.53,0.75,-1,-1,-1
112,-1,1055.30,773.73,18.42,16.66,0.64,-1,-1,-1
112,-1,853.91,821.94,29.16,32.75,0.58,-1,-1,-1
112,-1,1206.31,720.40,17.76,29.03,0.56,-1,-1,-1
112,-1,2021.72,708.22,23.48,12.75,0.49,-1,-1,-1
112,-1,865.02,692.25,21.51,12.53,0.44,-1,-1,-1
112,-1,989.56,919.31,69.19,30.04,0.41,-1,-1,-1
112,-1,1082.03,1174.19,61.27,15.05,0.32,-1,-1,-1
112,-1,1032.58,927.53,25.71,23.45,0.22,-1,-1,-1
112,-1,1881.59,588.62,8.94,13.48,0.16,-1,-1,-1
112,-1,1034.26,1173.21,108.89,24.07,0.16,-1,-1,-1
112,-1,989.26,918.97,68.98,29.61,0.14,-1,-1,-1
112,-1,1820.17,544.00,12.20,7.83,0.12,-1,-1,-1
112,-1,1074.73,869.69,97.11,27.36,0.08,-1,-1,-1
112,-1,853.92,838.06,29.82,21.19,0.08,-1,-1,-1
112,-1,1684.53,544.46,8.90,11.99,0.07,-1,-1,-1
112,-1,2020.98,711.02,69.18,11.69,0.06,-1,-1,-1
112,-1,1116.96,883.35,54.11,14.60,0.05,-1,-1,-1
113,-1,1052.67,1242.20,39.60,84.65,0.82,-1,-1,-1
113,-1,794.15,681.31,13.12,20.09,0.79,-1,-1,-1
113,-1,1091.24,863.67,24.98,36.58,0.78,-1,-1,-1
113,-1,1071.57,781.83,15.87,43.15,0.75,-1,-1,-1
113,-1,1244.51,718.12,17.52,12.54,0.58,-1,-1,-1
113,-1,1686.29,719.24,17.40,23.44,0.55,-1,-1,-1
113,-1,819.63,709.50,25.38,10.65,0.54,-1,-1,-1
113,-1,2033.75,716.63,15.76,12.35,0.44,-1,-1,-1
113,-1,831.72,848.83,26.10,30.30,0.40,-1,-1,-1
113,-1,1904.72,592.08,9.31,13.96,0.24,-1,-1,-1
113,-1,1024.99,973.41,48.06,29.77,0.10,-1,-1,-1
113,-1,1807.21,547.21,8.90,8.87,0.07,-1,-1,-1
113,-1,1665.92,544.78,8.45,13.94,0.06,-1,-1,-1
114,-1,1276.16,754.37,27.13,22.50,0.81,-1,-1,-1
114,-1,729.54,699.32,15.22,19.58,0.78,-1,-1,-1
114,-1,1088.65,901.69,37.08,43.44,0.68,-1,-1,-1
114,-1,1097.44,799.91,16.31,27.46,0.68,-1,-1,-1
114,-1,843.93,873.24,19.62,34.56,0.67,-1,-1,-1
114,-1,1720.64,716.27,13.06,19.02,0.63,-1,-1,-1
114,-1,1038.59,1046.15,95.50,29.50,0.62,-1,-1,-1
114,-1,760.06,726.03,32.35,11.78,0.51,-1,-1,-1
114,-1,2031.81,727.29,31.04,19.67,0.35,-1,-1,-1
114,-1,1088.53,927.35,36.85,26.96,0.21,-1,-1,-1
114,-1,1897.60,595.52,8.80,14.28,0.17,-1,-1,-1
114,-1,1753.66,548.00,9.07,8.74,0.13,-1,-1,-1
114,-1,1086.31,1047.78,46.93,26.85,0.13,-1,-1,-1
114,-1,839.16,873.36,25.77,70.25,0.12,-1,-1,-1
114,-1,1030.70,1055.19,139.61,33.42,0.10,-1,-1,-1
114,-1,1979.35,513.40,21.87,8.89,0.08,-1,-1,-1
114,-1,1610.84,547.38,8.64,11.28,0.06,-1,-1,-1
114,-1,1726.87,539.06,26.08,10.01,0.06,-1,-1,-1
114,-1,1079.77,800.21,33.65,29.52,0.05,-1,-1,-1
114,-1,2033.09,728.46,57.11,17.39,0.05,-1,-1,-1
115,-1,857.43,913.54,23.61,41.94,0.81,-1,-1,-1
115,-1,1294.79,771.65,27.54,21.95,0.77,-1,-1,-1
115,-1,686.77,706.92,18.21,25.59,0.77,-1,-1,-1
115,-1,1765.61,717.02,15.49,19.69,0.73,-1,-1,-1
115,-1,1128.18,825.51,29.27,30.12,0.71,-1,-1,-1
115,-1,1157.89,1115.66,42.73,30.13,0.64,-1,-1,-1
115,-1,1890.87,601.04,11.03,18.55,0.55,-1,-1,-1
115,-1,715.13,738.78,27.28,15.25,0.46,-1,-1,-1
115,-1,1126.69,909.75,14.15,18.45,0.23,-1,-1,-1
115,-1,1114.51,909.73,27.04,33.39,0.22,-1,-1,-1
115,-1,1157.94,1117.36,41.97,70.05,0.21,-1,-1,-1
115,-1,1948.60,514.41,12.07,8.95,0.18,-1,-1,-1
115,-1,1576.84,546.95,8.99,12.30,0.17,-1,-1,-1
115,-1,2026.79,731.52,43.33,19.84,0.15,-1,-1,-1
115,-1,1129.71,849.04,32.82,9.40,0.14,-1,-1,-1
115,-1,2027.57,731.65,12.68,19.00,0.12,-1,-1,-1
115,-1,1720.43,548.72,11.37,9.47,0.10,-1,-1,-1
115,-1,1151.97,1132.06,81.67,20.47,0.08,-1,-1,-1
115,-1,716.42,739.43,46.29,14.90,0.08,-1,-1,-1
115,-1,2534.16,436.35,21.69,11.46,0.07,-1,-1,-1
115,-1,1198.58,1131.07,34.70,18.25,0.07,-1,-1,-1
115,-1,2533.75,436.46,21.83,11.33,0.06,-1,-1,-1
116,-1,1190.18,984.39,58.25,50.31,0.85,-1,-1,-1
116,-1,1293.15,812.74,32.71,24.73,0.83,-1,-1,-1
116,-1,1816.76,746.65,17.02,25.48,0.77,-1,-1,-1
116,-1,1156.94,902.34,21.83,46.77,0.77,-1,-1,-1
116,-1,570.73,732.70,16.34,22.74,0.77,-1,-1,-1
116,-1,831.26,1018.65,49.32,48.63,0.65,-1,-1,-1
116,-1,1825.10,607.77,10.52,14.37,0.62,-1,-1,-1
116,-1,2021.10,712.62,31.99,16.15,0.28,-1,-1,-1
116,-1,1471.40,547.31,8.99,12.20,0.16,-1,-1,-1
116,-1,1254.59,1257.11,107.94,56.37,0.13,-1,-1,-1
116,-1,1614.61,550.89,9.62,8.24,0.13,-1,-1,-1
116,-1,2019.35,713.23,131.69,49.66,0.12,-1,-1,-1
116,-1,571.52,755.73,37.37,15.63,0.12,-1,-1,-1
116,-1,2011.12,722.91,24.21,11.68,0.11,-1,-1,-1
116,-1,1255.70,1255.22,105.47,26.01,0.10,-1,-1,-1
116,-1,2020.91,712.83,63.65,22.28,0.10,-1,-1,-1
116,-1,571.89,756.19,36.95,14.70,0.09,-1,-1,-1
116,-1,2368.31,435.32,18.87,12.14,0.08,-1,-1,-1
116,-1,1222.73,1018.96,58.99,21.55,0.07,-1,-1,-1
116,-1,2024.44,714.44,112.23,34.89,0.07,-1,-1,-1
116,-1,1256.41,1256.72,41.33,20.05,0.06,-1,-1,-1
116,-1,1181.46,1019.36,90.28,24.11,0.06,-1,-1,-1
116,-1,1191.32,1019.51,28.25,16.12,0.06,-1,-1,-1
116,-1,2036.76,451.85,37.50,9.46,0.05,-1,-1,-1
116,-1,1219.02,1021.68,32.55,16.17,0.05,-1,-1,-1
116,-1,1820.90,514.88,9.98,8.37,0.05,-1,-1,-1
117,-1,1325.83,1117.21,48.21,64.09,0.85,-1,-1,-1
117,-1,1304.11,852.87,31.88,28.18,0.79,-1,-1,-1
117,-1,437.99,756.85,19.18,41.32,0.76,-1,-1,-1
117,-1,896.47,1152.56,39.48,51.58,0.75,-1,-1,-1
117,-1,1865.43,775.13,16.51,22.67,0.72,-1,-1,-1
117,-1,1207.88,969.82,25.76,33.57,0.71,-1,-1,-1
117,-1,1365.06,545.73,10.62,13.37,0.52,-1,-1,-1
117,-1,2074.39,752.70,16.51,14.66,0.46,-1,-1,-1
117,-1,1766.11,609.29,9.19,13.91,0.32,-1,-1,-1
117,-1,1508.90,552.21,9.06,9.35,0.28,-1,-1,-1
117,-1,881.34,1196.88,34.25,16.03,0.23,-1,-1,-1
117,-1,1858.96,1233.54,34.09,27.67,0.21,-1,-1,-1
117,-1,431.03,793.24,18.34,26.13,0.19,-1,-1,-1
117,-1,1068.37,1128.79,38.14,14.01,0.18,-1,-1,-1
117,-1,1455.30,563.43,12.91,9.22,0.14,-1,-1,-1
117,-1,1696.00,514.48,10.99,9.26,0.14,-1,-1,-1
117,-1,2198.51,435.44,20.11,11.44,0.07,-1,-1,-1
117,-1,1304.41,855.80,23.30,24.41,0.07,-1,-1,-1
117,-1,1206.22,994.49,27.56,13.89,0.06,-1,-1,-1
117,-1,1621.93,1117.10,54.02,31.29,0.06,-1,-1,-1
117,-1,1200.72,991.81,86.97,16.61,0.06,-1,-1,-1
117,-1,880.76,1192.44,58.14,21.29,0.05,-1,-1,-1
118,-1,322.79,786.60,21.00,30.02,0.84,-1,-1,-1
118,-1,1552.72,1289.78,56.14,68.96,0.83,-1,-1,-1
118,-1,972.01,1374.47,57.40,64.95,0.78,-1,-1,-1
118,-1,1348.53,892.50,38.52,27.15,0.78,-1,-1,-1
118,-1,1954.29,803.35,19.41,30.85,0.76,-1,-1,-1
118,-1,1323.06,1071.51,33.93,53.93,0.73,-1,-1,-1
118,-1,2132.95,768.25,13.26,15.06,0.59,-1,-1,-1
118,-1,286.85,820.42,39.07,27.34,0.50,-1,-1,-1
118,-1,1708.34,614.74,10.59,20.90,0.41,-1,-1,-1
118,-1,270.19,834.16,23.51,9.99,0.34,-1,-1,-1
118,-1,287.50,820.52,25.92,17.94,0.23,-1,-1,-1
118,-1,1765.54,452.35,41.88,9.84,0.23,-1,-1,-1
118,-1,1408.67,552.34,10.62,8.71,0.20,-1,-1,-1
118,-1,1359.88,912.69,31.93,14.91,0.16,-1,-1,-1
118,-1,1315.38,1095.63,77.99,31.19,0.09,-1,-1,-1
118,-1,1270.75,544.56,8.58,13.62,0.07,-1,-1,-1
118,-1,321.87,812.52,35.39,11.40,0.07,-1,-1,-1
118,-1,2041.99,436.12,19.04,11.62,0.06,-1,-1,-1
118,-1,1314.98,1116.61,42.11,13.00,0.06,-1,-1,-1
118,-1,282.74,828.63,43.13,18.66,0.06,-1,-1,-1
119,-1,214.50,829.26,26.19,37.89,0.82,-1,-1,-1
119,-1,1457.12,975.97,46.33,37.37,0.82,-1,-1,-1
119,-1,1534.74,1216.88,41.22,68.84,0.82,-1,-1,-1
119,-1,2087.00,844.36,24.45,39.10,0.78,-1,-1,-1
119,-1,170.32,863.84,29.28,34.70,0.77,-1,-1,-1
119,-1,1656.12,620.31,12.92,15.94,0.64,-1,-1,-1
119,-1,2208.34,802.71,24.25,18.32,0.49,-1,-1,-1
119,-1,1318.30,547.09,18.76,13.72,0.33,-1,-1,-1
119,-1,1182.32,546.00,10.32,11.69,0.30,-1,-1,-1
119,-1,161.13,894.20,62.35,10.41,0.28,-1,-1,-1
119,-1,1182.19,546.15,10.77,11.62,0.23,-1,-1,-1
119,-1,1278.83,562.30,9.39,9.49,0.23,-1,-1,-1
119,-1,1467.19,1008.27,35.00,9.86,0.20,-1,-1,-1
119,-1,1469.43,511.90,19.34,9.18,0.14,-1,-1,-1
119,-1,218.04,859.22,23.72,10.75,0.13,-1,-1,-1
119,-1,2087.65,864.57,21.47,19.82,0.10,-1,-1,-1
119,-1,2219.55,803.49,12.73,27.92,0.09,-1,-1,-1
119,-1,2200.62,806.88,51.78,16.85,0.08,-1,-1,-1
119,-1,2206.81,802.00,47.14,21.10,0.08,-1,-1,-1
119,-1,1499.39,1006.58,43.99,13.42,0.07,-1,-1,-1
119,-1,1514.40,1277.85,28.35,11.99,0.07,-1,-1,-1
119,-1,1514.78,1277.85,59.53,13.03,0.07,-1,-1,-1
120,-1,1767.93,1343.74,53.59,74.70,0.84,-1,-1,-1
120,-1,171.13,864.94,29.20,50.30,0.81,-1,-1,-1
120,-1,1573.00,1030.15,41.00,41.97,0.81,-1,-1,-1
120,-1,133.53,903.99,30.48,41.94,0.79,-1,-1,-1
120,-1,2281.34,827.94,54.25,12.92,0.58,-1,-1,-1
120,-1,2299.83,816.95,19.75,19.59,0.57,-1,-1,-1
120,-1,1139.95,546.39,10.34,11.90,0.48,-1,-1,-1
120,-1,2213.30,873.87,22.39,35.07,0.47,-1,-1,-1
120,-1,2213.34,873.75,22.26,34.86,0.40,-1,-1,-1
120,-1,1645.14,625.20,10.67,16.38,0.39,-1,-1,-1
120,-1,1761.20,1364.82,23.81,35.90,0.28,-1,-1,-1
120,-1,1273.86,550.96,10.60,8.05,0.18,-1,-1,-1
120,-1,1238.35,561.48,8.99,9.84,0.17,-1,-1,-1
120,-1,173.35,896.11,28.05,19.81,0.15,-1,-1,-1
120,-1,1572.41,1045.60,9.53,22.15,0.08,-1,-1,-1
120,-1,1392.30,515.08,8.75,9.50,0.07,-1,-1,-1
120,-1,1761.70,1365.04,48.35,53.63,0.05,-1,-1,-1
121,-1,192.49,921.12,31.86,41.91,0.85,-1,-1,-1
121,-1,142.77,978.77,26.27,48.82,0.79,-1,-1,-1
121,-1,2540.03,943.90,19.46,38.44,0.77,-1,-1,-1
121,-1,1952.60,1173.42,28.66,35.30,0.64,-1,-1,-1
121,-1,1075.30,551.51,12.96,12.76,0.56,-1,-1,-1
121,-1,1639.63,642.50,9.50,13.94,0.52,-1,-1,-1
121,-1,2506.94,872.32,26.88,18.20,0.47,-1,-1,-1
121,-1,1184.27,566.49,9.42,10.07,0.44,-1,-1,-1
121,-1,190.94,960.09,41.82,20.32,0.43,-1,-1,-1
121,-1,1213.47,551.22,9.06,9.69,0.26,-1,-1,-1
121,-1,190.95,960.58,41.40,19.58,0.25,-1,-1,-1
121,-1,1653.80,436.98,18.37,11.84,0.20,-1,-1,-1
121,-1,1472.48,469.18,44.13,16.67,0.18,-1,-1,-1
121,-1,138.19,1026.63,43.59,13.58,0.17,-1,-1,-1
121,-1,2504.27,972.95,52.87,10.98,0.08,-1,-1,-1
122,-1,394.93,1011.24,42.67,59.31,0.86,-1,-1,-1
122,-1,359.03,1080.49,31.63,58.44,0.83,-1,-1,-1
122,-1,1656.31,656.70,19.19,14.50,0.51,-1,-1,-1
122,-1,1166.15,557.40,11.81,9.18,0.49,-1,-1,-1
122,-1,403.79,1064.42,44.79,16.15,0.43,-1,-1,-1
122,-1,390.83,1071.86,90.36,39.98,0.25,-1,-1,-1
122,-1,1144.35,568.75,8.86,9.74,0.17,-1,-1,-1
122,-1,1509.50,437.37,19.36,13.99,0.11,-1,-1,-1
122,-1,382.75,1064.46,68.23,34.86,0.11,-1,-1,-1
122,-1,330.42,522.40,19.96,10.76,0.10,-1,-1,-1
122,-1,1021.05,557.32,8.64,11.01,0.09,-1,-1,-1
122,-1,324.29,1125.30,45.46,23.10,0.08,-1,-1,-1
122,-1,1103.31,549.91,16.32,8.10,0.07,-1,-1,-1
122,-1,1509.51,437.68,19.76,13.30,0.07,-1,-1,-1
122,-1,1237.15,520.92,9.26,8.47,0.07,-1,-1,-1
122,-1,1257.16,514.67,8.63,11.17,0.06,-1,-1,-1
122,-1,1387.49,468.56,44.84,18.87,0.05,-1,-1,-1
123,-1,823.08,1279.59,50.97,75.11,0.75,-1,-1,-1
123,-1,805.26,1176.60,44.62,68.37,0.73,-1,-1,-1
123,-1,817.26,1224.68,65.75,22.16,0.73,-1,-1,-1
123,-1,760.74,1325.79,89.59,31.89,0.71,-1,-1,-1
123,-1,1360.43,438.62,40.54,23.88,0.70,-1,-1,-1
123,-1,1712.52,672.52,10.58,17.24,0.65,-1,-1,-1
123,-1,1181.12,521.27,9.61,13.13,0.40,-1,-1,-1
123,-1,1129.44,563.98,9.01,11.56,0.21,-1,-1,-1
123,-1,978.85,569.52,8.94,10.01,0.20,-1,-1,-1
123,-1,1114.87,579.05,8.89,9.60,0.12,-1,-1,-1
123,-1,1166.23,528.11,9.21,8.60,0.11,-1,-1,-1
123,-1,2128.80,495.20,10.38,9.19,0.07,-1,-1,-1
124,-1,1789.13,695.84,17.51,18.05,0.67,-1,-1,-1
124,-1,1105.01,582.07,10.02,9.01,0.47,-1,-1,-1
124,-1,1099.87,596.25,10.31,10.25,0.45,-1,-1,-1
124,-1,1100.06,534.35,9.55,9.98,0.27,-1,-1,-1
124,-1,1102.92,528.16,16.04,11.46,0.20,-1,-1,-1
124,-1,2399.34,501.52,8.50,15.13,0.13,-1,-1,-1
124,-1,1238.42,440.44,17.96,12.28,0.13,-1,-1,-1
124,-1,2423.96,496.68,9.12,27.30,0.11,-1,-1,-1
124,-1,996.51,570.29,19.07,8.95,0.10,-1,-1,-1
124,-1,2261.07,302.73,29.94,15.95,0.06,-1,-1,-1
124,-1,1731.41,895.95,19.24,15.37,0.05,-1,-1,-1
124,-1,1238.30,440.58,18.09,12.43,0.05,-1,-1,-1
125,-1,1849.65,710.74,18.76,19.94,0.76,-1,-1,-1
125,-1,1090.53,594.77,14.63,19.17,0.49,-1,-1,-1
125,-1,920.94,597.79,22.34,9.20,0.34,-1,-1,-1
125,-1,1061.35,533.95,12.69,14.72,0.17,-1,-1,-1
125,-1,1060.90,539.45,9.41,10.79,0.14,-1,-1,-1
125,-1,2366.56,497.72,13.20,30.04,0.12,-1,-1,-1
125,-1,1158.32,440.20,18.36,13.36,0.09,-1,-1,-1
125,-1,1158.27,440.22,18.46,13.35,0.08,-1,-1,-1
125,-1,1095.28,606.18,10.56,9.42,0.07,-1,-1,-1
125,-1,1158.27,440.22,18.39,13.35,0.06,-1,-1,-1
126,-1,1994.91,730.23,20.55,16.80,0.70,-1,-1,-1
126,-1,1099.96,631.86,10.61,12.65,0.51,-1,-1,-1
126,-1,1072.45,609.73,36.25,11.11,0.33,-1,-1,-1
126,-1,996.99,551.61,9.49,10.00,0.33,-1,-1,-1
126,-1,1898.87,507.70,10.01,9.50,0.10,-1,-1,-1
126,-1,1016.60,440.38,21.99,13.38,0.08,-1,-1,-1
126,-1,1993.89,736.90,22.72,14.12,0.06,-1,-1,-1
126,-1,989.29,542.60,10.89,9.15,0.06,-1,-1,-1
126,-1,1017.01,440.45,21.38,13.30,0.06,-1,-1,-1
126,-1,899.36,619.99,18.09,10.00,0.05,-1,-1,-1
127,-1,1097.87,660.88,11.98,9.97,0.60,-1,-1,-1
127,-1,885.22,643.59,13.73,10.89,0.38,-1,-1,-1
127,-1,2176.41,766.88,22.78,19.54,0.29,-1,-1,-1
127,-1,2176.28,766.97,22.42,18.95,0.24,-1,-1,-1
127,-1,1051.90,631.56,13.02,8.64,0.19,-1,-1,-1
127,-1,875.98,440.33,20.86,14.23,0.18,-1,-1,-1
127,-1,868.20,643.50,29.93,11.17,0.10,-1,-1,-1
127,-1,919.07,553.02,11.92,8.85,0.09,-1,-1,-1
128,-1,1108.54,686.23,18.22,12.77,0.70,-1,-1,-1
128,-1,2378.36,804.85,18.22,20.28,0.62,-1,-1,-1
128,-1,842.00,564.36,12.11,8.98,0.38,-1,-1,-1
128,-1,730.42,440.21,22.35,15.76,0.32,-1,-1,-1
128,-1,857.76,670.12,32.07,9.36,0.29,-1,-1,-1
128,-1,1045.03,651.34,17.67,9.46,0.27,-1,-1,-1
128,-1,2114.10,518.38,15.78,23.58,0.10,-1,-1,-1
129,-1,1204.54,715.26,15.87,14.75,0.73,-1,-1,-1
129,-1,1123.24,676.61,12.91,10.29,0.32,-1,-1,-1
129,-1,943.00,696.21,32.67,9.73,0.22,-1,-1,-1
129,-1,880.45,668.31,14.14,12.24,0.19,-1,-1,-1
129,-1,854.63,581.38,16.46,9.10,0.17,-1,-1,-1
129,-1,891.20,594.83,9.38,8.97,0.09,-1,-1,-1
129,-1,676.16,449.29,22.40,13.37,0.08,-1,-1,-1
129,-1,676.00,449.41,22.85,13.25,0.06,-1,-1,-1
129,-1,2132.61,527.01,16.65,22.08,0.06,-1,-1,-1
129,-1,675.81,449.22,22.52,13.48,0.06,-1,-1,-1
129,-1,959.86,696.15,15.94,8.68,0.05,-1,-1,-1
130,-1,1288.42,722.86,11.88,10.97,0.69,-1,-1,-1
130,-1,899.91,584.49,15.14,9.71,0.44,-1,-1,-1
130,-1,1039.91,702.49,17.38,10.20,0.37,-1,-1,-1
130,-1,1025.63,702.96,31.93,11.77,0.23,-1,-1,-1
130,-1,1189.99,679.88,18.00,11.37,0.20,-1,-1,-1
130,-1,688.73,449.12,20.92,12.99,0.13,-1,-1,-1
130,-1,688.65,449.09,21.02,13.08,0.11,-1,-1,-1
130,-1,938.82,597.56,8.42,11.34,0.11,-1,-1,-1
130,-1,2182.96,527.66,12.45,12.54,0.10,-1,-1,-1
130,-1,2182.97,527.62,12.69,13.42,0.08,-1,-1,-1
130,-1,2080.21,509.21,12.66,14.61,0.06,-1,-1,-1
130,-1,937.13,672.68,12.96,8.58,0.06,-1,-1,-1
131,-1,653.27,736.36,24.63,12.60,0.51,-1,-1,-1
131,-1,2180.49,817.45,20.07,14.79,0.44,-1,-1,-1
131,-1,194.57,611.01,20.71,10.50,0.25,-1,-1,-1
131,-1,352.73,724.61,29.94,9.57,0.18,-1,-1,-1
131,-1,144.54,598.78,15.53,9.08,0.16,-1,-1,-1
131,-1,522.60,692.00,26.31,10.57,0.15,-1,-1,-1
131,-1,522.58,691.55,26.35,10.93,0.11,-1,-1,-1
131,-1,208.68,692.74,18.09,8.86,0.08,-1,-1,-1
131,-1,1794.93,507.63,52.08,11.35,0.07,-1,-1,-1
131,-1,359.92,724.02,23.13,9.27,0.05,-1,-1,-1
132,-1,2115.31,765.35,26.67,13.23,0.39,-1,-1,-1
132,-1,1816.31,775.20,19.34,15.57,0.37,-1,-1,-1
132,-1,308.94,824.82,27.36,36.45,0.32,-1,-1,-1
132,-1,1292.99,462.78,154.88,50.39,0.19,-1,-1,-1
132,-1,2130.03,560.68,10.81,10.20,0.10,-1,-1,-1
132,-1,965.20,433.95,58.49,89.66,0.09,-1,-1,-1
133,-1,795.47,1001.57,28.72,35.10,0.71,-1,-1,-1
133,-1,902.65,980.99,22.10,32.27,0.66,-1,-1,-1
133,-1,1909.97,824.24,21.65,30.38,0.50,-1,-1,-1
133,-1,907.07,1001.81,20.70,12.77,0.50,-1,-1,-1
133,-1,2493.18,671.10,16.34,19.08,0.45,-1,-1,-1
133,-1,693.35,774.54,16.35,18.86,0.42,-1,-1,-1
133,-1,206.39,779.92,20.88,15.52,0.39,-1,-1,-1
133,-1,2115.98,731.33,21.02,11.20,0.38,-1,-1,-1
133,-1,1188.25,723.06,14.16,14.87,0.35,-1,-1,-1
133,-1,2255.19,633.11,15.27,11.51,0.31,-1,-1,-1
133,-1,670.09,649.64,15.28,12.42,0.30,-1,-1,-1
133,-1,1249.50,653.04,14.05,18.28,0.28,-1,-1,-1
133,-1,1100.40,527.21,13.58,22.14,0.28,-1,-1,-1
133,-1,1056.36,728.76,10.29,13.29,0.22,-1,-1,-1
133,-1,1836.51,711.51,55.50,16.03,0.20,-1,-1,-1
133,-1,1416.95,632.45,17.13,12.46,0.15,-1,-1,-1
133,-1,1836.74,711.47,55.27,16.00,0.15,-1,-1,-1
133,-1,1836.19,712.77,54.37,14.76,0.14,-1,-1,-1
133,-1,2122.90,619.62,21.01,9.70,0.14,-1,-1,-1
133,-1,1537.07,235.41,78.88,14.02,0.11,-1,-1,-1
133,-1,1081.35,677.79,17.07,14.67,0.10,-1,-1,-1
133,-1,177.65,575.15,13.81,20.37,0.10,-1,-1,-1
133,-1,2248.22,396.09,74.75,44.48,0.09,-1,-1,-1
133,-1,1720.54,632.96,46.00,12.56,0.08,-1,-1,-1
133,-1,1992.56,236.16,22.12,17.78,0.07,-1,-1,-1
133,-1,483.87,539.33,15.22,12.17,0.07,-1,-1,-1
133,-1,2103.91,618.43,40.41,11.34,0.05,-1,-1,-1
133,-1,2098.23,378.77,42.37,39.11,0.05,-1,-1,-1
134,-1,978.16,721.92,29.45,14.62,0.67,-1,-1,-1
134,-1,1285.87,654.56,14.35,16.83,0.63,-1,-1,-1
134,-1,795.44,814.86,29.25,24.43,0.60,-1,-1,-1
134,-1,49.68,694.62,15.13,16.09,0.54,-1,-1,-1
134,-1,245.67,657.37,15.62,16.87,0.51,-1,-1,-1
134,-1,1427.42,633.06,14.66,14.97,0.50,-1,-1,-1
134,-1,966.02,620.70,24.29,10.47,0.47,-1,-1,-1
134,-1,1409.66,566.75,11.49,15.67,0.34,-1,-1,-1
134,-1,924.54,397.11,40.53,36.27,0.33,-1,-1,-1
134,-1,702.19,719.68,60.08,10.55,0.32,-1,-1,-1
134,-1,1085.01,628.58,15.35,11.11,0.29,-1,-1,-1
134,-1,492.37,681.09,53.44,13.11,0.29,-1,-1,-1
134,-1,702.44,719.94,64.02,10.59,0.26,-1,-1,-1
134,-1,1349.07,652.90,11.27,8.65,0.26,-1,-1,-1
134,-1,1746.87,472.32,48.53,14.43,0.26,-1,-1,-1
134,-1,791.52,826.43,32.09,18.83,0.24,-1,-1,-1
134,-1,555.67,523.17,16.36,13.72,0.20,-1,-1,-1
134,-1,342.65,231.85,87.81,14.81,0.18,-1,-1,-1
134,-1,1130.56,577.67,21.84,10.15,0.17,-1,-1,-1
134,-1,1407.47,539.00,16.90,13.24,0.16,-1,-1,-1
134,-1,1057.86,417.91,28.47,40.43,0.13,-1,-1,-1
134,-1,1130.61,577.45,21.73,10.19,0.11,-1,-1,-1
134,-1,941.38,1015.88,82.12,58.56,0.10,-1,-1,-1
134,-1,1409.80,566.43,26.68,15.97,0.09,-1,-1,-1
134,-1,791.84,823.38,14.96,12.80,0.07,-1,-1,-1
134,-1,1476.23,564.41,27.63,9.92,0.07,-1,-1,-1
134,-1,1336.88,607.97,30.26,9.02,0.07,-1,-1,-1
134,-1,924.56,397.04,40.70,66.87,0.06,-1,-1,-1
134,-1,1476.26,564.04,27.65,10.21,0.05,-1,-1,-1
134,-1,1056.29,588.79,16.77,8.52,0.05,-1,-1,-1
134,-1,581.51,648.77,10.31,8.62,0.05,-1,-1,-1
135,-1,1288.93,655.17,15.41,16.87,0.58,-1,-1,-1
135,-1,986.71,722.39,22.97,13.05,0.52,-1,-1,-1
135,-1,1088.24,629.26,13.47,11.40,0.51,-1,-1,-1
135,-1,1431.30,634.83,22.99,16.27,0.50,-1,-1,-1
135,-1,808.33,816.31,20.15,26.82,0.48,-1,-1,-1
135,-1,968.93,621.69,25.81,9.63,0.44,-1,-1,-1
135,-1,698.83,720.10,58.83,10.26,0.36,-1,-1,-1
135,-1,1410.14,568.29,12.81,15.07,0.35,-1,-1,-1
135,-1,1352.07,655.15,23.28,9.72,0.34,-1,-1,-1
135,-1,50.42,693.35,13.54,14.45,0.32,-1,-1,-1
135,-1,1059.91,587.64,12.95,10.70,0.20,-1,-1,-1
135,-1,698.51,720.39,58.79,10.31,0.19,-1,-1,-1
135,-1,794.46,827.62,17.20,9.55,0.16,-1,-1,-1
135,-1,1059.02,419.17,27.21,40.50,0.16,-1,-1,-1
135,-1,986.86,722.70,36.68,18.25,0.14,-1,-1,-1
135,-1,342.76,232.87,89.44,16.61,0.13,-1,-1,-1
135,-1,344.08,233.16,88.06,16.65,0.12,-1,-1,-1
135,-1,925.82,398.78,40.01,36.52,0.11,-1,-1,-1
135,-1,249.89,662.82,17.90,12.66,0.10,-1,-1,-1
135,-1,584.06,649.86,25.05,10.30,0.09,-1,-1,-1
135,-1,1339.61,609.27,27.15,8.91,0.09,-1,-1,-1
135,-1,249.43,662.87,18.70,12.81,0.07,-1,-1,-1
135,-1,1045.93,587.52,27.34,11.65,0.07,-1,-1,-1
135,-1,582.99,648.43,22.84,10.23,0.06,-1,-1,-1
135,-1,962.53,723.39,50.89,12.26,0.06,-1,-1,-1
136,-1,1299.18,655.57,11.69,14.65,0.63,-1,-1,-1
136,-1,993.76,720.38,25.29,13.11,0.54,-1,-1,-1
136,-1,246.27,664.80,39.15,11.81,0.35,-1,-1,-1
136,-1,578.18,650.75,17.51,10.05,0.33,-1,-1,-1
136,-1,790.76,803.57,36.18,17.75,0.30,-1,-1,-1
136,-1,1409.49,569.98,15.13,16.97,0.28,-1,-1,-1
136,-1,1354.99,655.31,12.04,8.94,0.28,-1,-1,-1
136,-1,689.40,720.99,51.35,15.09,0.28,-1,-1,-1
136,-1,688.74,724.48,51.07,11.63,0.25,-1,-1,-1
136,-1,346.80,234.32,86.77,15.95,0.20,-1,-1,-1
136,-1,983.94,621.60,13.66,9.10,0.19,-1,-1,-1
136,-1,1096.12,633.16,16.96,12.28,0.18,-1,-1,-1
136,-1,0.67,776.92,17.72,16.57,0.18,-1,-1,-1
136,-1,1059.72,420.97,28.65,40.68,0.16,-1,-1,-1
136,-1,512.57,682.31,38.04,9.71,0.15,-1,-1,-1
136,-1,992.74,511.20,13.79,9.59,0.12,-1,-1,-1
136,-1,547.89,516.34,10.15,20.30,0.12,-1,-1,-1
136,-1,926.84,399.56,40.57,66.97,0.12,-1,-1,-1
136,-1,630.49,967.18,101.13,27.95,0.11,-1,-1,-1
136,-1,1126.24,582.82,41.06,9.22,0.10,-1,-1,-1
136,-1,55.08,694.76,16.80,19.57,0.09,-1,-1,-1
136,-1,346.68,235.07,88.41,14.63,0.07,-1,-1,-1
136,-1,1060.11,420.91,27.49,40.80,0.07,-1,-1,-1
136,-1,1059.91,421.25,28.92,40.59,0.06,-1,-1,-1
136,-1,2154.87,918.62,38.62,9.86,0.06,-1,-1,-1
136,-1,1429.25,636.70,19.96,11.02,0.06,-1,-1,-1
136,-1,927.18,399.37,40.01,67.28,0.05,-1,-1,-1
136,-1,791.05,804.67,36.51,17.52,0.05,-1,-1,-1
137,-1,833.42,783.29,21.32,23.86,0.59,-1,-1,-1
137,-1,1025.32,711.56,20.12,10.25,0.43,-1,-1,-1
137,-1,43.08,779.63,24.34,23.44,0.39,-1,-1,-1
137,-1,345.62,233.00,88.94,14.65,0.37,-1,-1,-1
137,-1,1334.86,652.14,13.98,14.38,0.37,-1,-1,-1
137,-1,1009.35,622.25,25.01,10.55,0.33,-1,-1,-1
137,-1,115.69,489.67,23.70,10.58,0.29,-1,-1,-1
137,-1,94.89,691.59,19.92,16.45,0.29,-1,-1,-1
137,-1,1457.99,625.97,11.39,13.05,0.27,-1,-1,-1
137,-1,315.96,662.99,14.00,9.82,0.21,-1,-1,-1
137,-1,1380.06,645.92,11.91,8.71,0.21,-1,-1,-1
137,-1,1084.02,592.64,20.55,9.70,0.18,-1,-1,-1
137,-1,725.64,721.76,58.64,13.00,0.18,-1,-1,-1
137,-1,551.88,679.46,41.93,11.52,0.13,-1,-1,-1
137,-1,935.39,402.78,36.46,31.95,0.12,-1,-1,-1
137,-1,345.71,232.96,87.60,15.05,0.12,-1,-1,-1
137,-1,1425.61,577.22,20.44,10.80,0.10,-1,-1,-1
137,-1,1062.28,406.34,31.06,54.64,0.09,-1,-1,-1
137,-1,344.77,233.36,93.13,13.77,0.09,-1,-1,-1
137,-1,935.76,402.83,35.99,31.96,0.08,-1,-1,-1
137,-1,834.95,798.51,33.17,11.87,0.08,-1,-1,-1
137,-1,716.55,1037.83,17.04,16.19,0.08,-1,-1,-1
137,-1,725.28,723.70,58.42,11.44,0.08,-1,-1,-1
137,-1,494.26,294.57,12.11,26.30,0.06,-1,-1,-1
137,-1,92.95,691.57,28.78,26.86,0.06,-1,-1,-1
137,-1,1426.80,577.53,18.84,10.25,0.06,-1,-1,-1
137,-1,1152.49,581.48,33.21,9.89,0.05,-1,-1,-1
137,-1,545.18,678.81,48.73,11.82,0.05,-1,-1,-1
138,-1,928.55,788.93,20.93,23.91,0.64,-1,-1,-1
138,-1,186.72,689.30,17.87,14.13,0.59,-1,-1,-1
138,-1,175.43,781.78,22.32,17.71,0.47,-1,-1,-1
138,-1,1507.70,620.56,12.89,12.58,0.47,-1,-1,-1
138,-1,390.76,660.29,36.32,11.44,0.44,-1,-1,-1
138,-1,662.88,673.85,24.75,13.93,0.44,-1,-1,-1
138,-1,1394.01,635.90,13.29,17.22,0.38,-1,-1,-1
138,-1,1395.03,634.98,44.92,18.65,0.33,-1,-1,-1
138,-1,350.60,232.39,90.03,15.52,0.29,-1,-1,-1
138,-1,907.13,801.04,51.35,15.53,0.27,-1,-1,-1
138,-1,149.25,488.35,17.43,10.38,0.21,-1,-1,-1
138,-1,1106.52,697.41,21.77,10.35,0.21,-1,-1,-1
138,-1,683.60,649.50,21.13,8.57,0.20,-1,-1,-1
138,-1,1222.14,582.35,26.43,10.73,0.14,-1,-1,-1
138,-1,559.82,891.54,93.39,29.12,0.13,-1,-1,-1
138,-1,801.83,720.57,54.35,10.71,0.13,-1,-1,-1
138,-1,801.50,720.62,55.77,10.48,0.12,-1,-1,-1
138,-1,1144.93,593.79,14.55,8.99,0.11,-1,-1,-1
138,-1,1795.52,519.21,19.86,13.09,0.11,-1,-1,-1
138,-1,1073.78,621.85,33.35,11.47,0.09,-1,-1,-1
138,-1,1426.26,635.39,13.83,8.49,0.08,-1,-1,-1
138,-1,951.70,401.16,36.72,33.01,0.07,-1,-1,-1
138,-1,351.68,232.86,90.75,14.37,0.07,-1,-1,-1
138,-1,1185.33,635.45,29.23,10.51,0.07,-1,-1,-1
138,-1,1416.55,635.83,23.57,10.34,0.07,-1,-1,-1
138,-1,349.87,231.25,90.09,16.23,0.07,-1,-1,-1
138,-1,898.01,797.16,32.19,12.31,0.06,-1,-1,-1
138,-1,1040.40,621.32,68.37,12.50,0.06,-1,-1,-1
138,-1,0.63,734.00,20.36,71.23,0.05,-1,-1,-1
139,-1,32.43,1071.40,31.26,45.02,0.83,-1,-1,-1
139,-1,1474.98,632.57,18.44,17.06,0.61,-1,-1,-1
139,-1,161.53,1041.15,29.06,40.46,0.59,-1,-1,-1
139,-1,352.95,771.03,20.92,20.71,0.58,-1,-1,-1
139,-1,1092.26,784.23,20.43,27.75,0.58,-1,-1,-1
139,-1,1579.96,614.39,16.70,18.12,0.51,-1,-1,-1
139,-1,1504.84,625.29,18.90,10.57,0.49,-1,-1,-1
139,-1,1069.65,793.69,25.44,12.99,0.47,-1,-1,-1
139,-1,1547.08,562.12,16.45,17.69,0.47,-1,-1,-1
139,-1,163.39,1074.39,43.58,12.07,0.44,-1,-1,-1
139,-1,928.22,701.60,48.63,14.33,0.42,-1,-1,-1
139,-1,322.30,686.67,17.23,11.70,0.42,-1,-1,-1
139,-1,1168.43,615.24,16.30,9.92,0.36,-1,-1,-1
139,-1,361.98,230.86,88.69,16.18,0.34,-1,-1,-1
139,-1,1069.63,793.58,53.92,19.05,0.32,-1,-1,-1
139,-1,800.95,665.94,17.39,16.81,0.32,-1,-1,-1
139,-1,1196.14,677.40,20.15,10.93,0.29,-1,-1,-1
139,-1,1279.46,629.06,30.76,9.81,0.28,-1,-1,-1
139,-1,122.97,715.40,26.39,17.00,0.26,-1,-1,-1
139,-1,1222.67,590.89,11.76,9.67,0.25,-1,-1,-1
139,-1,362.01,230.42,88.82,16.24,0.17,-1,-1,-1
139,-1,510.36,651.42,62.15,12.88,0.17,-1,-1,-1
139,-1,1068.73,794.84,56.15,22.54,0.17,-1,-1,-1
139,-1,1294.00,576.77,34.50,10.13,0.16,-1,-1,-1
139,-1,570.74,301.13,37.33,21.55,0.16,-1,-1,-1
139,-1,917.24,707.44,51.28,10.37,0.14,-1,-1,-1
139,-1,982.22,403.08,32.55,32.61,0.14,-1,-1,-1
139,-1,161.44,1041.27,28.41,40.48,0.12,-1,-1,-1
139,-1,1294.07,576.66,34.64,10.15,0.11,-1,-1,-1
139,-1,571.28,301.33,36.95,21.19,0.10,-1,-1,-1
139,-1,780.58,665.41,38.99,18.13,0.10,-1,-1,-1
139,-1,1962.96,511.74,16.31,9.60,0.07,-1,-1,-1
139,-1,1074.99,801.58,49.33,15.44,0.06,-1,-1,-1
139,-1,550.95,652.41,20.98,10.95,0.05,-1,-1,-1
140,-1,357.84,1040.12,34.14,33.53,0.79,-1,-1,-1
140,-1,240.07,1067.18,36.05,45.79,0.73,-1,-1,-1
140,-1,224.96,714.45,18.30,18.35,0.69,-1,-1,-1
140,-1,1212.76,791.14,18.16,21.55,0.64,-1,-1,-1
140,-1,421.40,682.00,15.02,12.69,0.64,-1,-1,-1
140,-1,362.92,1062.15,35.75,15.17,0.61,-1,-1,-1
140,-1,1537.28,632.02,15.19,15.78,0.61,-1,-1,-1
140,-1,465.32,767.77,24.94,14.44,0.55,-1,-1,-1
140,-1,1640.82,614.51,11.63,14.75,0.52,-1,-1,-1
140,-1,1263.38,678.89,39.72,16.52,0.44,-1,-1,-1
140,-1,1000.21,690.83,39.31,14.86,0.30,-1,-1,-1
140,-1,1192.88,804.00,18.16,8.96,0.25,-1,-1,-1
140,-1,1344.07,626.33,16.73,9.14,0.23,-1,-1,-1
140,-1,1192.65,803.03,48.09,13.08,0.23,-1,-1,-1
140,-1,608.08,647.48,48.22,13.67,0.23,-1,-1,-1
140,-1,370.31,228.98,89.02,15.73,0.22,-1,-1,-1
140,-1,888.13,667.84,11.55,13.88,0.21,-1,-1,-1
140,-1,370.28,229.35,87.97,15.21,0.20,-1,-1,-1
140,-1,878.67,641.81,19.47,10.26,0.19,-1,-1,-1
140,-1,1592.29,559.93,21.40,14.98,0.16,-1,-1,-1
140,-1,258.77,782.67,27.30,12.03,0.16,-1,-1,-1
140,-1,1225.67,615.37,17.26,8.85,0.14,-1,-1,-1
140,-1,218.69,723.64,32.05,12.80,0.13,-1,-1,-1
140,-1,241.59,1100.05,40.97,15.39,0.12,-1,-1,-1
140,-1,1557.01,623.42,19.17,8.75,0.11,-1,-1,-1
140,-1,580.74,300.84,35.67,20.99,0.09,-1,-1,-1
140,-1,245.85,1105.49,37.74,16.24,0.09,-1,-1,-1
140,-1,1278.47,589.05,9.34,10.19,0.08,-1,-1,-1
140,-1,643.50,647.95,13.79,9.95,0.08,-1,-1,-1
140,-1,901.49,885.39,42.40,13.52,0.08,-1,-1,-1
140,-1,1345.56,575.85,23.65,9.00,0.07,-1,-1,-1
140,-1,259.96,781.30,81.69,13.60,0.07,-1,-1,-1
140,-1,1246.95,1114.52,19.40,9.72,0.06,-1,-1,-1
140,-1,1002.20,403.48,30.72,29.51,0.06,-1,-1,-1
140,-1,359.82,1061.67,38.80,17.12,0.05,-1,-1,-1
141,-1,627.48,1066.41,34.49,45.91,0.78,-1,-1,-1
141,-1,732.27,1045.93,31.39,39.33,0.76,-1,-1,-1
141,-1,1394.19,783.62,22.09,12.47,0.70,-1,-1,-1
141,-1,410.05,711.73,15.55,18.29,0.69,-1,-1,-1
141,-1,1415.39,776.21,19.12,22.03,0.59,-1,-1,-1
141,-1,734.21,1066.19,29.63,20.88,0.57,-1,-1,-1
141,-1,1659.71,631.11,13.85,17.06,0.57,-1,-1,-1
141,-1,1751.49,614.63,16.08,14.69,0.54,-1,-1,-1
141,-1,1656.56,546.24,17.78,16.16,0.51,-1,-1,-1
141,-1,1669.02,623.43,16.39,13.18,0.50,-1,-1,-1
141,-1,794.61,639.93,28.65,13.01,0.49,-1,-1,-1
141,-1,580.75,673.68,29.39,12.33,0.49,-1,-1,-1
141,-1,1401.79,679.14,22.98,12.64,0.48,-1,-1,-1
141,-1,453.03,766.80,55.62,18.54,0.44,-1,-1,-1
141,-1,658.65,753.18,29.22,15.28,0.40,-1,-1,-1
141,-1,613.39,1088.60,59.17,37.15,0.34,-1,-1,-1
141,-1,1730.51,547.05,19.69,10.68,0.34,-1,-1,-1
141,-1,95.69,848.49,103.43,20.35,0.31,-1,-1,-1
141,-1,386.43,223.67,88.10,15.81,0.29,-1,-1,-1
141,-1,1006.33,633.62,13.40,9.45,0.24,-1,-1,-1
141,-1,1088.58,673.48,34.72,14.58,0.23,-1,-1,-1
141,-1,1376.49,585.98,15.76,9.34,0.19,-1,-1,-1
141,-1,1043.44,663.24,12.53,13.19,0.19,-1,-1,-1
141,-1,451.53,767.78,27.41,15.14,0.16,-1,-1,-1
141,-1,386.63,223.38,87.35,15.42,0.13,-1,-1,-1
141,-1,613.78,1088.17,20.08,19.97,0.10,-1,-1,-1
141,-1,1766.94,528.87,8.74,10.63,0.10,-1,-1,-1
141,-1,1042.37,663.05,81.60,27.95,0.08,-1,-1,-1
141,-1,161.57,499.28,17.91,10.61,0.08,-1,-1,-1
141,-1,1655.96,551.36,17.23,12.38,0.08,-1,-1,-1
141,-1,44.82,560.74,19.85,11.52,0.07,-1,-1,-1
141,-1,1037.36,397.60,30.47,30.76,0.07,-1,-1,-1
141,-1,94.89,848.89,60.95,18.80,0.07,-1,-1,-1
141,-1,693.80,511.82,12.94,18.61,0.06,-1,-1,-1
141,-1,618.78,1091.00,41.82,23.25,0.06,-1,-1,-1
142,-1,884.15,953.86,25.25,38.91,0.82,-1,-1,-1
142,-1,1483.65,678.62,21.78,35.14,0.73,-1,-1,-1
142,-1,956.62,930.65,25.88,28.73,0.67,-1,-1,-1
142,-1,1647.69,533.57,13.68,11.78,0.64,-1,-1,-1
142,-1,440.56,615.12,16.69,14.87,0.64,-1,-1,-1
142,-1,603.18,568.43,29.08,13.55,0.49,-1,-1,-1
142,-1,1649.01,515.19,10.62,10.33,0.47,-1,-1,-1
142,-1,959.20,947.65,28.03,17.71,0.47,-1,-1,-1
142,-1,1408.51,569.89,16.81,11.35,0.46,-1,-1,-1
142,-1,1461.53,692.46,24.74,9.99,0.35,-1,-1,-1
142,-1,1052.75,395.44,15.58,10.19,0.33,-1,-1,-1
142,-1,862.50,979.64,67.08,17.93,0.30,-1,-1,-1
142,-1,771.42,535.57,63.33,12.03,0.30,-1,-1,-1
142,-1,1021.29,549.57,42.81,25.70,0.28,-1,-1,-1
142,-1,1567.47,478.95,21.02,11.29,0.24,-1,-1,-1
142,-1,1583.87,450.27,15.54,10.55,0.20,-1,-1,-1
142,-1,157.47,735.81,10.96,9.88,0.20,-1,-1,-1
142,-1,862.08,980.03,23.57,15.92,0.19,-1,-1,-1
142,-1,774.16,535.73,60.29,11.93,0.19,-1,-1,-1
142,-1,1010.51,564.11,42.76,12.16,0.19,-1,-1,-1
142,-1,239.13,105.12,90.54,17.42,0.18,-1,-1,-1
142,-1,1015.33,400.65,10.96,9.86,0.13,-1,-1,-1
142,-1,139.83,736.09,29.38,12.10,0.10,-1,-1,-1
142,-1,1721.91,506.85,16.60,13.97,0.10,-1,-1,-1
142,-1,1460.52,703.38,48.06,13.51,0.09,-1,-1,-1
142,-1,808.40,535.44,26.72,11.12,0.09,-1,-1,-1
142,-1,1052.84,303.60,28.45,42.74,0.09,-1,-1,-1
142,-1,815.37,526.11,22.48,10.43,0.08,-1,-1,-1
142,-1,238.36,105.28,90.99,17.21,0.07,-1,-1,-1
142,-1,1989.14,740.16,33.35,15.92,0.06,-1,-1,-1
142,-1,1051.88,288.37,29.56,58.07,0.06,-1,-1,-1
142,-1,1002.64,529.80,10.01,8.73,0.05,-1,-1,-1
142,-1,238.80,105.39,92.03,17.18,0.05,-1,-1,-1
142,-1,1048.36,549.90,17.13,12.42,0.05,-1,-1,-1
143,-1,1187.37,853.84,30.25,43.08,0.80,-1,-1,-1
143,-1,1260.40,824.07,25.11,31.11,0.76,-1,-1,-1
143,-1,1262.72,848.06,27.95,14.78,0.69,-1,-1,-1
143,-1,1663.92,577.73,19.21,23.80,0.69,-1,-1,-1
143,-1,1643.14,586.52,18.70,11.34,0.68,-1,-1,-1
143,-1,593.37,515.74,21.89,16.91,0.64,-1,-1,-1
143,-1,1167.32,873.86,69.71,29.69,0.55,-1,-1,-1
143,-1,744.19,471.87,22.78,12.08,0.55,-1,-1,-1
143,-1,1050.51,467.22,45.37,16.09,0.55,-1,-1,-1
143,-1,1513.17,480.93,22.04,12.59,0.47,-1,-1,-1
143,-1,1070.49,463.72,25.88,16.81,0.38,-1,-1,-1
143,-1,1738.15,420.43,10.22,13.69,0.34,-1,-1,-1
143,-1,1421.18,392.38,18.55,12.38,0.27,-1,-1,-1
143,-1,1052.38,466.41,43.75,16.73,0.26,-1,-1,-1
143,-1,1803.94,407.71,19.37,11.49,0.23,-1,-1,-1
143,-1,1167.76,873.23,23.84,20.40,0.18,-1,-1,-1
143,-1,1738.71,421.94,24.27,20.59,0.15,-1,-1,-1
143,-1,934.37,439.32,31.16,11.98,0.13,-1,-1,-1
143,-1,934.34,439.42,22.77,11.55,0.12,-1,-1,-1
143,-1,1738.60,431.36,27.17,12.28,0.11,-1,-1,-1
143,-1,720.29,471.74,48.17,14.48,0.10,-1,-1,-1
143,-1,-0.70,622.18,799.07,816.58,0.09,-1,-1,-1
143,-1,741.53,474.81,36.33,10.97,0.08,-1,-1,-1
143,-1,1391.03,381.31,58.61,22.75,0.07,-1,-1,-1
143,-1,271.29,609.74,111.60,19.95,0.07,-1,-1,-1
143,-1,1072.35,298.69,13.03,8.67,0.07,-1,-1,-1
143,-1,750.83,518.42,18.54,12.97,0.07,-1,-1,-1
143,-1,1507.75,479.79,48.54,14.41,0.06,-1,-1,-1
143,-1,1258.52,834.11,29.96,26.59,0.06,-1,-1,-1
143,-1,1422.23,389.35,31.64,13.59,0.06,-1,-1,-1
143,-1,270.63,617.75,18.92,9.57,0.06,-1,-1,-1
143,-1,211.95,4.55,93.75,17.28,0.05,-1,-1,-1
144,-1,1484.79,838.45,23.92,31.98,0.82,-1,-1,-1
144,-1,1422.42,856.80,25.21,41.39,0.80,-1,-1,-1
144,-1,1797.17,583.58,25.73,24.26,0.80,-1,-1,-1
144,-1,779.09,504.67,17.06,18.96,0.74,-1,-1,-1
144,-1,1774.30,593.40,24.14,12.22,0.69,-1,-1,-1
144,-1,1882.02,414.77,22.05,13.85,0.63,-1,-1,-1
144,-1,870.74,472.66,11.16,12.83,0.59,-1,-1,-1
144,-1,1496.67,863.82,22.08,10.78,0.57,-1,-1,-1
144,-1,348.75,1004.76,37.41,22.05,0.53,-1,-1,-1
144,-1,1482.65,401.79,14.35,15.06,0.53,-1,-1,-1
144,-1,1387.72,878.73,34.34,18.01,0.52,-1,-1,-1
144,-1,723.34,516.81,12.50,9.29,0.51,-1,-1,-1
144,-1,1608.81,481.37,25.08,11.76,0.51,-1,-1,-1
144,-1,1823.14,423.94,10.13,9.69,0.50,-1,-1,-1
144,-1,1121.16,478.97,40.31,12.73,0.37,-1,-1,-1
144,-1,1194.44,435.19,16.39,19.83,0.35,-1,-1,-1
144,-1,1388.40,878.82,65.58,22.29,0.34,-1,-1,-1
144,-1,300.12,594.77,15.16,13.80,0.26,-1,-1,-1
144,-1,1485.31,863.49,34.74,27.58,0.17,-1,-1,-1
144,-1,1107.42,481.47,54.28,12.85,0.13,-1,-1,-1
144,-1,366.17,418.15,19.77,9.22,0.12,-1,-1,-1
144,-1,341.88,968.45,46.00,53.49,0.12,-1,-1,-1
144,-1,829.58,473.07,54.19,15.71,0.09,-1,-1,-1
144,-1,1484.57,863.01,35.87,25.80,0.09,-1,-1,-1
144,-1,1388.52,878.88,121.97,27.83,0.09,-1,-1,-1
144,-1,502.81,237.30,18.81,19.18,0.08,-1,-1,-1
144,-1,300.42,593.66,11.38,9.30,0.08,-1,-1,-1
144,-1,77.28,369.85,13.75,14.50,0.06,-1,-1,-1
144,-1,1684.25,359.22,11.60,8.96,0.06,-1,-1,-1
144,-1,356.05,192.09,16.41,37.17,0.05,-1,-1,-1
145,-1,1507.48,866.31,26.80,44.62,0.80,-1,-1,-1
145,-1,1570.43,842.34,28.60,33.86,0.79,-1,-1,-1
145,-1,790.97,515.38,20.16,21.59,0.72,-1,-1,-1
145,-1,1862.47,593.33,22.54,29.00,0.68,-1,-1,-1
145,-1,1474.55,891.73,35.10,17.14,0.67,-1,-1,-1
145,-1,1216.95,447.79,16.02,15.53,0.66,-1,-1,-1
145,-1,1857.30,426.85,11.93,12.16,0.64,-1,-1,-1
145,-1,297.84,585.98,28.42,18.68,0.61,-1,-1,-1
145,-1,1581.87,870.43,24.95,11.04,0.59,-1,-1,-1
145,-1,1849.44,440.71,35.28,11.45,0.57,-1,-1,-1
145,-1,1837.83,606.32,27.28,10.99,0.49,-1,-1,-1
145,-1,1505.85,406.71,13.82,10.13,0.47,-1,-1,-1
145,-1,1154.59,479.85,17.12,17.16,0.44,-1,-1,-1
145,-1,622.94,517.33,22.30,12.96,0.41,-1,-1,-1
145,-1,1643.86,481.97,11.17,10.50,0.40,-1,-1,-1
145,-1,1912.79,419.00,16.63,10.69,0.39,-1,-1,-1
145,-1,1413.75,353.38,10.90,11.46,0.30,-1,-1,-1
145,-1,103.05,371.51,12.92,13.64,0.24,-1,-1,-1
145,-1,1836.49,606.31,47.27,16.07,0.17,-1,-1,-1
145,-1,1133.33,483.60,40.63,13.83,0.15,-1,-1,-1
145,-1,1413.22,352.81,31.92,24.89,0.14,-1,-1,-1
145,-1,1702.35,361.43,12.58,10.00,0.14,-1,-1,-1
145,-1,1791.13,350.29,26.14,8.43,0.12,-1,-1,-1
145,-1,1701.29,360.98,15.26,10.56,0.12,-1,-1,-1
145,-1,1134.21,477.99,38.28,18.37,0.12,-1,-1,-1
145,-1,133.62,375.36,11.19,12.47,0.11,-1,-1,-1
145,-1,1414.13,354.83,13.91,16.53,0.09,-1,-1,-1
145,-1,1706.58,350.18,14.72,8.82,0.08,-1,-1,-1
145,-1,1475.26,893.69,68.94,18.85,0.08,-1,-1,-1
145,-1,1840.45,321.92,15.18,8.38,0.07,-1,-1,-1
145,-1,1716.94,387.22,23.68,8.80,0.07,-1,-1,-1
145,-1,1634.74,481.58,21.58,12.17,0.06,-1,-1,-1
146,-1,1603.55,876.61,30.42,45.17,0.84,-1,-1,-1
146,-1,1945.26,590.85,27.24,24.63,0.80,-1,-1,-1
146,-1,1662.55,854.70,36.90,38.57,0.77,-1,-1,-1
146,-1,320.82,611.55,20.66,20.51,0.74,-1,-1,-1
146,-1,1249.79,454.08,18.99,14.24,0.61,-1,-1,-1
146,-1,1187.74,481.13,15.23,16.48,0.60,-1,-1,-1
146,-1,1575.99,893.41,31.19,23.95,0.59,-1,-1,-1
146,-1,1360.18,352.51,13.52,21.83,0.53,-1,-1,-1
146,-1,1924.23,603.32,22.00,9.60,0.51,-1,-1,-1
146,-1,1666.19,484.06,38.27,12.55,0.48,-1,-1,-1
146,-1,1901.21,433.18,10.11,10.62,0.47,-1,-1,-1
146,-1,837.82,537.82,16.42,16.64,0.46,-1,-1,-1
146,-1,1879.85,442.63,14.28,9.54,0.43,-1,-1,-1
146,-1,1371.70,396.46,20.20,11.71,0.40,-1,-1,-1
146,-1,1536.05,411.82,13.73,10.58,0.39,-1,-1,-1
146,-1,135.89,373.99,12.11,14.02,0.38,-1,-1,-1
146,-1,1665.08,884.74,36.35,12.07,0.37,-1,-1,-1
146,-1,1922.80,603.55,43.22,11.65,0.29,-1,-1,-1
146,-1,1576.49,893.87,63.26,31.56,0.28,-1,-1,-1
146,-1,1945.35,425.74,30.47,10.29,0.26,-1,-1,-1
146,-1,135.79,374.00,12.18,14.32,0.24,-1,-1,-1
146,-1,160.16,377.20,12.37,12.76,0.24,-1,-1,-1
146,-1,1432.81,377.50,10.48,10.57,0.23,-1,-1,-1
146,-1,25.52,326.30,11.60,18.11,0.13,-1,-1,-1
146,-1,1728.83,365.41,12.04,9.47,0.13,-1,-1,-1
146,-1,1168.55,490.10,33.99,9.94,0.11,-1,-1,-1
146,-1,575.64,511.25,17.30,15.83,0.08,-1,-1,-1
146,-1,1744.73,388.53,15.65,9.30,0.08,-1,-1,-1
146,-1,162.06,306.74,15.30,12.70,0.07,-1,-1,-1
146,-1,0.52,399.38,30.38,11.72,0.07,-1,-1,-1
146,-1,242.66,17.84,93.15,16.37,0.07,-1,-1,-1
146,-1,1841.79,322.56,31.19,9.60,0.06,-1,-1,-1
146,-1,0.16,347.59,9.74,33.30,0.06,-1,-1,-1
146,-1,26.48,325.23,15.56,18.76,0.05,-1,-1,-1
146,-1,17.36,399.65,14.64,8.60,0.05,-1,-1,-1
147,-1,1678.33,889.08,26.43,43.76,0.84,-1,-1,-1
147,-1,1739.20,866.86,32.47,38.35,0.81,-1,-1,-1
147,-1,1645.02,908.43,35.77,22.04,0.79,-1,-1,-1
147,-1,1993.45,594.03,23.78,24.96,0.74,-1,-1,-1
147,-1,1746.93,894.30,22.63,12.95,0.65,-1,-1,-1
147,-1,78.20,388.78,16.76,15.33,0.64,-1,-1,-1
147,-1,1209.15,481.59,15.18,18.67,0.63,-1,-1,-1
147,-1,1696.18,489.36,32.64,12.45,0.61,-1,-1,-1
147,-1,361.28,624.57,18.08,14.24,0.57,-1,-1,-1
147,-1,854.62,533.29,26.60,15.38,0.52,-1,-1,-1
147,-1,939.74,464.50,10.80,15.25,0.52,-1,-1,-1
147,-1,1969.09,605.92,23.30,9.96,0.51,-1,-1,-1
147,-1,1560.80,416.90,13.43,10.34,0.46,-1,-1,-1
147,-1,1270.08,456.08,17.32,14.10,0.35,-1,-1,-1
147,-1,1893.53,450.06,15.89,9.35,0.34,-1,-1,-1
147,-1,1937.13,437.98,9.80,10.76,0.33,-1,-1,-1
147,-1,150.08,376.00,11.27,14.71,0.32,-1,-1,-1
147,-1,1968.65,605.57,45.68,12.99,0.30,-1,-1,-1
147,-1,1963.01,431.42,33.80,9.06,0.28,-1,-1,-1
147,-1,781.88,520.22,10.93,9.88,0.22,-1,-1,-1
147,-1,172.75,308.15,16.91,12.38,0.20,-1,-1,-1
147,-1,443.02,326.03,10.51,19.11,0.19,-1,-1,-1
147,-1,745.60,519.15,47.39,12.94,0.19,-1,-1,-1
147,-1,36.96,327.51,12.64,17.90,0.16,-1,-1,-1
147,-1,0.54,338.95,12.03,28.33,0.14,-1,-1,-1
147,-1,1646.29,910.15,63.42,23.56,0.12,-1,-1,-1
147,-1,1742.79,367.93,10.90,9.06,0.09,-1,-1,-1
147,-1,1249.94,455.49,38.35,15.41,0.07,-1,-1,-1
147,-1,419.05,259.53,27.68,28.88,0.07,-1,-1,-1
147,-1,870.28,535.20,13.91,11.64,0.07,-1,-1,-1
147,-1,175.22,380.25,17.91,11.55,0.06,-1,-1,-1
147,-1,36.01,334.28,21.50,11.33,0.06,-1,-1,-1
147,-1,245.81,19.40,92.80,15.87,0.05,-1,-1,-1
148,-1,1729.44,899.90,27.32,46.51,0.82,-1,-1,-1
148,-1,1800.23,874.03,31.83,33.66,0.76,-1,-1,-1
148,-1,385.12,612.88,31.59,21.41,0.72,-1,-1,-1
148,-1,754.73,518.04,47.16,12.30,0.67,-1,-1,-1
148,-1,2048.35,611.77,21.73,24.73,0.67,-1,-1,-1
148,-1,1808.54,899.46,22.67,11.51,0.64,-1,-1,-1
148,-1,1222.34,490.76,18.50,17.66,0.62,-1,-1,-1
148,-1,944.63,465.65,10.56,17.57,0.62,-1,-1,-1
148,-1,1579.98,419.79,12.72,10.62,0.60,-1,-1,-1
148,-1,1694.96,923.59,80.74,32.19,0.57,-1,-1,-1
148,-1,1695.16,923.75,35.68,20.33,0.54,-1,-1,-1
148,-1,1903.26,452.56,16.19,10.90,0.54,-1,-1,-1
148,-1,871.97,542.76,28.84,17.10,0.49,-1,-1,-1
148,-1,1699.08,487.62,24.03,10.51,0.46,-1,-1,-1
148,-1,1283.49,467.60,14.23,12.87,0.38,-1,-1,-1
148,-1,0.76,350.43,13.14,33.24,0.37,-1,-1,-1
148,-1,2020.54,626.17,28.29,8.22,0.32,-1,-1,-1
148,-1,1956.98,441.10,11.74,10.00,0.31,-1,-1,-1
148,-1,1396.31,404.23,12.22,9.54,0.30,-1,-1,-1
148,-1,1973.51,432.00,32.11,10.39,0.28,-1,-1,-1
148,-1,1119.86,443.78,11.91,11.94,0.28,-1,-1,-1
148,-1,157.33,378.83,10.26,12.80,0.28,-1,-1,-1
148,-1,568.04,539.80,37.04,19.22,0.19,-1,-1,-1
148,-1,35.13,329.26,27.64,18.01,0.18,-1,-1,-1
148,-1,1754.05,370.10,15.10,9.31,0.18,-1,-1,-1
148,-1,1456.94,386.29,15.62,8.85,0.15,-1,-1,-1
148,-1,592.06,541.25,14.88,16.03,0.15,-1,-1,-1
148,-1,183.00,381.46,17.92,10.44,0.15,-1,-1,-1
148,-1,1851.49,358.50,21.67,9.30,0.14,-1,-1,-1
148,-1,248.72,20.71,91.09,15.61,0.14,-1,-1,-1
148,-1,2046.55,622.39,25.11,15.09,0.13,-1,-1,-1
148,-1,177.87,310.01,18.05,11.94,0.10,-1,-1,-1
148,-1,383.51,623.18,33.40,11.94,0.10,-1,-1,-1
148,-1,1973.38,431.80,38.44,11.05,0.08,-1,-1,-1
148,-1,592.17,541.05,13.73,15.96,0.08,-1,-1,-1
148,-1,2019.93,626.09,55.08,10.28,0.07,-1,-1,-1
148,-1,1270.60,466.86,28.80,14.17,0.07,-1,-1,-1
148,-1,397.81,624.13,23.92,10.00,0.06,-1,-1,-1
148,-1,81.70,392.31,12.92,8.96,0.05,-1,-1,-1
149,-1,1674.31,906.11,24.22,43.61,0.81,-1,-1,-1
149,-1,1753.59,886.89,35.45,38.50,0.79,-1,-1,-1
149,-1,1150.16,491.64,14.13,19.30,0.73,-1,-1,-1
149,-1,287.85,624.86,20.15,22.05,0.72,-1,-1,-1
149,-1,784.67,544.17,19.47,14.98,0.68,-1,-1,-1
149,-1,1636.85,928.40,79.77,26.99,0.67,-1,-1,-1
149,-1,1953.08,615.74,32.65,11.09,0.60,-1,-1,-1
149,-1,1204.87,467.76,14.44,15.13,0.54,-1,-1,-1
149,-1,847.14,474.76,15.45,12.38,0.51,-1,-1,-1
149,-1,308.80,635.13,19.63,11.27,0.48,-1,-1,-1
149,-1,656.08,526.41,44.44,10.66,0.48,-1,-1,-1
149,-1,1978.15,608.54,19.90,18.79,0.46,-1,-1,-1
149,-1,1637.10,928.42,40.34,21.67,0.42,-1,-1,-1
149,-1,1606.72,487.53,20.26,12.63,0.38,-1,-1,-1
149,-1,1762.93,912.77,24.97,13.39,0.38,-1,-1,-1
149,-1,1811.43,432.20,88.48,29.08,0.37,-1,-1,-1
149,-1,1504.35,424.38,11.08,9.99,0.34,-1,-1,-1
149,-1,1606.42,487.97,46.33,15.73,0.29,-1,-1,-1
149,-1,504.02,546.19,15.92,12.87,0.29,-1,-1,-1
149,-1,1866.18,433.00,32.19,18.39,0.28,-1,-1,-1
149,-1,1371.70,387.34,15.96,10.24,0.28,-1,-1,-1
149,-1,314.67,263.88,30.21,28.11,0.26,-1,-1,-1
149,-1,1315.73,407.61,9.78,8.71,0.17,-1,-1,-1
149,-1,1454.33,919.95,72.44,25.13,0.15,-1,-1,-1
149,-1,681.12,527.46,20.54,9.99,0.15,-1,-1,-1
149,-1,502.80,548.18,25.65,11.56,0.15,-1,-1,-1
149,-1,1808.72,453.00,25.77,9.98,0.11,-1,-1,-1
149,-1,1664.29,368.71,16.08,10.35,0.09,-1,-1,-1
149,-1,442.98,247.77,19.11,18.79,0.09,-1,-1,-1
149,-1,133.55,18.78,95.45,17.09,0.08,-1,-1,-1
149,-1,38.13,383.90,11.44,11.77,0.07,-1,-1,-1
149,-1,282.74,624.11,44.40,23.60,0.06,-1,-1,-1
149,-1,1973.74,615.58,24.70,12.34,0.06,-1,-1,-1
149,-1,1029.73,447.08,16.01,10.17,0.06,-1,-1,-1
149,-1,1664.43,368.46,16.10,10.54,0.06,-1,-1,-1
149,-1,452.07,1126.21,25.55,10.63,0.06,-1,-1,-1
149,-1,358.90,93.29,39.24,23.24,0.05,-1,-1,-1
150,-1,1663.40,913.52,29.61,45.73,0.82,-1,-1,-1
150,-1,1757.03,890.07,38.59,36.34,0.79,-1,-1,-1
150,-1,758.93,545.08,17.81,15.74,0.66,-1,-1,-1
150,-1,617.56,528.81,54.93,13.49,0.60,-1,-1,-1
150,-1,1627.63,939.38,62.20,21.36,0.57,-1,-1,-1
150,-1,1760.34,914.95,26.19,13.68,0.56,-1,-1,-1
150,-1,1781.24,433.67,98.24,28.92,0.50,-1,-1,-1
150,-1,274.17,632.80,22.12,14.13,0.47,-1,-1,-1
150,-1,1929.60,615.89,50.40,14.22,0.42,-1,-1,-1
150,-1,1130.04,499.24,20.68,17.07,0.39,-1,-1,-1
150,-1,474.18,549.54,26.84,14.96,0.38,-1,-1,-1
150,-1,1484.91,424.65,14.78,12.48,0.36,-1,-1,-1
150,-1,817.14,478.61,10.38,12.92,0.34,-1,-1,-1
150,-1,1003.19,446.83,17.63,14.09,0.30,-1,-1,-1
150,-1,126.54,1038.09,23.53,10.95,0.28,-1,-1,-1
150,-1,1295.16,409.87,16.64,9.31,0.28,-1,-1,-1
150,-1,281.62,264.94,29.35,27.87,0.26,-1,-1,-1
150,-1,1180.88,469.28,15.54,12.07,0.23,-1,-1,-1
150,-1,1130.59,506.58,20.73,10.97,0.21,-1,-1,-1
150,-1,1842.31,434.76,37.46,17.76,0.20,-1,-1,-1
150,-1,654.95,529.68,19.13,12.36,0.17,-1,-1,-1
150,-1,1336.43,388.24,24.97,9.20,0.12,-1,-1,-1
150,-1,1778.56,455.09,35.43,9.87,0.12,-1,-1,-1
150,-1,1921.14,617.15,46.49,10.53,0.11,-1,-1,-1
150,-1,1951.72,619.14,28.08,11.21,0.11,-1,-1,-1
150,-1,409.52,224.13,17.65,19.54,0.10,-1,-1,-1
150,-1,1629.61,940.08,99.78,26.88,0.10,-1,-1,-1
150,-1,1009.78,356.37,10.47,10.93,0.09,-1,-1,-1
150,-1,1923.61,619.62,59.21,11.22,0.09,-1,-1,-1
150,-1,1779.80,455.10,35.73,9.30,0.08,-1,-1,-1
150,-1,263.28,634.21,34.12,16.33,0.08,-1,-1,-1
150,-1,408.75,247.72,20.25,19.14,0.08,-1,-1,-1
150,-1,1489.43,1320.80,59.92,11.47,0.08,-1,-1,-1
150,-1,1640.17,371.02,15.44,10.00,0.07,-1,-1,-1
150,-1,606.00,529.84,66.08,12.57,0.07,-1,-1,-1
150,-1,1586.76,496.81,17.28,9.06,0.07,-1,-1,-1
150,-1,703.35,1141.05,63.95,19.99,0.07,-1,-1,-1
150,-1,1413.17,840.29,18.10,12.51,0.06,-1,-1,-1
150,-1,1640.18,370.91,15.43,10.08,0.06,-1,-1,-1
150,-1,849.92,334.33,14.73,17.83,0.05,-1,-1,-1
151,-1,1702.51,913.91,29.86,44.46,0.81,-1,-1,-1
151,-1,1797.36,888.32,38.62,33.89,0.78,-1,-1,-1
151,-1,1675.28,934.44,30.69,23.26,0.69,-1,-1,-1
151,-1,1793.14,915.09,19.04,12.25,0.68,-1,-1,-1
151,-1,296.87,625.41,28.31,17.36,0.60,-1,-1,-1
151,-1,755.22,552.75,19.80,18.34,0.58,-1,-1,-1
151,-1,620.42,528.36,46.84,15.75,0.58,-1,-1,-1
151,-1,805.43,484.53,21.09,10.61,0.55,-1,-1,-1
151,-1,1947.94,609.81,67.82,19.08,0.53,-1,-1,-1
151,-1,1591.56,496.52,37.47,11.32,0.47,-1,-1,-1
151,-1,1185.56,471.35,15.30,18.07,0.44,-1,-1,-1
151,-1,654.81,529.29,13.59,12.04,0.39,-1,-1,-1
151,-1,1136.50,497.26,25.68,17.29,0.38,-1,-1,-1
151,-1,1675.76,935.20,80.31,33.39,0.34,-1,-1,-1
151,-1,1773.49,431.33,118.04,36.11,0.34,-1,-1,-1
151,-1,1136.70,498.17,28.05,16.63,0.32,-1,-1,-1
151,-1,1590.69,496.75,18.25,9.86,0.32,-1,-1,-1
151,-1,1772.49,456.28,35.16,11.89,0.28,-1,-1,-1
151,-1,1836.06,432.69,55.48,19.59,0.25,-1,-1,-1
151,-1,466.10,558.94,46.62,13.44,0.23,-1,-1,-1
151,-1,1003.67,451.01,13.72,12.72,0.23,-1,-1,-1
151,-1,297.76,629.88,27.93,12.68,0.20,-1,-1,-1
151,-1,1496.93,431.32,13.64,8.86,0.20,-1,-1,-1
151,-1,1347.47,392.94,20.18,9.39,0.20,-1,-1,-1
151,-1,1835.85,432.97,55.79,19.44,0.18,-1,-1,-1
151,-1,1927.00,615.55,102.24,14.11,0.17,-1,-1,-1
151,-1,1645.40,372.17,15.01,10.82,0.17,-1,-1,-1
151,-1,257.75,624.20,65.72,25.52,0.16,-1,-1,-1
151,-1,1645.33,372.32,15.25,10.79,0.14,-1,-1,-1
151,-1,270.97,264.68,31.30,27.93,0.12,-1,-1,-1
151,-1,313.53,93.22,39.51,23.63,0.11,-1,-1,-1
151,-1,490.95,559.57,19.59,12.00,0.11,-1,-1,-1
151,-1,399.86,223.78,21.32,42.12,0.11,-1,-1,-1
151,-1,1928.08,616.59,35.88,9.24,0.10,-1,-1,-1
151,-1,1793.50,913.67,43.29,13.67,0.09,-1,-1,-1
151,-1,313.30,93.39,39.81,23.21,0.09,-1,-1,-1
151,-1,1835.82,432.40,56.25,20.17,0.08,-1,-1,-1
151,-1,84.48,18.58,95.58,16.06,0.08,-1,-1,-1
151,-1,1136.94,497.19,11.64,15.11,0.07,-1,-1,-1
151,-1,313.61,93.48,39.49,23.35,0.07,-1,-1,-1
151,-1,1694.22,396.07,9.65,9.38,0.07,-1,-1,-1
151,-1,759.42,557.74,16.04,14.30,0.06,-1,-1,-1
151,-1,1770.18,455.80,42.54,11.14,0.05,-1,-1,-1
151,-1,996.59,450.77,20.66,12.53,0.05,-1,-1,-1
152,-1,1696.70,892.64,26.20,45.42,0.83,-1,-1,-1
152,-1,1775.49,870.36,35.62,40.41,0.79,-1,-1,-1
152,-1,1752.43,890.35,41.85,20.75,0.78,-1,-1,-1
152,-1,1669.45,914.74,29.35,22.51,0.78,-1,-1,-1
152,-1,586.25,529.34,46.75,14.16,0.72,-1,-1,-1
152,-1,247.63,628.42,59.19,22.95,0.71,-1,-1,-1
152,-1,739.07,556.94,15.26,16.74,0.69,-1,-1,-1
152,-1,779.60,489.05,16.16,10.75,0.56,-1,-1,-1
152,-1,1565.31,495.12,49.94,12.46,0.46,-1,-1,-1
152,-1,1119.06,505.02,12.18,19.05,0.45,-1,-1,-1
152,-1,1487.66,432.50,16.14,9.89,0.44,-1,-1,-1
152,-1,1167.17,474.41,15.72,13.01,0.37,-1,-1,-1
152,-1,249.97,636.05,63.06,15.93,0.37,-1,-1,-1
152,-1,980.64,454.30,18.01,10.49,0.36,-1,-1,-1
152,-1,1289.83,412.19,14.48,9.23,0.32,-1,-1,-1
152,-1,1565.24,495.52,14.83,10.22,0.22,-1,-1,-1
152,-1,0.49,1089.44,26.52,30.46,0.21,-1,-1,-1
152,-1,470.86,553.96,28.56,16.86,0.17,-1,-1,-1
152,-1,1737.62,450.43,20.37,10.32,0.16,-1,-1,-1
152,-1,1669.50,913.97,58.02,26.07,0.14,-1,-1,-1
152,-1,1888.16,574.35,61.29,28.81,0.13,-1,-1,-1
152,-1,1468.22,432.20,36.88,11.15,0.13,-1,-1,-1
152,-1,279.90,636.55,34.09,12.38,0.13,-1,-1,-1
152,-1,1889.36,584.47,30.87,17.83,0.10,-1,-1,-1
152,-1,257.25,325.75,11.20,26.69,0.09,-1,-1,-1
152,-1,288.47,629.33,16.27,11.11,0.09,-1,-1,-1
152,-1,1323.39,393.50,16.22,11.06,0.07,-1,-1,-1
152,-1,1780.77,414.32,62.77,23.30,0.07,-1,-1,-1
152,-1,72.06,248.14,48.88,46.23,0.06,-1,-1,-1
152,-1,36.25,17.01,95.19,16.12,0.06,-1,-1,-1
152,-1,1323.75,393.91,15.53,11.32,0.05,-1,-1,-1
153,-1,1665.70,883.82,26.84,44.22,0.79,-1,-1,-1
153,-1,1764.11,859.24,22.44,39.32,0.78,-1,-1,-1
153,-1,1725.23,870.90,38.34,26.35,0.73,-1,-1,-1
153,-1,1639.94,901.59,29.13,22.77,0.71,-1,-1,-1
153,-1,568.48,535.84,49.39,12.98,0.65,-1,-1,-1
153,-1,1153.01,477.44,13.98,13.37,0.47,-1,-1,-1
153,-1,1281.86,411.05,18.59,10.04,0.45,-1,-1,-1
153,-1,720.93,552.95,19.72,15.00,0.42,-1,-1,-1
153,-1,1639.58,901.29,56.95,26.26,0.39,-1,-1,-1
153,-1,247.63,627.08,68.47,19.20,0.39,-1,-1,-1
153,-1,286.12,627.99,29.31,14.77,0.36,-1,-1,-1
153,-1,943.41,455.43,38.69,9.97,0.32,-1,-1,-1
153,-1,1484.96,431.80,19.03,8.84,0.31,-1,-1,-1
153,-1,1106.93,511.54,40.06,13.11,0.28,-1,-1,-1
153,-1,1762.85,573.85,106.68,26.89,0.25,-1,-1,-1
153,-1,753.64,488.82,33.33,13.40,0.24,-1,-1,-1
153,-1,1700.30,402.75,26.04,22.11,0.24,-1,-1,-1
153,-1,1762.51,574.17,70.26,16.67,0.18,-1,-1,-1
153,-1,1540.09,491.29,21.59,11.42,0.18,-1,-1,-1
153,-1,473.72,562.33,24.88,13.14,0.17,-1,-1,-1
153,-1,1669.82,400.49,75.86,44.53,0.17,-1,-1,-1
153,-1,288.80,635.93,48.68,9.66,0.17,-1,-1,-1
153,-1,1106.35,512.85,49.58,13.33,0.10,-1,-1,-1
153,-1,1458.83,430.82,46.18,10.35,0.09,-1,-1,-1
153,-1,219.19,89.07,40.27,22.98,0.07,-1,-1,-1
153,-1,753.05,489.03,32.40,13.59,0.07,-1,-1,-1
153,-1,219.37,88.72,39.69,23.06,0.07,-1,-1,-1
153,-1,253.22,633.59,80.60,13.32,0.07,-1,-1,-1
153,-1,1725.78,870.16,66.70,35.78,0.06,-1,-1,-1
153,-1,1670.58,434.79,18.52,10.26,0.06,-1,-1,-1
153,-1,720.89,553.41,19.83,18.11,0.05,-1,-1,-1
154,-1,1685.77,858.63,28.41,46.37,0.83,-1,-1,-1
154,-1,1775.67,835.75,26.23,37.02,0.76,-1,-1,-1
154,-1,1653.86,880.19,35.29,21.21,0.75,-1,-1,-1
154,-1,1749.99,589.47,43.69,15.40,0.65,-1,-1,-1
154,-1,500.58,559.89,37.33,16.35,0.64,-1,-1,-1
154,-1,1745.93,843.95,33.68,26.34,0.61,-1,-1,-1
154,-1,1653.72,879.85,86.06,30.61,0.50,-1,-1,-1
154,-1,599.73,533.04,45.65,13.56,0.43,-1,-1,-1
154,-1,299.61,617.12,84.43,20.52,0.38,-1,-1,-1
154,-1,742.24,553.91,20.44,15.16,0.33,-1,-1,-1
154,-1,1142.12,504.67,52.64,14.24,0.32,-1,-1,-1
154,-1,742.56,553.84,20.00,14.70,0.31,-1,-1,-1
154,-1,761.00,488.30,23.30,15.05,0.31,-1,-1,-1
154,-1,1187.33,479.71,13.93,9.72,0.29,-1,-1,-1
154,-1,1672.99,414.11,10.01,11.06,0.28,-1,-1,-1
154,-1,982.93,450.32,13.12,10.33,0.27,-1,-1,-1
154,-1,1634.35,403.40,48.05,20.03,0.25,-1,-1,-1
154,-1,1744.83,843.44,62.35,33.30,0.23,-1,-1,-1
154,-1,760.76,488.17,23.73,13.40,0.18,-1,-1,-1
154,-1,1729.41,595.95,58.66,11.06,0.18,-1,-1,-1
154,-1,1141.97,509.06,52.65,10.39,0.17,-1,-1,-1
154,-1,197.74,311.90,11.12,19.24,0.17,-1,-1,-1
154,-1,347.88,617.13,33.09,17.85,0.16,-1,-1,-1
154,-1,1621.21,403.29,11.44,20.92,0.16,-1,-1,-1
154,-1,1745.47,844.05,91.99,49.42,0.16,-1,-1,-1
154,-1,1142.20,509.34,52.92,10.42,0.13,-1,-1,-1
154,-1,1520.64,465.17,41.74,22.17,0.12,-1,-1,-1
154,-1,0.88,240.62,53.94,53.90,0.10,-1,-1,-1
154,-1,1471.64,422.42,57.50,11.52,0.10,-1,-1,-1
154,-1,1302.58,410.75,18.17,9.68,0.10,-1,-1,-1
154,-1,622.37,534.66,21.34,12.45,0.08,-1,-1,-1
154,-1,1634.22,403.16,23.27,13.55,0.08,-1,-1,-1
154,-1,312.21,625.92,72.52,12.41,0.07,-1,-1,-1
154,-1,1471.44,422.00,57.94,11.86,0.06,-1,-1,-1
154,-1,291.59,303.66,9.72,19.56,0.06,-1,-1,-1
154,-1,1517.25,422.07,12.62,8.27,0.05,-1,-1,-1
154,-1,2523.89,206.49,13.86,11.32,0.05,-1,-1,-1
154,-1,0.86,240.82,53.98,53.22,0.05,-1,-1,-1
155,-1,1717.29,850.01,28.89,40.26,0.81,-1,-1,-1
155,-1,1805.39,841.91,39.03,41.09,0.78,-1,-1,-1
155,-1,1686.90,869.00,82.47,33.01,0.67,-1,-1,-1
155,-1,367.80,616.50,55.50,22.19,0.63,-1,-1,-1
155,-1,1767.18,584.70,40.78,23.40,0.63,-1,-1,-1
155,-1,1789.38,853.51,35.83,27.53,0.53,-1,-1,-1
155,-1,627.14,533.84,36.43,11.14,0.46,-1,-1,-1
155,-1,747.58,553.72,50.05,15.41,0.41,-1,-1,-1
155,-1,971.83,450.12,37.35,10.84,0.34,-1,-1,-1
155,-1,118.85,193.28,14.61,33.42,0.33,-1,-1,-1
155,-1,1170.11,510.93,51.83,13.20,0.31,-1,-1,-1
155,-1,764.28,488.44,19.22,9.05,0.25,-1,-1,-1
155,-1,400.45,616.84,21.02,15.78,0.24,-1,-1,-1
155,-1,1686.83,868.95,31.77,20.22,0.20,-1,-1,-1
155,-1,369.68,624.28,56.25,15.82,0.16,-1,-1,-1
155,-1,1488.70,449.69,38.78,23.01,0.14,-1,-1,-1
155,-1,270.76,301.25,10.66,20.87,0.13,-1,-1,-1
155,-1,1621.18,405.49,13.25,13.95,0.12,-1,-1,-1
155,-1,521.79,559.81,54.84,13.85,0.11,-1,-1,-1
155,-1,1617.83,408.21,54.93,22.99,0.10,-1,-1,-1
155,-1,746.80,555.15,50.76,14.34,0.08,-1,-1,-1
155,-1,395.96,623.29,30.06,11.04,0.08,-1,-1,-1
155,-1,226.50,300.88,13.34,12.11,0.07,-1,-1,-1
155,-1,1789.62,853.54,56.61,39.62,0.07,-1,-1,-1
155,-1,545.43,561.77,28.05,11.65,0.07,-1,-1,-1
155,-1,1664.40,420.06,8.84,11.02,0.06,-1,-1,-1
155,-1,2111.20,456.81,24.52,13.10,0.06,-1,-1,-1
155,-1,761.80,487.10,39.34,9.96,0.06,-1,-1,-1
155,-1,181.33,310.23,9.99,17.28,0.06,-1,-1,-1
156,-1,1732.00,877.73,71.74,35.81,0.81,-1,-1,-1
156,-1,1763.59,859.72,26.05,44.20,0.81,-1,-1,-1
156,-1,1745.04,574.93,15.71,23.34,0.73,-1,-1,-1
156,-1,1850.22,851.56,62.81,37.06,0.70,-1,-1,-1
156,-1,373.67,615.70,55.86,22.10,0.46,-1,-1,-1
156,-1,1711.08,589.43,72.49,13.36,0.44,-1,-1,-1
156,-1,610.38,534.36,26.39,13.61,0.42,-1,-1,-1
156,-1,705.37,559.86,50.54,15.80,0.37,-1,-1,-1
156,-1,1471.50,1135.98,32.74,17.59,0.37,-1,-1,-1
156,-1,1534.45,416.31,12.47,12.45,0.34,-1,-1,-1
156,-1,714.72,496.46,16.50,14.30,0.32,-1,-1,-1
156,-1,1817.95,858.15,94.06,30.59,0.30,-1,-1,-1
156,-1,400.60,616.15,28.45,17.94,0.29,-1,-1,-1
156,-1,505.71,569.00,46.08,14.70,0.28,-1,-1,-1
156,-1,1535.66,417.84,54.76,14.04,0.25,-1,-1,-1
156,-1,1148.01,504.11,52.12,16.21,0.23,-1,-1,-1
156,-1,1149.95,504.04,50.14,15.89,0.20,-1,-1,-1
156,-1,1711.40,589.13,35.84,10.95,0.19,-1,-1,-1
156,-1,1731.91,877.99,33.08,22.42,0.18,-1,-1,-1
156,-1,1258.09,404.55,13.34,8.77,0.17,-1,-1,-1
156,-1,1861.55,867.53,51.49,21.19,0.13,-1,-1,-1
156,-1,916.95,452.03,48.85,10.25,0.13,-1,-1,-1
156,-1,1469.15,429.26,12.72,10.60,0.12,-1,-1,-1
156,-1,1582.43,422.82,8.95,9.33,0.11,-1,-1,-1
156,-1,1849.80,852.08,28.89,27.96,0.10,-1,-1,-1
156,-1,375.01,628.20,23.58,9.79,0.10,-1,-1,-1
156,-1,589.30,533.87,53.72,15.77,0.09,-1,-1,-1
156,-1,37.47,310.70,9.65,15.36,0.09,-1,-1,-1
156,-1,526.87,571.49,23.03,12.46,0.08,-1,-1,-1
156,-1,124.15,303.69,12.81,17.34,0.07,-1,-1,-1
156,-1,2307.79,201.47,12.59,10.78,0.07,-1,-1,-1
156,-1,375.05,623.00,57.61,15.56,0.06,-1,-1,-1
156,-1,395.25,624.22,38.26,13.94,0.05,-1,-1,-1
157,-1,1943.44,836.48,89.15,35.75,0.85,-1,-1,-1
157,-1,1879.37,847.57,32.72,41.18,0.83,-1,-1,-1
157,-1,679.76,570.66,56.17,15.50,0.69,-1,-1,-1
157,-1,398.94,622.27,49.73,20.52,0.69,-1,-1,-1
157,-1,1716.21,583.58,23.59,12.45,0.68,-1,-1,-1
157,-1,1739.36,575.41,22.22,22.73,0.67,-1,-1,-1
157,-1,1846.92,864.65,33.86,20.83,0.62,-1,-1,-1
157,-1,519.32,576.16,43.31,17.77,0.54,-1,-1,-1
157,-1,1346.69,337.92,15.05,11.93,0.53,-1,-1,-1
157,-1,690.42,498.34,27.92,13.98,0.48,-1,-1,-1
157,-1,1138.21,465.50,13.00,14.64,0.44,-1,-1,-1
157,-1,579.64,543.93,47.19,13.18,0.41,-1,-1,-1
157,-1,1462.52,414.73,12.78,12.69,0.38,-1,-1,-1
157,-1,1511.93,420.49,9.69,10.19,0.36,-1,-1,-1
157,-1,1846.76,864.47,83.87,34.26,0.33,-1,-1,-1
157,-1,1306.80,406.90,15.56,9.12,0.32,-1,-1,-1
157,-1,1120.30,466.05,28.85,18.64,0.19,-1,-1,-1
157,-1,1943.74,858.20,80.61,13.95,0.13,-1,-1,-1
157,-1,1397.86,373.98,24.11,12.96,0.13,-1,-1,-1
157,-1,1942.02,856.73,46.15,11.70,0.11,-1,-1,-1
157,-1,607.31,545.03,19.86,12.59,0.10,-1,-1,-1
157,-1,879.58,453.52,51.84,9.09,0.10,-1,-1,-1
157,-1,1160.13,384.73,17.35,8.51,0.09,-1,-1,-1
157,-1,1924.37,1306.49,115.65,27.60,0.07,-1,-1,-1
157,-1,911.36,453.57,19.43,8.60,0.06,-1,-1,-1
158,-1,2029.55,839.06,35.64,38.53,0.81,-1,-1,-1
158,-1,2070.34,824.95,83.12,21.24,0.75,-1,-1,-1
158,-1,1745.79,583.20,21.12,12.46,0.74,-1,-1,-1
158,-1,684.77,570.29,56.87,17.93,0.69,-1,-1,-1
158,-1,1765.71,576.45,20.17,21.15,0.69,-1,-1,-1
158,-1,2003.63,857.88,28.66,17.66,0.60,-1,-1,-1
158,-1,681.39,495.73,38.77,18.43,0.58,-1,-1,-1
158,-1,1402.64,416.26,13.95,11.40,0.48,-1,-1,-1
158,-1,461.65,619.63,58.16,21.07,0.46,-1,-1,-1
158,-1,638.07,552.04,27.23,10.88,0.45,-1,-1,-1
158,-1,561.34,588.30,44.33,16.41,0.44,-1,-1,-1
158,-1,1041.45,433.85,16.09,14.10,0.40,-1,-1,-1
158,-1,1083.12,477.98,13.20,12.33,0.33,-1,-1,-1
158,-1,497.53,620.04,21.31,16.32,0.28,-1,-1,-1
158,-1,2003.75,857.77,64.84,23.72,0.24,-1,-1,-1
158,-1,1055.71,459.15,40.42,32.03,0.24,-1,-1,-1
158,-1,2046.08,841.42,111.13,10.00,0.20,-1,-1,-1
158,-1,1457.81,419.68,8.87,12.54,0.20,-1,-1,-1
158,-1,1246.94,338.31,15.43,11.55,0.17,-1,-1,-1
158,-1,609.53,551.44,55.96,11.44,0.16,-1,-1,-1
158,-1,1061.00,479.00,36.40,13.35,0.16,-1,-1,-1
158,-1,1055.19,458.60,11.67,8.84,0.15,-1,-1,-1
158,-1,1245.67,407.96,17.05,8.84,0.15,-1,-1,-1
158,-1,499.66,624.94,27.72,13.38,0.14,-1,-1,-1
158,-1,2051.52,835.76,102.77,12.06,0.12,-1,-1,-1
158,-1,1062.88,483.64,54.21,13.04,0.11,-1,-1,-1
158,-1,608.62,551.15,57.63,11.53,0.11,-1,-1,-1
158,-1,1060.66,481.11,36.69,13.00,0.11,-1,-1,-1
158,-1,2054.03,840.03,45.83,9.40,0.11,-1,-1,-1
158,-1,544.87,278.51,15.49,8.70,0.07,-1,-1,-1
158,-1,1353.71,435.21,48.57,9.40,0.06,-1,-1,-1
158,-1,2023.63,868.20,45.15,12.41,0.05,-1,-1,-1
158,-1,1324.91,375.79,8.99,10.20,0.05,-1,-1,-1
159,-1,2173.95,798.71,86.69,27.08,0.79,-1,-1,-1
159,-1,2183.43,815.34,37.22,39.98,0.75,-1,-1,-1
159,-1,1796.52,575.22,21.38,14.38,0.67,-1,-1,-1
159,-1,574.97,615.95,24.33,19.43,0.62,-1,-1,-1
159,-1,2154.07,836.36,29.80,15.66,0.59,-1,-1,-1
159,-1,1818.59,576.08,16.48,16.86,0.55,-1,-1,-1
159,-1,106.84,920.87,28.33,68.88,0.53,-1,-1,-1
159,-1,1069.19,501.10,41.23,9.68,0.47,-1,-1,-1
159,-1,1031.13,474.27,56.02,33.69,0.40,-1,-1,-1
159,-1,670.72,544.96,49.06,15.21,0.37,-1,-1,-1
159,-1,648.11,575.07,17.14,19.69,0.35,-1,-1,-1
159,-1,994.33,452.53,16.17,14.69,0.32,-1,-1,-1
159,-1,1031.04,474.09,17.49,12.15,0.27,-1,-1,-1
159,-1,2153.73,837.30,68.30,20.61,0.24,-1,-1,-1
159,-1,1068.76,491.56,17.58,14.91,0.23,-1,-1,-1
159,-1,1362.83,412.50,20.73,13.86,0.23,-1,-1,-1
159,-1,1363.01,412.64,20.25,13.72,0.22,-1,-1,-1
159,-1,685.99,566.33,23.24,10.61,0.21,-1,-1,-1
159,-1,1165.29,336.79,13.79,11.13,0.18,-1,-1,-1
159,-1,995.28,452.53,52.91,33.66,0.18,-1,-1,-1
159,-1,538.89,614.83,60.85,23.79,0.17,-1,-1,-1
159,-1,1329.16,432.74,29.59,11.12,0.17,-1,-1,-1
159,-1,1036.05,354.45,14.13,12.41,0.17,-1,-1,-1
159,-1,1048.27,491.73,39.32,16.13,0.16,-1,-1,-1
159,-1,688.25,508.42,42.60,11.25,0.15,-1,-1,-1
159,-1,1921.79,889.88,21.74,11.16,0.15,-1,-1,-1
159,-1,1202.65,407.50,23.47,8.08,0.14,-1,-1,-1
159,-1,684.56,555.71,24.42,20.44,0.12,-1,-1,-1
159,-1,1036.17,354.53,14.05,12.67,0.11,-1,-1,-1
159,-1,1425.13,418.62,11.87,14.31,0.10,-1,-1,-1
159,-1,996.78,452.45,90.79,56.05,0.09,-1,-1,-1
159,-1,1263.35,375.94,11.12,10.58,0.09,-1,-1,-1
159,-1,2175.54,845.01,47.49,13.26,0.07,-1,-1,-1
159,-1,185.28,289.76,13.59,8.96,0.07,-1,-1,-1
159,-1,674.23,567.22,37.18,14.53,0.05,-1,-1,-1
160,-1,235.52,911.85,29.82,54.85,0.74,-1,-1,-1
160,-1,2237.43,784.36,85.54,29.80,0.60,-1,-1,-1
160,-1,1081.50,495.39,28.00,13.00,0.60,-1,-1,-1
160,-1,2263.36,813.92,37.59,30.15,0.54,-1,-1,-1
160,-1,1830.71,561.32,36.92,21.55,0.47,-1,-1,-1
160,-1,1073.54,493.66,17.26,14.03,0.45,-1,-1,-1
160,-1,617.97,612.80,28.88,13.57,0.36,-1,-1,-1
160,-1,667.82,559.08,30.66,14.37,0.36,-1,-1,-1
160,-1,2246.65,826.09,53.73,19.58,0.35,-1,-1,-1
160,-1,1355.66,411.33,12.26,16.76,0.34,-1,-1,-1
160,-1,1028.53,476.49,19.03,9.98,0.32,-1,-1,-1
160,-1,985.00,455.17,14.52,13.73,0.28,-1,-1,-1
160,-1,1406.76,418.80,10.06,11.16,0.27,-1,-1,-1
160,-1,1854.41,561.64,14.04,21.28,0.25,-1,-1,-1
160,-1,1053.67,493.94,37.08,14.90,0.25,-1,-1,-1
160,-1,558.82,611.07,86.11,21.60,0.24,-1,-1,-1
160,-1,1119.48,337.23,15.57,10.68,0.16,-1,-1,-1
160,-1,1831.33,568.05,22.65,13.65,0.14,-1,-1,-1
160,-1,1831.20,564.71,28.51,17.35,0.14,-1,-1,-1
160,-1,1310.53,431.55,32.66,12.37,0.14,-1,-1,-1
160,-1,2018.37,648.21,65.38,32.58,0.13,-1,-1,-1
160,-1,1345.27,415.28,25.11,13.27,0.12,-1,-1,-1
160,-1,1348.00,415.23,67.67,15.14,0.12,-1,-1,-1
160,-1,2233.89,784.91,38.49,22.76,0.12,-1,-1,-1
160,-1,1831.31,568.18,22.74,13.36,0.12,-1,-1,-1
160,-1,236.03,945.00,30.33,22.89,0.11,-1,-1,-1
160,-1,1027.52,477.57,64.28,30.63,0.11,-1,-1,-1
160,-1,105.20,290.85,18.92,8.85,0.10,-1,-1,-1
160,-1,667.27,561.17,15.10,13.89,0.08,-1,-1,-1
160,-1,1346.20,417.12,21.86,11.79,0.07,-1,-1,-1
160,-1,2215.13,799.03,90.14,43.10,0.07,-1,-1,-1
160,-1,2032.13,664.25,50.70,16.68,0.07,-1,-1,-1
160,-1,2216.00,796.61,50.85,13.41,0.06,-1,-1,-1
160,-1,2261.29,833.97,42.07,11.92,0.06,-1,-1,-1
160,-1,527.58,984.34,53.02,35.30,0.06,-1,-1,-1
160,-1,535.36,372.66,34.79,10.19,0.05,-1,-1,-1
161,-1,1920.40,555.98,15.79,19.78,0.72,-1,-1,-1
161,-1,1902.02,563.38,19.35,11.24,0.67,-1,-1,-1
161,-1,440.68,881.06,21.04,31.95,0.65,-1,-1,-1
161,-1,709.53,484.89,12.60,12.12,0.61,-1,-1,-1
161,-1,2395.40,788.90,91.50,30.34,0.59,-1,-1,-1
161,-1,2360.59,763.32,76.07,24.12,0.51,-1,-1,-1
161,-1,673.00,551.44,13.58,24.35,0.42,-1,-1,-1
161,-1,993.54,455.65,12.19,14.18,0.41,-1,-1,-1
161,-1,1163.08,403.05,13.43,10.25,0.40,-1,-1,-1
161,-1,1333.35,412.13,19.48,15.21,0.32,-1,-1,-1
161,-1,2358.80,763.77,129.25,54.90,0.30,-1,-1,-1
161,-1,1040.21,478.49,30.38,9.05,0.29,-1,-1,-1
161,-1,1333.20,412.15,19.85,15.15,0.27,-1,-1,-1
161,-1,1395.69,419.32,14.98,10.86,0.27,-1,-1,-1
161,-1,1043.72,480.29,78.77,23.04,0.22,-1,-1,-1
161,-1,1102.12,488.18,20.91,14.59,0.21,-1,-1,-1
161,-1,581.73,1290.58,13.46,17.94,0.20,-1,-1,-1
161,-1,1100.36,487.87,16.17,14.28,0.19,-1,-1,-1
161,-1,2361.52,798.95,128.90,21.09,0.17,-1,-1,-1
161,-1,1314.46,433.67,27.18,9.30,0.14,-1,-1,-1
161,-1,994.95,454.60,121.57,45.90,0.14,-1,-1,-1
161,-1,994.27,455.85,68.18,34.80,0.09,-1,-1,-1
161,-1,670.92,551.01,17.28,43.72,0.08,-1,-1,-1
161,-1,2398.03,788.19,26.12,25.20,0.06,-1,-1,-1
161,-1,1315.36,433.67,26.34,8.68,0.06,-1,-1,-1
161,-1,1557.03,197.41,12.87,16.73,0.06,-1,-1,-1
162,-1,662.01,888.17,32.21,47.18,0.79,-1,-1,-1
162,-1,747.30,608.59,59.24,19.48,0.76,-1,-1,-1
162,-1,754.74,494.51,12.61,17.72,0.71,-1,-1,-1
162,-1,664.53,561.85,14.33,18.07,0.70,-1,-1,-1
162,-1,1138.93,491.21,26.73,15.68,0.58,-1,-1,-1
162,-1,1997.50,552.82,22.90,10.85,0.57,-1,-1,-1
162,-1,2015.38,546.54,10.83,20.37,0.56,-1,-1,-1
162,-1,2488.53,730.13,70.59,26.30,0.56,-1,-1,-1
162,-1,1024.79,454.94,11.58,13.10,0.55,-1,-1,-1
162,-1,758.52,577.72,13.94,21.53,0.52,-1,-1,-1
162,-1,1083.56,473.38,35.23,11.58,0.47,-1,-1,-1
162,-1,657.86,918.83,61.96,19.28,0.47,-1,-1,-1
162,-1,737.46,543.61,80.97,12.46,0.45,-1,-1,-1
162,-1,1153.15,489.99,16.17,16.11,0.33,-1,-1,-1
162,-1,1160.75,404.53,13.46,10.44,0.30,-1,-1,-1
162,-1,1405.22,417.41,11.02,9.27,0.25,-1,-1,-1
162,-1,113.44,284.48,14.35,9.75,0.24,-1,-1,-1
162,-1,1325.73,411.41,36.69,27.59,0.22,-1,-1,-1
162,-1,965.59,393.98,13.89,8.66,0.19,-1,-1,-1
162,-1,23.38,622.22,822.02,813.70,0.17,-1,-1,-1
162,-1,735.97,544.66,83.06,11.77,0.17,-1,-1,-1
162,-1,936.60,379.75,13.25,10.75,0.17,-1,-1,-1
162,-1,2489.03,730.96,18.43,16.79,0.14,-1,-1,-1
162,-1,1350.54,411.55,11.32,13.38,0.14,-1,-1,-1
162,-1,2477.17,744.15,41.80,10.91,0.13,-1,-1,-1
162,-1,2007.85,552.32,26.11,15.23,0.13,-1,-1,-1
162,-1,1325.58,431.10,25.59,9.02,0.12,-1,-1,-1
162,-1,663.36,576.77,27.06,11.09,0.10,-1,-1,-1
162,-1,763.54,619.58,53.41,11.93,0.09,-1,-1,-1
162,-1,2478.76,744.70,78.15,20.78,0.09,-1,-1,-1
162,-1,785.22,544.09,33.88,10.62,0.08,-1,-1,-1
162,-1,1147.28,403.32,26.99,11.40,0.08,-1,-1,-1
162,-1,1006.52,336.09,20.17,11.96,0.07,-1,-1,-1
162,-1,1162.97,372.31,9.84,10.91,0.06,-1,-1,-1
162,-1,683.68,919.20,36.64,14.47,0.05,-1,-1,-1
163,-1,975.50,880.26,27.56,42.83,0.71,-1,-1,-1
163,-1,2106.41,530.20,14.10,21.39,0.69,-1,-1,-1
163,-1,821.44,498.94,15.41,16.87,0.65,-1,-1,-1
163,-1,775.33,577.56,17.07,15.69,0.64,-1,-1,-1
163,-1,1194.04,492.98,26.37,11.50,0.64,-1,-1,-1
163,-1,878.19,576.68,12.68,17.04,0.61,-1,-1,-1
163,-1,892.99,611.40,57.90,14.05,0.54,-1,-1,-1
163,-1,1136.39,474.45,34.86,11.10,0.54,-1,-1,-1
163,-1,881.90,543.89,26.83,11.93,0.50,-1,-1,-1
163,-1,1065.03,454.62,16.26,15.57,0.46,-1,-1,-1
163,-1,1219.05,488.76,13.23,18.91,0.46,-1,-1,-1
163,-1,1172.21,404.51,9.78,10.42,0.44,-1,-1,-1
163,-1,928.13,610.99,24.66,13.47,0.34,-1,-1,-1
163,-1,1426.25,415.59,10.96,10.18,0.33,-1,-1,-1
163,-1,1363.19,411.23,19.75,12.75,0.29,-1,-1,-1
163,-1,1373.70,432.44,15.22,9.12,0.29,-1,-1,-1
163,-1,858.48,544.22,44.19,12.39,0.19,-1,-1,-1
163,-1,2086.30,543.49,41.88,9.93,0.16,-1,-1,-1
163,-1,952.04,397.20,33.80,8.85,0.12,-1,-1,-1
163,-1,971.94,902.37,44.06,20.18,0.11,-1,-1,-1
163,-1,775.57,581.69,23.94,13.53,0.10,-1,-1,-1
163,-1,806.47,508.95,45.41,10.16,0.08,-1,-1,-1
163,-1,1144.38,371.17,12.72,15.46,0.08,-1,-1,-1
163,-1,969.54,337.50,22.98,12.23,0.08,-1,-1,-1
163,-1,482.69,966.50,74.11,71.47,0.07,-1,-1,-1
163,-1,822.14,506.76,14.37,25.17,0.07,-1,-1,-1
163,-1,893.20,613.91,48.58,11.71,0.06,-1,-1,-1
163,-1,481.79,963.76,77.74,76.95,0.06,-1,-1,-1
163,-1,967.00,915.17,47.43,16.42,0.06,-1,-1,-1
163,-1,989.72,902.69,25.68,15.35,0.06,-1,-1,-1
163,-1,968.68,397.01,13.82,8.44,0.06,-1,-1,-1
163,-1,969.38,337.59,23.20,11.96,0.05,-1,-1,-1
164,-1,1269.17,876.90,28.56,38.77,0.78,-1,-1,-1
164,-1,975.59,542.72,16.77,13.58,0.68,-1,-1,-1
164,-1,2178.84,513.14,14.36,22.62,0.66,-1,-1,-1
164,-1,995.18,575.72,16.82,18.94,0.62,-1,-1,-1
164,-1,900.20,505.67,15.48,11.81,0.58,-1,-1,-1
164,-1,885.49,573.71,22.53,13.28,0.55,-1,-1,-1
164,-1,1195.30,475.75,45.79,11.99,0.47,-1,-1,-1
164,-1,1087.21,608.01,16.36,12.66,0.45,-1,-1,-1
164,-1,1385.13,410.32,20.20,11.53,0.33,-1,-1,-1
164,-1,1417.79,430.66,22.98,10.41,0.30,-1,-1,-1
164,-1,1446.81,409.34,12.69,16.04,0.26,-1,-1,-1
164,-1,951.23,399.37,41.32,9.27,0.24,-1,-1,-1
164,-1,1115.35,456.86,12.91,20.15,0.24,-1,-1,-1
164,-1,928.93,383.35,13.12,8.84,0.23,-1,-1,-1
164,-1,1382.93,430.15,58.48,10.96,0.23,-1,-1,-1
164,-1,2158.06,523.51,22.74,8.88,0.22,-1,-1,-1
164,-1,1224.70,476.28,81.06,25.13,0.16,-1,-1,-1
164,-1,1130.52,372.11,17.94,11.63,0.16,-1,-1,-1
164,-1,1253.38,493.10,52.95,9.69,0.14,-1,-1,-1
164,-1,1380.48,429.76,61.18,10.61,0.11,-1,-1,-1
164,-1,285.06,256.49,39.99,17.47,0.11,-1,-1,-1
164,-1,1187.80,405.53,9.31,9.36,0.11,-1,-1,-1
164,-1,975.25,543.66,37.81,12.67,0.09,-1,-1,-1
164,-1,1130.31,371.99,18.03,11.88,0.08,-1,-1,-1
164,-1,925.05,337.11,28.67,9.67,0.07,-1,-1,-1
164,-1,1382.55,411.45,63.65,29.67,0.06,-1,-1,-1
164,-1,898.88,360.71,13.33,8.56,0.06,-1,-1,-1
164,-1,2159.29,523.54,47.36,12.25,0.05,-1,-1,-1
165,-1,1441.94,874.13,29.66,36.77,0.73,-1,-1,-1
165,-1,2209.77,500.24,14.80,18.31,0.69,-1,-1,-1
165,-1,953.45,571.16,21.64,18.03,0.60,-1,-1,-1
165,-1,1024.77,542.87,21.98,14.63,0.60,-1,-1,-1
165,-1,2193.68,510.01,32.90,9.69,0.45,-1,-1,-1
165,-1,935.97,507.35,25.13,12.55,0.42,-1,-1,-1
165,-1,1147.69,601.24,52.97,19.23,0.41,-1,-1,-1
165,-1,1297.95,494.34,41.70,10.20,0.40,-1,-1,-1
165,-1,1232.50,472.03,41.61,11.06,0.40,-1,-1,-1
165,-1,1064.76,576.99,12.18,21.91,0.34,-1,-1,-1
165,-1,1432.93,425.64,30.14,9.80,0.28,-1,-1,-1
165,-1,1395.56,405.32,20.76,11.80,0.28,-1,-1,-1
165,-1,1458.11,407.68,10.05,13.72,0.24,-1,-1,-1
165,-1,1064.19,576.24,12.81,22.72,0.22,-1,-1,-1
165,-1,1256.86,472.19,18.16,10.39,0.19,-1,-1,-1
165,-1,1196.12,405.16,12.51,9.65,0.18,-1,-1,-1
165,-1,1143.07,457.27,9.73,17.76,0.14,-1,-1,-1
165,-1,928.34,383.34,13.68,9.69,0.13,-1,-1,-1
165,-1,1289.40,495.09,50.16,10.46,0.13,-1,-1,-1
165,-1,776.52,448.07,10.31,9.11,0.12,-1,-1,-1
165,-1,959.23,576.07,22.93,12.78,0.11,-1,-1,-1
165,-1,904.20,335.85,40.55,10.59,0.10,-1,-1,-1
165,-1,948.30,508.40,13.33,11.93,0.10,-1,-1,-1
165,-1,972.68,399.45,23.21,8.99,0.09,-1,-1,-1
165,-1,1856.33,239.97,20.46,24.27,0.07,-1,-1,-1
165,-1,1120.96,370.83,14.27,9.96,0.07,-1,-1,-1
165,-1,1142.99,456.17,20.79,14.60,0.05,-1,-1,-1
166,-1,1758.13,854.25,29.23,35.24,0.79,-1,-1,-1
166,-1,2250.32,487.13,20.85,18.22,0.70,-1,-1,-1
166,-1,1083.42,578.71,17.11,15.36,0.69,-1,-1,-1
166,-1,1306.70,604.55,44.30,12.66,0.57,-1,-1,-1
166,-1,2235.36,494.14,20.32,10.11,0.55,-1,-1,-1
166,-1,1030.91,511.81,24.89,10.53,0.44,-1,-1,-1
166,-1,1110.11,537.52,23.09,11.86,0.39,-1,-1,-1
166,-1,1470.18,400.79,9.93,9.73,0.37,-1,-1,-1
166,-1,927.39,384.13,11.21,14.13,0.36,-1,-1,-1
166,-1,1413.36,400.22,15.86,11.10,0.36,-1,-1,-1
166,-1,1469.27,421.23,28.22,11.24,0.33,-1,-1,-1
166,-1,0.53,487.21,10.38,11.35,0.30,-1,-1,-1
166,-1,1297.30,477.68,41.56,9.37,0.29,-1,-1,-1
166,-1,997.95,397.82,9.77,9.81,0.28,-1,-1,-1
166,-1,1194.75,577.48,17.30,20.36,0.27,-1,-1,-1
166,-1,1194.51,458.66,17.57,12.36,0.25,-1,-1,-1
166,-1,1353.80,494.21,53.04,10.21,0.23,-1,-1,-1
166,-1,1214.87,405.16,14.64,10.19,0.19,-1,-1,-1
166,-1,1196.03,577.81,15.25,19.77,0.13,-1,-1,-1
166,-1,814.88,451.94,11.96,10.04,0.10,-1,-1,-1
166,-1,1199.95,577.18,12.52,11.43,0.09,-1,-1,-1
166,-1,1355.14,494.30,51.17,9.39,0.08,-1,-1,-1
166,-1,1106.50,368.78,16.16,10.31,0.08,-1,-1,-1
166,-1,2234.66,494.72,39.21,12.91,0.06,-1,-1,-1
167,-1,2051.85,828.62,29.15,35.17,0.75,-1,-1,-1
167,-1,1212.43,570.13,17.82,19.12,0.65,-1,-1,-1
167,-1,1472.22,589.31,18.87,21.55,0.60,-1,-1,-1
167,-1,1129.63,513.28,22.76,12.66,0.50,-1,-1,-1
167,-1,1189.56,536.89,21.28,10.76,0.48,-1,-1,-1
167,-1,1012.66,399.30,10.00,9.51,0.40,-1,-1,-1
167,-1,1251.31,458.05,18.14,15.11,0.38,-1,-1,-1
167,-1,928.56,384.72,12.49,13.04,0.37,-1,-1,-1
167,-1,859.13,448.13,15.06,10.28,0.35,-1,-1,-1
167,-1,1328.75,570.94,10.07,19.90,0.35,-1,-1,-1
167,-1,870.05,355.04,21.19,10.06,0.30,-1,-1,-1
167,-1,1370.77,477.09,30.82,9.32,0.21,-1,-1,-1
167,-1,1408.79,493.22,56.90,9.39,0.17,-1,-1,-1
167,-1,1511.70,409.09,14.74,9.54,0.16,-1,-1,-1
167,-1,2302.78,497.18,12.23,13.92,0.15,-1,-1,-1
167,-1,1420.54,396.02,12.08,15.25,0.11,-1,-1,-1
167,-1,1467.65,600.73,49.98,18.22,0.09,-1,-1,-1
167,-1,1230.00,401.73,14.47,10.41,0.09,-1,-1,-1
167,-1,1476.00,402.38,9.79,9.23,0.08,-1,-1,-1
167,-1,1188.07,536.91,44.10,13.10,0.07,-1,-1,-1
167,-1,1407.43,493.59,60.08,9.08,0.07,-1,-1,-1
167,-1,1084.35,366.67,12.93,12.45,0.06,-1,-1,-1
168,-1,305.49,1325.06,149.57,56.94,0.78,-1,-1,-1
168,-1,2303.84,799.59,25.42,36.62,0.74,-1,-1,-1
168,-1,1607.02,578.14,19.17,20.68,0.73,-1,-1,-1
168,-1,2342.96,488.00,11.13,16.60,0.70,-1,-1,-1
168,-1,933.61,384.02,10.35,10.98,0.60,-1,-1,-1
168,-1,1333.82,566.13,20.91,15.37,0.53,-1,-1,-1
168,-1,1232.57,515.81,21.72,12.15,0.53,-1,-1,-1
168,-1,1435.79,468.35,45.66,13.29,0.52,-1,-1,-1
168,-1,1277.17,533.74,47.06,14.37,0.45,-1,-1,-1
168,-1,1452.10,564.32,14.82,16.44,0.45,-1,-1,-1
168,-1,1297.86,457.85,20.02,11.80,0.41,-1,-1,-1
168,-1,1024.60,395.96,9.21,13.00,0.37,-1,-1,-1
168,-1,1468.45,489.29,44.47,11.66,0.33,-1,-1,-1
168,-1,1275.04,534.31,27.07,11.89,0.30,-1,-1,-1
168,-1,1236.12,393.22,16.45,13.43,0.28,-1,-1,-1
168,-1,1484.01,401.35,10.32,9.95,0.24,-1,-1,-1
168,-1,1423.12,398.08,13.28,11.49,0.18,-1,-1,-1
168,-1,1423.17,397.83,13.24,11.71,0.13,-1,-1,-1
168,-1,596.50,889.72,735.42,531.89,0.11,-1,-1,-1
168,-1,584.94,883.51,767.27,537.59,0.11,-1,-1,-1
168,-1,1467.19,490.65,46.22,11.46,0.11,-1,-1,-1
168,-1,901.42,450.40,21.27,10.12,0.10,-1,-1,-1
168,-1,589.28,890.53,741.68,539.22,0.08,-1,-1,-1
168,-1,2312.84,813.17,15.90,18.06,0.08,-1,-1,-1
169,-1,2510.37,768.14,19.53,57.86,0.72,-1,-1,-1
169,-1,2384.07,487.13,16.56,14.46,0.68,-1,-1,-1
169,-1,1564.81,560.60,23.34,16.58,0.64,-1,-1,-1
169,-1,1450.91,559.55,29.40,16.00,0.62,-1,-1,-1
169,-1,1720.55,571.75,32.65,14.09,0.58,-1,-1,-1
169,-1,160.98,489.53,38.77,12.14,0.45,-1,-1,-1
169,-1,1362.22,526.70,46.41,11.93,0.36,-1,-1,-1
169,-1,2524.75,780.00,13.89,16.10,0.33,-1,-1,-1
169,-1,1032.97,392.34,9.52,18.04,0.32,-1,-1,-1
169,-1,1346.13,454.51,34.35,11.50,0.28,-1,-1,-1
169,-1,1515.31,474.32,44.53,19.39,0.27,-1,-1,-1
169,-1,1239.47,393.82,9.34,9.46,0.27,-1,-1,-1
169,-1,1333.68,516.82,14.03,10.34,0.24,-1,-1,-1
169,-1,931.08,378.05,9.47,17.24,0.22,-1,-1,-1
169,-1,1540.37,415.43,13.86,10.70,0.17,-1,-1,-1
169,-1,942.18,448.09,25.49,9.92,0.17,-1,-1,-1
169,-1,1359.92,527.05,25.30,11.15,0.14,-1,-1,-1
169,-1,1512.52,455.18,16.38,9.60,0.13,-1,-1,-1
169,-1,1438.18,398.52,9.66,12.64,0.13,-1,-1,-1
169,-1,2521.10,768.89,17.81,26.78,0.12,-1,-1,-1
169,-1,1498.02,401.80,9.06,10.95,0.12,-1,-1,-1
169,-1,1540.81,415.58,13.38,10.71,0.11,-1,-1,-1
169,-1,1487.11,454.95,42.94,10.81,0.07,-1,-1,-1
169,-1,1521.80,473.94,37.94,17.67,0.06,-1,-1,-1
170,-1,2407.06,480.31,16.90,16.95,0.69,-1,-1,-1
170,-1,1798.07,564.16,16.59,14.97,0.68,-1,-1,-1
170,-1,1519.09,557.08,25.41,16.75,0.65,-1,-1,-1
170,-1,1391.15,515.57,14.64,10.16,0.55,-1,-1,-1
170,-1,223.68,494.09,14.04,8.50,0.50,-1,-1,-1
170,-1,1410.91,524.90,17.09,11.44,0.49,-1,-1,-1
170,-1,928.43,376.50,9.17,11.45,0.42,-1,-1,-1
170,-1,1616.76,557.30,19.52,14.70,0.35,-1,-1,-1
170,-1,1547.34,463.47,28.59,17.64,0.28,-1,-1,-1
170,-1,1502.08,401.31,16.06,10.63,0.25,-1,-1,-1
170,-1,1442.38,400.45,11.03,9.93,0.22,-1,-1,-1
170,-1,1556.43,408.73,9.63,17.25,0.21,-1,-1,-1
170,-1,1505.45,443.56,35.90,12.57,0.17,-1,-1,-1
170,-1,1241.41,395.66,8.74,10.01,0.16,-1,-1,-1
170,-1,1442.42,400.33,11.12,10.13,0.14,-1,-1,-1
170,-1,1037.37,389.99,10.05,10.06,0.14,-1,-1,-1
170,-1,970.40,445.96,23.45,11.38,0.13,-1,-1,-1
170,-1,1781.37,569.47,15.47,8.69,0.11,-1,-1,-1
170,-1,1530.38,442.34,13.26,10.24,0.10,-1,-1,-1
170,-1,1353.95,444.94,45.84,18.79,0.09,-1,-1,-1
170,-1,1505.18,443.79,35.58,12.62,0.08,-1,-1,-1
170,-1,529.88,330.16,10.12,8.50,0.08,-1,-1,-1
170,-1,1621.40,557.23,19.02,11.75,0.08,-1,-1,-1
170,-1,485.83,321.70,10.78,9.12,0.07,-1,-1,-1
170,-1,1039.19,389.25,57.69,11.37,0.07,-1,-1,-1
170,-1,0.99,1414.80,20.03,20.44,0.07,-1,-1,-1
170,-1,650.35,302.01,10.23,10.01,0.07,-1,-1,-1
170,-1,1621.51,557.34,26.59,12.16,0.06,-1,-1,-1
170,-1,707.45,338.87,12.88,8.76,0.06,-1,-1,-1
171,-1,2433.99,470.26,16.34,16.79,0.74,-1,-1,-1
171,-1,1503.69,522.69,21.95,12.15,0.66,-1,-1,-1
171,-1,1940.95,1186.94,102.30,42.73,0.64,-1,-1,-1
171,-1,294.57,498.49,16.57,9.69,0.56,-1,-1,-1
171,-1,1892.16,542.04,26.37,16.84,0.55,-1,-1,-1
171,-1,1644.55,542.08,15.83,12.66,0.51,-1,-1,-1
171,-1,1478.04,512.65,23.67,9.78,0.40,-1,-1,-1
171,-1,1712.34,540.82,49.37,12.82,0.40,-1,-1,-1
171,-1,1247.95,397.07,12.16,10.01,0.34,-1,-1,-1
171,-1,925.66,379.54,11.75,10.33,0.30,-1,-1,-1
171,-1,1551.47,457.10,33.29,15.29,0.25,-1,-1,-1
171,-1,1907.08,542.17,11.52,16.78,0.23,-1,-1,-1
171,-1,1939.39,1192.39,39.32,37.38,0.23,-1,-1,-1
171,-1,1029.23,1096.51,115.54,93.03,0.21,-1,-1,-1
171,-1,1550.91,461.28,36.11,11.85,0.14,-1,-1,-1
171,-1,1457.54,395.62,9.30,13.48,0.11,-1,-1,-1
171,-1,1518.84,398.66,8.98,10.73,0.11,-1,-1,-1
171,-1,434.52,320.49,22.59,11.07,0.10,-1,-1,-1
171,-1,1040.85,387.31,9.35,10.32,0.09,-1,-1,-1
171,-1,1640.75,541.56,12.29,12.17,0.07,-1,-1,-1
171,-1,2003.18,1205.65,49.09,22.53,0.07,-1,-1,-1
171,-1,1041.71,372.83,8.76,10.63,0.07,-1,-1,-1
171,-1,1573.15,407.84,9.07,14.07,0.07,-1,-1,-1
171,-1,2426.81,480.10,20.89,8.96,0.06,-1,-1,-1
171,-1,1941.01,1210.59,108.49,41.09,0.06,-1,-1,-1
171,-1,1861.70,1185.24,182.70,55.91,0.05,-1,-1,-1
172,-1,1749.87,407.41,13.05,14.80,0.73,-1,-1,-1
172,-1,381.10,380.53,19.95,9.77,0.67,-1,-1,-1
172,-1,2464.61,343.27,13.03,13.61,0.54,-1,-1,-1
172,-1,1990.62,406.20,11.78,17.52,0.46,-1,-1,-1
172,-1,2475.27,975.17,83.48,49.69,0.45,-1,-1,-1
172,-1,1596.31,391.41,29.70,20.22,0.42,-1,-1,-1
172,-1,1558.72,383.96,18.98,10.67,0.33,-1,-1,-1
172,-1,1798.66,410.33,19.36,13.28,0.32,-1,-1,-1
172,-1,925.43,259.33,10.17,11.81,0.29,-1,-1,-1
172,-1,374.07,199.46,9.80,12.35,0.28,-1,-1,-1
172,-1,1800.47,409.81,37.17,13.88,0.23,-1,-1,-1
172,-1,1561.70,326.26,46.49,14.23,0.21,-1,-1,-1
172,-1,1046.57,269.08,9.46,9.17,0.20,-1,-1,-1
172,-1,1591.89,285.46,11.43,15.36,0.19,-1,-1,-1
172,-1,1261.34,273.13,9.41,9.04,0.18,-1,-1,-1
172,-1,516.92,179.50,15.96,10.87,0.15,-1,-1,-1
172,-1,1360.64,303.09,11.56,10.24,0.12,-1,-1,-1
172,-1,2452.78,975.58,73.54,54.06,0.11,-1,-1,-1
172,-1,1470.33,274.52,9.88,10.45,0.11,-1,-1,-1
172,-1,803.23,234.64,9.59,13.10,0.10,-1,-1,-1
172,-1,803.21,234.43,9.61,13.18,0.09,-1,-1,-1
172,-1,1360.76,303.24,10.71,10.00,0.08,-1,-1,-1
172,-1,1031.14,248.30,12.19,10.03,0.07,-1,-1,-1
172,-1,1598.52,367.58,24.03,16.57,0.07,-1,-1,-1
172,-1,1031.55,248.17,11.72,10.12,0.06,-1,-1,-1
172,-1,1557.86,371.94,66.27,31.19,0.05,-1,-1,-1
172,-1,1470.17,274.63,9.90,10.32,0.05,-1,-1,-1
172,-1,1529.20,274.01,8.96,11.15,0.05,-1,-1,-1
172,-1,2451.01,1016.07,21.72,14.22,0.05,-1,-1,-1
173,-1,1068.21,1297.68,231.58,113.88,0.81,-1,-1,-1
173,-1,1231.91,1213.96,172.65,120.78,0.56,-1,-1,-1
173,-1,1158.34,1282.19,136.11,79.73,0.38,-1,-1,-1
173,-1,1160.27,1217.45,162.96,145.16,0.25,-1,-1,-1
173,-1,1152.04,1290.68,34.65,42.34,0.11,-1,-1,-1
173,-1,1000.63,1051.78,59.42,41.99,0.06,-1,-1,-1
173,-1,1216.46,1214.90,111.70,87.93,0.06,-1,-1,-1
173,-1,1886.57,0.18,22.37,13.55,0.06,-1,-1,-1
174,-1,2075.02,912.14,155.28,136.07,0.80,-1,-1,-1
174,-1,2107.59,907.74,123.26,104.92,0.46,-1,-1,-1
174,-1,2191.54,852.85,66.91,71.28,0.43,-1,-1,-1
174,-1,2147.28,852.58,111.19,113.21,0.22,-1,-1,-1
174,-1,2076.08,967.15,95.33,81.06,0.21,-1,-1,-1
174,-1,1961.47,349.58,80.38,29.50,0.11,-1,-1,-1
174,-1,2205.92,153.38,71.72,32.90,0.07,-1,-1,-1
174,-1,1299.08,3.58,823.57,769.67,0.06,-1,-1,-1
175,-1,2176.39,813.46,106.96,114.59,0.72,-1,-1,-1
175,-1,2202.19,812.23,77.08,73.22,0.58,-1,-1,-1
175,-1,2227.92,737.33,88.93,91.21,0.56,-1,-1,-1
175,-1,2161.06,737.07,155.28,147.31,0.29,-1,-1,-1
175,-1,1064.51,200.95,65.41,12.65,0.25,-1,-1,-1
175,-1,978.56,626.15,824.50,807.93,0.22,-1,-1,-1
175,-1,757.01,631.12,822.33,800.72,0.12,-1,-1,-1
175,-1,2184.16,788.18,121.32,96.56,0.08,-1,-1,-1
175,-1,1075.71,610.65,822.88,818.80,0.07,-1,-1,-1
175,-1,948.16,582.46,824.65,849.50,0.07,-1,-1,-1
175,-1,1300.92,631.97,821.77,803.92,0.06,-1,-1,-1
175,-1,690.12,631.01,824.10,800.56,0.06,-1,-1,-1
175,-1,1110.60,128.43,35.35,41.27,0.06,-1,-1,-1
176,-1,1803.37,452.18,59.79,59.23,0.90,-1,-1,-1
176,-1,1824.64,308.74,40.21,57.26,0.75,-1,-1,-1
176,-1,1804.35,419.26,69.86,43.62,0.61,-1,-1,-1
176,-1,948.70,424.15,823.13,845.56,0.06,-1,-1,-1
177,-1,1327.11,379.94,80.74,60.68,0.79,-1,-1,-1
177,-1,1300.88,330.62,63.92,68.14,0.75,-1,-1,-1
177,-1,1130.42,181.69,21.52,23.84,0.75,-1,-1,-1
177,-1,1298.00,337.92,111.35,104.91,0.25,-1,-1,-1
177,-1,1117.93,181.30,35.66,62.02,0.14,-1,-1,-1
177,-1,756.94,628.77,823.07,804.26,0.05,-1,-1,-1
178,-1,977.13,582.10,62.54,61.80,0.81,-1,-1,-1
178,-1,417.57,435.07,34.97,45.77,0.74,-1,-1,-1
178,-1,980.79,627.57,122.91,27.34,0.69,-1,-1,-1
178,-1,416.68,431.37,38.40,104.82,0.65,-1,-1,-1
178,-1,507.31,422.02,13.11,9.33,0.34,-1,-1,-1
178,-1,976.64,581.46,61.18,62.53,0.14,-1,-1,-1
178,-1,1365.96,1123.84,10.08,12.69,0.06,-1,-1,-1
179,-1,1279.26,780.14,55.19,71.15,0.85,-1,-1,-1
179,-1,438.22,691.10,32.14,43.13,0.71,-1,-1,-1
179,-1,1303.03,839.18,107.50,17.25,0.65,-1,-1,-1
179,-1,443.26,723.25,46.09,34.93,0.47,-1,-1,-1
179,-1,230.70,144.00,9.32,9.19,0.24,-1,-1,-1
179,-1,475.83,89.25,14.97,9.05,0.17,-1,-1,-1
179,-1,115.69,631.57,826.47,806.02,0.09,-1,-1,-1
179,-1,1974.34,645.97,35.07,13.14,0.07,-1,-1,-1
179,-1,438.01,691.25,52.01,66.69,0.06,-1,-1,-1
179,-1,1179.16,4.84,12.30,10.20,0.06,-1,-1,-1
180,-1,1496.39,950.95,57.69,78.23,0.81,-1,-1,-1
180,-1,2368.31,429.96,15.83,32.96,0.71,-1,-1,-1
180,-1,454.96,930.36,27.38,36.96,0.68,-1,-1,-1
180,-1,2314.34,348.60,11.11,26.22,0.68,-1,-1,-1
180,-1,1488.59,1018.29,130.88,24.69,0.58,-1,-1,-1
180,-1,2291.52,354.85,10.67,26.99,0.51,-1,-1,-1
180,-1,2255.00,289.60,9.45,27.94,0.37,-1,-1,-1
180,-1,2336.82,334.48,12.62,27.38,0.32,-1,-1,-1
180,-1,2227.90,290.63,8.96,30.74,0.23,-1,-1,-1
180,-1,2339.76,353.00,9.29,20.01,0.20,-1,-1,-1
180,-1,26.41,442.58,17.57,11.61,0.18,-1,-1,-1
180,-1,243.63,387.06,15.17,8.83,0.18,-1,-1,-1
180,-1,459.45,952.44,37.53,16.89,0.17,-1,-1,-1
180,-1,2260.24,545.41,28.23,22.67,0.16,-1,-1,-1
180,-1,2392.18,336.78,10.26,12.16,0.16,-1,-1,-1
180,-1,2242.15,279.91,10.44,35.00,0.14,-1,-1,-1
180,-1,2243.91,296.91,8.68,18.25,0.10,-1,-1,-1
180,-1,2285.33,356.38,10.04,21.85,0.09,-1,-1,-1
180,-1,1780.45,402.72,13.17,10.65,0.08,-1,-1,-1
180,-1,210.39,386.07,48.73,10.26,0.06,-1,-1,-1
180,-1,2368.68,340.44,13.56,9.35,0.06,-1,-1,-1
180,-1,2382.04,338.43,11.38,11.39,0.06,-1,-1,-1
181,-1,1499.35,1002.72,42.62,78.00,0.83,-1,-1,-1
181,-1,414.11,1001.89,21.99,31.29,0.74,-1,-1,-1
181,-1,2248.12,497.27,11.57,32.23,0.70,-1,-1,-1
181,-1,2167.22,424.83,11.87,25.33,0.66,-1,-1,-1
181,-1,1521.50,1075.16,95.15,16.80,0.65,-1,-1,-1
181,-1,2188.69,419.73,10.35,24.13,0.63,-1,-1,-1
181,-1,2214.86,421.47,10.10,23.92,0.41,-1,-1,-1
181,-1,2128.18,362.91,9.44,23.77,0.20,-1,-1,-1
181,-1,2263.70,407.56,10.16,11.88,0.18,-1,-1,-1
181,-1,2217.20,410.20,12.42,12.80,0.14,-1,-1,-1
181,-1,1486.33,1064.78,130.78,29.42,0.13,-1,-1,-1
181,-1,2102.81,353.17,25.70,39.01,0.13,-1,-1,-1
181,-1,2204.21,405.09,9.18,19.64,0.11,-1,-1,-1
181,-1,2237.32,410.78,14.34,9.89,0.11,-1,-1,-1
181,-1,2254.63,409.48,10.42,10.64,0.10,-1,-1,-1
181,-1,1678.18,474.19,11.29,10.30,0.09,-1,-1,-1
181,-1,1715.90,366.78,12.56,8.74,0.07,-1,-1,-1
181,-1,2101.88,365.55,9.39,26.72,0.06,-1,-1,-1
181,-1,1651.73,380.45,14.81,8.98,0.06,-1,-1,-1
181,-1,2119.38,372.64,8.90,13.99,0.06,-1,-1,-1
181,-1,2475.55,394.21,13.71,11.19,0.06,-1,-1,-1
181,-1,819.40,377.77,10.33,9.28,0.05,-1,-1,-1
182,-1,1608.29,1162.10,37.29,77.60,0.84,-1,-1,-1
182,-1,384.90,1211.63,39.07,40.99,0.83,-1,-1,-1
182,-1,1645.99,1221.79,71.31,21.35,0.77,-1,-1,-1
182,-1,2005.48,702.87,11.18,29.99,0.70,-1,-1,-1
182,-1,1966.38,635.31,9.72,24.84,0.55,-1,-1,-1
182,-1,1926.45,639.06,9.69,24.59,0.47,-1,-1,-1
182,-1,1939.23,636.08,9.15,21.03,0.35,-1,-1,-1
182,-1,1482.34,687.92,10.08,8.73,0.18,-1,-1,-1
182,-1,1942.67,621.58,8.24,19.43,0.13,-1,-1,-1
182,-1,1847.85,585.71,8.74,30.50,0.13,-1,-1,-1
182,-1,1962.93,967.88,33.09,40.51,0.10,-1,-1,-1
182,-1,1963.91,967.37,17.18,13.35,0.10,-1,-1,-1
182,-1,598.28,602.06,8.98,9.23,0.10,-1,-1,-1
182,-1,1965.81,628.23,11.98,15.25,0.10,-1,-1,-1
182,-1,2316.14,1199.45,16.05,20.36,0.09,-1,-1,-1
182,-1,2004.60,622.83,11.68,11.44,0.08,-1,-1,-1
182,-1,1119.75,1023.11,22.76,18.65,0.07,-1,-1,-1
182,-1,1984.22,625.59,16.06,10.49,0.06,-1,-1,-1
182,-1,1985.80,702.40,28.79,17.19,0.06,-1,-1,-1
182,-1,1865.09,590.40,8.89,17.27,0.05,-1,-1,-1
183,-1,2032.46,698.48,10.68,33.05,0.69,-1,-1,-1
183,-1,527.67,1177.81,24.11,38.80,0.62,-1,-1,-1
183,-1,1990.29,633.14,11.81,25.32,0.42,-1,-1,-1
183,-1,1866.44,587.54,9.42,28.54,0.36,-1,-1,-1
183,-1,1961.55,634.98,9.44,23.26,0.27,-1,-1,-1
183,-1,1952.51,638.76,10.05,22.80,0.24,-1,-1,-1
183,-1,1890.13,586.17,10.09,22.35,0.23,-1,-1,-1
183,-1,2015.01,702.02,23.08,13.78,0.23,-1,-1,-1
183,-1,1954.01,624.65,10.58,30.99,0.22,-1,-1,-1
183,-1,527.01,1177.49,49.90,41.78,0.22,-1,-1,-1
183,-1,1951.85,639.79,10.09,22.74,0.18,-1,-1,-1
183,-1,1987.78,626.03,14.14,13.60,0.13,-1,-1,-1
183,-1,1990.76,636.43,11.05,22.16,0.12,-1,-1,-1
183,-1,1849.53,1187.84,16.88,27.73,0.12,-1,-1,-1
183,-1,1882.27,578.68,9.47,28.99,0.11,-1,-1,-1
183,-1,1962.15,637.63,9.23,21.49,0.09,-1,-1,-1
183,-1,2158.13,575.73,27.70,18.30,0.08,-1,-1,-1
183,-1,2500.13,565.87,59.30,24.07,0.07,-1,-1,-1
183,-1,563.40,1213.13,38.52,15.01,0.07,-1,-1,-1
183,-1,323.86,650.55,12.57,8.66,0.06,-1,-1,-1
183,-1,1527.55,687.86,18.00,9.90,0.05,-1,-1,-1
184,-1,2048.77,691.85,13.61,44.02,0.74,-1,-1,-1
184,-1,614.69,1153.01,21.78,45.15,0.70,-1,-1,-1
184,-1,1972.51,632.98,12.21,24.48,0.62,-1,-1,-1
184,-1,2003.01,626.13,14.57,23.64,0.49,-1,-1,-1
184,-1,1947.31,1172.99,25.74,22.61,0.36,-1,-1,-1
184,-1,1972.34,640.83,12.08,22.83,0.24,-1,-1,-1
184,-1,2004.53,636.62,12.06,18.65,0.18,-1,-1,-1
184,-1,2004.54,636.95,12.17,18.56,0.18,-1,-1,-1
184,-1,1879.87,588.36,9.19,27.98,0.17,-1,-1,-1
184,-1,1902.14,585.88,9.29,21.99,0.16,-1,-1,-1
184,-1,1971.81,643.99,12.41,19.57,0.16,-1,-1,-1
184,-1,2510.72,565.80,48.52,21.60,0.14,-1,-1,-1
184,-1,2004.22,636.55,12.64,18.89,0.13,-1,-1,-1
184,-1,637.39,600.70,9.68,8.66,0.13,-1,-1,-1
184,-1,330.40,636.36,29.93,14.94,0.09,-1,-1,-1
184,-1,1960.59,624.65,8.30,20.80,0.08,-1,-1,-1
184,-1,1893.61,579.03,9.78,26.97,0.08,-1,-1,-1
184,-1,2044.02,624.44,12.82,11.03,0.07,-1,-1,-1
184,-1,2033.09,703.68,18.86,10.49,0.06,-1,-1,-1
184,-1,1947.59,1172.84,63.00,27.25,0.05,-1,-1,-1
185,-1,674.91,1128.27,17.22,41.88,0.76,-1,-1,-1
185,-1,2004.87,1138.56,39.06,38.08,0.74,-1,-1,-1
185,-1,2060.12,686.25,12.25,27.78,0.61,-1,-1,-1
185,-1,1986.77,631.46,11.07,24.79,0.58,-1,-1,-1
185,-1,2012.95,627.02,11.27,24.34,0.45,-1,-1,-1
185,-1,2521.74,566.40,37.77,20.33,0.23,-1,-1,-1
185,-1,1980.39,629.90,8.27,21.83,0.21,-1,-1,-1
185,-1,1913.75,585.06,8.77,23.06,0.18,-1,-1,-1
185,-1,2052.63,623.64,13.57,10.50,0.13,-1,-1,-1
185,-1,2005.71,1151.74,26.53,25.29,0.12,-1,-1,-1
185,-1,2033.83,625.28,11.15,10.09,0.12,-1,-1,-1
185,-1,2127.97,1109.38,33.83,45.88,0.11,-1,-1,-1
185,-1,2013.56,640.28,10.04,13.66,0.11,-1,-1,-1
185,-1,2127.86,1109.31,33.83,45.97,0.09,-1,-1,-1
185,-1,2468.89,558.07,22.34,44.22,0.08,-1,-1,-1
185,-1,2047.66,624.32,11.87,9.77,0.07,-1,-1,-1
185,-1,2197.43,616.96,21.81,9.37,0.07,-1,-1,-1
185,-1,649.80,595.88,9.84,8.86,0.06,-1,-1,-1
185,-1,635.53,1160.81,108.52,19.63,0.06,-1,-1,-1
185,-1,1957.69,625.01,8.17,20.39,0.06,-1,-1,-1
185,-1,631.89,595.62,27.51,9.56,0.05,-1,-1,-1
186,-1,2021.91,1119.06,33.02,52.67,0.81,-1,-1,-1
186,-1,693.20,1121.29,17.04,47.84,0.78,-1,-1,-1
186,-1,2064.19,683.94,12.10,31.43,0.65,-1,-1,-1
186,-1,1991.09,630.64,9.64,24.51,0.46,-1,-1,-1
186,-1,2016.19,629.51,9.86,22.56,0.43,-1,-1,-1
186,-1,2471.69,557.04,23.21,44.86,0.39,-1,-1,-1
186,-1,1575.28,681.23,9.87,10.64,0.34,-1,-1,-1
186,-1,1953.11,625.01,8.96,18.79,0.22,-1,-1,-1
186,-1,1982.24,629.35,8.48,19.34,0.21,-1,-1,-1
186,-1,2525.14,566.61,34.39,18.84,0.19,-1,-1,-1
186,-1,2060.63,622.01,9.70,10.78,0.16,-1,-1,-1
186,-1,2050.86,623.96,10.09,10.39,0.13,-1,-1,-1
186,-1,2036.87,625.35,12.54,9.47,0.12,-1,-1,-1
186,-1,1916.64,585.52,8.97,20.62,0.12,-1,-1,-1
186,-1,1893.09,587.08,9.09,25.17,0.09,-1,-1,-1
186,-1,2020.82,624.84,12.14,10.46,0.07,-1,-1,-1
186,-1,2383.83,564.07,33.01,69.19,0.06,-1,-1,-1
187,-1,2043.82,1097.13,26.58,64.40,0.76,-1,-1,-1
187,-1,724.27,1109.60,20.62,37.64,0.70,-1,-1,-1
187,-1,2065.07,678.75,11.10,29.94,0.68,-1,-1,-1
187,-1,2193.28,1138.03,130.28,17.07,0.65,-1,-1,-1
187,-1,1995.42,627.31,9.72,24.72,0.53,-1,-1,-1
187,-1,2019.29,626.39,9.31,22.05,0.29,-1,-1,-1
187,-1,1987.39,625.65,8.76,21.60,0.26,-1,-1,-1
187,-1,1579.67,677.59,10.49,11.95,0.23,-1,-1,-1
187,-1,2480.25,555.04,20.56,44.58,0.20,-1,-1,-1
187,-1,1945.15,634.76,10.22,28.38,0.20,-1,-1,-1
187,-1,1579.93,677.55,10.18,11.54,0.15,-1,-1,-1
187,-1,2042.59,623.28,11.33,10.18,0.14,-1,-1,-1
187,-1,2067.04,619.75,9.08,11.32,0.13,-1,-1,-1
187,-1,2206.52,614.11,21.04,9.37,0.12,-1,-1,-1
187,-1,2026.50,623.07,11.21,10.59,0.10,-1,-1,-1
187,-1,2057.06,621.51,9.87,11.20,0.09,-1,-1,-1
187,-1,2398.49,561.90,16.55,43.39,0.09,-1,-1,-1
187,-1,1922.17,583.47,8.92,18.23,0.07,-1,-1,-1
187,-1,2531.24,564.97,28.37,18.35,0.06,-1,-1,-1
187,-1,2051.07,622.70,13.44,10.35,0.06,-1,-1,-1
187,-1,1944.87,624.90,9.44,18.99,0.06,-1,-1,-1
188,-1,2214.67,1140.26,160.07,25.85,0.81,-1,-1,-1
188,-1,2070.73,1093.60,23.77,67.01,0.76,-1,-1,-1
188,-1,734.05,1103.52,31.60,33.98,0.73,-1,-1,-1
188,-1,2062.73,676.13,10.87,27.77,0.67,-1,-1,-1
188,-1,749.42,1118.50,19.32,17.17,0.55,-1,-1,-1
188,-1,1996.24,626.04,10.06,23.90,0.41,-1,-1,-1
188,-1,664.21,593.42,12.72,8.84,0.40,-1,-1,-1
188,-1,1987.65,624.34,8.94,22.03,0.33,-1,-1,-1
188,-1,1583.12,676.82,10.28,12.42,0.32,-1,-1,-1
188,-1,736.78,1118.78,32.26,25.51,0.32,-1,-1,-1
188,-1,2019.70,625.52,9.20,21.19,0.29,-1,-1,-1
188,-1,1377.29,518.30,31.78,10.43,0.26,-1,-1,-1
188,-1,1937.09,628.06,9.38,39.11,0.22,-1,-1,-1
188,-1,160.10,661.34,12.89,10.15,0.20,-1,-1,-1
188,-1,2068.80,619.87,9.74,11.27,0.20,-1,-1,-1
188,-1,2481.35,554.89,22.16,45.75,0.14,-1,-1,-1
188,-1,2046.27,622.93,13.76,10.55,0.12,-1,-1,-1
188,-1,2208.84,614.55,20.94,9.12,0.12,-1,-1,-1
188,-1,594.23,599.89,10.78,14.46,0.10,-1,-1,-1
188,-1,1996.25,626.90,9.71,24.84,0.10,-1,-1,-1
188,-1,2532.92,564.51,26.77,20.02,0.09,-1,-1,-1
188,-1,2401.10,562.07,21.51,44.59,0.09,-1,-1,-1
188,-1,2028.44,623.30,12.03,10.36,0.08,-1,-1,-1
188,-1,1840.08,1118.43,21.26,10.09,0.07,-1,-1,-1
188,-1,2255.27,610.63,21.66,10.59,0.07,-1,-1,-1
188,-1,2479.89,554.79,23.18,46.36,0.07,-1,-1,-1
188,-1,2059.34,621.23,12.24,10.80,0.06,-1,-1,-1
188,-1,2029.35,622.68,11.89,10.86,0.06,-1,-1,-1
188,-1,2065.22,705.93,10.15,25.93,0.06,-1,-1,-1
188,-1,2019.66,626.26,8.92,20.76,0.05,-1,-1,-1
189,-1,2073.45,1090.40,39.33,66.35,0.82,-1,-1,-1
189,-1,2214.63,1147.86,163.17,23.61,0.77,-1,-1,-1
189,-1,741.74,1095.81,30.21,35.61,0.76,-1,-1,-1
189,-1,2059.87,673.78,11.15,27.78,0.67,-1,-1,-1
189,-1,1996.05,624.69,9.71,23.24,0.41,-1,-1,-1
189,-1,1985.31,623.64,9.03,20.03,0.37,-1,-1,-1
189,-1,2018.65,624.70,8.93,20.50,0.22,-1,-1,-1
189,-1,737.85,1110.88,35.06,24.91,0.22,-1,-1,-1
189,-1,1584.23,675.60,11.17,14.46,0.19,-1,-1,-1
189,-1,2070.35,619.37,10.06,10.94,0.17,-1,-1,-1
189,-1,179.03,657.60,130.65,29.15,0.14,-1,-1,-1
189,-1,756.35,1110.01,16.19,20.27,0.13,-1,-1,-1
189,-1,2211.38,614.26,20.50,9.13,0.10,-1,-1,-1
189,-1,2047.68,622.75,12.31,10.08,0.10,-1,-1,-1
189,-1,2030.05,622.86,12.70,11.31,0.09,-1,-1,-1
189,-1,1925.32,634.71,9.31,30.65,0.09,-1,-1,-1
189,-1,2483.69,556.08,21.38,43.60,0.08,-1,-1,-1
189,-1,2061.79,621.42,10.42,10.38,0.08,-1,-1,-1
189,-1,2535.73,564.74,24.00,19.00,0.08,-1,-1,-1
189,-1,2256.67,609.16,22.18,11.93,0.07,-1,-1,-1
189,-1,204.92,674.23,14.80,11.90,0.06,-1,-1,-1
189,-1,1898.12,590.17,9.88,13.47,0.06,-1,-1,-1
189,-1,2401.60,561.67,24.33,45.85,0.06,-1,-1,-1
189,-1,1897.42,592.55,10.57,26.48,0.06,-1,-1,-1
189,-1,1924.67,627.46,7.96,16.45,0.05,-1,-1,-1
190,-1,2207.08,1145.90,152.63,27.72,0.83,-1,-1,-1
190,-1,2107.98,1090.09,23.37,61.10,0.80,-1,-1,-1
190,-1,2055.86,671.58,10.35,30.48,0.68,-1,-1,-1
190,-1,777.65,1068.09,17.22,19.28,0.63,-1,-1,-1
190,-1,1995.06,623.33,9.42,22.50,0.36,-1,-1,-1
190,-1,2016.88,623.44,9.16,20.46,0.33,-1,-1,-1
190,-1,1984.50,622.70,8.04,20.64,0.19,-1,-1,-1
190,-1,206.64,677.11,13.43,10.67,0.17,-1,-1,-1
190,-1,2030.23,621.36,12.24,11.66,0.16,-1,-1,-1
190,-1,669.21,594.00,13.94,8.49,0.13,-1,-1,-1
190,-1,1586.44,674.38,9.44,15.95,0.12,-1,-1,-1
190,-1,206.04,661.64,206.86,33.99,0.11,-1,-1,-1
190,-1,2071.92,619.06,9.85,10.14,0.11,-1,-1,-1
190,-1,2049.13,622.49,11.81,9.56,0.10,-1,-1,-1
190,-1,2535.41,563.61,24.16,25.15,0.10,-1,-1,-1
190,-1,1902.31,577.37,8.77,22.93,0.09,-1,-1,-1
190,-1,2483.55,547.72,20.73,51.77,0.08,-1,-1,-1
190,-1,1912.50,627.23,7.75,19.87,0.08,-1,-1,-1
190,-1,2063.04,620.28,11.35,10.23,0.07,-1,-1,-1
190,-1,759.33,1074.05,35.89,22.35,0.07,-1,-1,-1
191,-1,2223.19,1129.23,142.87,47.01,0.89,-1,-1,-1
191,-1,2131.85,1083.50,21.72,66.42,0.78,-1,-1,-1
191,-1,841.43,1071.14,19.03,17.39,0.72,-1,-1,-1
191,-1,2065.15,670.30,11.10,26.48,0.71,-1,-1,-1
191,-1,2007.51,622.12,9.40,23.80,0.37,-1,-1,-1
191,-1,1995.40,622.68,9.03,21.72,0.22,-1,-1,-1
191,-1,2084.34,618.47,10.82,10.54,0.19,-1,-1,-1
191,-1,2028.77,623.69,8.45,21.80,0.18,-1,-1,-1
191,-1,2042.84,621.33,12.42,11.14,0.14,-1,-1,-1
191,-1,1914.05,577.66,8.93,24.61,0.11,-1,-1,-1
191,-1,1919.32,627.29,8.30,24.82,0.11,-1,-1,-1
191,-1,225.17,677.48,15.11,9.63,0.10,-1,-1,-1
191,-1,783.80,616.45,56.30,17.37,0.09,-1,-1,-1
191,-1,1594.90,674.56,10.95,15.93,0.09,-1,-1,-1
191,-1,1758.99,587.57,13.96,13.70,0.08,-1,-1,-1
191,-1,1702.67,591.87,8.78,11.07,0.08,-1,-1,-1
191,-1,784.29,618.38,23.37,15.64,0.07,-1,-1,-1
191,-1,2062.77,621.81,10.24,9.84,0.06,-1,-1,-1
191,-1,2134.13,1126.25,16.69,24.09,0.06,-1,-1,-1
191,-1,1913.75,585.02,9.53,32.25,0.06,-1,-1,-1
191,-1,2225.86,613.70,22.20,9.10,0.05,-1,-1,-1
192,-1,2261.60,1140.70,135.49,35.22,0.91,-1,-1,-1
192,-1,866.23,1073.60,19.96,27.35,0.81,-1,-1,-1
192,-1,2153.26,1088.97,22.16,70.79,0.80,-1,-1,-1
192,-1,2065.30,667.00,10.88,25.37,0.72,-1,-1,-1
192,-1,2003.84,620.25,10.71,23.12,0.66,-1,-1,-1
192,-1,262.97,694.49,16.82,16.72,0.60,-1,-1,-1
192,-1,1990.22,619.91,8.86,22.94,0.31,-1,-1,-1
192,-1,1909.07,627.09,8.29,20.99,0.27,-1,-1,-1
192,-1,2025.87,621.10,8.44,21.04,0.22,-1,-1,-1
192,-1,2083.73,617.74,10.29,9.98,0.19,-1,-1,-1
192,-1,1588.26,675.53,9.30,17.09,0.17,-1,-1,-1
192,-1,107.21,690.82,15.36,8.76,0.17,-1,-1,-1
192,-1,2041.36,619.72,15.26,11.49,0.17,-1,-1,-1
192,-1,104.49,690.82,19.11,29.68,0.16,-1,-1,-1
192,-1,1910.48,577.95,9.65,22.19,0.14,-1,-1,-1
192,-1,2061.24,620.26,10.16,9.29,0.10,-1,-1,-1
192,-1,2072.45,619.43,10.32,9.36,0.06,-1,-1,-1
192,-1,2211.79,573.35,22.56,15.76,0.05,-1,-1,-1
193,-1,2325.62,1200.31,143.31,41.07,0.92,-1,-1,-1
193,-1,2249.00,1140.69,36.13,80.41,0.87,-1,-1,-1
193,-1,822.14,1124.35,35.19,41.58,0.84,-1,-1,-1
193,-1,219.85,714.32,16.52,17.73,0.72,-1,-1,-1
193,-1,2083.20,675.55,12.41,25.61,0.69,-1,-1,-1
193,-1,2012.08,627.95,9.82,23.89,0.51,-1,-1,-1
193,-1,2036.36,628.37,8.96,20.39,0.29,-1,-1,-1
193,-1,1998.68,627.45,8.74,21.31,0.20,-1,-1,-1
193,-1,657.84,602.54,16.92,8.69,0.16,-1,-1,-1
193,-1,2051.94,627.43,14.39,11.66,0.10,-1,-1,-1
193,-1,1912.43,636.19,9.10,19.73,0.09,-1,-1,-1
193,-1,2240.69,619.48,20.86,9.17,0.08,-1,-1,-1
193,-1,500.40,644.18,8.91,8.07,0.08,-1,-1,-1
193,-1,2095.15,625.42,10.14,10.77,0.08,-1,-1,-1
193,-1,2286.25,615.18,24.03,11.19,0.06,-1,-1,-1
193,-1,2086.15,626.08,11.38,10.70,0.05,-1,-1,-1
193,-1,1659.26,593.30,21.12,13.55,0.05,-1,-1,-1
193,-1,2080.41,627.07,11.58,10.07,0.05,-1,-1,-1
194,-1,2431.86,1309.66,127.73,55.74,0.90,-1,-1,-1
194,-1,2402.34,1253.13,54.88,82.33,0.90,-1,-1,-1
194,-1,733.62,1231.98,28.14,35.20,0.84,-1,-1,-1
194,-1,2116.70,689.67,12.13,26.00,0.76,-1,-1,-1
194,-1,162.60,739.29,21.09,12.82,0.63,-1,-1,-1
194,-1,2030.42,640.30,10.06,21.54,0.51,-1,-1,-1
194,-1,2016.05,639.12,8.47,21.63,0.30,-1,-1,-1
194,-1,2057.91,641.11,8.78,15.35,0.25,-1,-1,-1
194,-1,2072.73,640.87,12.83,11.45,0.24,-1,-1,-1
194,-1,642.92,610.49,15.47,11.39,0.21,-1,-1,-1
194,-1,2116.16,637.53,10.98,11.66,0.21,-1,-1,-1
194,-1,474.74,658.35,9.73,8.78,0.18,-1,-1,-1
194,-1,2103.53,639.27,12.36,10.92,0.17,-1,-1,-1
194,-1,1696.78,602.53,10.62,13.94,0.17,-1,-1,-1
194,-1,1637.43,692.94,42.01,14.99,0.14,-1,-1,-1
194,-1,2092.40,641.35,10.51,9.51,0.14,-1,-1,-1
194,-1,1927.48,649.85,7.98,26.73,0.09,-1,-1,-1
194,-1,2320.56,623.03,12.39,11.62,0.07,-1,-1,-1
194,-1,2317.14,625.32,21.07,12.73,0.07,-1,-1,-1
194,-1,1654.53,640.03,40.83,11.64,0.06,-1,-1,-1
194,-1,2314.78,624.79,25.03,14.69,0.06,-1,-1,-1
194,-1,2265.48,630.80,23.34,10.58,0.06,-1,-1,-1
195,-1,2416.17,718.64,10.90,10.25,0.23,-1,-1,-1
195,-1,1355.42,599.78,11.83,8.89,0.06,-1,-1,-1
195,-1,1190.25,645.61,9.93,8.39,0.06,-1,-1,-1
196,-1,302.67,916.47,41.76,18.93,0.59,-1,-1,-1
196,-1,1522.19,714.73,13.27,9.45,0.44,-1,-1,-1
196,-1,0.39,849.35,18.34,11.56,0.18,-1,-1,-1
196,-1,2107.06,597.45,15.19,10.45,0.18,-1,-1,-1
196,-1,1702.45,654.20,23.12,8.84,0.11,-1,-1,-1
196,-1,1897.19,644.26,20.84,9.54,0.10,-1,-1,-1
196,-1,618.80,12.47,346.75,357.91,0.06,-1,-1,-1
196,-1,1908.12,643.90,9.94,9.30,0.05,-1,-1,-1
197,-1,1884.38,817.96,20.72,20.60,0.83,-1,-1,-1
197,-1,673.59,775.25,13.47,19.88,0.60,-1,-1,-1
197,-1,1418.05,714.48,12.95,16.69,0.56,-1,-1,-1
197,-1,876.23,791.19,19.25,13.20,0.53,-1,-1,-1
197,-1,391.77,758.23,15.42,17.58,0.51,-1,-1,-1
197,-1,1580.53,730.11,9.65,15.56,0.49,-1,-1,-1
197,-1,659.22,816.27,12.26,21.88,0.46,-1,-1,-1
197,-1,2139.18,907.42,17.42,19.14,0.45,-1,-1,-1
197,-1,692.77,740.54,14.06,16.04,0.35,-1,-1,-1
197,-1,1506.83,728.43,9.10,16.61,0.35,-1,-1,-1
197,-1,654.66,786.00,40.27,10.92,0.25,-1,-1,-1
197,-1,1084.07,785.61,10.94,24.45,0.22,-1,-1,-1
197,-1,1672.89,1256.90,33.34,42.17,0.19,-1,-1,-1
197,-1,654.27,786.07,41.05,11.64,0.15,-1,-1,-1
197,-1,2120.39,909.02,72.26,22.04,0.11,-1,-1,-1
197,-1,1072.62,786.34,21.75,15.58,0.10,-1,-1,-1
197,-1,957.85,901.97,22.11,29.38,0.10,-1,-1,-1
197,-1,699.30,745.58,17.01,10.70,0.10,-1,-1,-1
197,-1,1310.70,695.35,20.01,10.01,0.08,-1,-1,-1
197,-1,2151.78,915.54,36.36,14.93,0.06,-1,-1,-1
197,-1,1085.41,785.64,9.12,12.76,0.05,-1,-1,-1
197,-1,2119.02,909.66,38.63,15.93,0.05,-1,-1,-1
198,-1,1403.60,814.01,11.10,13.00,0.66,-1,-1,-1
198,-1,1612.72,737.95,13.61,9.52,0.56,-1,-1,-1
198,-1,2510.16,851.62,14.43,19.92,0.46,-1,-1,-1
198,-1,2545.25,808.81,14.13,19.09,0.43,-1,-1,-1
198,-1,659.16,833.06,19.40,10.11,0.35,-1,-1,-1
198,-1,506.72,832.16,17.69,10.36,0.34,-1,-1,-1
198,-1,755.64,805.40,29.63,9.41,0.28,-1,-1,-1
198,-1,2241.81,760.18,26.66,19.43,0.20,-1,-1,-1
198,-1,2246.83,760.05,20.35,19.74,0.19,-1,-1,-1
198,-1,1005.58,680.45,9.16,9.42,0.16,-1,-1,-1
198,-1,620.86,832.03,59.57,15.39,0.15,-1,-1,-1
198,-1,856.54,635.06,9.91,9.38,0.14,-1,-1,-1
198,-1,482.76,831.96,43.32,11.94,0.13,-1,-1,-1
198,-1,482.20,831.96,43.25,11.27,0.13,-1,-1,-1
198,-1,647.74,616.46,13.19,10.59,0.11,-1,-1,-1
198,-1,675.32,623.58,9.76,13.16,0.08,-1,-1,-1
198,-1,500.43,832.32,37.83,11.23,0.08,-1,-1,-1
198,-1,1271.24,658.93,12.52,11.43,0.06,-1,-1,-1
199,-1,1407.36,820.78,25.18,14.17,0.70,-1,-1,-1
199,-1,2463.56,769.28,16.09,10.65,0.64,-1,-1,-1
199,-1,2168.46,837.74,17.23,18.67,0.46,-1,-1,-1
199,-1,2493.79,721.98,35.09,9.99,0.45,-1,-1,-1
199,-1,2055.89,668.64,11.92,17.00,0.41,-1,-1,-1
199,-1,1747.18,690.11,8.97,10.49,0.34,-1,-1,-1
199,-1,35.49,639.50,9.62,21.95,0.32,-1,-1,-1
199,-1,89.39,642.50,11.04,23.52,0.29,-1,-1,-1
199,-1,404.78,749.51,10.09,16.11,0.27,-1,-1,-1
199,-1,1287.37,820.97,18.89,10.09,0.26,-1,-1,-1
199,-1,1428.24,631.34,13.03,10.66,0.23,-1,-1,-1
199,-1,1507.21,818.05,21.44,8.44,0.22,-1,-1,-1
199,-1,426.58,678.20,19.63,23.21,0.20,-1,-1,-1
199,-1,1255.31,821.04,51.28,15.26,0.17,-1,-1,-1
199,-1,433.29,686.57,12.92,16.08,0.13,-1,-1,-1
199,-1,51.61,641.29,9.29,23.20,0.11,-1,-1,-1
199,-1,1406.52,621.77,11.81,9.72,0.09,-1,-1,-1
199,-1,61.07,642.97,9.15,18.27,0.08,-1,-1,-1
199,-1,425.92,677.15,16.02,15.03,0.08,-1,-1,-1
199,-1,1475.48,598.38,23.79,9.59,0.05,-1,-1,-1
200,-1,2190.79,860.47,19.74,11.23,0.53,-1,-1,-1
200,-1,1790.68,700.35,9.55,10.69,0.51,-1,-1,-1
200,-1,1559.40,831.64,12.51,10.28,0.49,-1,-1,-1
200,-1,2369.56,700.92,33.70,14.63,0.48,-1,-1,-1
200,-1,44.20,650.44,13.53,15.64,0.46,-1,-1,-1
200,-1,1464.17,634.72,24.30,15.80,0.45,-1,-1,-1
200,-1,2107.14,675.16,19.49,12.53,0.40,-1,-1,-1
200,-1,1457.05,850.10,23.43,10.72,0.33,-1,-1,-1
200,-1,1322.56,833.84,22.05,10.58,0.31,-1,-1,-1
200,-1,92.64,701.63,12.41,11.88,0.31,-1,-1,-1
200,-1,99.33,650.10,11.23,15.55,0.30,-1,-1,-1
200,-1,1427.22,849.61,53.89,12.49,0.26,-1,-1,-1
200,-1,78.17,651.82,13.94,19.08,0.24,-1,-1,-1
200,-1,1520.28,830.89,50.83,12.37,0.23,-1,-1,-1
200,-1,386.85,678.47,10.19,17.02,0.19,-1,-1,-1
200,-1,99.47,650.11,10.94,14.95,0.15,-1,-1,-1
200,-1,2546.49,732.13,13.04,12.28,0.13,-1,-1,-1
200,-1,386.11,678.83,14.29,34.49,0.12,-1,-1,-1
200,-1,1498.98,606.04,22.26,10.60,0.09,-1,-1,-1
200,-1,1997.88,697.67,12.63,8.36,0.08,-1,-1,-1
200,-1,295.98,600.72,13.99,12.92,0.08,-1,-1,-1
200,-1,1439.62,622.73,17.37,9.45,0.06,-1,-1,-1
200,-1,1638.15,644.54,10.69,12.47,0.06,-1,-1,-1
201,-1,2193.37,885.92,28.76,12.79,0.67,-1,-1,-1
201,-1,21.54,654.72,15.38,15.65,0.48,-1,-1,-1
201,-1,1792.89,704.96,10.09,10.02,0.46,-1,-1,-1
201,-1,1455.86,859.54,19.28,10.30,0.43,-1,-1,-1
201,-1,70.57,706.20,15.39,11.51,0.31,-1,-1,-1
201,-1,1552.53,838.31,19.78,10.28,0.31,-1,-1,-1
201,-1,68.01,653.64,22.33,15.82,0.29,-1,-1,-1
201,-1,313.07,619.35,16.60,13.69,0.27,-1,-1,-1
201,-1,1520.42,837.98,50.56,12.01,0.27,-1,-1,-1
201,-1,2111.32,678.72,19.18,10.65,0.21,-1,-1,-1
201,-1,1998.13,700.27,15.31,8.99,0.18,-1,-1,-1
201,-1,344.35,681.29,8.62,15.98,0.18,-1,-1,-1
201,-1,285.10,602.57,16.96,11.82,0.17,-1,-1,-1
201,-1,1461.56,634.77,11.19,10.63,0.11,-1,-1,-1
201,-1,1505.90,609.31,10.02,10.27,0.11,-1,-1,-1
201,-1,65.74,655.99,13.69,14.91,0.11,-1,-1,-1
201,-1,343.55,710.20,10.07,10.81,0.10,-1,-1,-1
201,-1,142.19,572.33,18.90,15.79,0.08,-1,-1,-1
201,-1,1634.04,643.55,9.19,14.82,0.07,-1,-1,-1
201,-1,115.55,578.39,16.48,15.81,0.06,-1,-1,-1
201,-1,1306.66,835.74,259.26,35.71,0.06,-1,-1,-1
201,-1,1308.18,844.47,48.76,12.94,0.05,-1,-1,-1
201,-1,1308.19,844.52,49.61,13.40,0.05,-1,-1,-1
202,-1,1799.18,694.07,11.29,10.82,0.62,-1,-1,-1
202,-1,1456.69,845.82,27.66,13.59,0.49,-1,-1,-1
202,-1,325.04,761.74,10.41,13.22,0.46,-1,-1,-1
202,-1,1296.02,832.48,46.85,12.93,0.37,-1,-1,-1
202,-1,1472.52,845.60,12.51,13.35,0.34,-1,-1,-1
202,-1,2216.12,884.22,64.50,17.06,0.32,-1,-1,-1
202,-1,1323.07,833.26,19.61,10.33,0.29,-1,-1,-1
202,-1,18.34,646.12,16.38,24.52,0.25,-1,-1,-1
202,-1,277.27,615.64,19.58,15.25,0.23,-1,-1,-1
202,-1,249.88,684.98,9.17,11.78,0.21,-1,-1,-1
202,-1,2251.34,884.47,27.72,15.91,0.15,-1,-1,-1
202,-1,2113.45,659.52,22.28,11.60,0.14,-1,-1,-1
202,-1,1482.93,607.91,20.64,8.64,0.12,-1,-1,-1
202,-1,2147.52,885.09,134.11,17.29,0.12,-1,-1,-1
202,-1,1866.55,632.54,15.59,16.51,0.11,-1,-1,-1
202,-1,2146.67,884.45,134.38,18.22,0.08,-1,-1,-1
202,-1,0.80,700.90,24.29,10.74,0.07,-1,-1,-1
202,-1,304.09,772.84,34.86,9.00,0.07,-1,-1,-1
202,-1,1764.09,640.37,9.33,9.14,0.06,-1,-1,-1
202,-1,2263.98,894.32,31.32,10.32,0.06,-1,-1,-1
203,-1,1820.07,694.00,9.90,10.28,0.58,-1,-1,-1
203,-1,1451.97,838.62,16.74,17.48,0.56,-1,-1,-1
203,-1,230.16,598.66,19.52,18.47,0.54,-1,-1,-1
203,-1,266.33,759.49,13.21,16.04,0.50,-1,-1,-1
203,-1,2316.57,903.56,84.89,19.91,0.46,-1,-1,-1
203,-1,1475.00,604.81,25.49,9.49,0.42,-1,-1,-1
203,-1,1501.90,832.47,9.59,9.86,0.32,-1,-1,-1
203,-1,1864.79,636.32,15.37,10.53,0.29,-1,-1,-1
203,-1,2017.62,690.83,12.65,8.95,0.24,-1,-1,-1
203,-1,2366.10,904.08,40.36,18.21,0.24,-1,-1,-1
203,-1,1453.44,832.68,57.26,22.30,0.16,-1,-1,-1
203,-1,1761.17,638.10,14.20,9.17,0.15,-1,-1,-1
203,-1,1523.65,628.03,16.04,9.54,0.13,-1,-1,-1
203,-1,1544.78,654.07,20.96,8.91,0.12,-1,-1,-1
203,-1,263.73,766.43,35.25,11.63,0.09,-1,-1,-1
203,-1,2318.11,666.03,51.44,23.84,0.09,-1,-1,-1
203,-1,321.69,623.31,28.55,17.78,0.07,-1,-1,-1
203,-1,2315.28,910.08,57.12,12.94,0.07,-1,-1,-1
203,-1,80.85,599.63,8.70,10.05,0.06,-1,-1,-1
204,-1,1460.89,866.36,60.59,17.00,0.67,-1,-1,-1
204,-1,205.52,776.95,11.57,14.61,0.58,-1,-1,-1
204,-1,1235.30,855.72,32.36,10.30,0.55,-1,-1,-1
204,-1,79.98,715.42,9.96,13.57,0.51,-1,-1,-1
204,-1,1382.69,899.26,28.66,14.08,0.50,-1,-1,-1
204,-1,2147.06,670.50,16.07,10.25,0.39,-1,-1,-1
204,-1,1351.23,897.09,59.30,16.46,0.34,-1,-1,-1
204,-1,102.82,698.98,8.96,9.85,0.28,-1,-1,-1
204,-1,1473.21,609.49,22.13,9.93,0.21,-1,-1,-1
204,-1,1854.46,707.34,9.38,8.38,0.19,-1,-1,-1
204,-1,1473.21,609.65,22.39,9.97,0.18,-1,-1,-1
204,-1,198.29,785.75,43.61,9.32,0.17,-1,-1,-1
204,-1,2292.82,684.20,10.54,10.91,0.15,-1,-1,-1
204,-1,1494.94,866.92,27.17,15.25,0.11,-1,-1,-1
204,-1,1772.64,644.02,9.31,11.37,0.11,-1,-1,-1
204,-1,1348.18,897.87,60.73,15.10,0.10,-1,-1,-1
204,-1,1254.15,855.59,13.49,8.91,0.09,-1,-1,-1
204,-1,2532.80,957.23,26.15,21.79,0.09,-1,-1,-1
204,-1,201.05,779.28,29.54,14.12,0.08,-1,-1,-1
204,-1,1491.48,876.59,34.79,10.54,0.07,-1,-1,-1
204,-1,1417.03,630.89,14.52,10.26,0.06,-1,-1,-1
204,-1,2276.47,684.41,28.68,22.78,0.06,-1,-1,-1
204,-1,192.39,614.54,10.20,8.89,0.05,-1,-1,-1
204,-1,1096.84,610.77,27.86,20.42,0.05,-1,-1,-1
204,-1,1876.74,644.31,15.04,8.59,0.05,-1,-1,-1
205,-1,2219.93,691.55,19.97,19.42,0.71,-1,-1,-1
205,-1,1476.54,902.74,65.36,16.63,0.69,-1,-1,-1
205,-1,169.43,785.15,13.01,15.13,0.69,-1,-1,-1
205,-1,18.39,720.09,20.50,13.51,0.57,-1,-1,-1
205,-1,1211.16,896.40,30.10,15.08,0.54,-1,-1,-1
205,-1,1367.68,948.37,46.99,15.60,0.51,-1,-1,-1
205,-1,60.88,696.50,11.44,13.37,0.49,-1,-1,-1
205,-1,1879.81,710.80,33.47,11.71,0.40,-1,-1,-1
205,-1,163.91,794.88,45.25,9.58,0.36,-1,-1,-1
205,-1,1210.76,902.78,31.70,11.31,0.31,-1,-1,-1
205,-1,2537.10,711.88,10.64,11.18,0.26,-1,-1,-1
205,-1,1625.31,642.53,10.77,9.19,0.16,-1,-1,-1
205,-1,2179.15,674.13,63.30,32.99,0.16,-1,-1,-1
205,-1,1787.09,644.21,16.44,10.09,0.16,-1,-1,-1
205,-1,1477.67,608.35,25.75,9.04,0.15,-1,-1,-1
205,-1,2180.15,674.23,15.27,10.68,0.13,-1,-1,-1
205,-1,1879.11,644.20,26.46,9.92,0.11,-1,-1,-1
205,-1,1878.83,644.29,26.70,9.81,0.10,-1,-1,-1
205,-1,1416.83,629.23,14.17,8.87,0.09,-1,-1,-1
205,-1,1167.06,897.57,61.18,16.22,0.09,-1,-1,-1
205,-1,1481.45,910.81,62.53,10.34,0.07,-1,-1,-1
205,-1,1522.55,903.54,17.61,12.39,0.06,-1,-1,-1
205,-1,1880.08,710.46,36.60,11.54,0.05,-1,-1,-1
206,-1,1153.79,909.24,78.52,18.60,0.71,-1,-1,-1
206,-1,1336.52,969.81,82.43,19.03,0.68,-1,-1,-1
206,-1,4.65,720.10,14.07,13.81,0.53,-1,-1,-1
206,-1,38.63,696.99,11.14,15.35,0.53,-1,-1,-1
206,-1,1887.57,710.20,36.22,10.59,0.46,-1,-1,-1
206,-1,151.35,791.20,16.84,13.32,0.42,-1,-1,-1
206,-1,1490.56,919.15,68.04,17.41,0.36,-1,-1,-1
206,-1,1793.25,646.13,10.93,9.69,0.35,-1,-1,-1
206,-1,1535.70,919.79,21.08,14.06,0.34,-1,-1,-1
206,-1,1416.49,628.92,13.07,9.84,0.33,-1,-1,-1
206,-1,156.07,799.21,33.11,9.40,0.17,-1,-1,-1
206,-1,2191.63,677.86,9.85,9.44,0.15,-1,-1,-1
206,-1,1480.79,607.64,24.77,9.29,0.15,-1,-1,-1
206,-1,1402.87,970.14,14.29,16.67,0.14,-1,-1,-1
206,-1,1887.33,710.34,12.98,9.35,0.14,-1,-1,-1
206,-1,1628.49,642.66,12.08,8.80,0.14,-1,-1,-1
206,-1,1896.37,644.41,19.02,9.44,0.13,-1,-1,-1
206,-1,1526.96,635.57,9.64,11.81,0.10,-1,-1,-1
206,-1,1455.32,634.41,9.75,11.30,0.09,-1,-1,-1
206,-1,1201.10,909.93,30.25,15.16,0.07,-1,-1,-1
206,-1,664.28,646.54,30.50,8.59,0.07,-1,-1,-1
206,-1,147.81,792.21,40.48,14.58,0.07,-1,-1,-1
206,-1,1494.95,607.95,12.57,8.83,0.06,-1,-1,-1
206,-1,120.91,608.60,12.90,8.69,0.05,-1,-1,-1
206,-1,123.28,798.47,72.73,11.79,0.05,-1,-1,-1
207,-1,1451.24,929.28,75.92,22.38,0.81,-1,-1,-1
207,-1,2498.68,752.38,12.35,13.79,0.74,-1,-1,-1
207,-1,1072.40,934.61,90.50,18.94,0.66,-1,-1,-1
207,-1,2132.58,677.78,18.93,12.53,0.51,-1,-1,-1
207,-1,1343.10,626.04,54.59,16.26,0.48,-1,-1,-1
207,-1,48.38,802.08,12.21,14.35,0.45,-1,-1,-1
207,-1,1336.62,998.08,22.83,17.51,0.45,-1,-1,-1
207,-1,1891.78,696.50,18.50,27.69,0.43,-1,-1,-1
207,-1,1497.33,939.11,37.76,12.18,0.31,-1,-1,-1
207,-1,1276.14,997.69,84.27,18.15,0.30,-1,-1,-1
207,-1,1817.19,646.89,37.58,10.45,0.23,-1,-1,-1
207,-1,40.50,812.00,50.03,8.51,0.21,-1,-1,-1
207,-1,1303.31,618.70,12.36,9.06,0.19,-1,-1,-1
207,-1,1345.53,626.48,14.66,11.52,0.19,-1,-1,-1
207,-1,1409.83,604.95,30.95,9.98,0.15,-1,-1,-1
207,-1,1429.86,605.19,11.76,9.86,0.15,-1,-1,-1
207,-1,39.99,801.82,25.65,16.64,0.11,-1,-1,-1
207,-1,1726.11,647.71,12.25,8.74,0.11,-1,-1,-1
207,-1,1319.70,1014.16,53.84,10.71,0.11,-1,-1,-1
207,-1,43.58,807.14,27.66,11.54,0.09,-1,-1,-1
207,-1,1882.24,727.66,81.24,11.32,0.07,-1,-1,-1
207,-1,506.62,1136.19,188.30,175.87,0.07,-1,-1,-1
207,-1,87.28,611.16,14.17,10.77,0.07,-1,-1,-1
207,-1,338.47,1005.98,369.22,311.82,0.07,-1,-1,-1
207,-1,339.98,1008.46,226.61,205.90,0.06,-1,-1,-1
208,-1,1240.13,1012.23,36.92,22.68,0.73,-1,-1,-1
208,-1,1411.70,936.82,25.24,17.28,0.55,-1,-1,-1
208,-1,2377.88,748.60,18.23,15.56,0.45,-1,-1,-1
208,-1,1339.25,636.14,11.94,10.86,0.43,-1,-1,-1
208,-1,2014.19,675.34,9.76,16.09,0.42,-1,-1,-1
208,-1,1612.13,680.62,20.71,22.59,0.41,-1,-1,-1
208,-1,1034.50,942.89,17.90,16.31,0.39,-1,-1,-1
208,-1,1846.47,698.97,10.24,12.08,0.39,-1,-1,-1
208,-1,1440.47,641.24,9.97,10.66,0.39,-1,-1,-1
208,-1,1367.12,936.87,70.31,17.33,0.36,-1,-1,-1
208,-1,967.39,940.74,82.13,23.53,0.33,-1,-1,-1
208,-1,1401.37,654.16,13.96,11.67,0.25,-1,-1,-1
208,-1,1264.32,634.67,11.20,8.90,0.25,-1,-1,-1
208,-1,1223.97,627.33,16.02,8.88,0.22,-1,-1,-1
208,-1,1698.68,642.68,32.11,10.50,0.21,-1,-1,-1
208,-1,1179.46,1014.90,97.89,20.78,0.19,-1,-1,-1
208,-1,1618.12,679.77,14.15,15.35,0.17,-1,-1,-1
208,-1,1184.08,617.47,12.53,9.41,0.16,-1,-1,-1
208,-1,1296.60,602.48,27.05,11.67,0.13,-1,-1,-1
208,-1,1622.82,691.89,24.99,9.84,0.10,-1,-1,-1
208,-1,1412.17,945.51,30.01,12.15,0.10,-1,-1,-1
208,-1,1607.53,646.16,10.22,8.90,0.09,-1,-1,-1
208,-1,1240.75,1020.73,36.75,14.61,0.08,-1,-1,-1
208,-1,1035.56,948.72,29.45,11.50,0.06,-1,-1,-1
208,-1,2375.68,748.23,21.31,30.69,0.05,-1,-1,-1
208,-1,1845.93,696.48,27.84,15.20,0.05,-1,-1,-1
209,-1,2396.17,745.84,15.56,15.03,0.79,-1,-1,-1
209,-1,1215.47,1020.35,105.25,23.02,0.77,-1,-1,-1
209,-1,993.17,944.34,97.54,18.12,0.76,-1,-1,-1
209,-1,1855.39,694.05,9.36,10.45,0.61,-1,-1,-1
209,-1,1398.65,648.32,11.59,11.74,0.56,-1,-1,-1
209,-1,1452.31,940.86,29.59,16.64,0.52,-1,-1,-1
209,-1,1601.99,697.44,10.25,13.60,0.50,-1,-1,-1
209,-1,1223.78,623.91,15.87,10.68,0.48,-1,-1,-1
209,-1,2029.39,677.01,10.54,12.88,0.36,-1,-1,-1
209,-1,1411.52,941.48,69.59,16.12,0.33,-1,-1,-1
209,-1,1615.02,643.57,9.13,10.77,0.32,-1,-1,-1
209,-1,715.58,616.07,45.13,18.56,0.28,-1,-1,-1
209,-1,1445.73,639.57,8.76,12.05,0.21,-1,-1,-1
209,-1,427.53,642.35,23.14,9.29,0.18,-1,-1,-1
209,-1,1703.42,641.94,21.92,9.67,0.16,-1,-1,-1
209,-1,1184.79,617.26,13.36,8.65,0.15,-1,-1,-1
209,-1,1323.26,600.87,10.45,10.14,0.13,-1,-1,-1
209,-1,1339.86,635.02,9.79,9.82,0.11,-1,-1,-1
209,-1,1224.05,626.39,48.00,13.19,0.09,-1,-1,-1
209,-1,1186.74,618.12,54.27,17.21,0.08,-1,-1,-1
209,-1,1263.78,632.59,9.65,8.89,0.08,-1,-1,-1
209,-1,1307.02,1021.25,14.49,14.97,0.07,-1,-1,-1
209,-1,1308.61,1025.16,28.77,15.24,0.06,-1,-1,-1
209,-1,1307.12,1022.31,25.74,19.11,0.05,-1,-1,-1
210,-1,1271.99,1018.53,101.12,24.56,0.80,-1,-1,-1
210,-1,1326.36,681.43,15.95,29.66,0.77,-1,-1,-1
210,-1,1864.96,696.17,14.00,13.97,0.69,-1,-1,-1
210,-1,654.57,616.24,10.23,12.27,0.68,-1,-1,-1
210,-1,1605.13,704.19,14.84,12.01,0.65,-1,-1,-1
210,-1,2414.72,749.35,12.20,16.54,0.64,-1,-1,-1
210,-1,1499.24,938.20,32.72,16.60,0.62,-1,-1,-1
210,-1,2047.20,678.45,15.94,15.10,0.57,-1,-1,-1
210,-1,1091.20,945.03,43.84,19.60,0.48,-1,-1,-1
210,-1,1397.13,649.51,13.91,12.60,0.44,-1,-1,-1
210,-1,1621.57,643.78,10.30,9.38,0.39,-1,-1,-1
210,-1,1225.53,625.83,13.52,9.74,0.37,-1,-1,-1
210,-1,1331.11,600.18,11.63,9.43,0.23,-1,-1,-1
210,-1,1705.94,641.83,44.34,9.82,0.20,-1,-1,-1
210,-1,1089.75,955.15,46.07,18.50,0.19,-1,-1,-1
210,-1,1044.74,943.73,88.39,23.82,0.17,-1,-1,-1
210,-1,1455.99,941.92,75.98,15.39,0.17,-1,-1,-1
210,-1,1346.47,635.00,8.59,9.94,0.17,-1,-1,-1
210,-1,1265.66,632.68,11.81,8.31,0.16,-1,-1,-1
210,-1,1707.94,641.86,18.64,9.37,0.16,-1,-1,-1
210,-1,1499.57,946.78,38.34,11.10,0.12,-1,-1,-1
210,-1,1451.88,639.73,8.87,9.88,0.10,-1,-1,-1
210,-1,2401.01,749.91,27.19,15.40,0.08,-1,-1,-1
210,-1,2400.94,754.22,27.11,12.00,0.07,-1,-1,-1
210,-1,426.77,640.41,21.89,9.42,0.06,-1,-1,-1
210,-1,426.53,640.18,22.02,9.63,0.06,-1,-1,-1
210,-1,1297.14,601.30,15.15,8.44,0.06,-1,-1,-1
210,-1,1271.17,1021.92,107.46,20.95,0.06,-1,-1,-1
211,-1,1490.44,941.00,69.27,15.01,0.75,-1,-1,-1
211,-1,1872.56,698.86,12.71,14.84,0.71,-1,-1,-1
211,-1,1608.68,704.92,12.33,14.17,0.70,-1,-1,-1
211,-1,2057.15,677.96,18.13,16.73,0.58,-1,-1,-1
211,-1,1398.57,652.02,11.06,12.15,0.58,-1,-1,-1
211,-1,1382.77,1025.62,32.13,23.48,0.58,-1,-1,-1
211,-1,1245.89,682.27,16.65,23.92,0.57,-1,-1,-1
211,-1,2425.63,752.69,12.83,24.68,0.55,-1,-1,-1
211,-1,1103.10,941.40,60.31,18.16,0.53,-1,-1,-1
211,-1,426.19,641.36,36.53,10.98,0.52,-1,-1,-1
211,-1,1624.68,644.00,15.03,9.59,0.46,-1,-1,-1
211,-1,1384.90,1038.23,44.80,13.13,0.41,-1,-1,-1
211,-1,1325.92,1024.85,90.88,25.99,0.37,-1,-1,-1
211,-1,1270.17,633.30,11.42,8.96,0.31,-1,-1,-1
211,-1,1705.99,641.34,29.90,9.58,0.27,-1,-1,-1
211,-1,1228.82,625.36,11.97,10.96,0.20,-1,-1,-1
211,-1,1350.47,636.12,9.68,10.08,0.14,-1,-1,-1
211,-1,1336.87,599.48,8.88,10.15,0.14,-1,-1,-1
211,-1,1497.92,946.37,65.85,10.41,0.14,-1,-1,-1
211,-1,1132.44,943.79,31.11,15.27,0.12,-1,-1,-1
211,-1,1491.42,942.25,33.97,12.85,0.11,-1,-1,-1
211,-1,565.53,608.04,292.70,53.11,0.10,-1,-1,-1
211,-1,598.70,618.77,26.00,20.59,0.10,-1,-1,-1
211,-1,1177.64,613.37,19.00,10.10,0.10,-1,-1,-1
211,-1,1535.13,949.44,31.26,8.64,0.09,-1,-1,-1
211,-1,1138.81,950.93,26.55,9.57,0.07,-1,-1,-1
211,-1,1455.09,639.92,8.75,9.84,0.07,-1,-1,-1
211,-1,1297.12,602.61,15.36,8.80,0.07,-1,-1,-1
211,-1,1214.22,625.45,27.26,11.64,0.05,-1,-1,-1
212,-1,2438.23,752.24,11.04,18.90,0.69,-1,-1,-1
212,-1,1609.80,705.03,12.29,20.95,0.69,-1,-1,-1
212,-1,1102.28,691.86,16.79,20.36,0.68,-1,-1,-1
212,-1,1474.67,1023.78,26.94,26.42,0.64,-1,-1,-1
212,-1,1889.48,701.46,10.56,14.02,0.60,-1,-1,-1
212,-1,2071.03,676.42,13.60,15.15,0.47,-1,-1,-1
212,-1,1632.01,642.53,9.54,12.89,0.47,-1,-1,-1
212,-1,1402.58,1023.14,97.07,26.55,0.45,-1,-1,-1
212,-1,1233.69,625.84,11.78,12.56,0.41,-1,-1,-1
212,-1,1136.92,941.02,82.99,21.49,0.40,-1,-1,-1
212,-1,1567.60,946.57,30.91,16.40,0.39,-1,-1,-1
212,-1,1400.36,653.51,9.52,11.83,0.30,-1,-1,-1
212,-1,1275.09,633.25,11.37,9.46,0.29,-1,-1,-1
212,-1,1190.40,940.78,28.65,14.72,0.24,-1,-1,-1
212,-1,1190.12,947.35,40.81,12.93,0.19,-1,-1,-1
212,-1,1460.66,640.13,9.75,12.37,0.17,-1,-1,-1
212,-1,1355.60,635.38,9.48,11.81,0.16,-1,-1,-1
212,-1,1339.00,596.22,12.17,11.30,0.15,-1,-1,-1
212,-1,1091.48,708.62,41.33,13.17,0.15,-1,-1,-1
212,-1,434.07,641.44,11.34,8.67,0.11,-1,-1,-1
212,-1,434.25,641.42,11.23,8.68,0.08,-1,-1,-1
212,-1,1717.94,641.98,28.54,9.22,0.05,-1,-1,-1
213,-1,1609.13,707.93,11.14,13.90,0.77,-1,-1,-1
213,-1,2446.87,754.56,15.47,21.32,0.75,-1,-1,-1
213,-1,1901.27,704.20,10.77,15.11,0.72,-1,-1,-1
213,-1,1186.35,949.57,87.95,16.13,0.56,-1,-1,-1
213,-1,1522.24,1011.19,54.47,25.01,0.55,-1,-1,-1
213,-1,1400.32,654.99,9.90,14.77,0.55,-1,-1,-1
213,-1,2086.57,681.51,10.07,10.43,0.39,-1,-1,-1
213,-1,1638.02,646.02,9.96,9.12,0.28,-1,-1,-1
213,-1,1713.09,643.51,40.57,10.40,0.28,-1,-1,-1
213,-1,966.55,683.68,13.93,25.22,0.24,-1,-1,-1
213,-1,966.31,683.75,14.31,26.38,0.19,-1,-1,-1
213,-1,1464.62,640.16,8.49,9.78,0.19,-1,-1,-1
213,-1,1246.43,949.81,26.21,12.82,0.19,-1,-1,-1
213,-1,1281.00,634.53,11.22,8.97,0.14,-1,-1,-1
213,-1,1280.64,601.14,20.79,9.11,0.13,-1,-1,-1
213,-1,1332.27,590.89,9.56,9.26,0.13,-1,-1,-1
213,-1,1564.25,1011.83,12.24,12.69,0.12,-1,-1,-1
213,-1,434.74,642.14,24.46,12.75,0.12,-1,-1,-1
213,-1,839.09,580.76,25.65,10.79,0.10,-1,-1,-1
213,-1,1360.25,636.46,8.92,9.35,0.10,-1,-1,-1
213,-1,952.66,712.10,36.36,12.12,0.08,-1,-1,-1
213,-1,46.70,593.15,13.99,10.22,0.07,-1,-1,-1
213,-1,1172.40,618.74,17.41,8.66,0.06,-1,-1,-1
213,-1,1020.19,679.23,31.37,21.93,0.06,-1,-1,-1
214,-1,1624.42,714.86,11.50,17.53,0.77,-1,-1,-1
214,-1,831.80,694.59,18.09,27.01,0.76,-1,-1,-1
214,-1,2475.22,760.80,11.68,15.44,0.62,-1,-1,-1
214,-1,1405.57,656.28,12.62,13.71,0.57,-1,-1,-1
214,-1,2090.53,682.10,23.00,15.36,0.54,-1,-1,-1
214,-1,1240.11,630.17,55.87,14.67,0.38,-1,-1,-1
214,-1,1924.75,707.87,8.82,15.29,0.26,-1,-1,-1
214,-1,1365.81,636.07,10.03,11.69,0.25,-1,-1,-1
214,-1,1643.15,648.05,13.17,9.38,0.20,-1,-1,-1
214,-1,1286.39,635.34,9.86,11.00,0.20,-1,-1,-1
214,-1,1717.60,644.22,36.53,9.92,0.18,-1,-1,-1
214,-1,1469.72,641.61,8.61,10.81,0.10,-1,-1,-1
214,-1,1238.96,629.72,17.93,10.08,0.09,-1,-1,-1
214,-1,50.24,592.03,15.18,10.59,0.07,-1,-1,-1
214,-1,1164.00,618.13,15.71,8.07,0.06,-1,-1,-1
215,-1,1658.35,921.71,19.70,18.05,0.71,-1,-1,-1
215,-1,1672.29,714.54,10.36,16.72,0.70,-1,-1,-1
215,-1,1346.78,916.42,13.04,9.99,0.68,-1,-1,-1
215,-1,1439.56,660.81,13.52,10.83,0.55,-1,-1,-1
215,-1,1968.30,711.61,25.47,15.49,0.55,-1,-1,-1
215,-1,1643.58,993.10,27.16,21.52,0.54,-1,-1,-1
215,-1,2127.87,675.52,23.07,11.31,0.41,-1,-1,-1
215,-1,2530.64,765.39,21.75,13.04,0.37,-1,-1,-1
215,-1,1498.60,642.44,11.34,10.91,0.37,-1,-1,-1
215,-1,1386.35,634.45,8.96,12.04,0.23,-1,-1,-1
215,-1,1756.72,643.22,28.03,10.99,0.15,-1,-1,-1
215,-1,1310.86,632.26,11.81,9.49,0.11,-1,-1,-1
215,-1,1257.39,627.21,19.46,8.79,0.11,-1,-1,-1
215,-1,756.37,694.02,29.01,26.97,0.08,-1,-1,-1
215,-1,1173.53,616.50,12.06,9.00,0.07,-1,-1,-1
215,-1,1675.75,646.88,8.95,9.98,0.07,-1,-1,-1
215,-1,1259.39,629.18,61.41,12.01,0.07,-1,-1,-1
215,-1,1315.27,593.00,14.95,12.83,0.06,-1,-1,-1
215,-1,1666.25,930.25,23.49,11.04,0.06,-1,-1,-1
215,-1,1315.34,592.83,14.79,12.89,0.06,-1,-1,-1
215,-1,1173.77,616.46,11.77,8.92,0.06,-1,-1,-1
215,-1,1231.63,595.86,23.44,8.99,0.05,-1,-1,-1
216,-1,1717.07,713.97,10.35,17.56,0.73,-1,-1,-1
216,-1,1734.45,929.60,41.85,14.18,0.71,-1,-1,-1
216,-1,1375.14,928.19,48.64,16.13,0.67,-1,-1,-1
216,-1,2031.45,710.62,13.53,11.80,0.53,-1,-1,-1
216,-1,1470.52,656.64,12.53,15.13,0.52,-1,-1,-1
216,-1,1524.98,641.44,9.16,10.68,0.41,-1,-1,-1
216,-1,22.56,804.70,14.30,10.90,0.37,-1,-1,-1
216,-1,1723.49,999.47,29.10,20.96,0.36,-1,-1,-1
216,-1,19.15,812.36,36.31,11.03,0.33,-1,-1,-1
216,-1,1683.80,999.42,70.04,22.14,0.31,-1,-1,-1
216,-1,8.01,804.91,29.27,13.19,0.28,-1,-1,-1
216,-1,1703.42,643.51,8.95,9.63,0.18,-1,-1,-1
216,-1,2176.47,674.47,9.25,13.42,0.18,-1,-1,-1
216,-1,1335.47,631.96,12.05,9.31,0.13,-1,-1,-1
216,-1,1767.45,640.36,50.32,10.19,0.12,-1,-1,-1
216,-1,715.39,550.45,21.08,9.82,0.11,-1,-1,-1
216,-1,82.35,592.17,13.13,9.08,0.09,-1,-1,-1
216,-1,1274.22,622.76,24.94,9.12,0.09,-1,-1,-1
216,-1,560.15,678.27,66.12,21.61,0.06,-1,-1,-1
216,-1,1333.98,596.20,10.93,9.86,0.05,-1,-1,-1
216,-1,443.38,1303.73,51.11,19.76,0.05,-1,-1,-1
216,-1,1707.15,993.48,76.60,11.09,0.05,-1,-1,-1
217,-1,1899.73,1018.78,121.25,27.82,0.80,-1,-1,-1
217,-1,1832.44,714.35,12.59,17.59,0.73,-1,-1,-1
217,-1,1516.21,941.82,95.41,21.76,0.64,-1,-1,-1
217,-1,2149.51,707.12,11.35,12.48,0.62,-1,-1,-1
217,-1,1544.26,653.49,10.65,12.91,0.61,-1,-1,-1
217,-1,167.63,802.56,15.47,13.70,0.60,-1,-1,-1
217,-1,1914.43,941.43,76.67,16.35,0.56,-1,-1,-1
217,-1,1961.52,942.96,29.74,13.82,0.47,-1,-1,-1
217,-1,1217.41,605.52,27.67,13.00,0.45,-1,-1,-1
217,-1,1515.93,941.83,95.68,21.90,0.36,-1,-1,-1
217,-1,1385.99,630.53,17.73,9.52,0.33,-1,-1,-1
217,-1,2264.26,669.81,10.82,16.04,0.27,-1,-1,-1
217,-1,1472.25,632.99,11.94,13.09,0.24,-1,-1,-1
217,-1,2001.56,1039.10,23.73,10.79,0.22,-1,-1,-1
217,-1,590.83,682.75,162.26,36.68,0.21,-1,-1,-1
217,-1,1898.57,1026.25,120.52,20.81,0.13,-1,-1,-1
217,-1,152.24,811.46,47.33,10.16,0.13,-1,-1,-1
217,-1,1771.52,638.22,12.61,12.29,0.13,-1,-1,-1
217,-1,118.63,590.84,14.83,9.20,0.13,-1,-1,-1
217,-1,1897.51,1032.62,36.69,11.73,0.12,-1,-1,-1
217,-1,2253.51,671.08,21.18,14.99,0.12,-1,-1,-1
217,-1,1364.38,597.46,23.81,10.52,0.11,-1,-1,-1
217,-1,1589.30,639.47,8.99,10.09,0.09,-1,-1,-1
217,-1,1898.85,1035.74,71.04,11.06,0.08,-1,-1,-1
217,-1,1989.19,1027.58,34.53,19.28,0.07,-1,-1,-1
217,-1,1357.13,630.46,47.35,10.70,0.06,-1,-1,-1
217,-1,1563.32,944.83,47.76,17.69,0.06,-1,-1,-1
217,-1,1364.82,597.36,24.62,10.64,0.06,-1,-1,-1
217,-1,701.74,550.32,12.94,8.88,0.06,-1,-1,-1
217,-1,142.79,802.77,44.87,16.72,0.05,-1,-1,-1
218,-1,2258.46,1043.13,122.44,26.80,0.77,-1,-1,-1
218,-1,2232.17,957.47,79.62,18.90,0.75,-1,-1,-1
218,-1,1816.72,965.59,106.87,22.00,0.69,-1,-1,-1
218,-1,1982.88,721.28,12.17,18.09,0.67,-1,-1,-1
218,-1,1640.10,656.15,15.01,12.89,0.58,-1,-1,-1
218,-1,1457.61,630.52,13.27,9.24,0.54,-1,-1,-1
218,-1,2243.89,988.85,45.76,15.76,0.53,-1,-1,-1
218,-1,33.15,728.69,10.31,15.41,0.52,-1,-1,-1
218,-1,321.23,812.68,39.97,15.24,0.46,-1,-1,-1
218,-1,348.91,813.05,12.07,12.63,0.45,-1,-1,-1
218,-1,13.93,700.37,10.60,10.77,0.43,-1,-1,-1
218,-1,2370.99,666.08,12.52,14.42,0.38,-1,-1,-1
218,-1,2284.26,712.79,20.70,10.94,0.33,-1,-1,-1
218,-1,1.15,740.48,65.67,8.53,0.23,-1,-1,-1
218,-1,335.55,821.51,47.10,9.90,0.20,-1,-1,-1
218,-1,95.94,596.41,15.51,9.83,0.20,-1,-1,-1
218,-1,1905.31,976.50,29.63,12.76,0.20,-1,-1,-1
218,-1,1672.02,635.43,9.51,14.96,0.19,-1,-1,-1
218,-1,1421.19,599.58,16.20,9.06,0.17,-1,-1,-1
218,-1,2410.50,1011.01,57.19,16.92,0.14,-1,-1,-1
218,-1,165.26,592.15,10.81,9.13,0.11,-1,-1,-1
218,-1,241.65,540.55,25.15,25.91,0.10,-1,-1,-1
218,-1,2325.80,1043.79,47.99,25.15,0.10,-1,-1,-1
218,-1,1545.59,632.23,9.96,10.82,0.09,-1,-1,-1
218,-1,47.30,600.95,8.65,15.15,0.09,-1,-1,-1
218,-1,1921.85,639.30,25.51,9.11,0.08,-1,-1,-1
218,-1,242.27,557.64,20.40,9.57,0.06,-1,-1,-1
218,-1,1857.79,636.07,13.10,10.72,0.05,-1,-1,-1
218,-1,23.39,736.17,33.11,11.62,0.05,-1,-1,-1
218,-1,1816.27,967.12,114.56,21.62,0.05,-1,-1,-1
219,-1,2187.33,1008.38,88.17,18.80,0.68,-1,-1,-1
219,-1,154.33,737.84,11.11,16.36,0.66,-1,-1,-1
219,-1,566.08,833.37,42.56,12.39,0.58,-1,-1,-1
219,-1,565.77,829.57,19.01,10.79,0.56,-1,-1,-1
219,-1,2157.01,726.93,12.32,16.42,0.55,-1,-1,-1
219,-1,113.76,707.04,9.77,14.46,0.53,-1,-1,-1
219,-1,1540.34,632.36,10.64,10.44,0.51,-1,-1,-1
219,-1,135.40,749.29,53.14,9.10,0.43,-1,-1,-1
219,-1,1757.53,634.33,11.74,12.65,0.39,-1,-1,-1
219,-1,1747.70,658.33,10.06,13.66,0.31,-1,-1,-1
219,-1,2436.34,706.30,26.88,25.91,0.25,-1,-1,-1
219,-1,2436.19,713.21,16.50,19.13,0.22,-1,-1,-1
219,-1,1344.20,585.37,20.95,9.06,0.19,-1,-1,-1
219,-1,1627.73,631.73,9.89,17.05,0.18,-1,-1,-1
219,-1,2451.68,703.11,13.33,13.45,0.14,-1,-1,-1
219,-1,211.34,592.94,9.77,11.64,0.13,-1,-1,-1
219,-1,1488.70,602.46,9.83,9.91,0.07,-1,-1,-1
219,-1,2499.62,680.73,9.08,9.51,0.07,-1,-1,-1
219,-1,1952.73,645.44,18.57,9.16,0.07,-1,-1,-1
219,-1,1489.10,602.46,10.73,9.83,0.06,-1,-1,-1
219,-1,1281.12,608.74,55.51,10.31,0.06,-1,-1,-1
220,-1,2350.82,737.53,12.36,20.64,0.75,-1,-1,-1
220,-1,215.51,720.06,12.83,16.19,0.69,-1,-1,-1
220,-1,278.19,753.08,11.85,16.32,0.64,-1,-1,-1
220,-1,1865.14,661.74,13.25,12.43,0.61,-1,-1,-1
220,-1,1854.81,645.61,10.33,9.48,0.59,-1,-1,-1
220,-1,1624.37,635.70,16.44,12.42,0.53,-1,-1,-1
220,-1,262.55,765.31,55.28,9.03,0.41,-1,-1,-1
220,-1,1715.22,638.51,9.23,9.19,0.31,-1,-1,-1
220,-1,783.13,851.66,42.53,15.44,0.31,-1,-1,-1
220,-1,783.49,851.26,42.38,15.96,0.18,-1,-1,-1
220,-1,1487.79,627.06,19.68,8.81,0.18,-1,-1,-1
220,-1,1555.65,605.60,9.09,11.78,0.16,-1,-1,-1
220,-1,2062.36,656.43,23.64,8.82,0.15,-1,-1,-1
220,-1,137.83,609.95,18.43,13.86,0.13,-1,-1,-1
220,-1,1338.81,619.46,10.40,8.21,0.12,-1,-1,-1
220,-1,2122.99,656.68,38.68,9.23,0.09,-1,-1,-1
220,-1,182.08,539.05,19.42,11.00,0.08,-1,-1,-1
220,-1,735.52,852.98,91.99,14.46,0.06,-1,-1,-1
221,-1,2478.00,744.94,14.63,20.79,0.69,-1,-1,-1
221,-1,339.65,776.44,55.55,9.91,0.65,-1,-1,-1
221,-1,282.25,728.39,12.46,18.84,0.65,-1,-1,-1
221,-1,1300.92,737.38,17.40,15.87,0.63,-1,-1,-1
221,-1,354.46,764.99,12.16,14.61,0.59,-1,-1,-1
221,-1,1921.20,652.92,10.92,10.22,0.55,-1,-1,-1
221,-1,1936.71,664.31,11.62,15.31,0.47,-1,-1,-1
221,-1,2208.00,661.41,28.81,8.97,0.22,-1,-1,-1
221,-1,1674.97,641.89,11.47,8.88,0.18,-1,-1,-1
221,-1,2138.21,662.23,30.37,9.30,0.17,-1,-1,-1
221,-1,1600.61,610.88,9.10,10.82,0.14,-1,-1,-1
221,-1,1377.25,625.28,18.72,8.86,0.12,-1,-1,-1
221,-1,1774.14,643.96,8.56,11.04,0.11,-1,-1,-1
221,-1,724.88,660.14,34.72,10.40,0.07,-1,-1,-1
221,-1,2137.39,662.02,67.40,11.52,0.07,-1,-1,-1
222,-1,93.97,948.50,20.21,37.36,0.76,-1,-1,-1
222,-1,403.82,746.98,12.46,18.83,0.74,-1,-1,-1
222,-1,60.80,984.76,87.70,17.16,0.72,-1,-1,-1
222,-1,496.15,790.40,13.56,16.98,0.69,-1,-1,-1
222,-1,2068.78,669.99,11.70,13.69,0.56,-1,-1,-1
222,-1,1677.30,616.18,14.20,11.82,0.53,-1,-1,-1
222,-1,1136.87,896.30,14.66,11.55,0.50,-1,-1,-1
222,-1,1781.77,653.76,10.63,9.47,0.42,-1,-1,-1
222,-1,479.42,803.52,56.72,8.95,0.42,-1,-1,-1
222,-1,1890.08,658.52,9.25,9.31,0.28,-1,-1,-1
222,-1,1454.10,626.30,17.45,16.70,0.27,-1,-1,-1
222,-1,2281.67,676.06,15.74,10.55,0.24,-1,-1,-1
222,-1,2051.19,665.21,8.74,10.24,0.23,-1,-1,-1
222,-1,1122.20,895.82,29.02,12.58,0.17,-1,-1,-1
222,-1,1473.85,753.72,26.80,12.17,0.14,-1,-1,-1
222,-1,2351.08,672.24,18.64,9.29,0.11,-1,-1,-1
222,-1,205.35,622.71,8.81,13.24,0.10,-1,-1,-1
222,-1,1608.94,641.55,24.01,9.77,0.09,-1,-1,-1
222,-1,1086.95,656.62,14.70,12.05,0.07,-1,-1,-1
222,-1,41.70,595.60,9.23,14.73,0.06,-1,-1,-1
222,-1,1473.13,753.81,26.61,12.43,0.06,-1,-1,-1
222,-1,1489.83,598.94,21.27,8.50,0.05,-1,-1,-1
223,-1,296.99,1018.11,23.48,47.21,0.83,-1,-1,-1
223,-1,258.60,1064.58,96.89,14.39,0.75,-1,-1,-1
223,-1,1371.85,946.69,28.46,17.13,0.67,-1,-1,-1
223,-1,639.69,808.11,20.83,16.97,0.63,-1,-1,-1
223,-1,2175.95,674.39,11.01,11.92,0.61,-1,-1,-1
223,-1,2207.68,690.93,9.62,10.51,0.42,-1,-1,-1
223,-1,1886.69,662.56,9.50,10.56,0.42,-1,-1,-1
223,-1,2001.22,665.58,9.06,9.25,0.26,-1,-1,-1
223,-1,1675.18,650.11,24.56,8.77,0.26,-1,-1,-1
223,-1,1668.65,780.80,18.67,10.86,0.25,-1,-1,-1
223,-1,1519.45,639.65,11.65,9.46,0.21,-1,-1,-1
223,-1,1751.49,619.47,9.06,12.07,0.19,-1,-1,-1
223,-1,225.87,630.45,9.45,11.63,0.17,-1,-1,-1
223,-1,521.78,736.69,29.14,36.56,0.16,-1,-1,-1
223,-1,28.78,613.23,14.17,11.27,0.15,-1,-1,-1
223,-1,2486.86,680.31,33.69,9.43,0.12,-1,-1,-1
223,-1,658.29,804.43,31.05,14.11,0.12,-1,-1,-1
223,-1,27.87,612.84,15.06,11.72,0.10,-1,-1,-1
223,-1,2432.74,680.56,86.99,15.48,0.09,-1,-1,-1
223,-1,1617.92,779.51,68.06,10.75,0.08,-1,-1,-1
223,-1,2486.17,680.57,33.55,9.94,0.08,-1,-1,-1
223,-1,1183.39,671.75,10.22,8.90,0.08,-1,-1,-1
223,-1,639.82,804.33,49.35,23.47,0.06,-1,-1,-1
223,-1,492.99,736.63,58.61,48.08,0.06,-1,-1,-1
224,-1,355.99,1161.84,97.78,48.90,0.89,-1,-1,-1
224,-1,388.50,1129.71,28.02,57.09,0.75,-1,-1,-1
224,-1,2114.96,676.64,15.27,11.26,0.75,-1,-1,-1
224,-1,2162.23,695.47,12.75,16.90,0.69,-1,-1,-1
224,-1,1643.85,618.80,13.32,13.31,0.59,-1,-1,-1
224,-1,412.76,807.22,13.42,13.22,0.50,-1,-1,-1
224,-1,1937.12,670.77,9.16,10.80,0.49,-1,-1,-1
224,-1,1489.30,1006.54,96.61,28.99,0.47,-1,-1,-1
224,-1,1816.62,667.39,8.89,9.79,0.42,-1,-1,-1
224,-1,1541.82,1007.55,44.37,24.95,0.34,-1,-1,-1
224,-1,1679.13,800.40,36.04,13.79,0.33,-1,-1,-1
224,-1,426.60,807.75,40.53,15.47,0.33,-1,-1,-1
224,-1,2419.97,679.30,19.20,9.06,0.23,-1,-1,-1
224,-1,2381.85,689.84,22.07,11.76,0.23,-1,-1,-1
224,-1,399.54,527.34,49.39,13.04,0.07,-1,-1,-1
224,-1,1558.76,1030.37,59.77,11.74,0.07,-1,-1,-1
224,-1,349.23,527.29,99.04,14.59,0.06,-1,-1,-1
224,-1,418.07,806.57,47.60,14.79,0.06,-1,-1,-1
224,-1,730.81,630.29,819.88,803.26,0.06,-1,-1,-1
224,-1,1428.85,645.57,9.82,9.02,0.05,-1,-1,-1
224,-1,1480.93,634.90,20.67,8.29,0.05,-1,-1,-1
225,-1,483.98,1296.28,54.60,57.96,0.78,-1,-1,-1
225,-1,1953.75,677.68,12.58,13.19,0.70,-1,-1,-1
225,-1,1653.40,673.71,10.03,12.02,0.70,-1,-1,-1
225,-1,2017.29,696.81,10.40,18.98,0.68,-1,-1,-1
225,-1,367.32,929.99,20.12,16.50,0.68,-1,-1,-1
225,-1,225.81,855.37,13.34,18.31,0.61,-1,-1,-1
225,-1,1651.89,1071.53,63.04,27.58,0.57,-1,-1,-1
225,-1,1773.72,674.25,9.18,14.03,0.54,-1,-1,-1
225,-1,345.04,939.69,79.91,15.70,0.44,-1,-1,-1
225,-1,1450.08,624.85,9.93,13.27,0.41,-1,-1,-1
225,-1,1398.29,662.70,17.21,9.09,0.32,-1,-1,-1
225,-1,345.86,943.88,48.12,10.86,0.28,-1,-1,-1
225,-1,482.65,1318.18,69.27,40.64,0.19,-1,-1,-1
225,-1,483.32,1334.04,54.51,21.78,0.16,-1,-1,-1
225,-1,197.95,854.91,41.55,19.82,0.15,-1,-1,-1
225,-1,1647.99,820.07,15.03,13.42,0.13,-1,-1,-1
225,-1,1648.07,820.16,17.57,13.55,0.12,-1,-1,-1
225,-1,659.13,716.36,9.51,13.49,0.12,-1,-1,-1
225,-1,390.87,939.40,34.56,11.03,0.12,-1,-1,-1
225,-1,1608.72,819.41,53.43,19.69,0.10,-1,-1,-1
225,-1,483.28,1339.11,57.76,48.77,0.09,-1,-1,-1
225,-1,1238.26,653.83,18.18,9.60,0.09,-1,-1,-1
225,-1,2221.50,676.40,52.01,24.77,0.08,-1,-1,-1
225,-1,222.10,618.39,8.25,9.31,0.08,-1,-1,-1
225,-1,484.19,1335.22,18.47,18.89,0.08,-1,-1,-1
225,-1,2236.63,676.78,36.70,12.59,0.07,-1,-1,-1
225,-1,1247.63,653.78,9.70,9.37,0.05,-1,-1,-1
226,-1,556.03,1384.19,90.90,54.95,0.85,-1,-1,-1
226,-1,241.32,980.27,25.15,23.34,0.76,-1,-1,-1
226,-1,1917.59,701.35,10.89,17.99,0.69,-1,-1,-1
226,-1,1842.43,680.80,12.03,14.52,0.60,-1,-1,-1
226,-1,1544.01,679.74,9.70,12.47,0.55,-1,-1,-1
226,-1,1740.30,1111.64,33.82,37.00,0.52,-1,-1,-1
226,-1,1663.20,679.19,9.47,11.90,0.51,-1,-1,-1
226,-1,89.82,895.91,10.81,14.57,0.46,-1,-1,-1
226,-1,1610.60,828.73,17.80,14.73,0.46,-1,-1,-1
226,-1,212.26,996.65,92.52,15.56,0.37,-1,-1,-1
226,-1,217.63,1000.61,51.65,9.70,0.29,-1,-1,-1
226,-1,642.20,1414.64,50.62,24.05,0.21,-1,-1,-1
226,-1,1320.08,625.43,8.95,14.95,0.21,-1,-1,-1
226,-1,1775.52,1125.39,12.33,17.48,0.20,-1,-1,-1
226,-1,2117.27,676.81,29.91,11.33,0.19,-1,-1,-1
226,-1,1717.37,1143.49,17.19,17.10,0.19,-1,-1,-1
226,-1,115.17,640.71,25.75,9.22,0.18,-1,-1,-1
226,-1,551.22,1415.96,137.41,23.98,0.14,-1,-1,-1
226,-1,1593.92,829.15,35.26,17.25,0.14,-1,-1,-1
226,-1,2119.03,693.66,26.09,10.65,0.11,-1,-1,-1
226,-1,266.68,995.48,39.00,11.12,0.09,-1,-1,-1
226,-1,89.75,895.06,25.71,18.27,0.09,-1,-1,-1
226,-1,666.61,1414.36,25.70,21.01,0.08,-1,-1,-1
226,-1,1115.74,659.53,19.65,9.91,0.08,-1,-1,-1
226,-1,1716.97,1139.26,55.51,19.03,0.06,-1,-1,-1
226,-1,26.60,630.65,10.34,9.41,0.06,-1,-1,-1
226,-1,1272.79,667.27,16.58,8.82,0.06,-1,-1,-1
227,-1,1314.84,689.74,10.46,12.36,0.59,-1,-1,-1
227,-1,0.42,1097.48,39.72,26.60,0.59,-1,-1,-1
227,-1,1608.42,689.34,10.29,13.08,0.53,-1,-1,-1
227,-1,1919.82,700.99,12.24,14.14,0.53,-1,-1,-1
227,-1,1820.29,1198.33,62.21,48.52,0.50,-1,-1,-1
227,-1,1424.34,687.38,14.87,11.68,0.49,-1,-1,-1
227,-1,866.56,673.81,15.76,10.63,0.47,-1,-1,-1
227,-1,236.41,770.20,13.31,9.93,0.39,-1,-1,-1
227,-1,1051.99,640.82,10.27,10.90,0.37,-1,-1,-1
227,-1,1704.91,708.53,10.14,23.50,0.29,-1,-1,-1
227,-1,1846.47,1198.53,31.96,39.49,0.19,-1,-1,-1
227,-1,1861.28,682.20,40.15,11.87,0.16,-1,-1,-1
227,-1,922.30,656.76,25.39,9.36,0.12,-1,-1,-1
227,-1,1492.83,857.66,24.70,13.27,0.12,-1,-1,-1
227,-1,654.48,661.10,24.39,9.18,0.08,-1,-1,-1
227,-1,1009.41,681.04,10.13,10.76,0.06,-1,-1,-1
227,-1,1472.98,857.53,45.77,16.58,0.05,-1,-1,-1
228,-1,1755.46,1283.28,62.48,46.35,0.76,-1,-1,-1
228,-1,2212.30,790.68,12.47,20.00,0.71,-1,-1,-1
228,-1,2342.43,792.59,34.64,12.05,0.60,-1,-1,-1
228,-1,1211.12,702.66,10.59,16.02,0.54,-1,-1,-1
228,-1,905.29,707.98,11.08,12.96,0.49,-1,-1,-1
228,-1,1321.80,728.89,10.49,16.55,0.44,-1,-1,-1
228,-1,1440.06,697.25,24.78,10.35,0.42,-1,-1,-1
228,-1,2199.50,715.60,10.37,16.57,0.41,-1,-1,-1
228,-1,544.54,705.16,12.48,10.66,0.38,-1,-1,-1
228,-1,581.19,659.14,10.67,14.63,0.36,-1,-1,-1
228,-1,1023.31,704.71,9.88,14.99,0.29,-1,-1,-1
228,-1,1215.14,891.17,22.54,16.88,0.24,-1,-1,-1
228,-1,388.64,701.78,10.37,10.06,0.24,-1,-1,-1
228,-1,1.23,769.60,23.88,12.35,0.16,-1,-1,-1
228,-1,1180.64,890.03,57.23,23.10,0.13,-1,-1,-1
228,-1,1794.85,1297.26,23.30,27.45,0.12,-1,-1,-1
228,-1,1757.20,1309.84,59.63,25.33,0.07,-1,-1,-1
228,-1,1536.36,716.44,16.59,9.04,0.06,-1,-1,-1
228,-1,841.58,972.33,27.01,14.62,0.06,-1,-1,-1
228,-1,1259.15,808.35,27.85,9.59,0.06,-1,-1,-1
228,-1,1704.73,1299.88,112.07,30.24,0.05,-1,-1,-1
229,-1,1705.47,1331.04,54.85,53.22,0.69,-1,-1,-1
229,-1,2515.19,746.95,18.29,20.39,0.64,-1,-1,-1
229,-1,847.84,697.48,11.59,13.43,0.64,-1,-1,-1
229,-1,632.34,697.29,15.01,17.06,0.56,-1,-1,-1
229,-1,1838.82,699.54,11.02,15.56,0.54,-1,-1,-1
229,-1,1892.05,773.21,14.08,14.98,0.51,-1,-1,-1
229,-1,1989.48,766.94,57.61,13.13,0.46,-1,-1,-1
229,-1,930.62,871.02,29.52,53.02,0.38,-1,-1,-1
229,-1,112.90,659.30,10.69,17.68,0.29,-1,-1,-1
229,-1,1227.34,706.27,13.53,11.00,0.29,-1,-1,-1
229,-1,505.21,707.52,12.39,14.47,0.22,-1,-1,-1
229,-1,1200.30,705.85,40.65,12.07,0.20,-1,-1,-1
229,-1,989.33,723.79,11.84,18.33,0.20,-1,-1,-1
229,-1,1738.22,1344.85,20.88,28.13,0.09,-1,-1,-1
229,-1,1712.84,1342.64,49.07,40.64,0.07,-1,-1,-1
229,-1,982.04,724.23,19.72,16.66,0.06,-1,-1,-1
229,-1,1863.26,773.45,44.46,15.10,0.06,-1,-1,-1
230,-1,352.57,289.14,14.89,16.74,0.76,-1,-1,-1
230,-1,1507.32,349.70,13.52,17.55,0.74,-1,-1,-1
230,-1,813.23,289.48,9.97,12.99,0.68,-1,-1,-1
230,-1,1502.23,905.08,48.80,50.05,0.67,-1,-1,-1
230,-1,1568.40,343.92,55.52,11.21,0.65,-1,-1,-1
230,-1,2284.74,273.72,10.58,14.21,0.63,-1,-1,-1
230,-1,1430.97,274.75,11.07,16.41,0.58,-1,-1,-1
230,-1,2082.29,306.60,9.51,13.14,0.54,-1,-1,-1
230,-1,586.27,273.20,53.02,14.09,0.41,-1,-1,-1
230,-1,2197.63,225.21,23.36,12.58,0.32,-1,-1,-1
230,-1,92.88,295.96,9.77,15.16,0.27,-1,-1,-1
230,-1,530.26,309.64,14.91,19.66,0.27,-1,-1,-1
230,-1,530.62,309.52,14.42,32.22,0.27,-1,-1,-1
230,-1,335.82,840.16,28.91,23.47,0.15,-1,-1,-1
230,-1,1501.58,906.27,79.22,110.82,0.12,-1,-1,-1
230,-1,335.69,839.99,28.76,23.17,0.10,-1,-1,-1
230,-1,1539.31,1005.07,75.03,38.10,0.08,-1,-1,-1
230,-1,2338.25,227.82,14.17,8.79,0.07,-1,-1,-1
231,-1,1347.60,126.16,13.84,20.09,0.75,-1,-1,-1
231,-1,108.79,79.18,15.82,17.63,0.74,-1,-1,-1
231,-1,1406.80,690.56,65.16,49.75,0.74,-1,-1,-1
231,-1,605.12,67.74,11.41,16.52,0.65,-1,-1,-1
231,-1,306.15,97.52,12.96,19.11,0.54,-1,-1,-1
231,-1,1396.84,117.64,16.79,12.82,0.45,-1,-1,-1
231,-1,2110.22,41.20,9.54,16.42,0.44,-1,-1,-1
231,-1,1256.51,43.48,10.88,20.25,0.27,-1,-1,-1
231,-1,1423.29,121.51,24.00,9.04,0.20,-1,-1,-1
231,-1,1918.07,74.26,8.64,14.18,0.19,-1,-1,-1
231,-1,1398.05,717.76,56.20,24.41,0.16,-1,-1,-1
231,-1,1395.16,117.44,53.29,14.21,0.09,-1,-1,-1
231,-1,370.99,56.02,26.96,15.58,0.07,-1,-1,-1
231,-1,319.89,319.04,33.45,20.15,0.06,-1,-1,-1
231,-1,146.80,317.73,826.58,152.75,0.05,-1,-1,-1
232,-1,1302.31,471.86,55.99,56.12,0.83,-1,-1,-1
232,-1,0.23,124.07,37.95,29.87,0.52,-1,-1,-1
232,-1,886.08,633.12,824.46,803.08,0.17,-1,-1,-1
232,-1,1291.39,511.53,53.11,22.42,0.08,-1,-1,-1
232,-1,1293.71,510.80,158.52,58.26,0.05,-1,-1,-1
234,-1,1231.55,590.06,75.94,60.32,0.59,-1,-1,-1
234,-1,851.85,294.91,821.82,832.00,0.22,-1,-1,-1
234,-1,786.91,295.69,825.51,828.35,0.13,-1,-1,-1
234,-1,209.25,487.22,829.93,825.87,0.13,-1,-1,-1
234,-1,205.92,518.99,834.19,792.18,0.11,-1,-1,-1
234,-1,690.70,232.41,824.60,845.83,0.08,-1,-1,-1
234,-1,1232.37,614.52,73.54,35.55,0.07,-1,-1,-1
234,-1,1141.41,262.39,821.71,822.53,0.06,-1,-1,-1
235,-1,647.20,316.45,149.21,83.00,0.11,-1,-1,-1
236,-1,820.21,631.23,825.28,804.13,0.22,-1,-1,-1
236,-1,855.57,609.63,821.50,822.64,0.09,-1,-1,-1
236,-1,1138.48,629.87,827.79,803.64,0.07,-1,-1,-1
236,-1,1138.98,608.75,827.36,822.45,0.05,-1,-1,-1
237,-1,451.04,930.23,115.28,53.15,0.44,-1,-1,-1
237,-1,22.97,628.43,823.82,804.43,0.30,-1,-1,-1
237,-1,370.89,924.89,78.71,53.06,0.16,-1,-1,-1
237,-1,374.30,613.72,819.54,816.24,0.15,-1,-1,-1
237,-1,23.76,611.41,824.23,820.45,0.14,-1,-1,-1
237,-1,1797.80,1001.80,92.28,86.66,0.13,-1,-1,-1
237,-1,1558.42,631.85,821.90,803.53,0.07,-1,-1,-1
237,-1,116.57,610.82,823.66,821.12,0.07,-1,-1,-1
237,-1,885.38,629.07,823.72,805.79,0.06,-1,-1,-1
237,-1,1236.59,330.03,825.55,843.85,0.05,-1,-1,-1
238,-1,911.84,219.74,23.02,29.63,0.69,-1,-1,-1
238,-1,1723.75,89.71,14.32,31.80,0.63,-1,-1,-1
238,-1,946.37,646.56,828.07,787.28,0.60,-1,-1,-1
238,-1,1427.44,628.86,825.97,803.48,0.60,-1,-1,-1
238,-1,924.43,228.33,10.94,18.96,0.58,-1,-1,-1
238,-1,614.54,202.83,79.64,21.40,0.54,-1,-1,-1
238,-1,697.12,71.71,15.42,25.73,0.38,-1,-1,-1
238,-1,595.33,676.24,825.07,755.40,0.37,-1,-1,-1
238,-1,615.98,203.73,15.27,15.99,0.19,-1,-1,-1
238,-1,675.16,71.30,39.73,26.95,0.15,-1,-1,-1
238,-1,1714.50,110.20,31.11,15.09,0.13,-1,-1,-1
238,-1,1310.20,1255.92,54.66,51.83,0.09,-1,-1,-1
238,-1,674.76,86.62,44.09,11.83,0.08,-1,-1,-1
238,-1,1708.02,122.60,37.34,11.68,0.07,-1,-1,-1
238,-1,368.37,1312.94,59.45,38.71,0.07,-1,-1,-1
238,-1,644.24,207.81,49.42,11.52,0.06,-1,-1,-1
238,-1,615.42,203.70,34.00,20.30,0.05,-1,-1,-1
239,-1,1840.29,289.91,13.76,32.30,0.75,-1,-1,-1
239,-1,949.27,428.28,24.66,34.44,0.75,-1,-1,-1
239,-1,722.74,261.90,16.95,27.87,0.63,-1,-1,-1
239,-1,545.91,414.85,88.36,22.99,0.61,-1,-1,-1
239,-1,1655.05,153.16,22.28,13.24,0.43,-1,-1,-1
239,-1,1920.31,150.63,16.28,25.12,0.15,-1,-1,-1
239,-1,547.80,415.89,36.07,17.44,0.11,-1,-1,-1
239,-1,1978.08,221.37,31.84,13.48,0.09,-1,-1,-1
239,-1,2219.14,91.30,15.90,11.34,0.06,-1,-1,-1
239,-1,541.19,417.86,116.88,31.46,0.06,-1,-1,-1
239,-1,574.02,420.33,62.17,14.52,0.05,-1,-1,-1
239,-1,955.61,462.61,45.59,13.38,0.05,-1,-1,-1
239,-1,496.32,240.13,42.96,11.72,0.05,-1,-1,-1
240,-1,449.94,488.41,101.66,22.87,0.79,-1,-1,-1
240,-1,960.71,501.34,32.99,45.11,0.76,-1,-1,-1
240,-1,729.77,294.40,15.71,26.08,0.50,-1,-1,-1
240,-1,1701.69,174.90,12.81,14.25,0.48,-1,-1,-1
240,-1,1702.21,174.25,26.03,14.31,0.35,-1,-1,-1
240,-1,2287.77,100.33,16.13,12.08,0.25,-1,-1,-1
240,-1,730.46,293.54,16.27,53.71,0.07,-1,-1,-1
240,-1,703.67,293.88,43.27,27.37,0.07,-1,-1,-1
240,-1,970.09,513.18,24.01,21.70,0.07,-1,-1,-1
240,-1,508.84,1217.94,210.20,107.75,0.06,-1,-1,-1
241,-1,896.84,308.03,22.63,26.98,0.76,-1,-1,-1
241,-1,1114.40,551.52,42.36,61.99,0.68,-1,-1,-1
241,-1,541.21,527.20,115.20,24.12,0.49,-1,-1,-1
241,-1,1911.49,186.99,21.46,21.89,0.41,-1,-1,-1
241,-1,1677.94,464.53,49.85,46.89,0.31,-1,-1,-1
241,-1,549.83,524.93,19.24,15.26,0.28,-1,-1,-1
241,-1,2180.87,380.12,22.52,49.40,0.24,-1,-1,-1
241,-1,546.04,524.66,53.18,22.81,0.13,-1,-1,-1
241,-1,1136.02,565.14,21.41,23.75,0.11,-1,-1,-1
241,-1,529.33,529.08,126.97,27.74,0.09,-1,-1,-1
241,-1,638.59,530.46,18.50,16.87,0.08,-1,-1,-1
241,-1,890.04,327.03,30.79,10.18,0.08,-1,-1,-1
241,-1,534.44,538.50,65.31,15.35,0.07,-1,-1,-1
241,-1,605.15,530.39,52.11,17.65,0.06,-1,-1,-1
241,-1,528.46,525.89,43.92,22.59,0.05,-1,-1,-1
242,-1,190.30,361.64,20.88,25.51,0.80,-1,-1,-1
242,-1,1532.39,645.32,65.42,46.80,0.78,-1,-1,-1
242,-1,881.69,568.84,103.71,24.03,0.74,-1,-1,-1
242,-1,1336.28,351.77,18.64,30.76,0.64,-1,-1,-1
242,-1,2474.21,254.44,20.20,20.90,0.59,-1,-1,-1
242,-1,1354.58,366.49,11.34,12.02,0.19,-1,-1,-1
242,-1,1528.93,662.36,31.40,13.90,0.19,-1,-1,-1
242,-1,1310.93,371.87,23.93,10.19,0.15,-1,-1,-1
242,-1,1528.75,662.99,70.41,28.49,0.13,-1,-1,-1
242,-1,860.61,569.85,123.93,23.42,0.10,-1,-1,-1
242,-1,1310.86,371.74,60.43,13.18,0.10,-1,-1,-1
242,-1,1296.25,1166.52,16.61,38.05,0.07,-1,-1,-1
242,-1,858.25,579.67,35.98,10.97,0.06,-1,-1,-1
242,-1,1338.34,369.03,27.96,15.10,0.06,-1,-1,-1
242,-1,1487.54,1247.79,16.96,14.77,0.05,-1,-1,-1
243,-1,579.88,432.93,19.65,27.61,0.80,-1,-1,-1
243,-1,1157.00,673.32,95.80,33.80,0.76,-1,-1,-1
243,-1,1715.54,447.70,13.38,31.21,0.70,-1,-1,-1
243,-1,1916.90,819.26,59.07,41.19,0.62,-1,-1,-1
243,-1,78.98,374.37,54.48,20.70,0.49,-1,-1,-1
243,-1,1559.86,864.52,28.77,34.95,0.39,-1,-1,-1
243,-1,1907.54,832.11,18.35,12.41,0.23,-1,-1,-1
243,-1,1907.56,832.77,77.96,29.35,0.13,-1,-1,-1
243,-1,1944.77,829.16,32.08,20.81,0.11,-1,-1,-1
243,-1,1156.06,674.33,34.65,29.25,0.08,-1,-1,-1
244,-1,1151.27,758.21,86.10,49.57,0.82,-1,-1,-1
244,-1,616.10,505.99,19.53,25.64,0.77,-1,-1,-1
244,-1,1746.64,530.36,31.82,30.79,0.77,-1,-1,-1
244,-1,1898.39,889.13,52.29,42.54,0.71,-1,-1,-1
244,-1,1732.63,551.45,28.84,10.74,0.43,-1,-1,-1
244,-1,102.76,451.93,52.88,19.40,0.35,-1,-1,-1
244,-1,1900.46,891.67,149.23,67.67,0.22,-1,-1,-1
244,-1,1875.47,904.83,31.76,21.08,0.16,-1,-1,-1
244,-1,548.60,530.21,126.75,17.55,0.14,-1,-1,-1
244,-1,144.29,454.52,11.89,15.25,0.13,-1,-1,-1
244,-1,1871.36,904.65,175.46,46.69,0.09,-1,-1,-1
244,-1,1568.71,353.90,35.51,10.56,0.08,-1,-1,-1
244,-1,1877.72,907.62,71.48,25.63,0.07,-1,-1,-1
244,-1,1746.26,546.60,36.02,17.18,0.06,-1,-1,-1
244,-1,367.71,1120.65,26.70,14.02,0.06,-1,-1,-1
245,-1,1813.94,963.79,157.10,63.24,0.82,-1,-1,-1
245,-1,1758.21,584.46,25.87,35.76,0.73,-1,-1,-1
245,-1,1164.72,827.98,29.65,38.38,0.73,-1,-1,-1
245,-1,628.13,565.14,18.64,22.24,0.63,-1,-1,-1
245,-1,1730.59,609.64,92.56,13.34,0.38,-1,-1,-1
245,-1,93.03,514.68,73.79,21.84,0.28,-1,-1,-1
245,-1,60.54,523.46,105.61,16.20,0.17,-1,-1,-1
245,-1,1729.69,609.74,54.29,10.18,0.14,-1,-1,-1
245,-1,1757.93,584.43,26.26,35.00,0.13,-1,-1,-1
245,-1,1807.24,985.87,150.89,42.48,0.12,-1,-1,-1
245,-1,1812.30,964.63,61.29,41.53,0.12,-1,-1,-1
245,-1,1098.80,861.91,54.40,16.81,0.12,-1,-1,-1
245,-1,1172.82,838.59,21.61,22.72,0.11,-1,-1,-1
245,-1,92.87,515.08,74.14,21.55,0.10,-1,-1,-1
245,-1,1934.04,1012.37,36.98,15.18,0.08,-1,-1,-1
245,-1,92.94,514.91,74.10,21.76,0.07,-1,-1,-1
245,-1,60.47,528.93,73.37,10.37,0.07,-1,-1,-1
245,-1,59.98,530.60,39.22,9.14,0.06,-1,-1,-1
245,-1,1839.50,1000.40,120.78,22.65,0.06,-1,-1,-1
246,-1,1781.79,1199.78,139.22,72.23,0.74,-1,-1,-1
246,-1,1172.53,1071.15,26.92,38.61,0.66,-1,-1,-1
246,-1,625.18,814.34,18.63,24.19,0.62,-1,-1,-1
246,-1,83.32,758.58,73.06,23.23,0.42,-1,-1,-1
246,-1,1751.58,1216.65,98.79,46.60,0.39,-1,-1,-1
246,-1,1722.92,824.91,57.05,33.71,0.39,-1,-1,-1
246,-1,47.71,776.67,65.60,10.70,0.23,-1,-1,-1
246,-1,1751.80,1216.46,50.33,26.64,0.20,-1,-1,-1
246,-1,1758.54,824.86,21.07,33.21,0.15,-1,-1,-1
246,-1,1758.00,824.86,21.28,33.23,0.14,-1,-1,-1
246,-1,1183.77,1081.77,15.92,23.91,0.13,-1,-1,-1
246,-1,630.24,816.71,14.71,17.93,0.13,-1,-1,-1
246,-1,44.99,766.89,112.21,20.22,0.12,-1,-1,-1
246,-1,47.63,762.56,109.87,22.64,0.09,-1,-1,-1
246,-1,82.31,760.12,29.05,21.51,0.07,-1,-1,-1
247,-1,1168.27,1365.48,39.08,45.14,0.70,-1,-1,-1
247,-1,615.68,1097.92,17.20,49.10,0.65,-1,-1,-1
247,-1,1768.96,1097.57,21.04,38.51,0.55,-1,-1,-1
247,-1,625.02,1107.67,10.67,13.70,0.21,-1,-1,-1
247,-1,1736.83,1097.67,54.27,38.84,0.19,-1,-1,-1
247,-1,1769.26,1097.48,20.87,38.40,0.12,-1,-1,-1
247,-1,1735.97,1125.29,42.26,11.50,0.11,-1,-1,-1
247,-1,1193.70,1380.03,13.69,28.12,0.08,-1,-1,-1
247,-1,49.58,1053.08,65.16,17.96,0.07,-1,-1,-1
247,-1,625.40,1106.06,10.79,14.80,0.06,-1,-1,-1
248,-1,608.89,1081.16,22.08,24.31,0.67,-1,-1,-1
248,-1,1772.29,1101.20,14.59,33.55,0.62,-1,-1,-1
248,-1,1176.70,1370.73,47.38,30.72,0.57,-1,-1,-1
248,-1,1733.05,1120.27,30.81,14.48,0.53,-1,-1,-1
248,-1,41.49,1048.91,61.06,20.95,0.16,-1,-1,-1
248,-1,1207.18,1365.07,24.58,33.71,0.09,-1,-1,-1
248,-1,1216.44,1365.32,46.44,24.46,0.08,-1,-1,-1
248,-1,1177.59,1371.31,46.81,29.75,0.07,-1,-1,-1
248,-1,601.10,1095.14,10.20,9.60,0.05,-1,-1,-1
248,-1,1215.18,1364.72,46.43,24.58,0.05,-1,-1,-1
249,-1,602.12,1099.73,24.07,24.37,0.76,-1,-1,-1
249,-1,1767.79,1127.18,19.83,34.13,0.62,-1,-1,-1
249,-1,1733.43,1146.63,28.44,13.09,0.47,-1,-1,-1
249,-1,1199.02,1322.95,62.81,56.89,0.44,-1,-1,-1
249,-1,31.60,1057.01,63.74,23.97,0.39,-1,-1,-1
249,-1,1199.27,1358.39,34.10,20.90,0.26,-1,-1,-1
249,-1,0.69,1065.19,95.65,16.31,0.24,-1,-1,-1
249,-1,2.85,1067.12,35.96,8.46,0.19,-1,-1,-1
249,-1,1198.84,1359.27,16.24,22.63,0.17,-1,-1,-1
249,-1,30.87,1057.37,64.78,23.95,0.14,-1,-1,-1
249,-1,1732.09,1148.34,82.83,20.05,0.07,-1,-1,-1
249,-1,1238.53,1323.02,22.76,32.57,0.07,-1,-1,-1
249,-1,616.72,1113.01,13.34,11.94,0.07,-1,-1,-1
250,-1,1749.60,1131.77,39.13,39.36,0.84,-1,-1,-1
250,-1,42.52,1055.60,35.68,24.27,0.72,-1,-1,-1
250,-1,605.99,1104.80,21.11,27.24,0.72,-1,-1,-1
250,-1,22.20,1064.13,22.95,12.90,0.50,-1,-1,-1
250,-1,1191.80,1311.23,42.86,23.87,0.48,-1,-1,-1
250,-1,1190.24,1285.33,77.04,50.67,0.41,-1,-1,-1
250,-1,21.93,1063.88,48.91,15.45,0.32,-1,-1,-1
250,-1,1726.45,1150.52,75.68,17.59,0.06,-1,-1,-1
250,-1,1247.82,1288.06,19.85,19.80,0.06,-1,-1,-1
251,-1,601.42,1097.78,22.78,27.61,0.81,-1,-1,-1
251,-1,1743.93,1125.05,26.71,34.38,0.81,-1,-1,-1
251,-1,1155.86,1298.87,39.46,34.70,0.72,-1,-1,-1
251,-1,41.47,1055.14,25.05,17.94,0.64,-1,-1,-1
251,-1,28.36,1062.27,58.86,17.17,0.51,-1,-1,-1
251,-1,1718.76,1137.53,29.99,15.30,0.38,-1,-1,-1
251,-1,1719.41,1137.19,54.73,23.19,0.21,-1,-1,-1
251,-1,66.41,1061.29,16.57,12.19,0.17,-1,-1,-1
251,-1,1174.19,1314.06,26.84,14.12,0.10,-1,-1,-1
251,-1,27.24,1063.55,45.57,12.18,0.08,-1,-1,-1
251,-1,27.10,1063.62,32.41,10.70,0.06,-1,-1,-1
251,-1,1156.91,1299.52,43.22,33.56,0.05,-1,-1,-1
252,-1,1741.23,1126.65,27.38,34.57,0.85,-1,-1,-1
252,-1,599.77,1101.51,23.36,32.57,0.81,-1,-1,-1
252,-1,1149.50,1317.45,33.93,41.08,0.75,-1,-1,-1
252,-1,45.51,1059.01,36.27,19.40,0.32,-1,-1,-1
252,-1,34.30,1067.40,24.06,10.88,0.11,-1,-1,-1
252,-1,67.07,1060.39,16.14,18.24,0.10,-1,-1,-1
252,-1,1162.22,1352.70,26.87,10.28,0.09,-1,-1,-1
252,-1,1715.68,1147.06,44.08,13.81,0.08,-1,-1,-1
252,-1,613.95,1112.24,10.18,19.62,0.06,-1,-1,-1
253,-1,1149.12,1334.65,30.94,57.80,0.80,-1,-1,-1
253,-1,1736.70,1123.06,26.56,46.82,0.80,-1,-1,-1
253,-1,611.07,1105.17,21.88,33.61,0.75,-1,-1,-1
253,-1,49.30,1059.49,39.77,18.39,0.23,-1,-1,-1
253,-1,1754.87,1130.20,11.95,31.06,0.05,-1,-1,-1
254,-1,1863.27,1097.36,20.15,25.36,0.79,-1,-1,-1
254,-1,1199.66,1008.89,23.33,23.31,0.78,-1,-1,-1
254,-1,1153.66,1367.95,120.29,44.12,0.76,-1,-1,-1
254,-1,661.60,957.40,19.79,17.82,0.71,-1,-1,-1
254,-1,843.68,971.54,15.97,20.62,0.63,-1,-1,-1
254,-1,642.15,872.41,16.25,16.78,0.62,-1,-1,-1
254,-1,1365.58,1008.82,26.77,15.25,0.56,-1,-1,-1
254,-1,212.41,945.61,14.53,10.21,0.52,-1,-1,-1
254,-1,601.15,849.92,13.51,15.34,0.45,-1,-1,-1
254,-1,120.44,923.16,19.95,14.86,0.45,-1,-1,-1
254,-1,635.53,839.74,11.81,15.33,0.41,-1,-1,-1
254,-1,1184.44,1119.24,67.38,16.52,0.36,-1,-1,-1
254,-1,444.62,824.58,13.73,10.06,0.22,-1,-1,-1
254,-1,531.35,884.00,34.20,9.92,0.21,-1,-1,-1
254,-1,531.25,884.06,34.58,9.78,0.20,-1,-1,-1
254,-1,491.44,835.29,10.95,9.44,0.19,-1,-1,-1
254,-1,2445.88,1424.38,24.87,14.85,0.17,-1,-1,-1
254,-1,1351.50,1014.37,16.01,8.96,0.12,-1,-1,-1
254,-1,1151.17,1394.56,142.45,29.26,0.07,-1,-1,-1
254,-1,1352.10,1009.07,39.18,14.97,0.06,-1,-1,-1
254,-1,530.68,884.37,35.61,9.43,0.05,-1,-1,-1
254,-1,178.68,816.79,20.55,17.17,0.05,-1,-1,-1
254,-1,1185.13,1120.36,66.23,15.34,0.05,-1,-1,-1
255,-1,1921.80,904.38,20.69,15.87,0.57,-1,-1,-1
255,-1,2451.14,876.22,13.15,15.51,0.53,-1,-1,-1
255,-1,1811.26,960.65,23.47,13.58,0.46,-1,-1,-1
255,-1,2439.00,853.51,12.13,13.27,0.45,-1,-1,-1
255,-1,2482.65,984.24,19.30,18.35,0.43,-1,-1,-1
255,-1,880.79,952.91,24.58,11.79,0.43,-1,-1,-1
255,-1,2002.63,928.02,20.46,15.42,0.43,-1,-1,-1
255,-1,849.80,951.75,55.74,11.09,0.42,-1,-1,-1
255,-1,138.31,783.97,13.50,11.97,0.40,-1,-1,-1
255,-1,2285.17,841.89,9.33,10.32,0.38,-1,-1,-1
255,-1,278.54,781.82,13.70,12.12,0.38,-1,-1,-1
255,-1,453.63,794.09,11.37,14.76,0.33,-1,-1,-1
255,-1,131.84,816.30,13.88,22.25,0.29,-1,-1,-1
255,-1,131.96,815.73,13.64,23.65,0.28,-1,-1,-1
255,-1,2400.18,857.92,16.77,13.51,0.25,-1,-1,-1
255,-1,2237.03,828.77,14.00,9.55,0.25,-1,-1,-1
255,-1,2338.61,887.78,23.30,11.39,0.24,-1,-1,-1
255,-1,851.30,951.81,53.94,12.14,0.24,-1,-1,-1
255,-1,694.28,799.48,9.45,17.53,0.24,-1,-1,-1
255,-1,589.56,792.38,14.23,11.64,0.21,-1,-1,-1
255,-1,660.47,812.85,19.25,14.48,0.20,-1,-1,-1
255,-1,1779.89,959.97,54.24,15.50,0.20,-1,-1,-1
255,-1,2403.80,853.82,47.49,17.55,0.19,-1,-1,-1
255,-1,323.04,769.86,20.94,14.65,0.18,-1,-1,-1
255,-1,2319.20,888.71,49.42,11.71,0.18,-1,-1,-1
255,-1,2271.59,832.27,14.26,8.30,0.18,-1,-1,-1
255,-1,543.78,821.45,14.51,9.46,0.17,-1,-1,-1
255,-1,344.39,772.46,11.80,13.24,0.15,-1,-1,-1
255,-1,32.57,845.53,11.62,12.74,0.15,-1,-1,-1
255,-1,2319.93,892.35,56.91,10.19,0.14,-1,-1,-1
255,-1,2331.65,893.22,44.55,9.52,0.13,-1,-1,-1
255,-1,2279.39,838.87,13.64,11.92,0.11,-1,-1,-1
255,-1,429.57,757.14,21.65,11.82,0.10,-1,-1,-1
255,-1,1979.03,809.89,20.08,11.33,0.10,-1,-1,-1
255,-1,2004.15,928.22,38.04,16.24,0.10,-1,-1,-1
255,-1,543.23,822.35,26.50,12.36,0.09,-1,-1,-1
255,-1,483.27,783.73,9.34,17.55,0.08,-1,-1,-1
255,-1,235.33,771.56,13.09,9.36,0.08,-1,-1,-1
255,-1,615.22,789.68,10.65,10.67,0.07,-1,-1,-1
255,-1,30.36,759.95,10.16,22.27,0.06,-1,-1,-1
255,-1,469.11,754.77,9.93,11.19,0.06,-1,-1,-1
255,-1,36.61,762.67,10.36,19.60,0.06,-1,-1,-1
255,-1,1157.17,832.46,25.94,8.52,0.05,-1,-1,-1
255,-1,254.21,783.77,14.98,11.04,0.05,-1,-1,-1
256,-1,384.52,1156.66,104.79,17.24,0.74,-1,-1,-1
256,-1,600.80,874.49,16.49,35.19,0.73,-1,-1,-1
256,-1,420.51,1150.54,24.28,15.75,0.73,-1,-1,-1
256,-1,615.43,876.90,11.39,33.05,0.66,-1,-1,-1
256,-1,765.62,1083.07,29.09,16.90,0.63,-1,-1,-1
256,-1,297.42,845.09,20.21,16.05,0.54,-1,-1,-1
256,-1,277.45,844.78,12.86,14.24,0.52,-1,-1,-1
256,-1,193.04,885.56,12.60,10.17,0.48,-1,-1,-1
256,-1,1535.86,815.40,14.02,11.05,0.43,-1,-1,-1
256,-1,1188.72,800.92,10.64,16.32,0.41,-1,-1,-1
256,-1,70.92,864.34,29.47,11.44,0.39,-1,-1,-1
256,-1,1990.88,840.23,25.34,8.75,0.39,-1,-1,-1
256,-1,326.92,455.65,105.50,19.58,0.37,-1,-1,-1
256,-1,1873.57,959.56,27.20,13.02,0.32,-1,-1,-1
256,-1,802.13,803.36,10.18,13.10,0.31,-1,-1,-1
256,-1,1672.14,795.00,11.70,15.60,0.28,-1,-1,-1
256,-1,785.02,799.44,10.08,15.95,0.26,-1,-1,-1
256,-1,325.24,454.48,106.40,19.82,0.24,-1,-1,-1
256,-1,1306.11,774.76,10.88,10.70,0.22,-1,-1,-1
256,-1,545.02,887.32,87.71,26.36,0.22,-1,-1,-1
256,-1,1446.85,788.52,12.35,18.16,0.19,-1,-1,-1
256,-1,1842.37,960.62,63.23,11.07,0.17,-1,-1,-1
256,-1,1487.42,781.87,12.34,14.71,0.15,-1,-1,-1
256,-1,1359.75,766.96,11.79,13.42,0.12,-1,-1,-1
256,-1,1360.44,767.35,10.91,13.38,0.12,-1,-1,-1
256,-1,596.21,904.81,39.97,9.62,0.11,-1,-1,-1
256,-1,1353.48,766.63,9.89,13.89,0.11,-1,-1,-1
256,-1,765.73,1091.38,43.50,11.82,0.11,-1,-1,-1
256,-1,1435.42,754.12,18.32,10.32,0.10,-1,-1,-1
256,-1,544.89,887.64,54.37,16.88,0.09,-1,-1,-1
256,-1,1447.31,787.52,12.39,19.55,0.07,-1,-1,-1
256,-1,716.49,792.00,22.89,10.47,0.07,-1,-1,-1
256,-1,205.17,813.57,10.15,14.38,0.07,-1,-1,-1
256,-1,697.20,791.82,31.57,9.93,0.07,-1,-1,-1
256,-1,125.39,844.95,31.23,9.69,0.06,-1,-1,-1
256,-1,1581.53,787.47,12.78,19.42,0.06,-1,-1,-1
256,-1,1615.39,783.44,11.82,14.76,0.05,-1,-1,-1
257,-1,705.98,870.91,13.61,37.42,0.78,-1,-1,-1
257,-1,724.27,873.39,11.56,32.58,0.78,-1,-1,-1
257,-1,522.26,1136.12,29.47,18.43,0.76,-1,-1,-1
257,-1,1952.87,959.49,34.28,11.23,0.71,-1,-1,-1
257,-1,21.82,861.19,40.53,32.57,0.70,-1,-1,-1
257,-1,837.80,1076.01,57.70,19.15,0.69,-1,-1,-1
257,-1,492.40,1149.90,104.78,13.01,0.64,-1,-1,-1
257,-1,395.52,841.08,13.66,15.14,0.62,-1,-1,-1
257,-1,1778.08,796.67,12.17,12.54,0.56,-1,-1,-1
257,-1,413.93,841.20,20.12,16.01,0.54,-1,-1,-1
257,-1,446.36,458.92,104.68,18.33,0.46,-1,-1,-1
257,-1,1635.82,811.42,16.67,12.96,0.46,-1,-1,-1
257,-1,1986.57,961.88,25.05,11.78,0.45,-1,-1,-1
257,-1,2104.04,838.93,30.56,9.27,0.43,-1,-1,-1
257,-1,311.83,881.43,11.94,9.72,0.39,-1,-1,-1
257,-1,193.87,859.50,27.64,11.36,0.38,-1,-1,-1
257,-1,905.93,800.86,10.29,12.56,0.35,-1,-1,-1
257,-1,1204.52,743.25,10.87,26.54,0.34,-1,-1,-1
257,-1,890.20,797.45,9.60,15.40,0.33,-1,-1,-1
257,-1,1406.25,773.45,10.96,10.38,0.28,-1,-1,-1
257,-1,1288.45,798.06,10.53,25.35,0.27,-1,-1,-1
257,-1,1754.00,801.76,13.70,11.40,0.27,-1,-1,-1
257,-1,1688.48,785.76,14.95,20.67,0.25,-1,-1,-1
257,-1,1406.52,773.27,10.60,10.57,0.23,-1,-1,-1
257,-1,168.31,830.42,12.59,16.26,0.20,-1,-1,-1
257,-1,1064.22,782.72,22.22,10.03,0.20,-1,-1,-1
257,-1,648.84,883.90,50.17,13.59,0.19,-1,-1,-1
257,-1,1092.86,774.49,11.46,18.93,0.18,-1,-1,-1
257,-1,1454.48,761.72,9.31,17.22,0.18,-1,-1,-1
257,-1,11.95,871.35,49.81,23.29,0.18,-1,-1,-1
257,-1,1534.34,785.24,15.30,13.98,0.18,-1,-1,-1
257,-1,1595.80,775.65,9.43,22.23,0.18,-1,-1,-1
257,-1,11.30,872.58,15.96,16.38,0.17,-1,-1,-1
257,-1,72.05,845.15,17.98,14.11,0.16,-1,-1,-1
257,-1,445.51,458.80,103.63,16.44,0.15,-1,-1,-1
257,-1,836.99,1088.47,84.08,12.37,0.14,-1,-1,-1
257,-1,1063.54,776.11,39.36,17.91,0.14,-1,-1,-1
257,-1,252.64,841.63,22.65,9.27,0.11,-1,-1,-1
257,-1,1459.82,764.93,9.56,13.92,0.11,-1,-1,-1
257,-1,825.87,789.12,14.96,11.12,0.09,-1,-1,-1
257,-1,1829.40,774.81,10.06,8.72,0.08,-1,-1,-1
257,-1,1288.99,798.54,10.08,16.70,0.08,-1,-1,-1
257,-1,808.27,789.02,30.02,11.10,0.08,-1,-1,-1
257,-1,837.97,1085.49,48.89,10.66,0.07,-1,-1,-1
257,-1,871.45,1076.38,23.96,18.32,0.07,-1,-1,-1
257,-1,2287.61,805.17,17.80,11.36,0.06,-1,-1,-1
257,-1,1536.68,753.40,18.09,9.71,0.05,-1,-1,-1
257,-1,807.60,789.30,29.46,10.48,0.05,-1,-1,-1
257,-1,444.76,458.46,104.80,18.76,0.05,-1,-1,-1
257,-1,1541.85,786.87,9.62,15.94,0.05,-1,-1,-1
258,-1,526.11,1127.68,95.45,28.71,0.84,-1,-1,-1
258,-1,693.27,865.90,13.11,37.81,0.75,-1,-1,-1
258,-1,723.52,868.33,12.22,31.99,0.71,-1,-1,-1
258,-1,23.89,849.09,19.38,38.06,0.67,-1,-1,-1
258,-1,868.16,1071.08,45.22,18.33,0.67,-1,-1,-1
258,-1,539.14,1127.57,26.55,18.09,0.64,-1,-1,-1
258,-1,412.96,837.20,20.38,15.82,0.63,-1,-1,-1
258,-1,396.28,837.87,12.15,14.90,0.61,-1,-1,-1
258,-1,2002.89,956.96,29.37,13.60,0.57,-1,-1,-1
258,-1,193.79,855.94,28.14,11.97,0.47,-1,-1,-1
258,-1,2098.20,832.83,38.01,9.73,0.42,-1,-1,-1
258,-1,445.09,457.44,103.87,17.27,0.34,-1,-1,-1
258,-1,889.34,794.46,9.82,14.18,0.33,-1,-1,-1
258,-1,1953.38,959.50,48.68,9.82,0.31,-1,-1,-1
258,-1,2288.70,795.03,20.29,17.19,0.30,-1,-1,-1
258,-1,1405.40,768.86,10.92,11.17,0.30,-1,-1,-1
258,-1,905.86,796.72,9.53,12.91,0.29,-1,-1,-1
258,-1,312.69,877.30,11.20,9.71,0.29,-1,-1,-1
258,-1,71.75,842.60,17.72,13.48,0.29,-1,-1,-1
258,-1,1290.07,791.48,12.17,16.82,0.26,-1,-1,-1
258,-1,1405.59,768.64,10.15,11.14,0.24,-1,-1,-1
258,-1,639.76,880.14,36.37,12.20,0.22,-1,-1,-1
258,-1,444.90,457.21,104.09,16.98,0.21,-1,-1,-1
258,-1,1602.70,771.22,9.24,19.63,0.17,-1,-1,-1
258,-1,1461.79,761.77,9.04,14.06,0.16,-1,-1,-1
258,-1,1453.62,757.86,9.98,17.20,0.15,-1,-1,-1
258,-1,12.45,864.33,41.22,25.94,0.15,-1,-1,-1
258,-1,168.16,826.62,11.39,16.45,0.13,-1,-1,-1
258,-1,1387.14,770.57,11.57,9.33,0.13,-1,-1,-1
258,-1,884.49,1082.02,39.76,9.76,0.12,-1,-1,-1
258,-1,1203.89,821.84,9.59,12.13,0.12,-1,-1,-1
258,-1,1694.91,780.71,23.67,20.01,0.12,-1,-1,-1
258,-1,312.21,877.53,11.48,9.46,0.11,-1,-1,-1
258,-1,1062.88,774.01,37.36,15.05,0.11,-1,-1,-1
258,-1,1843.11,737.72,10.08,20.90,0.11,-1,-1,-1
258,-1,805.90,784.62,29.33,11.46,0.10,-1,-1,-1
258,-1,1442.74,760.74,12.53,10.44,0.10,-1,-1,-1
258,-1,11.95,865.31,17.31,19.74,0.08,-1,-1,-1
258,-1,1369.27,759.55,9.29,14.73,0.08,-1,-1,-1
258,-1,1546.55,779.69,13.51,11.23,0.07,-1,-1,-1
258,-1,1649.39,802.15,28.83,9.69,0.07,-1,-1,-1
258,-1,1063.84,778.64,22.98,10.17,0.07,-1,-1,-1
258,-1,1291.51,792.21,11.20,16.28,0.07,-1,-1,-1
258,-1,10.32,869.11,53.18,22.64,0.07,-1,-1,-1
258,-1,1828.67,766.01,8.53,13.34,0.06,-1,-1,-1
258,-1,678.61,879.77,16.77,9.87,0.06,-1,-1,-1
258,-1,21.55,879.68,42.89,11.53,0.06,-1,-1,-1
258,-1,723.62,869.74,11.44,30.95,0.06,-1,-1,-1
258,-1,1625.17,805.25,16.57,9.35,0.06,-1,-1,-1
258,-1,1530.84,778.78,9.32,21.75,0.05,-1,-1,-1
258,-1,1405.70,768.88,10.17,11.10,0.05,-1,-1,-1
258,-1,828.22,786.15,14.15,10.37,0.05,-1,-1,-1
259,-1,684.37,863.28,13.48,38.07,0.79,-1,-1,-1
259,-1,854.20,1063.21,79.13,19.63,0.74,-1,-1,-1
259,-1,723.24,866.47,11.77,31.70,0.71,-1,-1,-1
259,-1,395.46,834.96,12.60,15.14,0.61,-1,-1,-1
259,-1,1295.75,787.22,10.07,26.54,0.60,-1,-1,-1
259,-1,24.00,847.56,18.12,38.28,0.60,-1,-1,-1
259,-1,541.35,1121.13,67.36,17.03,0.58,-1,-1,-1
259,-1,412.55,835.38,18.57,15.47,0.53,-1,-1,-1
259,-1,71.80,838.53,17.22,15.15,0.50,-1,-1,-1
259,-1,540.18,1121.08,68.56,17.06,0.50,-1,-1,-1
259,-1,540.79,1119.27,14.65,12.24,0.50,-1,-1,-1
259,-1,1404.61,765.51,10.85,11.40,0.45,-1,-1,-1
259,-1,444.19,456.62,104.19,18.82,0.44,-1,-1,-1
259,-1,2116.01,829.90,24.97,10.00,0.39,-1,-1,-1
259,-1,888.07,791.95,10.73,13.74,0.38,-1,-1,-1
259,-1,1704.66,777.50,12.30,20.10,0.36,-1,-1,-1
259,-1,904.54,794.81,10.12,11.86,0.30,-1,-1,-1
259,-1,2014.31,949.65,29.42,10.62,0.30,-1,-1,-1
259,-1,1368.62,756.09,9.19,17.18,0.29,-1,-1,-1
259,-1,168.00,823.53,10.41,17.64,0.28,-1,-1,-1
259,-1,312.71,874.73,10.44,9.22,0.23,-1,-1,-1
259,-1,1950.99,952.54,86.42,10.43,0.23,-1,-1,-1
259,-1,1452.86,753.76,9.55,17.73,0.22,-1,-1,-1
259,-1,1824.18,762.62,8.83,15.27,0.19,-1,-1,-1
259,-1,442.49,456.30,107.90,18.46,0.18,-1,-1,-1
259,-1,1386.01,766.45,12.42,10.65,0.18,-1,-1,-1
259,-1,11.99,863.39,15.36,17.84,0.18,-1,-1,-1
259,-1,193.08,853.75,27.50,11.81,0.18,-1,-1,-1
259,-1,1461.27,757.74,9.12,14.86,0.17,-1,-1,-1
259,-1,12.42,862.86,36.52,22.46,0.17,-1,-1,-1
259,-1,1519.77,772.01,9.02,27.62,0.16,-1,-1,-1
259,-1,885.26,793.06,27.56,13.71,0.15,-1,-1,-1
259,-1,1299.74,734.51,13.07,18.55,0.15,-1,-1,-1
259,-1,2342.73,834.68,25.91,8.63,0.14,-1,-1,-1
259,-1,1203.27,819.68,9.97,12.43,0.12,-1,-1,-1
259,-1,128.79,830.16,11.03,12.95,0.12,-1,-1,-1
259,-1,629.30,876.04,38.56,13.95,0.11,-1,-1,-1
259,-1,26.16,865.72,17.65,21.39,0.11,-1,-1,-1
259,-1,1534.92,744.65,17.41,10.27,0.10,-1,-1,-1
259,-1,853.60,1065.29,82.05,17.95,0.10,-1,-1,-1
259,-1,826.87,783.85,15.70,9.91,0.10,-1,-1,-1
259,-1,1203.82,738.46,10.75,25.72,0.09,-1,-1,-1
259,-1,805.76,782.98,34.39,10.57,0.09,-1,-1,-1
259,-1,2275.20,799.26,28.61,9.01,0.07,-1,-1,-1
259,-1,16.15,869.66,45.67,18.45,0.07,-1,-1,-1
259,-1,382.47,839.92,49.94,13.02,0.07,-1,-1,-1
259,-1,1636.96,737.34,9.73,10.56,0.07,-1,-1,-1
259,-1,110.01,831.95,20.19,13.26,0.07,-1,-1,-1
259,-1,1542.80,733.91,10.17,14.81,0.06,-1,-1,-1
259,-1,804.65,782.91,33.72,10.37,0.06,-1,-1,-1
259,-1,22.39,867.92,40.99,20.12,0.06,-1,-1,-1
259,-1,869.64,797.56,43.22,9.91,0.05,-1,-1,-1
260,-1,502.03,898.16,32.54,45.01,0.77,-1,-1,-1
260,-1,38.16,923.84,16.59,51.61,0.70,-1,-1,-1
260,-1,1354.65,857.61,11.97,18.06,0.67,-1,-1,-1
260,-1,158.20,895.76,15.71,51.84,0.67,-1,-1,-1
260,-1,1315.14,852.05,13.73,35.48,0.67,-1,-1,-1
260,-1,460.31,865.77,12.03,25.79,0.66,-1,-1,-1
260,-1,747.11,828.64,15.53,34.18,0.56,-1,-1,-1
260,-1,1195.98,1083.51,40.95,22.39,0.54,-1,-1,-1
260,-1,1196.39,1083.45,40.27,22.77,0.48,-1,-1,-1
260,-1,89.11,916.84,44.27,38.12,0.45,-1,-1,-1
260,-1,1504.96,1061.44,78.30,15.25,0.44,-1,-1,-1
260,-1,572.78,863.38,41.36,17.09,0.42,-1,-1,-1
260,-1,785.71,822.36,14.57,12.52,0.37,-1,-1,-1
260,-1,82.37,902.69,21.11,29.64,0.36,-1,-1,-1
260,-1,2186.17,780.40,10.25,26.72,0.33,-1,-1,-1
260,-1,166.36,907.17,27.46,38.64,0.33,-1,-1,-1
260,-1,2064.66,768.16,12.37,11.41,0.32,-1,-1,-1
260,-1,1101.14,471.51,91.19,17.04,0.31,-1,-1,-1
260,-1,426.67,755.38,29.19,40.08,0.31,-1,-1,-1
260,-1,1509.30,788.60,10.09,13.25,0.30,-1,-1,-1
260,-1,1524.39,791.41,10.14,12.03,0.29,-1,-1,-1
260,-1,889.05,837.88,22.94,9.80,0.28,-1,-1,-1
260,-1,1947.47,788.86,11.72,15.78,0.25,-1,-1,-1
260,-1,52.81,903.18,52.06,69.81,0.25,-1,-1,-1
260,-1,2064.90,767.82,11.95,11.44,0.25,-1,-1,-1
260,-1,736.22,842.57,39.73,23.05,0.24,-1,-1,-1
260,-1,1268.52,864.45,41.67,15.04,0.24,-1,-1,-1
260,-1,867.91,808.34,9.97,16.03,0.23,-1,-1,-1
260,-1,1947.45,789.05,11.95,15.81,0.22,-1,-1,-1
260,-1,165.73,907.11,28.12,38.85,0.22,-1,-1,-1
260,-1,991.07,857.31,10.61,9.19,0.20,-1,-1,-1
260,-1,511.51,823.74,10.01,14.55,0.20,-1,-1,-1
260,-1,517.46,902.87,19.50,20.98,0.18,-1,-1,-1
260,-1,1063.72,822.47,11.76,13.21,0.18,-1,-1,-1
260,-1,743.07,841.96,32.12,23.05,0.17,-1,-1,-1
260,-1,571.68,866.38,15.40,13.64,0.15,-1,-1,-1
260,-1,1077.18,822.38,15.06,14.13,0.14,-1,-1,-1
260,-1,646.89,868.41,45.08,8.07,0.10,-1,-1,-1
260,-1,1428.46,778.99,27.98,10.63,0.10,-1,-1,-1
260,-1,2125.92,761.10,13.29,12.59,0.09,-1,-1,-1
260,-1,1100.42,471.54,92.83,17.03,0.09,-1,-1,-1
260,-1,1944.69,733.10,15.18,9.74,0.09,-1,-1,-1
260,-1,2119.49,761.19,13.43,12.36,0.09,-1,-1,-1
260,-1,1516.42,1064.41,68.17,12.55,0.09,-1,-1,-1
260,-1,2043.93,770.36,14.24,9.54,0.08,-1,-1,-1
260,-1,2023.09,758.49,9.30,9.11,0.08,-1,-1,-1
260,-1,1536.77,1069.02,49.37,10.27,0.07,-1,-1,-1
260,-1,2305.67,809.87,11.74,14.51,0.07,-1,-1,-1
260,-1,89.99,916.95,43.17,37.95,0.07,-1,-1,-1
260,-1,2309.87,772.32,10.04,19.01,0.07,-1,-1,-1
260,-1,1000.26,794.45,11.21,14.83,0.07,-1,-1,-1
260,-1,940.31,819.09,19.61,10.62,0.06,-1,-1,-1
260,-1,1100.16,471.23,92.96,16.25,0.06,-1,-1,-1
260,-1,426.97,755.82,29.26,40.22,0.05,-1,-1,-1
260,-1,591.34,866.27,22.97,11.61,0.05,-1,-1,-1
260,-1,1502.99,1067.18,58.38,10.52,0.05,-1,-1,-1
261,-1,636.55,862.20,12.18,49.51,0.82,-1,-1,-1
261,-1,744.62,860.74,15.12,42.15,0.80,-1,-1,-1
261,-1,689.87,879.92,22.39,50.64,0.76,-1,-1,-1
261,-1,1130.84,857.98,17.50,41.05,0.73,-1,-1,-1
261,-1,1326.84,799.82,12.46,28.53,0.71,-1,-1,-1
261,-1,753.42,870.79,30.43,32.80,0.70,-1,-1,-1
261,-1,397.56,814.99,13.42,22.56,0.67,-1,-1,-1
261,-1,809.53,850.57,10.16,36.86,0.62,-1,-1,-1
261,-1,372.62,813.82,12.79,25.46,0.60,-1,-1,-1
261,-1,2143.62,1064.69,75.68,20.33,0.59,-1,-1,-1
261,-1,1950.50,837.52,14.70,29.80,0.59,-1,-1,-1
261,-1,1635.64,796.55,11.65,13.43,0.58,-1,-1,-1
261,-1,1765.05,1064.46,52.44,26.23,0.58,-1,-1,-1
261,-1,1650.02,796.34,12.81,14.56,0.54,-1,-1,-1
261,-1,1135.47,869.08,23.29,18.13,0.47,-1,-1,-1
261,-1,701.14,894.00,38.82,35.17,0.46,-1,-1,-1
261,-1,1765.40,1064.38,52.22,26.18,0.45,-1,-1,-1
261,-1,434.06,775.18,15.43,32.87,0.44,-1,-1,-1
261,-1,1459.72,806.67,25.32,11.62,0.41,-1,-1,-1
261,-1,185.41,817.52,49.48,36.93,0.41,-1,-1,-1
261,-1,1053.06,823.33,9.97,23.82,0.40,-1,-1,-1
261,-1,1685.69,438.61,95.47,13.39,0.37,-1,-1,-1
261,-1,591.85,787.28,19.05,28.23,0.35,-1,-1,-1
261,-1,2129.25,768.19,14.50,13.72,0.35,-1,-1,-1
261,-1,1317.27,810.87,36.94,21.48,0.33,-1,-1,-1
261,-1,1170.15,826.84,31.60,15.48,0.33,-1,-1,-1
261,-1,814.65,861.27,23.99,33.21,0.31,-1,-1,-1
261,-1,2148.40,770.37,10.91,12.89,0.29,-1,-1,-1
261,-1,662.42,801.84,19.18,18.30,0.28,-1,-1,-1
261,-1,2036.30,756.37,32.19,10.97,0.28,-1,-1,-1
261,-1,1907.87,830.73,11.00,36.34,0.28,-1,-1,-1
261,-1,1561.09,830.32,11.15,8.99,0.20,-1,-1,-1
261,-1,2148.69,769.97,10.81,13.13,0.20,-1,-1,-1
261,-1,1561.31,830.25,10.70,9.06,0.20,-1,-1,-1
261,-1,1195.87,832.21,10.30,9.06,0.19,-1,-1,-1
261,-1,2334.34,751.66,26.83,12.52,0.18,-1,-1,-1
261,-1,661.96,376.49,26.54,27.54,0.16,-1,-1,-1
261,-1,2370.06,742.24,12.01,20.71,0.16,-1,-1,-1
261,-1,185.41,817.60,49.42,36.84,0.16,-1,-1,-1
261,-1,644.36,806.43,17.51,13.71,0.16,-1,-1,-1
261,-1,904.85,735.54,21.98,43.42,0.15,-1,-1,-1
261,-1,935.36,802.75,12.78,14.43,0.15,-1,-1,-1
261,-1,802.75,730.03,40.61,26.80,0.14,-1,-1,-1
261,-1,1441.26,780.47,9.58,14.00,0.14,-1,-1,-1
261,-1,1317.89,808.90,38.00,22.85,0.14,-1,-1,-1
261,-1,2513.98,723.05,13.51,19.50,0.13,-1,-1,-1
261,-1,1116.02,787.99,9.61,14.37,0.12,-1,-1,-1
261,-1,1683.31,438.03,98.68,13.95,0.11,-1,-1,-1
261,-1,1855.44,842.60,35.75,16.23,0.10,-1,-1,-1
261,-1,2067.15,758.22,14.34,9.93,0.10,-1,-1,-1
261,-1,922.79,806.26,11.10,13.19,0.10,-1,-1,-1
261,-1,1167.93,830.60,11.77,11.35,0.09,-1,-1,-1
261,-1,1317.19,811.72,13.97,17.32,0.09,-1,-1,-1
261,-1,450.78,780.07,15.55,30.17,0.08,-1,-1,-1
261,-1,2131.34,1103.78,114.82,28.08,0.08,-1,-1,-1
261,-1,802.55,729.94,41.46,27.30,0.08,-1,-1,-1
261,-1,71.10,755.30,29.45,24.10,0.08,-1,-1,-1
261,-1,1042.75,724.67,25.82,35.93,0.07,-1,-1,-1
261,-1,96.75,736.32,80.19,67.17,0.07,-1,-1,-1
261,-1,904.94,801.75,10.11,13.99,0.07,-1,-1,-1
261,-1,1040.59,774.15,17.24,15.02,0.06,-1,-1,-1
261,-1,899.77,819.43,16.56,14.89,0.06,-1,-1,-1
261,-1,340.94,775.50,15.55,20.11,0.06,-1,-1,-1
261,-1,1571.83,765.99,11.32,12.76,0.06,-1,-1,-1
261,-1,1325.46,822.50,32.41,10.38,0.06,-1,-1,-1
261,-1,1511.55,792.26,16.96,8.92,0.06,-1,-1,-1
261,-1,768.80,385.74,16.87,10.42,0.06,-1,-1,-1
261,-1,221.74,832.62,31.20,20.69,0.06,-1,-1,-1
261,-1,1153.56,828.80,28.78,13.53,0.06,-1,-1,-1
261,-1,1042.97,724.54,25.44,35.76,0.06,-1,-1,-1
261,-1,1766.02,1064.77,23.76,22.43,0.05,-1,-1,-1
261,-1,661.80,375.94,27.18,30.51,0.05,-1,-1,-1
262,-1,640.78,672.61,10.88,49.68,0.81,-1,-1,-1
262,-1,712.24,692.01,14.97,53.03,0.81,-1,-1,-1
262,-1,1140.68,687.57,32.59,11.34,0.79,-1,-1,-1
262,-1,1149.32,672.07,13.33,32.31,0.72,-1,-1,-1
262,-1,744.06,685.30,10.95,41.50,0.70,-1,-1,-1
262,-1,398.69,623.34,14.24,24.01,0.68,-1,-1,-1
262,-1,2160.06,877.72,96.38,21.59,0.61,-1,-1,-1
262,-1,1637.50,608.52,12.31,13.26,0.60,-1,-1,-1
262,-1,373.89,623.20,14.21,26.02,0.59,-1,-1,-1
262,-1,1953.88,646.80,13.21,27.30,0.58,-1,-1,-1
262,-1,1324.36,617.79,29.71,26.93,0.56,-1,-1,-1
262,-1,811.66,662.39,10.65,40.84,0.55,-1,-1,-1
262,-1,1652.69,607.89,13.99,14.90,0.54,-1,-1,-1
262,-1,1762.70,871.83,53.47,22.84,0.51,-1,-1,-1
262,-1,1043.87,635.33,9.66,23.16,0.50,-1,-1,-1
262,-1,1909.18,640.35,14.43,39.71,0.46,-1,-1,-1
262,-1,592.71,599.31,19.07,27.36,0.44,-1,-1,-1
262,-1,1180.21,640.80,14.75,14.00,0.41,-1,-1,-1
262,-1,2041.72,564.44,30.36,11.81,0.35,-1,-1,-1
262,-1,1365.28,604.26,16.25,13.16,0.35,-1,-1,-1
262,-1,1197.03,645.22,10.19,9.09,0.35,-1,-1,-1
262,-1,1563.31,642.28,10.24,8.99,0.34,-1,-1,-1
262,-1,720.21,693.68,68.90,44.78,0.32,-1,-1,-1
262,-1,1693.73,240.73,100.24,15.30,0.31,-1,-1,-1
262,-1,1462.85,619.49,23.68,10.89,0.29,-1,-1,-1
262,-1,2150.78,579.15,12.74,12.74,0.25,-1,-1,-1
262,-1,1042.86,536.86,26.07,37.17,0.25,-1,-1,-1
262,-1,434.89,584.54,16.92,31.99,0.25,-1,-1,-1
262,-1,2136.82,578.40,25.40,13.10,0.24,-1,-1,-1
262,-1,1169.56,642.21,11.01,12.65,0.22,-1,-1,-1
262,-1,1442.28,594.13,10.93,13.43,0.22,-1,-1,-1
262,-1,662.27,614.20,20.90,16.88,0.21,-1,-1,-1
262,-1,2133.02,576.57,12.11,12.72,0.21,-1,-1,-1
262,-1,1315.51,625.11,37.98,20.06,0.21,-1,-1,-1
262,-1,814.63,674.35,25.47,35.06,0.19,-1,-1,-1
262,-1,722.89,712.79,25.53,26.22,0.16,-1,-1,-1
262,-1,651.69,179.48,26.72,27.07,0.16,-1,-1,-1
262,-1,815.35,674.32,25.00,34.85,0.15,-1,-1,-1
262,-1,188.22,627.97,47.00,35.34,0.15,-1,-1,-1
262,-1,1692.29,240.76,99.25,15.60,0.15,-1,-1,-1
262,-1,1117.11,601.72,9.62,11.10,0.14,-1,-1,-1
262,-1,1761.78,871.98,54.50,22.90,0.14,-1,-1,-1
262,-1,1757.57,873.60,58.84,20.22,0.13,-1,-1,-1
262,-1,1042.59,536.66,25.94,36.44,0.12,-1,-1,-1
262,-1,1146.13,681.29,17.52,36.16,0.12,-1,-1,-1
262,-1,1856.06,638.22,79.10,42.81,0.12,-1,-1,-1
262,-1,187.90,628.28,47.20,35.27,0.12,-1,-1,-1
262,-1,2072.11,566.51,13.44,10.12,0.11,-1,-1,-1
262,-1,674.49,569.16,17.18,21.96,0.10,-1,-1,-1
262,-1,644.66,618.02,25.06,13.35,0.10,-1,-1,-1
262,-1,651.85,179.35,26.47,27.17,0.10,-1,-1,-1
262,-1,2192.20,890.44,64.21,11.09,0.10,-1,-1,-1
262,-1,1042.67,536.68,25.93,37.31,0.09,-1,-1,-1
262,-1,1314.60,627.00,18.00,14.90,0.09,-1,-1,-1
262,-1,748.52,693.30,40.88,27.25,0.08,-1,-1,-1
262,-1,1314.22,617.62,26.80,25.20,0.08,-1,-1,-1
262,-1,94.45,546.20,104.81,68.06,0.07,-1,-1,-1
262,-1,753.93,186.56,23.06,12.05,0.07,-1,-1,-1
262,-1,222.24,643.46,33.20,24.21,0.07,-1,-1,-1
262,-1,1394.88,593.85,19.42,16.39,0.07,-1,-1,-1
262,-1,1573.67,576.54,11.98,23.62,0.07,-1,-1,-1
262,-1,1315.09,627.78,16.09,14.17,0.07,-1,-1,-1
262,-1,1235.09,646.15,42.46,7.55,0.06,-1,-1,-1
262,-1,590.93,601.72,12.49,28.23,0.06,-1,-1,-1
262,-1,211.84,66.90,42.88,47.44,0.06,-1,-1,-1
262,-1,1347.06,585.34,16.60,21.78,0.05,-1,-1,-1
262,-1,274.82,67.84,40.16,24.70,0.05,-1,-1,-1
263,-1,913.75,465.88,33.90,35.27,0.83,-1,-1,-1
263,-1,45.65,358.57,76.83,37.79,0.83,-1,-1,-1
263,-1,900.58,453.73,14.39,47.47,0.80,-1,-1,-1
263,-1,1399.23,475.46,43.35,12.49,0.77,-1,-1,-1
263,-1,142.68,355.14,93.81,39.41,0.73,-1,-1,-1
263,-1,1571.06,400.69,34.73,27.67,0.70,-1,-1,-1
263,-1,1060.99,444.53,11.60,32.03,0.68,-1,-1,-1
263,-1,1015.47,478.11,21.55,29.69,0.67,-1,-1,-1
263,-1,645.16,398.71,12.19,26.24,0.60,-1,-1,-1
263,-1,963.24,1264.14,71.76,85.15,0.56,-1,-1,-1
263,-1,987.80,474.11,15.53,50.63,0.55,-1,-1,-1
263,-1,1414.47,451.95,20.59,66.14,0.55,-1,-1,-1
263,-1,2438.56,360.31,12.93,16.23,0.54,-1,-1,-1
263,-1,2457.24,363.51,11.89,14.40,0.52,-1,-1,-1
263,-1,667.15,400.46,14.56,21.93,0.49,-1,-1,-1
263,-1,1418.29,459.02,11.27,33.99,0.46,-1,-1,-1
263,-1,2017.05,661.83,71.61,21.62,0.46,-1,-1,-1
263,-1,851.50,377.39,18.88,26.80,0.45,-1,-1,-1
263,-1,1909.29,388.71,11.95,14.56,0.44,-1,-1,-1
263,-1,2493.16,675.38,66.40,27.95,0.42,-1,-1,-1
263,-1,917.33,393.22,19.95,17.30,0.41,-1,-1,-1
263,-1,1421.44,423.56,32.18,15.55,0.41,-1,-1,-1
263,-1,1066.03,455.15,23.13,34.60,0.41,-1,-1,-1
263,-1,1273.53,415.20,11.87,26.79,0.39,-1,-1,-1
263,-1,1721.10,400.80,24.24,12.17,0.39,-1,-1,-1
263,-1,902.04,397.21,14.81,13.40,0.33,-1,-1,-1
263,-1,1924.18,389.27,18.09,15.38,0.33,-1,-1,-1
263,-1,972.56,1317.21,65.36,38.05,0.29,-1,-1,-1
263,-1,2018.60,661.83,70.30,21.57,0.29,-1,-1,-1
263,-1,2016.65,661.73,71.84,21.82,0.27,-1,-1,-1
263,-1,930.37,348.34,15.84,23.08,0.24,-1,-1,-1
263,-1,1412.96,425.19,17.46,13.39,0.24,-1,-1,-1
263,-1,1003.79,484.24,46.87,24.13,0.20,-1,-1,-1
263,-1,1027.37,485.51,24.07,14.89,0.19,-1,-1,-1
263,-1,1568.88,411.05,37.55,18.85,0.19,-1,-1,-1
263,-1,2200.31,424.83,16.74,43.82,0.18,-1,-1,-1
263,-1,972.80,1316.24,65.58,39.20,0.17,-1,-1,-1
263,-1,1361.80,384.39,10.08,13.05,0.16,-1,-1,-1
263,-1,0.50,385.35,45.70,20.01,0.15,-1,-1,-1
263,-1,235.21,353.60,50.99,38.95,0.14,-1,-1,-1
263,-1,1286.37,316.15,26.98,39.03,0.14,-1,-1,-1
263,-1,1830.47,424.92,9.54,9.34,0.14,-1,-1,-1
263,-1,2239.93,428.76,17.43,37.83,0.13,-1,-1,-1
263,-1,2334.18,347.14,39.23,12.23,0.13,-1,-1,-1
263,-1,997.56,479.72,40.75,44.53,0.12,-1,-1,-1
263,-1,1478.78,429.83,51.68,7.71,0.11,-1,-1,-1
263,-1,683.64,363.10,24.63,25.76,0.11,-1,-1,-1
263,-1,96.86,351.12,48.21,42.31,0.11,-1,-1,-1
263,-1,1418.69,459.71,9.30,14.40,0.10,-1,-1,-1
263,-1,467.68,400.92,47.72,36.15,0.10,-1,-1,-1
263,-1,1109.68,374.03,31.36,10.90,0.10,-1,-1,-1
263,-1,467.38,400.58,47.42,36.54,0.10,-1,-1,-1
263,-1,1699.99,373.10,11.30,15.67,0.10,-1,-1,-1
263,-1,207.37,356.79,48.09,37.00,0.10,-1,-1,-1
263,-1,838.15,356.56,29.42,51.11,0.09,-1,-1,-1
263,-1,2534.91,676.29,24.78,27.26,0.08,-1,-1,-1
263,-1,998.43,499.31,18.79,24.00,0.08,-1,-1,-1
263,-1,1142.93,331.43,18.31,38.65,0.08,-1,-1,-1
263,-1,1442.91,428.01,11.77,10.40,0.07,-1,-1,-1
263,-1,2239.80,429.43,17.52,37.04,0.07,-1,-1,-1
263,-1,1774.74,384.19,20.34,10.08,0.07,-1,-1,-1
263,-1,235.27,355.38,22.35,38.45,0.07,-1,-1,-1
263,-1,261.63,354.24,40.99,36.27,0.07,-1,-1,-1
263,-1,98.98,332.17,80.81,59.73,0.07,-1,-1,-1
263,-1,1904.70,388.85,36.73,16.51,0.06,-1,-1,-1
263,-1,1617.04,385.48,16.69,13.52,0.06,-1,-1,-1
263,-1,1285.90,316.54,27.34,38.28,0.06,-1,-1,-1
263,-1,960.90,346.36,14.65,22.20,0.06,-1,-1,-1
263,-1,1414.05,479.43,22.22,22.73,0.06,-1,-1,-1
263,-1,898.75,399.91,40.74,14.22,0.06,-1,-1,-1
263,-1,1569.05,411.63,14.82,15.30,0.06,-1,-1,-1
263,-1,770.59,410.77,38.24,13.94,0.06,-1,-1,-1
263,-1,1286.07,316.33,27.26,38.52,0.06,-1,-1,-1
263,-1,141.45,354.48,104.41,40.19,0.06,-1,-1,-1
263,-1,2145.19,428.83,133.70,35.38,0.05,-1,-1,-1
263,-1,1598.72,367.03,20.98,21.61,0.05,-1,-1,-1
264,-1,914.84,179.97,66.69,36.66,0.86,-1,-1,-1
264,-1,1688.78,300.98,34.51,36.13,0.86,-1,-1,-1
264,-1,996.74,178.84,76.30,38.80,0.84,-1,-1,-1
264,-1,2267.52,325.10,52.89,15.40,0.81,-1,-1,-1
264,-1,2287.54,306.94,23.03,52.58,0.77,-1,-1,-1
264,-1,1695.34,1164.63,103.57,76.88,0.76,-1,-1,-1
264,-1,2452.76,245.70,47.20,31.90,0.74,-1,-1,-1
264,-1,1677.36,290.66,13.21,47.78,0.73,-1,-1,-1
264,-1,1845.55,276.71,13.83,48.52,0.73,-1,-1,-1
264,-1,673.01,284.23,17.01,32.97,0.73,-1,-1,-1
264,-1,1936.57,205.29,28.17,14.65,0.70,-1,-1,-1
264,-1,1793.19,312.31,21.74,55.68,0.68,-1,-1,-1
264,-1,1808.49,321.74,34.08,37.27,0.68,-1,-1,-1
264,-1,650.45,285.64,17.93,30.60,0.63,-1,-1,-1
264,-1,537.40,253.96,10.56,22.62,0.63,-1,-1,-1
264,-1,2261.94,264.18,48.29,17.01,0.61,-1,-1,-1
264,-1,699.77,292.62,13.22,22.47,0.58,-1,-1,-1
264,-1,2077.22,247.52,14.42,26.84,0.46,-1,-1,-1
264,-1,1076.68,176.78,43.00,40.67,0.44,-1,-1,-1
264,-1,1809.73,314.90,16.11,38.17,0.43,-1,-1,-1
264,-1,1708.61,222.14,24.12,18.98,0.29,-1,-1,-1
264,-1,1155.82,191.35,48.59,25.92,0.29,-1,-1,-1
264,-1,640.73,206.41,23.38,23.89,0.28,-1,-1,-1
264,-1,1634.77,186.91,25.71,48.38,0.28,-1,-1,-1
264,-1,2123.56,141.58,30.73,42.78,0.26,-1,-1,-1
264,-1,1724.54,174.74,19.11,25.20,0.25,-1,-1,-1
264,-1,800.32,225.11,38.92,27.35,0.23,-1,-1,-1
264,-1,1462.01,230.31,12.88,23.63,0.23,-1,-1,-1
264,-1,1478.61,193.40,24.96,26.17,0.19,-1,-1,-1
264,-1,1438.61,230.03,14.61,24.51,0.19,-1,-1,-1
264,-1,1644.34,207.42,17.06,24.40,0.18,-1,-1,-1
264,-1,365.35,273.22,12.11,23.62,0.15,-1,-1,-1
264,-1,1691.26,226.15,16.00,15.42,0.14,-1,-1,-1
264,-1,712.72,193.86,12.47,15.42,0.13,-1,-1,-1
264,-1,2123.78,141.82,30.36,42.67,0.13,-1,-1,-1
264,-1,1851.97,289.38,25.20,34.96,0.12,-1,-1,-1
264,-1,1854.40,288.89,22.67,32.69,0.12,-1,-1,-1
264,-1,708.03,290.77,56.56,23.13,0.12,-1,-1,-1
264,-1,90.23,311.66,96.01,45.22,0.12,-1,-1,-1
264,-1,795.24,226.52,19.89,24.87,0.11,-1,-1,-1
264,-1,1116.88,142.94,28.11,73.22,0.11,-1,-1,-1
264,-1,1205.26,148.62,67.28,65.05,0.10,-1,-1,-1
264,-1,2205.61,217.30,9.83,11.19,0.09,-1,-1,-1
264,-1,2449.89,255.02,48.44,23.87,0.08,-1,-1,-1
264,-1,2510.86,229.96,18.64,15.47,0.08,-1,-1,-1
264,-1,1217.58,182.21,49.73,30.94,0.08,-1,-1,-1
264,-1,630.74,288.42,130.69,29.26,0.07,-1,-1,-1
264,-1,768.74,225.25,26.71,29.48,0.07,-1,-1,-1
264,-1,1307.85,192.46,23.55,17.55,0.06,-1,-1,-1
264,-1,667.49,291.34,95.66,23.55,0.06,-1,-1,-1
264,-1,965.86,172.17,47.77,40.38,0.06,-1,-1,-1
264,-1,2296.61,271.67,14.00,9.51,0.05,-1,-1,-1
264,-1,868.60,215.37,95.06,46.91,0.05,-1,-1,-1
264,-1,2260.22,266.25,23.98,14.21,0.05,-1,-1,-1
265,-1,2472.59,37.80,86.35,42.25,0.87,-1,-1,-1
265,-1,2177.78,139.00,16.68,35.37,0.76,-1,-1,-1
265,-1,561.22,109.03,13.39,40.08,0.73,-1,-1,-1
265,-1,2204.21,150.63,14.86,23.72,0.72,-1,-1,-1
265,-1,462.87,90.21,12.62,27.78,0.69,-1,-1,-1
265,-1,667.00,85.76,10.77,41.49,0.68,-1,-1,-1
265,-1,2153.94,138.09,23.76,34.82,0.67,-1,-1,-1
265,-1,0.10,630.92,797.23,803.50,0.61,-1,-1,-1
265,-1,677.82,77.33,11.09,48.11,0.58,-1,-1,-1
265,-1,47.68,95.63,12.50,30.44,0.58,-1,-1,-1
265,-1,2425.62,87.51,30.81,38.74,0.55,-1,-1,-1
265,-1,543.12,84.26,9.96,20.08,0.52,-1,-1,-1
265,-1,2447.10,58.82,19.12,47.74,0.50,-1,-1,-1
265,-1,2059.59,99.25,14.00,48.81,0.50,-1,-1,-1
265,-1,477.85,83.37,10.83,34.46,0.47,-1,-1,-1
265,-1,522.70,130.98,10.58,14.22,0.44,-1,-1,-1
265,-1,755.45,629.53,827.59,800.79,0.43,-1,-1,-1
265,-1,0.28,104.91,10.45,43.20,0.35,-1,-1,-1
265,-1,2060.47,99.53,12.05,23.91,0.32,-1,-1,-1
265,-1,2384.62,60.93,19.92,30.36,0.31,-1,-1,-1
265,-1,2469.87,75.15,15.30,19.69,0.30,-1,-1,-1
265,-1,306.31,627.92,825.33,805.73,0.29,-1,-1,-1
265,-1,2161.40,55.62,14.87,25.91,0.29,-1,-1,-1
265,-1,1628.54,141.21,19.66,38.63,0.27,-1,-1,-1
265,-1,1505.14,78.24,22.46,17.33,0.26,-1,-1,-1
265,-1,2518.72,12.45,40.74,30.25,0.24,-1,-1,-1
265,-1,381.65,107.67,9.17,10.13,0.24,-1,-1,-1
265,-1,796.89,82.96,25.84,11.12,0.21,-1,-1,-1
265,-1,2215.14,149.71,59.03,22.87,0.20,-1,-1,-1
265,-1,2215.00,149.72,59.15,22.84,0.17,-1,-1,-1
265,-1,510.27,68.57,17.43,16.27,0.17,-1,-1,-1
265,-1,2404.69,86.58,21.40,28.88,0.14,-1,-1,-1
265,-1,757.75,611.12,824.88,819.00,0.14,-1,-1,-1
265,-1,2450.34,62.85,34.27,44.19,0.14,-1,-1,-1
265,-1,1141.64,608.27,822.32,824.26,0.13,-1,-1,-1
265,-1,301.10,75.26,7.71,20.39,0.13,-1,-1,-1
265,-1,122.72,834.50,48.08,37.70,0.12,-1,-1,-1
265,-1,809.68,85.04,15.14,9.32,0.11,-1,-1,-1
265,-1,212.43,607.97,824.07,824.40,0.11,-1,-1,-1
265,-1,2166.34,59.55,20.65,22.52,0.11,-1,-1,-1
265,-1,1856.59,90.81,61.24,38.30,0.10,-1,-1,-1
265,-1,1503.42,77.99,55.20,33.07,0.09,-1,-1,-1
265,-1,567.09,163.21,11.66,14.77,0.09,-1,-1,-1
265,-1,1107.54,582.70,825.79,846.51,0.08,-1,-1,-1
265,-1,1198.81,97.38,26.53,18.38,0.08,-1,-1,-1
265,-1,1222.37,1160.21,93.46,41.51,0.08,-1,-1,-1
265,-1,1889.29,115.75,12.98,15.23,0.08,-1,-1,-1
265,-1,680.74,36.78,36.70,14.31,0.08,-1,-1,-1
265,-1,2151.50,139.45,25.58,33.60,0.07,-1,-1,-1
265,-1,2145.19,148.04,126.07,27.86,0.07,-1,-1,-1
265,-1,1213.98,21.86,52.82,28.83,0.07,-1,-1,-1
265,-1,1889.23,115.04,12.92,15.96,0.06,-1,-1,-1
265,-1,2243.43,44.41,12.30,15.47,0.06,-1,-1,-1
265,-1,2539.02,17.14,20.49,26.34,0.06,-1,-1,-1
265,-1,2409.36,78.21,37.01,37.64,0.05,-1,-1,-1
265,-1,1499.54,141.44,47.02,10.01,0.05,-1,-1,-1
266,-1,2448.19,362.80,80.77,39.81,0.88,-1,-1,-1
266,-1,688.29,416.40,10.11,37.14,0.78,-1,-1,-1
266,-1,2181.88,474.77,25.09,22.75,0.74,-1,-1,-1
266,-1,2160.35,464.30,17.35,34.03,0.72,-1,-1,-1
266,-1,14.28,425.52,12.20,32.95,0.68,-1,-1,-1
266,-1,699.60,414.86,10.79,38.60,0.68,-1,-1,-1
266,-1,564.33,438.71,11.09,32.96,0.66,-1,-1,-1
266,-1,487.81,420.26,10.98,23.91,0.65,-1,-1,-1
266,-1,2544.99,375.23,14.49,26.54,0.64,-1,-1,-1
266,-1,66.74,421.74,11.68,28.18,0.63,-1,-1,-1
266,-1,2134.73,464.97,23.44,32.33,0.63,-1,-1,-1
266,-1,1618.97,469.19,34.46,35.70,0.54,-1,-1,-1
266,-1,565.90,413.63,11.75,18.59,0.52,-1,-1,-1
266,-1,1536.08,447.82,25.16,26.48,0.51,-1,-1,-1
266,-1,2140.44,383.71,18.36,24.96,0.50,-1,-1,-1
266,-1,406.96,436.44,10.97,9.81,0.44,-1,-1,-1
266,-1,2064.47,427.27,10.28,21.84,0.41,-1,-1,-1
266,-1,1501.52,409.43,17.51,16.05,0.41,-1,-1,-1
266,-1,500.23,413.06,10.78,32.41,0.36,-1,-1,-1
266,-1,535.92,399.01,14.52,15.17,0.36,-1,-1,-1
266,-1,2134.50,465.81,24.15,31.62,0.34,-1,-1,-1
266,-1,1068.81,417.44,12.03,16.76,0.33,-1,-1,-1
266,-1,1083.28,425.75,12.43,10.58,0.32,-1,-1,-1
266,-1,1615.46,491.02,63.51,16.99,0.29,-1,-1,-1
266,-1,2201.95,472.89,53.23,21.62,0.25,-1,-1,-1
266,-1,2510.36,347.79,49.17,51.38,0.24,-1,-1,-1
266,-1,1494.86,468.86,42.53,9.47,0.22,-1,-1,-1
266,-1,1140.74,643.42,822.32,791.72,0.22,-1,-1,-1
266,-1,816.06,414.34,23.41,11.20,0.19,-1,-1,-1
266,-1,705.00,369.96,34.68,14.69,0.19,-1,-1,-1
266,-1,1204.63,428.11,32.84,17.68,0.18,-1,-1,-1
266,-1,494.19,467.29,12.90,11.01,0.15,-1,-1,-1
266,-1,2490.50,336.41,69.63,41.18,0.13,-1,-1,-1
266,-1,2105.20,471.04,149.94,28.39,0.12,-1,-1,-1
266,-1,2359.94,388.10,16.16,32.30,0.12,-1,-1,-1
266,-1,832.61,417.11,11.41,8.83,0.12,-1,-1,-1
266,-1,1517.56,428.30,35.34,9.59,0.11,-1,-1,-1
266,-1,312.28,405.04,8.08,16.51,0.10,-1,-1,-1
266,-1,1053.76,416.90,33.81,19.26,0.10,-1,-1,-1
266,-1,536.80,453.79,8.27,13.93,0.10,-1,-1,-1
266,-1,815.60,414.07,9.83,10.76,0.10,-1,-1,-1
266,-1,1524.14,651.91,826.67,782.75,0.10,-1,-1,-1
266,-1,1500.40,409.10,35.24,27.13,0.08,-1,-1,-1
266,-1,1892.78,439.81,10.57,19.68,0.08,-1,-1,-1
266,-1,816.96,633.39,828.87,803.35,0.07,-1,-1,-1
266,-1,179.35,626.03,823.57,808.46,0.07,-1,-1,-1
266,-1,2392.82,403.53,34.10,47.87,0.07,-1,-1,-1
266,-1,1892.12,440.66,10.38,19.55,0.07,-1,-1,-1
266,-1,2154.10,394.07,14.35,16.29,0.06,-1,-1,-1
266,-1,65.35,383.60,35.99,9.67,0.06,-1,-1,-1
266,-1,2117.81,472.14,135.41,26.54,0.05,-1,-1,-1
266,-1,486.17,399.70,16.38,9.59,0.05,-1,-1,-1
267,-1,2447.48,467.06,80.91,39.45,0.88,-1,-1,-1
267,-1,693.52,520.95,12.01,38.50,0.80,-1,-1,-1
267,-1,2161.08,568.38,16.87,32.86,0.75,-1,-1,-1
267,-1,563.33,542.94,10.69,24.82,0.72,-1,-1,-1
267,-1,2136.92,568.83,20.42,30.88,0.69,-1,-1,-1
267,-1,495.58,523.88,11.94,26.91,0.68,-1,-1,-1
267,-1,2186.39,578.31,18.35,21.91,0.67,-1,-1,-1
267,-1,2543.85,479.45,15.63,25.57,0.66,-1,-1,-1
267,-1,574.16,517.29,12.72,18.31,0.63,-1,-1,-1
267,-1,73.02,525.55,11.24,25.12,0.61,-1,-1,-1
267,-1,708.74,519.17,9.70,37.02,0.54,-1,-1,-1
267,-1,2070.56,528.93,12.75,32.36,0.49,-1,-1,-1
267,-1,17.62,529.14,15.48,36.98,0.47,-1,-1,-1
267,-1,2140.33,488.29,17.09,24.36,0.47,-1,-1,-1
267,-1,505.79,524.19,10.26,25.71,0.45,-1,-1,-1
267,-1,2389.79,507.04,33.35,46.87,0.41,-1,-1,-1
267,-1,544.10,502.94,14.58,14.75,0.40,-1,-1,-1
267,-1,1618.98,571.44,20.77,40.32,0.39,-1,-1,-1
267,-1,2508.81,458.02,50.76,44.18,0.38,-1,-1,-1
267,-1,416.20,539.91,11.04,9.33,0.37,-1,-1,-1
267,-1,1502.50,512.57,16.61,16.66,0.28,-1,-1,-1
267,-1,2042.60,289.71,139.62,112.14,0.28,-1,-1,-1
267,-1,1540.15,551.63,24.45,23.23,0.28,-1,-1,-1
267,-1,19.47,530.00,11.11,22.22,0.27,-1,-1,-1
267,-1,823.04,517.73,12.28,10.67,0.18,-1,-1,-1
267,-1,1620.59,571.07,36.77,31.62,0.15,-1,-1,-1
267,-1,1501.65,512.18,48.38,24.04,0.15,-1,-1,-1
267,-1,496.00,503.50,15.00,9.99,0.14,-1,-1,-1
267,-1,839.41,519.76,11.15,8.83,0.14,-1,-1,-1
267,-1,2197.90,576.25,57.27,22.22,0.14,-1,-1,-1
267,-1,1496.07,570.92,44.97,9.41,0.12,-1,-1,-1
267,-1,509.94,520.82,12.18,26.80,0.12,-1,-1,-1
267,-1,1894.79,542.57,15.09,21.71,0.12,-1,-1,-1
267,-1,14.05,483.86,17.30,14.40,0.11,-1,-1,-1
267,-1,2042.89,290.50,139.02,111.22,0.11,-1,-1,-1
267,-1,1208.37,531.22,26.32,16.33,0.11,-1,-1,-1
267,-1,2122.17,575.99,129.54,23.73,0.09,-1,-1,-1
267,-1,2152.91,501.86,14.26,12.14,0.09,-1,-1,-1
267,-1,569.91,591.77,11.74,11.80,0.08,-1,-1,-1
267,-1,2269.17,16.13,71.57,27.53,0.08,-1,-1,-1
267,-1,1074.69,519.35,12.51,15.87,0.08,-1,-1,-1
267,-1,2359.05,493.99,16.61,27.17,0.08,-1,-1,-1
267,-1,315.56,509.00,8.72,19.57,0.07,-1,-1,-1
267,-1,1063.00,520.19,34.37,17.23,0.07,-1,-1,-1
267,-1,1088.61,527.64,13.91,10.66,0.07,-1,-1,-1
267,-1,1618.57,590.79,61.99,18.58,0.07,-1,-1,-1
267,-1,2485.53,440.82,74.07,27.47,0.07,-1,-1,-1
267,-1,2390.18,506.68,32.76,48.05,0.06,-1,-1,-1
267,-1,2398.48,498.08,61.95,38.83,0.06,-1,-1,-1
267,-1,2042.92,290.48,139.17,110.45,0.06,-1,-1,-1
267,-1,2219.68,475.88,11.75,16.66,0.06,-1,-1,-1
267,-1,2303.18,513.28,20.00,25.85,0.06,-1,-1,-1
267,-1,1182.00,1154.63,38.21,18.56,0.05,-1,-1,-1
267,-1,2154.07,502.62,12.91,11.20,0.05,-1,-1,-1
267,-1,1520.30,532.37,33.74,9.27,0.05,-1,-1,-1
267,-1,2390.12,508.80,15.66,43.81,0.05,-1,-1,-1
268,-1,107.53,628.75,21.33,32.82,0.78,-1,-1,-1
268,-1,310.01,942.59,110.70,22.61,0.74,-1,-1,-1
268,-1,2399.35,552.90,14.01,25.39,0.62,-1,-1,-1
268,-1,137.05,873.33,19.88,22.93,0.56,-1,-1,-1
268,-1,2352.14,530.78,19.67,29.63,0.48,-1,-1,-1
268,-1,953.85,543.61,31.18,9.66,0.42,-1,-1,-1
268,-1,269.63,681.32,23.12,17.45,0.41,-1,-1,-1
268,-1,269.63,681.25,23.22,17.32,0.40,-1,-1,-1
268,-1,1086.74,763.95,18.60,16.07,0.37,-1,-1,-1
268,-1,1880.50,515.64,10.60,20.50,0.35,-1,-1,-1
268,-1,1927.21,513.56,11.04,24.48,0.32,-1,-1,-1
268,-1,2441.69,527.91,14.43,18.93,0.31,-1,-1,-1
268,-1,1823.26,492.66,26.03,11.73,0.30,-1,-1,-1
268,-1,1086.68,762.46,36.16,18.86,0.29,-1,-1,-1
268,-1,2409.08,510.78,17.18,16.12,0.26,-1,-1,-1
268,-1,293.31,420.61,67.61,21.17,0.25,-1,-1,-1
268,-1,133.77,895.08,33.14,13.47,0.21,-1,-1,-1
268,-1,2368.11,530.07,15.69,20.91,0.20,-1,-1,-1
268,-1,1927.05,513.49,10.73,26.58,0.15,-1,-1,-1
268,-1,2268.19,542.22,20.50,10.18,0.15,-1,-1,-1
268,-1,1947.02,477.61,32.17,9.20,0.12,-1,-1,-1
268,-1,1896.24,468.58,69.76,18.01,0.11,-1,-1,-1
268,-1,2153.76,506.49,8.64,21.76,0.10,-1,-1,-1
268,-1,87.42,882.34,15.97,18.30,0.08,-1,-1,-1
268,-1,694.31,468.94,11.19,9.00,0.06,-1,-1,-1
268,-1,1895.99,466.32,12.40,21.05,0.05,-1,-1,-1
269,-1,67.51,802.12,28.73,29.10,0.86,-1,-1,-1
269,-1,404.50,710.36,32.43,22.97,0.78,-1,-1,-1
269,-1,515.62,713.90,20.86,24.70,0.78,-1,-1,-1
269,-1,36.27,967.07,115.49,29.75,0.73,-1,-1,-1
269,-1,1157.84,894.93,17.37,25.56,0.63,-1,-1,-1
269,-1,746.29,939.92,100.10,21.66,0.56,-1,-1,-1
269,-1,600.98,569.30,10.13,14.61,0.51,-1,-1,-1
269,-1,801.48,663.26,16.34,15.03,0.44,-1,-1,-1
269,-1,844.28,577.75,19.94,9.69,0.41,-1,-1,-1
269,-1,1297.18,809.03,34.75,36.97,0.37,-1,-1,-1
269,-1,945.50,645.58,12.21,16.86,0.34,-1,-1,-1
269,-1,2143.81,790.70,34.24,18.05,0.33,-1,-1,-1
269,-1,2484.46,469.58,9.29,15.56,0.31,-1,-1,-1
269,-1,1043.06,568.20,9.16,14.30,0.30,-1,-1,-1
269,-1,511.92,735.82,31.22,12.74,0.29,-1,-1,-1
269,-1,511.91,736.19,31.62,12.48,0.29,-1,-1,-1
269,-1,1415.80,537.70,91.70,65.96,0.27,-1,-1,-1
269,-1,1400.61,615.82,23.08,23.34,0.27,-1,-1,-1
269,-1,922.06,645.51,35.35,18.74,0.27,-1,-1,-1
269,-1,1078.03,603.34,11.99,9.83,0.26,-1,-1,-1
269,-1,2036.58,541.29,29.96,8.62,0.23,-1,-1,-1
269,-1,738.73,947.83,20.05,10.72,0.16,-1,-1,-1
269,-1,1373.92,611.95,51.24,27.83,0.16,-1,-1,-1
269,-1,1049.17,546.63,29.95,9.19,0.16,-1,-1,-1
269,-1,2136.22,790.47,83.93,20.72,0.14,-1,-1,-1
269,-1,1415.85,567.64,62.35,34.60,0.14,-1,-1,-1
269,-1,1323.64,871.96,18.08,13.80,0.13,-1,-1,-1
269,-1,1271.14,599.31,210.45,184.10,0.12,-1,-1,-1
269,-1,1443.55,420.67,60.79,14.31,0.11,-1,-1,-1
269,-1,402.17,724.55,32.62,11.60,0.11,-1,-1,-1
269,-1,814.35,951.51,32.43,11.02,0.10,-1,-1,-1
269,-1,67.83,827.88,28.42,11.33,0.09,-1,-1,-1
269,-1,1373.89,611.71,50.57,27.60,0.09,-1,-1,-1
269,-1,1077.36,603.16,28.75,10.73,0.08,-1,-1,-1
269,-1,2497.81,470.17,8.30,14.91,0.07,-1,-1,-1
269,-1,803.36,664.65,17.12,27.00,0.07,-1,-1,-1
269,-1,2180.64,438.15,9.66,10.07,0.07,-1,-1,-1
269,-1,1009.62,497.67,8.75,9.25,0.06,-1,-1,-1
269,-1,2122.91,796.49,42.96,13.26,0.06,-1,-1,-1
269,-1,1273.38,714.89,202.77,66.21,0.06,-1,-1,-1
269,-1,751.91,940.41,37.56,17.45,0.05,-1,-1,-1
269,-1,1057.85,432.90,19.73,14.97,0.05,-1,-1,-1
269,-1,763.97,945.93,81.12,16.25,0.05,-1,-1,-1
269,-1,1274.60,718.46,202.10,62.83,0.05,-1,-1,-1
269,-1,741.19,943.76,79.60,15.53,0.05,-1,-1,-1
270,-1,66.28,795.20,30.79,30.07,0.88,-1,-1,-1
270,-1,1251.07,902.65,34.50,42.75,0.82,-1,-1,-1
270,-1,1576.95,619.81,24.77,37.94,0.79,-1,-1,-1
270,-1,1425.26,631.12,13.47,14.79,0.73,-1,-1,-1
270,-1,510.18,712.75,17.25,26.49,0.70,-1,-1,-1
270,-1,601.86,562.77,12.47,15.36,0.70,-1,-1,-1
270,-1,746.67,927.26,79.52,19.36,0.68,-1,-1,-1
270,-1,799.71,664.01,15.70,15.86,0.68,-1,-1,-1
270,-1,400.47,706.32,31.49,20.20,0.63,-1,-1,-1
270,-1,27.33,971.25,111.85,26.39,0.58,-1,-1,-1
270,-1,1361.86,837.24,83.07,24.40,0.52,-1,-1,-1
270,-1,945.17,644.81,13.34,18.92,0.45,-1,-1,-1
270,-1,510.49,737.37,23.45,11.60,0.33,-1,-1,-1
270,-1,803.02,928.78,24.69,18.57,0.32,-1,-1,-1
270,-1,1039.30,564.23,8.94,12.10,0.31,-1,-1,-1
270,-1,2097.43,774.90,75.35,27.99,0.30,-1,-1,-1
270,-1,1062.74,599.83,13.22,9.55,0.29,-1,-1,-1
270,-1,1061.11,543.86,21.98,8.91,0.24,-1,-1,-1
270,-1,2481.77,461.32,9.10,16.68,0.24,-1,-1,-1
270,-1,2031.43,532.05,30.93,8.90,0.16,-1,-1,-1
270,-1,1357.13,854.90,28.54,11.38,0.15,-1,-1,-1
270,-1,855.48,571.21,8.88,13.00,0.15,-1,-1,-1
270,-1,2491.76,461.36,8.71,15.75,0.12,-1,-1,-1
270,-1,1338.36,853.94,47.72,15.21,0.12,-1,-1,-1
270,-1,1586.01,653.61,30.79,12.72,0.12,-1,-1,-1
270,-1,27.75,975.23,36.25,22.10,0.11,-1,-1,-1
270,-1,13.99,992.48,28.93,9.32,0.11,-1,-1,-1
270,-1,1473.88,413.04,62.40,14.40,0.11,-1,-1,-1
270,-1,1856.42,440.89,14.97,22.44,0.09,-1,-1,-1
270,-1,62.84,818.71,39.57,12.60,0.09,-1,-1,-1
270,-1,1505.21,783.80,20.75,18.55,0.08,-1,-1,-1
270,-1,1008.98,489.95,9.61,9.83,0.08,-1,-1,-1
270,-1,1009.00,490.13,9.52,9.74,0.08,-1,-1,-1
270,-1,14.08,990.64,52.08,14.20,0.07,-1,-1,-1
270,-1,1355.58,850.33,80.69,16.30,0.07,-1,-1,-1
270,-1,2256.42,438.26,10.17,11.10,0.07,-1,-1,-1
270,-1,1200.29,922.21,60.29,27.25,0.06,-1,-1,-1
270,-1,403.99,713.98,28.63,12.43,0.06,-1,-1,-1
270,-1,843.47,571.29,20.49,12.44,0.05,-1,-1,-1
270,-1,1898.95,438.68,10.03,13.52,0.05,-1,-1,-1
270,-1,1355.36,855.69,47.37,13.83,0.05,-1,-1,-1
270,-1,938.50,644.57,19.75,19.32,0.05,-1,-1,-1
271,-1,1760.19,774.53,41.28,51.80,0.89,-1,-1,-1
271,-1,62.30,790.02,28.84,39.94,0.84,-1,-1,-1
271,-1,747.07,916.95,61.04,23.57,0.77,-1,-1,-1
271,-1,495.60,705.95,20.45,27.23,0.76,-1,-1,-1
271,-1,1277.64,918.54,27.00,37.59,0.75,-1,-1,-1
271,-1,1689.28,625.25,21.81,22.35,0.75,-1,-1,-1
271,-1,941.59,640.01,13.35,19.14,0.74,-1,-1,-1
271,-1,1440.60,639.58,10.92,14.98,0.71,-1,-1,-1
271,-1,604.15,557.63,11.04,14.13,0.70,-1,-1,-1
271,-1,1077.40,536.03,10.20,12.61,0.62,-1,-1,-1
271,-1,797.42,657.34,17.63,22.24,0.59,-1,-1,-1
271,-1,393.67,695.30,28.67,18.90,0.57,-1,-1,-1
271,-1,14.65,961.91,111.41,22.47,0.54,-1,-1,-1
271,-1,2062.37,774.64,60.70,20.73,0.51,-1,-1,-1
271,-1,2063.59,775.03,59.00,20.27,0.51,-1,-1,-1
271,-1,1370.65,865.51,55.63,22.64,0.50,-1,-1,-1
271,-1,2023.79,528.70,34.02,9.54,0.48,-1,-1,-1
271,-1,1039.98,597.06,17.34,10.32,0.42,-1,-1,-1
271,-1,830.65,568.24,36.39,9.99,0.39,-1,-1,-1
271,-1,1755.14,816.14,53.14,23.38,0.37,-1,-1,-1
271,-1,15.20,964.12,26.35,20.11,0.36,-1,-1,-1
271,-1,2480.22,454.79,8.73,20.64,0.35,-1,-1,-1
271,-1,485.43,729.10,34.39,11.49,0.29,-1,-1,-1
271,-1,2489.56,454.48,9.29,17.68,0.14,-1,-1,-1
271,-1,1035.03,559.61,8.69,12.43,0.14,-1,-1,-1
271,-1,1266.53,505.32,21.15,8.50,0.11,-1,-1,-1
271,-1,1008.68,483.05,12.39,12.32,0.08,-1,-1,-1
271,-1,792.47,934.32,32.02,10.42,0.08,-1,-1,-1
271,-1,1040.37,597.95,57.54,10.45,0.08,-1,-1,-1
271,-1,7.11,961.41,124.25,22.58,0.07,-1,-1,-1
271,-1,1779.70,823.50,31.99,13.73,0.07,-1,-1,-1
271,-1,1039.17,597.01,50.90,10.99,0.07,-1,-1,-1
271,-1,392.64,705.22,45.33,14.51,0.06,-1,-1,-1
271,-1,2270.51,432.34,9.04,14.26,0.05,-1,-1,-1
271,-1,1677.63,634.28,31.63,14.05,0.05,-1,-1,-1
272,-1,58.98,784.98,28.49,39.33,0.83,-1,-1,-1
272,-1,490.85,698.17,18.36,26.64,0.80,-1,-1,-1
272,-1,397.31,690.34,19.99,22.67,0.79,-1,-1,-1
272,-1,1934.06,782.51,45.07,37.69,0.78,-1,-1,-1
272,-1,792.24,655.02,16.45,19.16,0.73,-1,-1,-1
272,-1,604.26,554.42,10.30,17.34,0.73,-1,-1,-1
272,-1,1285.19,919.51,26.42,33.49,0.72,-1,-1,-1
272,-1,17.62,950.85,111.87,34.91,0.69,-1,-1,-1
272,-1,937.87,639.65,13.26,15.93,0.68,-1,-1,-1
272,-1,1442.36,639.71,11.56,14.71,0.59,-1,-1,-1
272,-1,742.29,919.92,75.02,26.92,0.55,-1,-1,-1
272,-1,2018.66,524.72,34.93,9.57,0.53,-1,-1,-1
272,-1,2044.52,770.97,55.25,19.52,0.46,-1,-1,-1
272,-1,1029.42,558.39,9.39,13.56,0.42,-1,-1,-1
272,-1,1079.68,531.30,9.24,14.26,0.39,-1,-1,-1
272,-1,1351.72,867.82,61.89,19.32,0.33,-1,-1,-1
272,-1,2479.13,451.77,8.58,27.33,0.30,-1,-1,-1
272,-1,477.13,721.78,32.28,10.57,0.30,-1,-1,-1
272,-1,1026.04,595.18,17.93,10.28,0.28,-1,-1,-1
272,-1,841.07,564.77,21.52,9.58,0.20,-1,-1,-1
272,-1,1352.13,868.04,20.83,15.31,0.20,-1,-1,-1
272,-1,741.87,920.07,75.16,26.87,0.17,-1,-1,-1
272,-1,1934.07,782.58,45.15,37.65,0.17,-1,-1,-1
272,-1,2488.81,451.70,9.48,25.95,0.13,-1,-1,-1
272,-1,790.58,919.79,11.92,19.66,0.10,-1,-1,-1
272,-1,912.76,640.65,29.60,10.70,0.09,-1,-1,-1
272,-1,1262.88,503.61,20.74,7.59,0.08,-1,-1,-1
272,-1,1016.62,479.91,8.53,13.20,0.08,-1,-1,-1
272,-1,913.44,640.69,34.10,11.72,0.07,-1,-1,-1
272,-1,788.04,919.85,29.24,27.17,0.06,-1,-1,-1
272,-1,789.64,927.13,30.38,20.11,0.06,-1,-1,-1
272,-1,741.01,923.86,79.26,23.99,0.06,-1,-1,-1
272,-1,488.28,710.59,20.21,17.48,0.05,-1,-1,-1
272,-1,17.29,958.18,31.42,28.16,0.05,-1,-1,-1
272,-1,818.62,563.81,44.66,10.41,0.05,-1,-1,-1
272,-1,2145.37,438.16,9.04,17.39,0.05,-1,-1,-1
273,-1,2357.24,844.31,44.91,47.92,0.86,-1,-1,-1
273,-1,64.89,778.25,23.22,28.58,0.85,-1,-1,-1
273,-1,392.08,691.14,19.84,24.22,0.82,-1,-1,-1
273,-1,1311.56,913.57,21.47,35.54,0.80,-1,-1,-1
273,-1,934.88,636.00,11.84,20.49,0.69,-1,-1,-1
273,-1,494.80,697.40,18.00,37.59,0.66,-1,-1,-1
273,-1,1448.87,630.40,13.17,14.12,0.62,-1,-1,-1
273,-1,785.63,649.53,17.94,23.51,0.61,-1,-1,-1
273,-1,603.40,547.12,9.74,17.08,0.61,-1,-1,-1
273,-1,712.24,913.05,34.05,20.59,0.58,-1,-1,-1
273,-1,4.49,961.99,117.95,23.38,0.57,-1,-1,-1
273,-1,1075.10,530.08,11.35,13.49,0.54,-1,-1,-1
273,-1,1002.33,589.09,18.50,12.70,0.43,-1,-1,-1
273,-1,2014.65,520.96,31.29,9.25,0.39,-1,-1,-1
273,-1,700.02,915.04,93.56,29.93,0.34,-1,-1,-1
273,-1,470.41,723.37,31.97,10.84,0.33,-1,-1,-1
273,-1,1311.99,856.51,55.10,18.00,0.33,-1,-1,-1
273,-1,1310.84,856.24,105.28,25.48,0.32,-1,-1,-1
273,-1,849.49,562.11,14.02,10.91,0.31,-1,-1,-1
273,-1,1023.67,555.04,8.97,10.25,0.22,-1,-1,-1
273,-1,694.84,921.32,20.96,15.10,0.19,-1,-1,-1
273,-1,2194.38,417.90,11.47,11.03,0.14,-1,-1,-1
273,-1,694.55,923.92,99.69,21.17,0.13,-1,-1,-1
273,-1,774.48,927.91,20.44,16.55,0.12,-1,-1,-1
273,-1,1074.51,531.66,22.98,12.59,0.10,-1,-1,-1
273,-1,695.38,919.35,40.33,17.82,0.09,-1,-1,-1
273,-1,1257.53,497.83,11.29,7.87,0.08,-1,-1,-1
273,-1,773.65,927.84,21.26,16.28,0.08,-1,-1,-1
273,-1,2478.01,447.54,8.62,14.69,0.06,-1,-1,-1
273,-1,2213.94,419.05,13.21,9.20,0.06,-1,-1,-1
273,-1,1309.73,867.56,45.19,11.76,0.06,-1,-1,-1
274,-1,10.55,944.91,110.95,29.34,0.78,-1,-1,-1
274,-1,380.65,683.89,18.46,20.09,0.78,-1,-1,-1
274,-1,699.66,902.63,70.40,25.53,0.78,-1,-1,-1
274,-1,1328.67,912.17,25.15,43.52,0.75,-1,-1,-1
274,-1,52.80,780.50,27.46,31.06,0.74,-1,-1,-1
274,-1,788.20,648.26,11.05,18.52,0.72,-1,-1,-1
274,-1,929.59,633.26,12.96,20.23,0.70,-1,-1,-1
274,-1,600.60,545.39,11.17,18.39,0.67,-1,-1,-1
274,-1,2076.72,746.01,37.98,15.92,0.66,-1,-1,-1
274,-1,849.80,560.98,12.74,11.61,0.63,-1,-1,-1
274,-1,2009.89,519.92,28.05,9.91,0.60,-1,-1,-1
274,-1,1458.62,628.01,14.80,18.60,0.57,-1,-1,-1
274,-1,458.04,713.73,42.32,19.03,0.44,-1,-1,-1
274,-1,1072.92,529.92,9.95,12.34,0.43,-1,-1,-1
274,-1,1015.55,556.64,8.60,10.61,0.38,-1,-1,-1
274,-1,2474.43,445.26,9.34,27.21,0.36,-1,-1,-1
274,-1,984.63,591.32,15.01,10.09,0.31,-1,-1,-1
274,-1,1298.86,857.86,27.87,20.12,0.29,-1,-1,-1
274,-1,1299.08,856.32,110.77,21.58,0.27,-1,-1,-1
274,-1,751.39,918.00,20.13,11.95,0.25,-1,-1,-1
274,-1,2484.50,445.12,9.44,27.14,0.24,-1,-1,-1
274,-1,984.63,591.02,39.44,11.18,0.22,-1,-1,-1
274,-1,1996.17,408.71,10.41,16.05,0.17,-1,-1,-1
274,-1,1826.85,656.50,10.48,8.85,0.15,-1,-1,-1
274,-1,2202.42,416.79,9.47,10.60,0.13,-1,-1,-1
274,-1,1312.32,857.90,14.23,14.56,0.11,-1,-1,-1
274,-1,2218.73,417.64,13.97,8.99,0.10,-1,-1,-1
274,-1,459.17,714.33,41.43,19.97,0.08,-1,-1,-1
274,-1,46.99,805.85,52.49,11.77,0.07,-1,-1,-1
274,-1,695.97,916.13,55.92,12.92,0.06,-1,-1,-1
274,-1,1.01,966.09,45.66,12.98,0.06,-1,-1,-1
275,-1,48.75,774.72,37.16,34.50,0.81,-1,-1,-1
275,-1,379.25,688.46,20.51,23.98,0.79,-1,-1,-1
275,-1,22.06,950.88,93.76,29.91,0.78,-1,-1,-1
275,-1,927.98,632.99,11.24,19.22,0.73,-1,-1,-1
275,-1,1463.02,632.16,11.88,16.21,0.73,-1,-1,-1
275,-1,781.05,647.65,12.96,23.09,0.72,-1,-1,-1
275,-1,1337.64,920.24,23.96,38.73,0.69,-1,-1,-1
275,-1,849.78,559.84,17.28,12.07,0.61,-1,-1,-1
275,-1,1272.96,862.14,87.16,25.55,0.60,-1,-1,-1
275,-1,673.07,899.01,65.34,29.41,0.58,-1,-1,-1
275,-1,604.94,536.47,10.41,14.41,0.57,-1,-1,-1
275,-1,2096.45,758.13,73.15,13.39,0.55,-1,-1,-1
275,-1,1070.19,530.49,10.79,11.40,0.55,-1,-1,-1
275,-1,463.03,707.00,43.10,13.74,0.53,-1,-1,-1
275,-1,975.45,591.90,10.27,11.43,0.47,-1,-1,-1
275,-1,1012.11,553.71,9.19,11.66,0.35,-1,-1,-1
275,-1,2527.51,502.53,32.05,14.96,0.34,-1,-1,-1
275,-1,672.84,899.90,27.63,22.38,0.34,-1,-1,-1
275,-1,2018.01,511.51,23.07,10.15,0.32,-1,-1,-1
275,-1,2473.64,444.48,9.03,17.59,0.15,-1,-1,-1
275,-1,447.53,714.07,49.41,12.48,0.12,-1,-1,-1
275,-1,1066.67,447.72,9.93,8.57,0.09,-1,-1,-1
275,-1,2001.44,408.61,9.41,16.09,0.08,-1,-1,-1
275,-1,433.36,706.82,27.68,8.36,0.08,-1,-1,-1
275,-1,2159.41,434.54,8.76,13.89,0.08,-1,-1,-1
275,-1,2515.30,382.93,44.18,18.19,0.08,-1,-1,-1
275,-1,664.51,913.06,75.38,16.59,0.08,-1,-1,-1
275,-1,77.46,964.43,40.20,14.19,0.07,-1,-1,-1
275,-1,1826.34,649.55,18.55,10.98,0.06,-1,-1,-1
275,-1,2226.87,417.30,11.65,9.08,0.06,-1,-1,-1
275,-1,2481.69,443.71,8.30,16.73,0.06,-1,-1,-1
275,-1,1288.69,685.51,28.27,14.91,0.06,-1,-1,-1
275,-1,588.35,548.07,49.79,10.61,0.06,-1,-1,-1
275,-1,723.31,919.72,17.45,10.02,0.05,-1,-1,-1
275,-1,2319.72,425.38,8.83,16.75,0.05,-1,-1,-1
275,-1,455.43,708.27,53.82,13.60,0.05,-1,-1,-1
276,-1,360.71,690.24,20.99,22.19,0.81,-1,-1,-1
276,-1,44.80,773.97,30.91,27.51,0.79,-1,-1,-1
276,-1,1342.92,922.05,26.74,40.85,0.76,-1,-1,-1
276,-1,1453.13,635.06,13.71,19.52,0.74,-1,-1,-1
276,-1,766.65,652.45,16.93,18.46,0.72,-1,-1,-1
276,-1,1838.02,647.52,44.80,16.84,0.69,-1,-1,-1
276,-1,645.95,896.38,68.00,28.28,0.69,-1,-1,-1
276,-1,1068.76,527.75,12.96,13.48,0.66,-1,-1,-1
276,-1,623.03,537.98,9.66,14.25,0.65,-1,-1,-1
276,-1,2097.38,755.63,44.79,16.87,0.64,-1,-1,-1
276,-1,919.67,632.41,10.45,23.40,0.60,-1,-1,-1
276,-1,0.09,937.34,38.31,22.05,0.59,-1,-1,-1
276,-1,441.10,710.49,47.38,18.61,0.58,-1,-1,-1
276,-1,1231.49,855.76,46.95,21.00,0.55,-1,-1,-1
276,-1,1746.99,913.13,31.37,23.43,0.55,-1,-1,-1
276,-1,2472.58,441.58,11.97,28.48,0.55,-1,-1,-1
276,-1,971.10,588.04,11.09,11.61,0.46,-1,-1,-1
276,-1,1008.16,554.19,9.36,15.20,0.46,-1,-1,-1
276,-1,442.56,713.77,21.12,14.56,0.28,-1,-1,-1
276,-1,2211.13,417.40,9.67,10.83,0.24,-1,-1,-1
276,-1,42.59,789.97,56.04,12.50,0.23,-1,-1,-1
276,-1,1245.40,490.32,9.09,8.60,0.21,-1,-1,-1
276,-1,0.39,936.08,83.60,28.61,0.19,-1,-1,-1
276,-1,433.03,713.50,56.54,19.05,0.19,-1,-1,-1
276,-1,1313.68,945.06,29.38,12.65,0.17,-1,-1,-1
276,-1,1838.38,649.55,44.74,14.75,0.15,-1,-1,-1
276,-1,48.50,957.28,37.56,11.58,0.15,-1,-1,-1
276,-1,646.12,897.06,33.52,22.24,0.14,-1,-1,-1
276,-1,856.02,565.33,8.88,11.34,0.14,-1,-1,-1
276,-1,1230.24,855.31,89.63,26.37,0.12,-1,-1,-1
276,-1,1231.32,855.81,14.48,14.89,0.11,-1,-1,-1
276,-1,2436.85,355.59,16.89,42.20,0.06,-1,-1,-1
276,-1,430.60,723.87,44.41,11.88,0.06,-1,-1,-1
276,-1,2048.00,765.20,41.32,11.63,0.05,-1,-1,-1
276,-1,2162.41,433.80,8.63,15.20,0.05,-1,-1,-1
277,-1,50.23,772.69,46.66,35.48,0.87,-1,-1,-1
277,-1,1344.46,922.84,26.92,43.86,0.83,-1,-1,-1
277,-1,354.08,685.62,19.33,23.65,0.71,-1,-1,-1
277,-1,1185.29,851.11,114.63,27.13,0.68,-1,-1,-1
277,-1,0.65,933.71,73.18,37.78,0.67,-1,-1,-1
277,-1,1451.13,633.75,11.93,17.80,0.65,-1,-1,-1
277,-1,1833.51,640.18,21.24,26.08,0.63,-1,-1,-1
277,-1,1076.99,526.45,11.22,12.13,0.59,-1,-1,-1
277,-1,916.43,634.64,13.82,24.74,0.57,-1,-1,-1
277,-1,634.20,881.43,66.57,34.13,0.52,-1,-1,-1
277,-1,2101.27,750.24,28.15,16.61,0.50,-1,-1,-1
277,-1,757.63,654.89,15.11,15.17,0.41,-1,-1,-1
277,-1,632.57,538.17,9.25,19.14,0.41,-1,-1,-1
277,-1,972.28,587.67,10.72,14.94,0.40,-1,-1,-1
277,-1,2472.85,444.35,10.34,17.08,0.40,-1,-1,-1
277,-1,841.99,562.83,31.51,10.75,0.40,-1,-1,-1
277,-1,757.53,654.74,15.51,14.95,0.38,-1,-1,-1
277,-1,1008.93,554.86,9.08,11.48,0.33,-1,-1,-1
277,-1,419.24,713.52,57.53,19.34,0.30,-1,-1,-1
277,-1,2214.78,418.91,11.38,9.99,0.28,-1,-1,-1
277,-1,431.93,713.49,38.83,17.53,0.26,-1,-1,-1
277,-1,633.77,881.69,29.53,33.49,0.24,-1,-1,-1
277,-1,2092.84,751.45,83.37,22.12,0.22,-1,-1,-1
277,-1,433.13,714.13,17.71,15.99,0.20,-1,-1,-1
277,-1,2031.15,515.65,37.68,9.83,0.20,-1,-1,-1
277,-1,916.19,634.50,13.66,24.54,0.15,-1,-1,-1
277,-1,13.20,797.85,56.13,11.49,0.13,-1,-1,-1
277,-1,417.26,714.42,59.53,19.93,0.13,-1,-1,-1
277,-1,1244.66,490.68,12.92,8.41,0.12,-1,-1,-1
277,-1,37.84,947.99,63.81,22.53,0.12,-1,-1,-1
277,-1,2230.62,419.59,14.84,10.47,0.11,-1,-1,-1
277,-1,2089.23,760.36,43.43,9.57,0.11,-1,-1,-1
277,-1,0.61,951.61,91.12,23.35,0.08,-1,-1,-1
277,-1,1833.98,640.82,20.78,25.50,0.08,-1,-1,-1
277,-1,1183.07,863.77,37.59,11.41,0.08,-1,-1,-1
277,-1,633.74,896.40,27.24,20.77,0.07,-1,-1,-1
277,-1,1231.03,491.18,32.96,9.97,0.07,-1,-1,-1
277,-1,1073.39,448.39,11.86,10.27,0.07,-1,-1,-1
277,-1,633.01,904.26,21.18,13.97,0.06,-1,-1,-1
277,-1,2087.64,761.61,83.60,12.46,0.06,-1,-1,-1
277,-1,0.61,933.54,21.89,31.99,0.06,-1,-1,-1
278,-1,83.31,837.85,39.18,45.62,0.81,-1,-1,-1
278,-1,887.95,709.79,21.57,29.39,0.78,-1,-1,-1
278,-1,2245.53,632.20,17.36,18.90,0.77,-1,-1,-1
278,-1,1139.47,638.22,15.68,20.63,0.76,-1,-1,-1
278,-1,1488.38,621.94,12.01,17.07,0.70,-1,-1,-1
278,-1,2130.78,944.10,26.35,41.61,0.70,-1,-1,-1
278,-1,1835.86,502.34,12.59,15.03,0.69,-1,-1,-1
278,-1,1907.90,851.85,18.52,22.01,0.60,-1,-1,-1
278,-1,820.38,837.06,72.17,35.70,0.59,-1,-1,-1
278,-1,1406.38,515.56,9.09,12.17,0.56,-1,-1,-1
278,-1,1705.07,564.53,10.02,18.01,0.55,-1,-1,-1
278,-1,1906.06,851.32,96.98,36.09,0.53,-1,-1,-1
278,-1,1644.54,611.41,12.07,18.15,0.52,-1,-1,-1
278,-1,1351.06,850.51,71.92,30.93,0.43,-1,-1,-1
278,-1,1751.62,531.47,12.10,11.01,0.41,-1,-1,-1
278,-1,1190.68,663.23,25.62,18.08,0.38,-1,-1,-1
278,-1,1350.98,851.58,37.36,15.08,0.34,-1,-1,-1
278,-1,1643.87,610.81,13.05,37.63,0.34,-1,-1,-1
278,-1,1184.12,672.30,48.34,14.36,0.22,-1,-1,-1
278,-1,882.47,723.73,25.37,16.39,0.21,-1,-1,-1
278,-1,1183.12,666.59,23.88,18.56,0.20,-1,-1,-1
278,-1,820.38,837.53,25.72,20.61,0.19,-1,-1,-1
278,-1,1608.19,536.25,13.10,15.89,0.18,-1,-1,-1
278,-1,1804.86,449.51,8.56,9.70,0.16,-1,-1,-1
278,-1,882.10,726.50,45.50,21.07,0.14,-1,-1,-1
278,-1,1637.23,621.89,37.58,10.04,0.12,-1,-1,-1
278,-1,1183.49,668.41,38.98,18.39,0.08,-1,-1,-1
278,-1,77.43,884.00,36.48,12.31,0.07,-1,-1,-1
278,-1,798.68,854.45,70.20,12.87,0.07,-1,-1,-1
278,-1,1593.94,534.14,26.44,11.52,0.06,-1,-1,-1
278,-1,504.05,771.50,54.93,24.83,0.06,-1,-1,-1
278,-1,1351.58,851.13,71.33,29.22,0.05,-1,-1,-1
278,-1,887.15,735.81,40.65,14.24,0.05,-1,-1,-1
279,-1,361.30,801.75,24.37,48.43,0.80,-1,-1,-1
279,-1,1993.03,791.92,32.33,33.06,0.66,-1,-1,-1
279,-1,1511.50,1035.76,42.35,37.06,0.62,-1,-1,-1
279,-1,1153.49,702.94,33.18,15.10,0.30,-1,-1,-1
279,-1,1475.48,608.32,68.42,17.36,0.21,-1,-1,-1
279,-1,1994.76,817.57,33.41,20.65,0.11,-1,-1,-1
279,-1,358.30,844.52,52.72,12.42,0.07,-1,-1,-1
279,-1,1514.40,1061.66,34.11,13.28,0.06,-1,-1,-1
279,-1,1504.75,1065.69,64.21,16.33,0.06,-1,-1,-1
279,-1,1481.40,609.10,18.03,14.34,0.06,-1,-1,-1
280,-1,443.10,1305.18,54.78,68.14,0.82,-1,-1,-1
280,-1,1752.32,1307.87,60.81,77.23,0.81,-1,-1,-1
280,-1,815.75,872.66,27.70,31.59,0.74,-1,-1,-1
280,-1,1872.99,781.83,19.29,45.11,0.65,-1,-1,-1
280,-1,768.81,768.27,25.04,20.56,0.64,-1,-1,-1
280,-1,1783.35,1356.56,45.23,25.32,0.44,-1,-1,-1
280,-1,289.89,921.73,47.88,21.17,0.37,-1,-1,-1
280,-1,272.13,927.90,114.86,22.66,0.23,-1,-1,-1
280,-1,291.31,921.88,18.72,17.93,0.12,-1,-1,-1
280,-1,464.46,1346.73,32.90,25.01,0.09,-1,-1,-1
280,-1,273.09,934.29,114.32,15.70,0.08,-1,-1,-1
280,-1,271.38,933.17,60.74,14.36,0.08,-1,-1,-1
280,-1,271.33,933.42,27.91,11.57,0.07,-1,-1,-1
280,-1,271.58,921.76,38.50,21.65,0.06,-1,-1,-1
280,-1,1872.63,806.17,23.17,17.03,0.06,-1,-1,-1
280,-1,1806.91,1357.90,21.66,21.36,0.05,-1,-1,-1
280,-1,1731.01,1355.91,95.33,33.42,0.05,-1,-1,-1
