1,-1,1065.66,667.23,24.11,19.83,0.77,-1,-1,-1
1,-1,704.13,551.96,10.50,12.22,0.46,-1,-1,-1
1,-1,696.15,555.08,18.39,9.54,0.29,-1,-1,-1
1,-1,1395.64,850.88,32.53,22.27,0.17,-1,-1,-1
1,-1,1065.69,675.88,39.28,14.95,0.09,-1,-1,-1
1,-1,1458.97,862.13,15.39,20.89,0.08,-1,-1,-1
1,-1,696.49,554.98,9.21,8.66,0.05,-1,-1,-1
1,-1,1066.95,672.25,38.73,18.18,0.05,-1,-1,-1
2,-1,1065.66,667.23,24.11,19.83,0.77,-1,-1,-1
2,-1,704.13,551.96,10.50,12.22,0.46,-1,-1,-1
2,-1,696.15,555.08,18.39,9.54,0.29,-1,-1,-1
2,-1,1395.64,850.88,32.53,22.27,0.17,-1,-1,-1
2,-1,1065.69,675.88,39.28,14.95,0.09,-1,-1,-1
2,-1,1458.97,862.13,15.39,20.89,0.08,-1,-1,-1
2,-1,696.49,554.98,9.21,8.66,0.05,-1,-1,-1
2,-1,1066.95,672.25,38.73,18.18,0.05,-1,-1,-1
3,-1,688.28,540.54,27.19,13.36,0.68,-1,-1,-1
3,-1,1120.44,689.86,38.16,24.75,0.53,-1,-1,-1
3,-1,1120.52,700.73,29.56,14.38,0.18,-1,-1,-1
3,-1,1488.59,1081.02,38.29,20.13,0.08,-1,-1,-1
3,-1,679.03,546.38,36.27,12.06,0.08,-1,-1,-1
4,-1,1176.51,710.89,36.23,20.06,0.59,-1,-1,-1
4,-1,1174.09,721.73,37.21,11.24,0.20,-1,-1,-1
4,-1,1153.83,716.92,60.45,14.35,0.09,-1,-1,-1
4,-1,1049.52,958.92,84.87,18.91,0.05,-1,-1,-1
5,-1,1218.09,708.91,45.31,25.12,0.78,-1,-1,-1
5,-1,654.11,573.84,32.44,12.76,0.36,-1,-1,-1
5,-1,653.44,573.74,17.21,10.55,0.31,-1,-1,-1
5,-1,1218.28,720.57,44.77,15.50,0.27,-1,-1,-1
5,-1,652.78,574.13,83.39,17.00,0.06,-1,-1,-1
6,-1,2438.64,612.05,18.85,24.82,0.72,-1,-1,-1
6,-1,821.16,697.98,48.06,29.55,0.68,-1,-1,-1
6,-1,158.36,590.71,13.82,10.85,0.61,-1,-1,-1
6,-1,818.88,710.41,43.84,17.07,0.37,-1,-1,-1
6,-1,155.78,591.82,52.29,12.04,0.20,-1,-1,-1
6,-1,155.75,594.68,52.87,9.70,0.07,-1,-1,-1
7,-1,717.04,662.33,55.77,30.90,0.82,-1,-1,-1
7,-1,2345.64,610.27,20.12,20.10,0.76,-1,-1,-1
7,-1,2019.24,1104.52,103.24,54.61,0.43,-1,-1,-1
7,-1,9.59,597.72,19.07,11.82,0.41,-1,-1,-1
7,-1,708.42,670.17,40.35,22.46,0.37,-1,-1,-1
7,-1,9.55,596.91,48.94,13.64,0.28,-1,-1,-1
7,-1,708.93,669.26,14.66,14.43,0.15,-1,-1,-1
7,-1,711.49,676.51,59.01,17.81,0.09,-1,-1,-1
7,-1,882.37,1053.39,51.27,15.44,0.07,-1,-1,-1
8,-1,476.32,686.13,65.81,17.36,0.67,-1,-1,-1
8,-1,2127.00,601.40,16.84,23.11,0.65,-1,-1,-1
9,-1,1443.23,594.37,27.71,25.28,0.54,-1,-1,-1
9,-1,1458.59,594.73,12.07,23.87,0.26,-1,-1,-1
9,-1,885.17,990.72,78.82,45.83,0.07,-1,-1,-1
10,-1,2010.89,681.76,38.18,77.33,0.90,-1,-1,-1
10,-1,892.21,598.46,12.74,19.93,0.63,-1,-1,-1
10,-1,2014.53,754.71,28.80,13.04,0.59,-1,-1,-1
10,-1,2265.30,614.31,35.35,14.10,0.55,-1,-1,-1
10,-1,877.48,598.36,27.30,20.80,0.11,-1,-1,-1
11,-1,2095.40,762.16,44.43,102.75,0.91,-1,-1,-1
11,-1,2085.82,858.24,44.17,13.68,0.70,-1,-1,-1
11,-1,884.13,607.86,14.30,14.34,0.69,-1,-1,-1
11,-1,2250.44,611.85,21.91,14.38,0.67,-1,-1,-1
11,-1,668.54,821.57,245.86,26.36,0.34,-1,-1,-1
12,-1,2237.41,926.27,97.85,57.12,0.79,-1,-1,-1
12,-1,2321.99,959.79,36.77,31.77,0.63,-1,-1,-1
12,-1,2215.75,613.56,21.14,13.55,0.59,-1,-1,-1
12,-1,874.33,610.35,73.79,12.97,0.38,-1,-1,-1
12,-1,873.87,611.72,75.46,11.16,0.26,-1,-1,-1
12,-1,875.62,610.01,18.81,13.49,0.24,-1,-1,-1
12,-1,2265.29,959.57,91.92,43.16,0.11,-1,-1,-1
13,-1,2173.53,602.95,56.93,18.44,0.69,-1,-1,-1
13,-1,880.71,601.63,21.24,15.08,0.38,-1,-1,-1
13,-1,782.41,912.48,19.70,27.94,0.22,-1,-1,-1
13,-1,880.88,601.19,44.41,16.38,0.12,-1,-1,-1
13,-1,879.87,600.80,71.78,14.03,0.12,-1,-1,-1
13,-1,1613.94,369.47,9.97,25.90,0.06,-1,-1,-1
13,-1,916.86,601.59,35.95,11.22,0.05,-1,-1,-1
14,-1,886.14,595.83,16.84,18.99,0.68,-1,-1,-1
14,-1,2111.49,595.14,23.60,16.92,0.40,-1,-1,-1
14,-1,904.49,598.26,17.51,10.37,0.38,-1,-1,-1
14,-1,2111.15,594.07,65.51,18.39,0.15,-1,-1,-1
14,-1,887.51,597.74,29.39,13.84,0.12,-1,-1,-1
15,-1,2472.39,873.35,19.77,17.70,0.78,-1,-1,-1
15,-1,2347.68,601.84,71.55,18.73,0.45,-1,-1,-1
15,-1,1123.18,597.99,24.91,15.35,0.41,-1,-1,-1
15,-1,2351.61,602.51,23.36,16.40,0.33,-1,-1,-1
15,-1,930.39,1216.29,76.11,78.29,0.24,-1,-1,-1
15,-1,2344.37,610.17,109.35,13.27,0.15,-1,-1,-1
15,-1,2341.66,610.61,39.90,11.45,0.09,-1,-1,-1
16,-1,2336.21,611.18,61.71,18.81,0.49,-1,-1,-1
16,-1,1120.24,613.44,23.44,14.39,0.48,-1,-1,-1
16,-1,2338.50,612.19,32.83,15.18,0.31,-1,-1,-1
16,-1,2336.22,619.54,60.38,10.59,0.17,-1,-1,-1
16,-1,2152.02,808.49,15.84,14.50,0.07,-1,-1,-1
16,-1,1129.64,615.54,13.76,23.35,0.06,-1,-1,-1
17,-1,1132.05,623.57,27.26,14.15,0.44,-1,-1,-1
17,-1,2372.10,620.23,25.40,22.21,0.32,-1,-1,-1
17,-1,2371.66,620.21,26.90,22.16,0.29,-1,-1,-1
17,-1,2371.63,620.56,55.47,23.99,0.16,-1,-1,-1
17,-1,1120.51,626.10,36.21,13.00,0.16,-1,-1,-1
17,-1,1122.49,616.93,16.77,18.07,0.05,-1,-1,-1
18,-1,2404.45,622.19,17.51,22.72,0.76,-1,-1,-1
18,-1,1162.79,620.70,19.25,15.92,0.36,-1,-1,-1
18,-1,1110.31,571.32,70.80,65.75,0.33,-1,-1,-1
18,-1,1152.74,622.39,29.63,17.58,0.12,-1,-1,-1
18,-1,1164.01,628.41,19.47,12.38,0.09,-1,-1,-1
18,-1,1750.08,1090.19,15.25,19.88,0.08,-1,-1,-1
18,-1,1153.11,613.56,28.21,22.10,0.05,-1,-1,-1
18,-1,1165.42,632.86,18.08,15.19,0.05,-1,-1,-1
19,-1,2449.14,686.24,19.95,18.71,0.68,-1,-1,-1
19,-1,1231.75,662.40,47.43,27.09,0.58,-1,-1,-1
19,-1,2450.30,698.85,26.62,11.91,0.21,-1,-1,-1
20,-1,1406.31,680.93,25.56,28.74,0.67,-1,-1,-1
20,-1,2488.20,707.31,37.35,19.24,0.44,-1,-1,-1
20,-1,2487.78,708.20,42.36,19.22,0.18,-1,-1,-1
20,-1,1404.61,708.12,26.56,13.91,0.06,-1,-1,-1
21,-1,2489.34,647.76,70.27,40.75,0.36,-1,-1,-1
21,-1,2488.03,647.96,71.52,42.93,0.14,-1,-1,-1
21,-1,2542.32,665.43,17.40,22.07,0.08,-1,-1,-1
21,-1,1645.29,727.74,19.80,19.78,0.07,-1,-1,-1
23,-1,2424.02,1111.84,78.10,43.83,0.89,-1,-1,-1
23,-1,1617.23,721.54,79.77,29.46,0.66,-1,-1,-1
23,-1,916.20,1027.19,29.86,13.39,0.19,-1,-1,-1
23,-1,916.04,1027.24,29.84,13.72,0.14,-1,-1,-1
23,-1,2446.64,1143.72,25.71,12.09,0.11,-1,-1,-1
23,-1,2427.66,1140.84,47.84,15.88,0.07,-1,-1,-1
24,-1,2036.39,1067.69,66.06,57.38,0.84,-1,-1,-1
24,-1,2047.98,1102.33,13.62,21.12,0.05,-1,-1,-1
25,-1,1517.89,814.09,11.07,10.74,0.71,-1,-1,-1
26,-1,1491.41,844.30,59.91,26.20,0.08,-1,-1,-1
27,-1,2058.05,1059.34,40.40,32.74,0.73,-1,-1,-1
27,-1,1499.41,833.79,55.82,33.31,0.66,-1,-1,-1
27,-1,1480.88,807.95,48.83,37.36,0.16,-1,-1,-1
27,-1,2044.98,1060.32,89.75,34.96,0.08,-1,-1,-1
27,-1,1481.03,807.51,16.46,10.15,0.08,-1,-1,-1
28,-1,1868.80,830.52,17.46,23.65,0.63,-1,-1,-1
28,-1,1897.06,852.77,34.94,17.82,0.22,-1,-1,-1
28,-1,1680.34,1057.66,101.32,24.87,0.08,-1,-1,-1
28,-1,1873.68,841.65,59.02,28.32,0.06,-1,-1,-1
28,-1,1869.32,830.42,13.30,13.17,0.05,-1,-1,-1
29,-1,359.74,698.23,23.26,15.97,0.44,-1,-1,-1
29,-1,391.27,705.76,15.10,15.24,0.24,-1,-1,-1
29,-1,6.09,637.77,20.42,10.30,0.19,-1,-1,-1
29,-1,359.75,698.66,42.61,23.45,0.12,-1,-1,-1
29,-1,6.11,637.59,20.95,28.11,0.09,-1,-1,-1
29,-1,359.19,699.14,24.60,22.21,0.06,-1,-1,-1
29,-1,391.56,705.83,14.76,15.32,0.05,-1,-1,-1
30,-1,1083.59,676.33,19.62,14.34,0.46,-1,-1,-1
30,-1,772.16,615.99,12.68,12.37,0.33,-1,-1,-1
30,-1,1111.00,683.03,12.86,12.18,0.21,-1,-1,-1
30,-1,1085.45,675.67,22.01,15.60,0.08,-1,-1,-1
30,-1,769.31,616.17,16.07,22.69,0.08,-1,-1,-1
30,-1,769.96,616.67,32.43,11.07,0.07,-1,-1,-1
30,-1,1110.75,683.04,13.01,11.19,0.06,-1,-1,-1
31,-1,1124.92,669.14,19.05,16.99,0.67,-1,-1,-1
31,-1,763.33,599.73,27.46,11.94,0.39,-1,-1,-1
31,-1,1150.17,675.39,14.54,16.38,0.33,-1,-1,-1
31,-1,763.87,597.62,25.70,13.57,0.17,-1,-1,-1
31,-1,0.30,406.57,33.66,9.61,0.16,-1,-1,-1
31,-1,1149.43,675.51,15.14,16.19,0.09,-1,-1,-1
31,-1,1148.88,676.11,15.34,16.06,0.05,-1,-1,-1
32,-1,752.50,572.03,31.21,29.73,0.77,-1,-1,-1
32,-1,747.50,595.81,25.34,13.45,0.62,-1,-1,-1
32,-1,1235.95,656.95,23.10,21.27,0.38,-1,-1,-1
32,-1,1262.65,665.08,13.28,15.75,0.30,-1,-1,-1
32,-1,1235.92,657.08,11.29,17.10,0.24,-1,-1,-1
32,-1,0.24,406.28,29.80,9.84,0.08,-1,-1,-1
32,-1,754.86,596.75,35.07,13.64,0.06,-1,-1,-1
33,-1,740.88,578.56,38.56,34.94,0.86,-1,-1,-1
33,-1,740.79,593.29,11.77,21.57,0.05,-1,-1,-1
34,-1,714.61,611.78,45.13,49.36,0.90,-1,-1,-1
34,-1,1996.45,789.43,20.20,18.67,0.17,-1,-1,-1
34,-1,714.46,658.24,30.29,8.63,0.13,-1,-1,-1
34,-1,0.44,407.16,38.93,9.40,0.10,-1,-1,-1
35,-1,720.88,631.94,33.01,59.60,0.91,-1,-1,-1
35,-1,719.11,688.74,23.86,9.06,0.20,-1,-1,-1
35,-1,0.54,408.29,40.92,9.83,0.13,-1,-1,-1
36,-1,683.91,653.86,45.31,66.88,0.89,-1,-1,-1
36,-1,1434.79,645.21,23.96,17.04,0.54,-1,-1,-1
36,-1,1434.49,644.49,129.15,42.38,0.48,-1,-1,-1
36,-1,669.87,718.71,40.40,15.11,0.45,-1,-1,-1
36,-1,1480.83,670.86,82.78,14.88,0.11,-1,-1,-1
36,-1,0.71,651.59,75.24,21.80,0.10,-1,-1,-1
36,-1,1435.67,644.45,50.99,23.98,0.05,-1,-1,-1
36,-1,0.12,406.04,43.11,9.11,0.05,-1,-1,-1
37,-1,667.37,669.77,67.61,56.73,0.89,-1,-1,-1
37,-1,1509.62,651.65,47.10,16.03,0.72,-1,-1,-1
37,-1,1490.23,660.81,65.17,12.35,0.14,-1,-1,-1
37,-1,628.99,734.68,38.60,25.97,0.12,-1,-1,-1
37,-1,0.50,402.12,39.76,9.92,0.11,-1,-1,-1
37,-1,633.87,717.04,96.14,41.95,0.08,-1,-1,-1
38,-1,1631.90,650.79,28.54,18.14,0.45,-1,-1,-1
38,-1,1601.97,659.79,86.52,12.82,0.19,-1,-1,-1
38,-1,1602.11,650.06,63.99,18.35,0.05,-1,-1,-1
39,-1,1695.79,648.80,52.31,17.59,0.61,-1,-1,-1
39,-1,1946.28,1113.20,73.40,25.71,0.50,-1,-1,-1
39,-1,1696.08,648.82,28.69,13.71,0.22,-1,-1,-1
39,-1,1677.45,654.47,78.73,12.98,0.12,-1,-1,-1
39,-1,1649.17,658.45,122.91,11.90,0.12,-1,-1,-1
40,-1,1221.63,643.15,38.41,14.79,0.37,-1,-1,-1
40,-1,1241.89,642.94,16.41,13.38,0.34,-1,-1,-1
40,-1,1218.89,646.01,63.95,14.23,0.29,-1,-1,-1
40,-1,1224.83,649.06,61.92,11.75,0.15,-1,-1,-1
40,-1,1267.26,649.90,15.60,9.87,0.12,-1,-1,-1
40,-1,1236.31,642.52,36.31,15.10,0.11,-1,-1,-1
40,-1,1221.61,649.55,60.59,12.11,0.09,-1,-1,-1
41,-1,2217.04,661.47,22.06,9.28,0.51,-1,-1,-1
41,-1,2262.27,660.64,16.71,10.30,0.18,-1,-1,-1
41,-1,2218.28,659.89,59.33,12.38,0.14,-1,-1,-1
41,-1,2262.67,660.60,17.50,10.30,0.10,-1,-1,-1
42,-1,1943.26,658.44,19.59,11.80,0.74,-1,-1,-1
43,-1,1919.83,703.86,53.56,18.53,0.75,-1,-1,-1
43,-1,1225.29,675.20,23.42,11.91,0.61,-1,-1,-1
43,-1,2452.70,618.77,29.87,11.83,0.48,-1,-1,-1
43,-1,779.03,1265.68,70.94,50.75,0.45,-1,-1,-1
43,-1,2452.26,617.89,56.65,14.01,0.19,-1,-1,-1
43,-1,1167.21,685.15,33.63,12.93,0.13,-1,-1,-1
43,-1,1162.65,674.83,84.13,23.96,0.13,-1,-1,-1
44,-1,1876.64,698.60,37.27,16.02,0.71,-1,-1,-1
44,-1,2382.69,617.01,18.56,9.28,0.53,-1,-1,-1
44,-1,1150.35,674.46,23.63,12.03,0.53,-1,-1,-1
44,-1,1759.39,692.85,28.86,11.00,0.06,-1,-1,-1
45,-1,2230.68,625.85,59.61,11.31,0.58,-1,-1,-1
45,-1,1745.09,708.79,73.58,22.36,0.55,-1,-1,-1
45,-1,959.76,695.85,23.17,14.18,0.47,-1,-1,-1
45,-1,2426.74,486.71,12.60,9.90,0.30,-1,-1,-1
45,-1,958.81,695.10,57.56,22.72,0.29,-1,-1,-1
45,-1,2231.11,626.67,18.86,9.42,0.10,-1,-1,-1
45,-1,2446.08,476.28,9.15,8.66,0.06,-1,-1,-1
46,-1,1800.55,742.74,35.80,18.36,0.76,-1,-1,-1
46,-1,912.57,714.25,35.89,14.91,0.56,-1,-1,-1
46,-1,2269.98,642.88,63.78,11.57,0.53,-1,-1,-1
46,-1,912.73,714.35,35.34,14.67,0.43,-1,-1,-1
46,-1,2466.51,483.52,17.62,10.16,0.34,-1,-1,-1
46,-1,2269.91,643.44,29.21,10.36,0.27,-1,-1,-1
47,-1,857.90,733.10,22.55,13.02,0.63,-1,-1,-1
47,-1,1814.54,751.64,41.82,18.65,0.62,-1,-1,-1
47,-1,2297.89,650.68,63.07,12.42,0.55,-1,-1,-1
47,-1,2518.58,479.09,18.50,9.52,0.43,-1,-1,-1
47,-1,1814.73,750.39,82.33,27.17,0.40,-1,-1,-1
47,-1,2298.06,651.32,26.65,11.06,0.32,-1,-1,-1
47,-1,2497.90,476.79,38.72,12.76,0.06,-1,-1,-1
48,-1,1799.22,766.59,46.49,21.25,0.71,-1,-1,-1
48,-1,2304.40,660.01,22.50,12.63,0.62,-1,-1,-1
48,-1,781.57,745.38,69.10,16.14,0.53,-1,-1,-1
48,-1,781.60,745.24,11.23,10.30,0.27,-1,-1,-1
48,-1,781.77,745.35,22.38,13.34,0.14,-1,-1,-1
48,-1,2103.40,704.34,48.90,12.68,0.06,-1,-1,-1
48,-1,1796.98,768.51,48.14,19.57,0.06,-1,-1,-1
48,-1,1799.09,766.84,45.38,20.28,0.05,-1,-1,-1
49,-1,733.70,734.53,83.88,24.58,0.76,-1,-1,-1
49,-1,1774.75,769.71,40.24,20.64,0.67,-1,-1,-1
49,-1,2287.64,662.12,33.02,11.32,0.59,-1,-1,-1
49,-1,2287.01,661.86,68.25,12.76,0.24,-1,-1,-1
49,-1,735.21,747.97,76.01,12.22,0.07,-1,-1,-1
50,-1,2245.87,660.45,19.86,19.95,0.69,-1,-1,-1
50,-1,709.03,682.46,28.66,23.56,0.61,-1,-1,-1
50,-1,1690.03,769.02,85.52,28.95,0.59,-1,-1,-1
50,-1,1675.24,777.73,23.81,12.53,0.34,-1,-1,-1
50,-1,2245.98,660.21,50.29,21.13,0.26,-1,-1,-1
50,-1,1689.81,769.95,31.46,20.67,0.22,-1,-1,-1
50,-1,2469.27,554.73,13.56,12.64,0.16,-1,-1,-1
51,-1,1569.15,764.18,52.58,22.28,0.60,-1,-1,-1
51,-1,2178.06,669.17,32.61,10.72,0.36,-1,-1,-1
51,-1,1567.10,763.20,75.20,26.77,0.20,-1,-1,-1
51,-1,1589.89,780.99,54.53,12.49,0.08,-1,-1,-1
51,-1,1617.78,782.62,30.01,10.62,0.06,-1,-1,-1
51,-1,1565.77,764.19,55.89,21.75,0.05,-1,-1,-1
52,-1,670.17,755.66,39.29,21.29,0.67,-1,-1,-1
52,-1,665.73,773.53,63.64,11.52,0.08,-1,-1,-1
52,-1,668.45,770.67,39.69,9.47,0.05,-1,-1,-1
53,-1,1179.54,733.23,38.43,18.15,0.65,-1,-1,-1
53,-1,1165.69,745.20,46.43,9.71,0.15,-1,-1,-1
53,-1,1159.21,746.47,92.33,11.87,0.10,-1,-1,-1
53,-1,1175.95,737.08,90.58,18.16,0.07,-1,-1,-1
54,-1,1472.47,731.36,40.94,18.69,0.74,-1,-1,-1
55,-1,2515.18,776.14,43.88,23.30,0.50,-1,-1,-1
55,-1,2515.63,788.37,44.06,11.93,0.18,-1,-1,-1
55,-1,2530.06,776.47,11.33,11.99,0.17,-1,-1,-1
55,-1,2526.20,775.73,23.40,13.84,0.06,-1,-1,-1
56,-1,1050.06,635.49,18.68,13.09,0.43,-1,-1,-1
56,-1,1046.94,636.41,35.29,14.23,0.34,-1,-1,-1
56,-1,1035.37,641.97,49.71,10.78,0.13,-1,-1,-1
57,-1,1145.95,641.45,24.36,12.78,0.32,-1,-1,-1
57,-1,1128.65,641.56,88.43,16.58,0.13,-1,-1,-1
57,-1,1123.51,643.80,81.22,12.47,0.10,-1,-1,-1
57,-1,1123.51,640.39,49.43,15.05,0.07,-1,-1,-1
57,-1,1121.69,645.58,41.10,9.94,0.06,-1,-1,-1
57,-1,1123.86,642.37,97.74,14.95,0.06,-1,-1,-1
58,-1,1184.88,638.11,22.69,11.94,0.46,-1,-1,-1
58,-1,1183.03,638.69,67.37,13.45,0.12,-1,-1,-1
58,-1,1179.15,640.78,40.45,12.82,0.07,-1,-1,-1
58,-1,1177.87,642.43,42.63,11.93,0.05,-1,-1,-1
59,-1,1222.59,636.65,42.19,18.10,0.42,-1,-1,-1
60,-1,1235.95,611.08,22.79,24.17,0.60,-1,-1,-1
60,-1,1106.42,605.73,12.17,15.50,0.11,-1,-1,-1
60,-1,1692.14,622.11,12.16,8.93,0.06,-1,-1,-1
61,-1,1193.21,613.88,27.61,18.13,0.12,-1,-1,-1
61,-1,1192.86,614.52,11.30,15.52,0.06,-1,-1,-1
61,-1,0.56,403.29,72.64,13.09,0.06,-1,-1,-1
62,-1,998.26,988.00,32.60,12.69,0.06,-1,-1,-1
63,-1,1657.29,625.45,28.64,13.45,0.58,-1,-1,-1
64,-1,806.80,631.85,34.69,11.93,0.58,-1,-1,-1
64,-1,454.15,669.89,42.17,53.02,0.05,-1,-1,-1
65,-1,190.57,655.09,45.84,14.53,0.56,-1,-1,-1
65,-1,170.72,657.95,47.44,12.59,0.07,-1,-1,-1
66,-1,195.20,658.96,23.01,10.32,0.40,-1,-1,-1
66,-1,193.53,660.03,45.85,11.35,0.31,-1,-1,-1
67,-1,203.34,657.67,43.78,12.42,0.60,-1,-1,-1
67,-1,203.00,658.41,22.05,11.23,0.34,-1,-1,-1
68,-1,206.89,657.16,41.53,12.08,0.42,-1,-1,-1
68,-1,199.08,658.79,94.44,12.13,0.14,-1,-1,-1
69,-1,1674.89,692.06,38.59,14.29,0.42,-1,-1,-1
69,-1,1675.30,695.04,74.30,14.30,0.11,-1,-1,-1
69,-1,1674.32,698.98,38.69,8.91,0.08,-1,-1,-1
69,-1,1674.00,698.94,73.80,11.32,0.06,-1,-1,-1
70,-1,2359.91,705.20,31.73,15.04,0.61,-1,-1,-1
70,-1,1061.50,695.07,64.62,19.25,0.52,-1,-1,-1
70,-1,1060.48,695.70,24.49,17.10,0.26,-1,-1,-1
70,-1,2344.55,715.08,50.81,9.91,0.22,-1,-1,-1
70,-1,2109.12,869.62,119.74,24.65,0.14,-1,-1,-1
70,-1,1060.89,695.53,23.40,18.44,0.12,-1,-1,-1
70,-1,1062.38,695.19,47.01,18.69,0.11,-1,-1,-1
70,-1,335.96,235.34,120.27,115.23,0.05,-1,-1,-1
70,-1,1060.30,696.39,122.51,19.23,0.05,-1,-1,-1
71,-1,1380.45,679.93,30.03,13.55,0.64,-1,-1,-1
71,-1,41.23,736.73,76.48,15.70,0.61,-1,-1,-1
71,-1,1602.72,643.82,17.78,12.45,0.55,-1,-1,-1
71,-1,1798.94,1080.82,61.51,55.21,0.24,-1,-1,-1
71,-1,1369.74,687.60,39.45,9.66,0.16,-1,-1,-1
71,-1,43.68,737.85,32.58,14.80,0.12,-1,-1,-1
71,-1,1798.63,1081.25,59.30,54.35,0.07,-1,-1,-1
72,-1,1922.19,497.24,27.41,10.09,0.61,-1,-1,-1
72,-1,766.48,689.41,42.10,13.66,0.55,-1,-1,-1
72,-1,998.01,648.13,40.43,16.22,0.55,-1,-1,-1
72,-1,2109.38,542.66,18.48,8.58,0.11,-1,-1,-1
72,-1,2109.32,542.61,18.12,8.49,0.10,-1,-1,-1
72,-1,1731.53,476.91,10.67,9.26,0.06,-1,-1,-1
73,-1,750.81,685.79,27.02,15.25,0.73,-1,-1,-1
73,-1,1924.81,495.26,27.33,12.85,0.67,-1,-1,-1
73,-1,968.95,649.57,32.03,13.21,0.65,-1,-1,-1
73,-1,738.01,693.71,29.97,9.45,0.32,-1,-1,-1
73,-1,1787.25,482.94,9.01,9.22,0.13,-1,-1,-1
73,-1,2112.03,544.21,18.90,8.46,0.06,-1,-1,-1
74,-1,712.82,694.91,42.21,13.42,0.63,-1,-1,-1
74,-1,946.19,655.86,54.80,15.54,0.53,-1,-1,-1
74,-1,946.14,656.87,21.03,14.30,0.40,-1,-1,-1
74,-1,1932.69,499.24,15.69,10.30,0.38,-1,-1,-1
74,-1,2114.64,549.66,31.13,8.82,0.15,-1,-1,-1
74,-1,1742.48,475.31,16.96,8.73,0.06,-1,-1,-1
75,-1,791.71,715.10,46.74,14.00,0.57,-1,-1,-1
75,-1,2299.78,565.70,16.44,9.65,0.55,-1,-1,-1
75,-1,1039.04,676.31,22.81,12.76,0.49,-1,-1,-1
75,-1,2111.08,507.57,18.72,8.44,0.06,-1,-1,-1
76,-1,1151.27,724.62,25.33,14.12,0.58,-1,-1,-1
76,-1,1387.12,691.43,21.41,13.86,0.54,-1,-1,-1
76,-1,1388.00,691.11,50.13,13.94,0.48,-1,-1,-1
76,-1,2481.54,502.96,14.14,8.13,0.16,-1,-1,-1
76,-1,1136.03,729.86,43.65,10.87,0.05,-1,-1,-1
77,-1,1610.02,696.76,29.97,15.19,0.42,-1,-1,-1
77,-1,1350.71,732.31,28.30,14.49,0.40,-1,-1,-1
77,-1,1349.66,745.34,17.73,17.06,0.28,-1,-1,-1
77,-1,1349.07,798.72,60.57,19.34,0.13,-1,-1,-1
77,-1,1610.40,696.03,29.12,15.43,0.11,-1,-1,-1
79,-1,2312.74,658.01,21.22,12.68,0.07,-1,-1,-1
80,-1,277.43,762.78,36.66,18.88,0.72,-1,-1,-1
80,-1,2461.64,945.38,23.55,29.92,0.06,-1,-1,-1
81,-1,810.70,723.73,79.95,19.23,0.65,-1,-1,-1
81,-1,2261.37,732.59,30.38,17.96,0.56,-1,-1,-1
81,-1,811.08,724.55,34.23,16.26,0.17,-1,-1,-1
81,-1,2258.49,733.86,54.30,24.22,0.10,-1,-1,-1
81,-1,2257.63,741.63,55.22,16.68,0.09,-1,-1,-1
81,-1,802.84,731.53,89.05,14.98,0.06,-1,-1,-1
82,-1,46.48,604.93,16.05,9.31,0.57,-1,-1,-1
82,-1,1557.30,705.08,16.09,15.64,0.53,-1,-1,-1
82,-1,45.03,604.85,32.52,10.46,0.13,-1,-1,-1
82,-1,1553.64,705.78,72.12,16.65,0.13,-1,-1,-1
82,-1,1544.09,714.57,22.84,9.58,0.11,-1,-1,-1
82,-1,1545.43,713.68,120.58,12.80,0.09,-1,-1,-1
82,-1,1546.58,709.53,115.12,17.51,0.07,-1,-1,-1
83,-1,1070.39,577.82,22.07,9.75,0.53,-1,-1,-1
83,-1,2495.35,734.49,28.76,16.87,0.49,-1,-1,-1
83,-1,480.54,406.41,46.98,9.26,0.06,-1,-1,-1
84,-1,1110.43,577.35,20.64,10.71,0.46,-1,-1,-1
84,-1,2516.35,738.18,41.47,19.31,0.41,-1,-1,-1
84,-1,2513.39,747.68,45.55,12.32,0.11,-1,-1,-1
84,-1,1105.84,579.19,59.50,10.10,0.07,-1,-1,-1
85,-1,1164.34,578.88,22.58,10.78,0.32,-1,-1,-1
85,-1,1497.25,756.02,16.22,15.92,0.21,-1,-1,-1
85,-1,95.52,493.74,26.29,8.02,0.16,-1,-1,-1
85,-1,500.35,406.34,45.55,9.23,0.08,-1,-1,-1
86,-1,1226.58,579.25,19.02,9.60,0.45,-1,-1,-1
86,-1,1482.94,864.05,19.35,14.40,0.14,-1,-1,-1
86,-1,117.45,493.41,28.41,8.72,0.06,-1,-1,-1
87,-1,1270.46,579.00,25.88,9.60,0.40,-1,-1,-1
87,-1,516.64,407.69,44.40,9.41,0.09,-1,-1,-1
87,-1,606.34,1018.23,25.93,12.44,0.07,-1,-1,-1
88,-1,1286.60,577.53,22.90,9.36,0.29,-1,-1,-1
88,-1,831.23,835.95,26.94,15.38,0.08,-1,-1,-1
89,-1,1294.92,577.98,23.26,9.15,0.43,-1,-1,-1
89,-1,1075.86,19.56,211.66,64.98,0.07,-1,-1,-1
90,-1,1056.91,575.40,28.69,9.63,0.28,-1,-1,-1
90,-1,1039.13,575.99,54.78,10.27,0.07,-1,-1,-1
91,-1,618.81,570.25,30.38,11.19,0.38,-1,-1,-1
91,-1,1983.51,243.78,569.08,144.71,0.17,-1,-1,-1
91,-1,2144.46,652.21,55.42,43.00,0.10,-1,-1,-1
91,-1,617.87,570.57,31.63,11.05,0.08,-1,-1,-1
91,-1,2144.85,651.78,53.96,30.10,0.06,-1,-1,-1
91,-1,1862.94,932.52,42.35,13.50,0.06,-1,-1,-1
94,-1,2280.92,624.46,24.05,11.48,0.55,-1,-1,-1
94,-1,988.39,684.64,35.53,16.90,0.36,-1,-1,-1
94,-1,2076.17,624.84,47.95,11.39,0.19,-1,-1,-1
94,-1,2280.01,623.99,91.40,12.60,0.13,-1,-1,-1
94,-1,2075.82,624.58,12.38,10.40,0.11,-1,-1,-1
95,-1,448.47,230.06,95.70,96.79,0.68,-1,-1,-1
95,-1,1629.32,617.30,19.05,12.63,0.54,-1,-1,-1
95,-1,600.37,683.01,68.30,16.15,0.48,-1,-1,-1
95,-1,1792.38,610.31,18.73,10.53,0.47,-1,-1,-1
95,-1,601.02,682.88,25.32,13.87,0.44,-1,-1,-1
95,-1,1629.78,617.34,45.11,11.74,0.13,-1,-1,-1
96,-1,46.18,708.29,30.61,18.09,0.59,-1,-1,-1
96,-1,1259.22,604.99,12.09,11.49,0.55,-1,-1,-1
96,-1,1123.07,611.90,39.35,12.09,0.50,-1,-1,-1
96,-1,1122.45,612.01,18.31,11.78,0.13,-1,-1,-1
96,-1,34.22,716.31,41.60,13.29,0.06,-1,-1,-1
97,-1,322.46,628.40,26.11,11.20,0.44,-1,-1,-1
97,-1,185.84,637.97,46.37,10.19,0.27,-1,-1,-1
97,-1,1675.33,541.02,13.77,8.57,0.12,-1,-1,-1
97,-1,2527.78,418.60,9.17,10.41,0.11,-1,-1,-1
97,-1,185.95,638.26,20.27,9.60,0.10,-1,-1,-1
97,-1,1999.84,465.24,13.79,16.73,0.09,-1,-1,-1
97,-1,1827.50,503.50,23.44,8.30,0.06,-1,-1,-1
98,-1,226.09,648.91,60.17,14.02,0.38,-1,-1,-1
98,-1,359.99,643.79,14.40,12.02,0.28,-1,-1,-1
98,-1,226.43,650.06,24.73,13.59,0.26,-1,-1,-1
98,-1,226.32,650.03,24.21,14.29,0.24,-1,-1,-1
98,-1,2433.39,530.82,18.59,11.45,0.22,-1,-1,-1
98,-1,303.25,895.20,94.86,27.85,0.20,-1,-1,-1
98,-1,2479.51,419.43,10.73,11.31,0.15,-1,-1,-1
98,-1,1693.07,497.69,29.15,8.19,0.11,-1,-1,-1
98,-1,344.91,643.02,31.00,12.64,0.08,-1,-1,-1
98,-1,1684.18,541.90,17.63,8.20,0.07,-1,-1,-1
98,-1,1834.34,508.37,15.55,8.39,0.05,-1,-1,-1
98,-1,1640.81,490.54,13.86,8.63,0.05,-1,-1,-1
99,-1,393.64,645.63,24.96,12.13,0.32,-1,-1,-1
99,-1,270.05,653.63,24.53,10.37,0.25,-1,-1,-1
99,-1,269.61,652.92,54.14,10.40,0.19,-1,-1,-1
99,-1,1714.46,541.69,10.73,10.06,0.16,-1,-1,-1
99,-1,1849.38,508.39,30.42,8.51,0.13,-1,-1,-1
99,-1,1718.73,498.89,26.42,8.02,0.11,-1,-1,-1
99,-1,2490.62,419.96,13.45,10.51,0.10,-1,-1,-1
99,-1,2254.06,490.35,20.93,10.95,0.10,-1,-1,-1
99,-1,392.92,645.85,21.39,12.15,0.08,-1,-1,-1
99,-1,265.17,652.90,58.59,9.81,0.08,-1,-1,-1
99,-1,1726.66,540.58,12.08,10.61,0.06,-1,-1,-1
100,-1,412.50,651.77,28.13,12.63,0.54,-1,-1,-1
100,-1,304.30,656.00,24.13,9.80,0.49,-1,-1,-1
100,-1,1881.56,508.70,28.05,10.20,0.41,-1,-1,-1
100,-1,303.12,655.55,59.41,10.19,0.32,-1,-1,-1
100,-1,1742.99,540.28,19.66,9.45,0.18,-1,-1,-1
100,-1,1739.99,500.36,33.26,8.20,0.16,-1,-1,-1
100,-1,2502.81,420.60,10.40,9.18,0.15,-1,-1,-1
100,-1,1742.47,540.56,19.12,9.23,0.14,-1,-1,-1
100,-1,2473.03,532.91,16.16,9.25,0.07,-1,-1,-1
100,-1,1909.88,690.37,18.13,20.91,0.06,-1,-1,-1
101,-1,320.36,658.43,22.40,14.67,0.33,-1,-1,-1
101,-1,216.50,659.37,26.58,10.78,0.22,-1,-1,-1
101,-1,217.33,658.22,52.06,11.88,0.19,-1,-1,-1
101,-1,2375.80,529.28,13.53,9.36,0.14,-1,-1,-1
101,-1,1616.51,481.65,16.71,13.27,0.12,-1,-1,-1
101,-1,320.85,658.61,22.29,17.85,0.09,-1,-1,-1
101,-1,1667.21,542.17,16.30,9.19,0.07,-1,-1,-1
102,-1,2356.88,479.35,9.25,10.68,0.16,-1,-1,-1
102,-1,823.61,491.14,25.42,9.10,0.13,-1,-1,-1
102,-1,2363.28,478.41,10.30,10.53,0.11,-1,-1,-1
102,-1,878.57,479.77,15.53,9.10,0.10,-1,-1,-1
102,-1,763.12,477.32,18.63,8.81,0.10,-1,-1,-1
102,-1,810.13,534.96,13.71,8.65,0.08,-1,-1,-1
102,-1,2548.10,447.58,11.02,9.20,0.06,-1,-1,-1
102,-1,2515.33,448.26,43.82,11.14,0.05,-1,-1,-1
103,-1,159.02,489.39,32.25,10.64,0.50,-1,-1,-1
103,-1,1697.27,479.39,12.70,12.11,0.43,-1,-1,-1
103,-1,319.97,505.53,15.58,9.25,0.39,-1,-1,-1
103,-1,124.43,543.55,25.69,10.71,0.33,-1,-1,-1
103,-1,98.31,480.41,13.45,15.16,0.21,-1,-1,-1
103,-1,1713.86,433.02,9.43,11.89,0.10,-1,-1,-1
103,-1,2072.41,481.36,8.85,12.23,0.09,-1,-1,-1
103,-1,122.59,542.98,67.66,10.81,0.09,-1,-1,-1
103,-1,223.50,474.28,12.99,8.56,0.08,-1,-1,-1
103,-1,1702.32,479.84,23.61,10.06,0.07,-1,-1,-1
103,-1,98.25,479.21,10.63,9.10,0.06,-1,-1,-1
103,-1,1290.91,492.41,15.76,7.93,0.06,-1,-1,-1
103,-1,1686.70,480.27,23.01,11.73,0.05,-1,-1,-1
104,-1,1168.65,483.46,10.84,15.05,0.53,-1,-1,-1
104,-1,2204.27,456.67,10.98,20.20,0.17,-1,-1,-1
104,-1,2192.85,456.83,9.41,15.34,0.15,-1,-1,-1
104,-1,2193.90,456.16,18.80,18.30,0.11,-1,-1,-1
104,-1,1115.36,464.34,8.76,11.38,0.09,-1,-1,-1
104,-1,1152.46,485.10,32.76,14.41,0.07,-1,-1,-1
104,-1,1508.00,485.79,10.82,15.37,0.07,-1,-1,-1
104,-1,1153.05,488.02,34.54,12.94,0.05,-1,-1,-1
105,-1,1856.02,470.32,48.00,27.67,0.84,-1,-1,-1
105,-1,2270.38,483.13,34.00,23.40,0.76,-1,-1,-1
105,-1,1700.76,496.48,16.64,31.83,0.69,-1,-1,-1
105,-1,405.41,470.91,9.62,13.74,0.39,-1,-1,-1
105,-1,391.78,469.87,9.51,14.95,0.35,-1,-1,-1
105,-1,2270.25,483.34,33.82,23.06,0.27,-1,-1,-1
105,-1,2025.97,481.47,11.12,20.01,0.22,-1,-1,-1
105,-1,2026.33,481.03,10.82,20.13,0.14,-1,-1,-1
105,-1,1819.30,466.95,41.58,25.21,0.13,-1,-1,-1
105,-1,1606.90,466.35,51.50,17.63,0.07,-1,-1,-1
105,-1,1295.77,469.65,30.36,16.46,0.07,-1,-1,-1
105,-1,1856.17,470.28,47.74,27.90,0.06,-1,-1,-1
106,-1,1921.41,1140.49,62.06,67.22,0.85,-1,-1,-1
106,-1,1189.08,677.76,29.73,34.78,0.84,-1,-1,-1
106,-1,1903.50,1141.67,59.91,64.84,0.82,-1,-1,-1
106,-1,1182.68,674.82,23.55,45.33,0.80,-1,-1,-1
106,-1,1271.68,474.86,50.77,26.70,0.75,-1,-1,-1
106,-1,442.73,489.64,28.38,22.98,0.75,-1,-1,-1
106,-1,2042.02,514.32,12.81,30.54,0.75,-1,-1,-1
106,-1,6.92,492.80,36.77,22.58,0.71,-1,-1,-1
106,-1,1342.11,472.60,38.45,27.90,0.64,-1,-1,-1
106,-1,2232.12,570.09,14.15,32.28,0.62,-1,-1,-1
106,-1,1596.96,464.92,37.35,25.69,0.56,-1,-1,-1
106,-1,1886.40,543.47,10.96,29.67,0.55,-1,-1,-1
106,-1,1679.08,467.38,34.30,22.50,0.54,-1,-1,-1
106,-1,1794.95,420.11,87.12,65.39,0.51,-1,-1,-1
106,-1,2223.51,457.36,28.10,9.37,0.48,-1,-1,-1
106,-1,2116.12,482.45,9.50,20.85,0.42,-1,-1,-1
106,-1,12.26,485.80,47.42,28.07,0.39,-1,-1,-1
106,-1,1533.13,475.18,22.85,17.29,0.39,-1,-1,-1
106,-1,1597.04,464.53,37.52,26.35,0.35,-1,-1,-1
106,-1,2372.25,492.97,25.79,13.59,0.24,-1,-1,-1
106,-1,2388.41,490.37,73.25,13.77,0.22,-1,-1,-1
106,-1,1666.78,466.84,46.74,23.25,0.20,-1,-1,-1
106,-1,442.95,489.52,28.15,23.34,0.18,-1,-1,-1
106,-1,1271.47,474.42,51.15,27.09,0.17,-1,-1,-1
106,-1,890.05,519.47,83.34,10.71,0.16,-1,-1,-1
106,-1,2405.51,489.58,34.42,14.24,0.14,-1,-1,-1
106,-1,379.87,138.75,29.41,10.90,0.11,-1,-1,-1
106,-1,1340.42,473.78,43.44,26.69,0.10,-1,-1,-1
106,-1,1441.98,483.59,26.89,12.92,0.09,-1,-1,-1
106,-1,1729.15,468.25,21.46,14.29,0.09,-1,-1,-1
106,-1,1900.36,453.44,40.48,27.91,0.09,-1,-1,-1
106,-1,2371.84,488.47,100.27,16.92,0.07,-1,-1,-1
106,-1,1704.50,463.39,46.10,19.89,0.07,-1,-1,-1
106,-1,0.63,483.78,11.48,22.26,0.07,-1,-1,-1
106,-1,1430.67,484.98,29.08,12.67,0.06,-1,-1,-1
106,-1,2214.53,471.47,13.55,14.72,0.06,-1,-1,-1
106,-1,1633.65,465.31,35.90,21.06,0.06,-1,-1,-1
106,-1,1512.25,469.47,43.66,23.57,0.05,-1,-1,-1
107,-1,1153.63,614.55,22.85,29.38,0.84,-1,-1,-1
107,-1,1868.82,1103.51,85.13,54.61,0.84,-1,-1,-1
107,-1,1883.92,1123.27,81.55,41.98,0.84,-1,-1,-1
107,-1,1144.58,610.21,20.86,29.13,0.79,-1,-1,-1
107,-1,384.16,427.92,28.57,23.21,0.78,-1,-1,-1
107,-1,1224.95,414.10,48.33,26.10,0.77,-1,-1,-1
107,-1,1858.91,481.23,10.88,29.40,0.77,-1,-1,-1
107,-1,1293.12,411.15,38.40,27.70,0.68,-1,-1,-1
107,-1,1991.33,452.67,11.57,29.97,0.68,-1,-1,-1
107,-1,2055.68,417.35,12.28,26.29,0.65,-1,-1,-1
107,-1,1636.41,405.78,27.93,22.70,0.63,-1,-1,-1
107,-1,2189.63,510.23,13.00,33.58,0.59,-1,-1,-1
107,-1,1549.08,402.26,36.31,27.22,0.57,-1,-1,-1
107,-1,2170.66,394.84,27.11,9.39,0.41,-1,-1,-1
107,-1,1470.77,407.93,37.80,22.41,0.40,-1,-1,-1
107,-1,1654.63,401.22,45.51,20.32,0.37,-1,-1,-1
107,-1,1549.34,402.21,36.07,27.19,0.35,-1,-1,-1
107,-1,2194.00,434.23,26.22,19.51,0.31,-1,-1,-1
107,-1,2348.17,425.66,68.00,16.43,0.20,-1,-1,-1
107,-1,384.25,426.81,29.15,24.35,0.20,-1,-1,-1
107,-1,837.47,457.28,85.52,10.94,0.19,-1,-1,-1
107,-1,2170.39,395.23,27.30,24.62,0.17,-1,-1,-1
107,-1,1584.66,402.73,34.39,21.14,0.17,-1,-1,-1
107,-1,1632.62,405.73,32.05,22.76,0.13,-1,-1,-1
107,-1,1485.66,416.30,22.21,15.01,0.11,-1,-1,-1
107,-1,1933.79,1125.54,31.28,12.92,0.11,-1,-1,-1
107,-1,2005.32,410.40,11.63,12.54,0.11,-1,-1,-1
107,-1,312.14,71.07,30.22,11.83,0.10,-1,-1,-1
107,-1,2319.68,429.76,22.77,13.79,0.10,-1,-1,-1
107,-1,503.95,442.12,46.61,8.98,0.10,-1,-1,-1
107,-1,2319.53,429.61,22.79,14.72,0.10,-1,-1,-1
107,-1,1404.75,421.49,34.82,12.32,0.09,-1,-1,-1
107,-1,2191.19,508.94,10.22,19.97,0.09,-1,-1,-1
107,-1,1825.19,406.78,12.57,17.75,0.08,-1,-1,-1
107,-1,1293.11,410.86,38.68,27.72,0.07,-1,-1,-1
107,-1,1224.67,414.03,48.42,26.16,0.07,-1,-1,-1
107,-1,1653.80,400.56,45.02,21.21,0.06,-1,-1,-1
107,-1,140.52,430.90,13.00,19.21,0.06,-1,-1,-1
107,-1,2193.50,444.63,26.69,9.62,0.06,-1,-1,-1
107,-1,1895.90,464.93,11.78,7.74,0.05,-1,-1,-1
107,-1,312.09,70.73,29.99,12.25,0.05,-1,-1,-1
108,-1,1228.66,229.32,46.81,27.33,0.80,-1,-1,-1
108,-1,1161.02,435.45,19.71,29.63,0.78,-1,-1,-1
108,-1,374.11,242.89,29.33,23.93,0.77,-1,-1,-1
108,-1,1145.81,430.54,24.14,35.89,0.77,-1,-1,-1
108,-1,1646.24,220.29,27.41,22.99,0.76,-1,-1,-1
108,-1,1903.27,935.30,70.60,49.67,0.74,-1,-1,-1
108,-1,1889.34,298.27,10.90,30.73,0.73,-1,-1,-1
108,-1,1294.57,226.03,41.17,28.89,0.67,-1,-1,-1
108,-1,2058.26,234.90,11.74,25.82,0.64,-1,-1,-1
108,-1,2003.50,269.75,12.77,31.49,0.63,-1,-1,-1
108,-1,2335.33,242.94,91.95,18.66,0.54,-1,-1,-1
108,-1,2204.71,333.15,12.05,27.23,0.54,-1,-1,-1
108,-1,1556.47,218.17,36.75,25.95,0.53,-1,-1,-1
108,-1,1752.45,172.86,74.51,63.49,0.43,-1,-1,-1
108,-1,1475.86,223.52,40.01,21.62,0.42,-1,-1,-1
108,-1,2185.27,211.12,27.42,9.95,0.38,-1,-1,-1
108,-1,1959.39,967.92,26.19,10.76,0.35,-1,-1,-1
108,-1,1555.97,217.11,37.45,27.58,0.35,-1,-1,-1
108,-1,2000.41,271.08,10.28,29.15,0.34,-1,-1,-1
108,-1,2184.89,211.20,27.40,25.32,0.31,-1,-1,-1
108,-1,2329.99,246.84,27.49,15.01,0.29,-1,-1,-1
108,-1,830.76,272.94,88.12,11.78,0.20,-1,-1,-1
108,-1,373.97,243.03,29.29,23.66,0.19,-1,-1,-1
108,-1,1907.81,281.72,12.16,8.79,0.14,-1,-1,-1
108,-1,1294.76,225.85,40.99,29.20,0.14,-1,-1,-1
108,-1,1228.91,229.59,46.12,26.99,0.12,-1,-1,-1
108,-1,1807.02,201.23,39.20,31.48,0.10,-1,-1,-1
108,-1,1690.54,220.99,20.56,14.85,0.08,-1,-1,-1
108,-1,1727.96,218.32,42.59,24.63,0.07,-1,-1,-1
108,-1,1665.76,216.30,43.30,20.27,0.07,-1,-1,-1
108,-1,1905.37,964.65,80.21,20.25,0.06,-1,-1,-1
108,-1,2207.72,261.37,26.26,10.25,0.06,-1,-1,-1
109,-1,1168.39,328.29,22.10,33.35,0.85,-1,-1,-1
109,-1,368.17,139.66,31.91,24.11,0.80,-1,-1,-1
109,-1,1154.23,325.81,25.99,30.76,0.77,-1,-1,-1
109,-1,1873.22,859.44,78.76,48.29,0.74,-1,-1,-1
109,-1,1230.60,123.19,45.56,28.85,0.72,-1,-1,-1
109,-1,1919.56,195.47,10.90,30.45,0.69,-1,-1,-1
109,-1,1903.37,893.62,60.28,18.80,0.68,-1,-1,-1
109,-1,1652.50,114.89,27.80,24.48,0.65,-1,-1,-1
109,-1,1298.38,119.84,38.55,30.80,0.65,-1,-1,-1
109,-1,1758.47,66.27,96.12,68.44,0.61,-1,-1,-1
109,-1,2210.64,232.90,16.04,40.63,0.47,-1,-1,-1
109,-1,2011.31,168.08,13.75,31.45,0.47,-1,-1,-1
109,-1,2374.37,143.93,68.08,15.89,0.44,-1,-1,-1
109,-1,1561.99,111.25,37.23,29.29,0.44,-1,-1,-1
109,-1,2195.63,108.73,27.05,9.59,0.40,-1,-1,-1
109,-1,1561.48,111.02,38.00,29.62,0.40,-1,-1,-1
109,-1,2008.89,169.78,9.94,29.15,0.31,-1,-1,-1
109,-1,2341.31,146.25,27.35,14.75,0.29,-1,-1,-1
109,-1,2056.61,132.75,9.82,21.75,0.24,-1,-1,-1
109,-1,2340.91,146.86,28.40,14.48,0.23,-1,-1,-1
109,-1,1915.01,179.89,11.99,8.83,0.15,-1,-1,-1
109,-1,1298.48,119.76,38.24,30.95,0.14,-1,-1,-1
109,-1,1653.19,114.78,27.12,24.40,0.13,-1,-1,-1
109,-1,1231.03,122.86,45.27,28.81,0.13,-1,-1,-1
109,-1,827.27,169.64,87.98,11.52,0.12,-1,-1,-1
109,-1,368.15,139.54,31.38,24.24,0.11,-1,-1,-1
109,-1,1671.74,107.14,47.14,25.06,0.11,-1,-1,-1
109,-1,2195.33,108.71,27.45,22.96,0.11,-1,-1,-1
109,-1,1481.68,117.32,40.85,23.71,0.11,-1,-1,-1
109,-1,1810.53,88.12,45.75,41.85,0.10,-1,-1,-1
109,-1,429.28,140.15,9.30,23.31,0.07,-1,-1,-1
109,-1,1697.52,116.43,21.48,15.14,0.06,-1,-1,-1
109,-1,2258.93,116.89,15.83,17.78,0.06,-1,-1,-1
110,-1,1167.73,300.73,27.92,32.82,0.86,-1,-1,-1
110,-1,364.90,112.36,29.50,24.29,0.76,-1,-1,-1
110,-1,1228.16,96.88,48.28,27.74,0.75,-1,-1,-1
110,-1,1865.71,839.95,61.90,47.82,0.75,-1,-1,-1
110,-1,2375.63,117.76,61.44,16.55,0.74,-1,-1,-1
110,-1,1159.83,297.97,21.36,24.64,0.72,-1,-1,-1
110,-1,1928.35,169.95,13.31,30.27,0.68,-1,-1,-1
110,-1,1299.09,92.18,38.53,31.48,0.65,-1,-1,-1
110,-1,1653.50,88.42,28.56,24.40,0.64,-1,-1,-1
110,-1,1891.63,873.05,50.68,16.24,0.59,-1,-1,-1
110,-1,1762.11,39.48,93.32,66.54,0.56,-1,-1,-1
110,-1,2012.45,141.89,12.70,30.98,0.55,-1,-1,-1
110,-1,1563.89,82.89,37.23,30.11,0.52,-1,-1,-1
110,-1,2215.52,209.94,14.56,32.86,0.49,-1,-1,-1
110,-1,2053.77,103.36,12.54,23.03,0.49,-1,-1,-1
110,-1,2198.23,82.55,27.45,9.35,0.37,-1,-1,-1
110,-1,2344.76,119.71,26.86,15.49,0.32,-1,-1,-1
110,-1,825.87,142.18,89.13,11.99,0.27,-1,-1,-1
110,-1,1564.08,82.86,37.11,30.17,0.26,-1,-1,-1
110,-1,365.06,112.42,29.46,24.61,0.21,-1,-1,-1
110,-1,1043.05,643.46,824.66,792.52,0.19,-1,-1,-1
110,-1,2198.24,82.88,27.27,23.02,0.15,-1,-1,-1
110,-1,2018.04,141.42,10.21,29.50,0.14,-1,-1,-1
110,-1,1653.79,88.50,28.32,24.46,0.13,-1,-1,-1
110,-1,1916.66,152.83,12.55,8.57,0.12,-1,-1,-1
110,-1,1228.29,96.87,47.61,27.70,0.10,-1,-1,-1
110,-1,2218.40,209.84,11.12,14.97,0.09,-1,-1,-1
110,-1,1298.58,92.01,39.22,31.86,0.09,-1,-1,-1
110,-1,396.62,112.50,39.24,25.08,0.08,-1,-1,-1
110,-1,2189.53,233.74,43.42,12.55,0.07,-1,-1,-1
110,-1,1362.78,641.92,826.61,797.71,0.06,-1,-1,-1
111,-1,1175.10,234.30,24.41,30.87,0.77,-1,-1,-1
111,-1,359.85,45.38,32.52,24.90,0.76,-1,-1,-1
111,-1,1952.96,103.74,14.38,30.57,0.75,-1,-1,-1
111,-1,22.11,652.81,824.20,781.87,0.74,-1,-1,-1
111,-1,370.37,629.13,831.77,802.69,0.72,-1,-1,-1
111,-1,1806.59,780.69,72.84,44.15,0.70,-1,-1,-1
111,-1,1170.40,230.54,19.57,27.08,0.67,-1,-1,-1
111,-1,2223.90,147.67,14.73,35.09,0.65,-1,-1,-1
111,-1,2384.06,53.87,61.13,16.70,0.62,-1,-1,-1
111,-1,2018.08,77.60,15.62,31.55,0.59,-1,-1,-1
111,-1,1836.63,810.76,65.51,17.11,0.59,-1,-1,-1
111,-1,1229.14,28.42,48.38,28.52,0.59,-1,-1,-1
111,-1,1565.49,17.24,39.23,29.76,0.55,-1,-1,-1
111,-1,755.08,630.63,826.24,801.29,0.54,-1,-1,-1
111,-1,1657.90,21.27,28.94,25.06,0.46,-1,-1,-1
111,-1,1298.90,24.59,39.51,31.94,0.41,-1,-1,-1
111,-1,2204.99,17.31,27.61,9.93,0.40,-1,-1,-1
111,-1,1565.61,16.88,38.86,30.04,0.28,-1,-1,-1
111,-1,2204.50,17.39,27.99,22.35,0.28,-1,-1,-1
111,-1,820.37,610.05,826.62,819.49,0.25,-1,-1,-1
111,-1,2353.35,56.26,26.24,15.37,0.23,-1,-1,-1
111,-1,2048.63,36.81,10.69,23.35,0.21,-1,-1,-1
111,-1,359.75,45.58,33.17,24.71,0.21,-1,-1,-1
111,-1,467.94,615.08,828.66,814.81,0.16,-1,-1,-1
111,-1,823.28,74.99,89.48,12.24,0.14,-1,-1,-1
111,-1,1171.73,629.46,824.12,804.50,0.13,-1,-1,-1
111,-1,1238.16,609.32,821.20,822.35,0.12,-1,-1,-1
111,-1,2048.43,36.61,17.52,32.43,0.11,-1,-1,-1
111,-1,-0.64,657.80,798.60,773.35,0.10,-1,-1,-1
111,-1,1299.52,24.42,38.55,32.02,0.10,-1,-1,-1
111,-1,1653.74,20.80,32.69,25.79,0.09,-1,-1,-1
111,-1,2225.71,70.79,28.65,10.19,0.09,-1,-1,-1
111,-1,1229.63,27.72,48.06,29.20,0.08,-1,-1,-1
111,-1,2225.43,70.70,28.72,9.89,0.07,-1,-1,-1
111,-1,1922.15,89.01,11.34,7.90,0.07,-1,-1,-1
111,-1,1703.69,21.84,21.03,16.80,0.05,-1,-1,-1
112,-1,1185.82,175.19,22.39,28.68,0.82,-1,-1,-1
112,-1,1764.96,700.28,64.30,39.48,0.73,-1,-1,-1
112,-1,1179.11,168.56,18.48,37.88,0.72,-1,-1,-1
112,-1,1788.08,727.29,53.67,20.82,0.72,-1,-1,-1
112,-1,1075.62,631.05,826.81,801.19,0.65,-1,-1,-1
112,-1,2023.64,22.57,13.76,31.17,0.63,-1,-1,-1
112,-1,626.84,627.05,829.05,805.14,0.62,-1,-1,-1
112,-1,1978.70,45.98,15.14,33.60,0.60,-1,-1,-1
112,-1,1394.07,630.64,828.88,800.26,0.49,-1,-1,-1
112,-1,821.17,17.31,89.14,12.56,0.33,-1,-1,-1
112,-1,116.20,628.32,824.40,802.98,0.16,-1,-1,-1
112,-1,215.18,545.09,86.28,19.77,0.14,-1,-1,-1
112,-1,1927.39,33.28,13.16,8.43,0.11,-1,-1,-1
112,-1,1713.77,605.43,824.69,827.10,0.09,-1,-1,-1
112,-1,354.08,0.12,28.53,12.55,0.08,-1,-1,-1
112,-1,436.42,612.37,825.42,816.75,0.08,-1,-1,-1
112,-1,1012.59,609.35,825.90,822.66,0.08,-1,-1,-1
112,-1,2390.12,0.12,62.79,16.50,0.07,-1,-1,-1
112,-1,1985.95,45.36,13.09,33.55,0.06,-1,-1,-1
112,-1,1366.24,590.70,823.41,841.69,0.05,-1,-1,-1
112,-1,500.31,585.28,825.43,848.44,0.05,-1,-1,-1
113,-1,1193.16,131.95,24.64,27.97,0.80,-1,-1,-1
113,-1,2004.57,5.99,15.44,31.10,0.76,-1,-1,-1
113,-1,1187.73,125.28,19.54,37.76,0.73,-1,-1,-1
113,-1,1684.27,675.30,80.50,39.93,0.62,-1,-1,-1
113,-1,1685.76,698.62,98.74,20.49,0.49,-1,-1,-1
113,-1,2027.31,-0.06,14.00,14.04,0.39,-1,-1,-1
113,-1,181.18,609.12,821.66,821.22,0.08,-1,-1,-1
113,-1,690.52,624.73,824.15,808.84,0.07,-1,-1,-1
113,-1,723.40,626.04,822.11,806.83,0.05,-1,-1,-1
114,-1,1201.04,94.00,25.91,30.23,0.88,-1,-1,-1
114,-1,1192.89,90.08,20.75,39.09,0.72,-1,-1,-1
114,-1,1660.91,651.02,55.42,35.28,0.60,-1,-1,-1
114,-1,692.50,630.83,824.46,799.59,0.53,-1,-1,-1
114,-1,1638.95,670.60,101.77,22.53,0.48,-1,-1,-1
114,-1,1011.18,628.61,826.62,802.85,0.32,-1,-1,-1
114,-1,1331.81,607.63,825.62,819.49,0.29,-1,-1,-1
114,-1,1640.17,670.52,100.15,22.95,0.28,-1,-1,-1
114,-1,371.39,626.25,826.43,805.23,0.28,-1,-1,-1
114,-1,852.79,612.35,825.91,817.80,0.22,-1,-1,-1
114,-1,2270.66,34.77,19.49,36.92,0.20,-1,-1,-1
114,-1,2180.03,62.40,113.60,13.90,0.13,-1,-1,-1
114,-1,2021.42,0.14,17.27,10.35,0.11,-1,-1,-1
114,-1,404.54,607.88,824.85,822.90,0.10,-1,-1,-1
114,-1,1267.94,583.58,827.02,843.83,0.07,-1,-1,-1
114,-1,7.49,631.25,813.14,802.20,0.06,-1,-1,-1
115,-1,1202.87,77.91,27.52,28.66,0.85,-1,-1,-1
115,-1,1650.87,654.44,50.63,20.99,0.76,-1,-1,-1
115,-1,595.30,629.50,826.46,802.49,0.71,-1,-1,-1
115,-1,1619.90,631.17,57.90,40.69,0.66,-1,-1,-1
115,-1,1200.30,72.81,14.95,21.57,0.63,-1,-1,-1
115,-1,915.83,628.72,827.87,802.30,0.53,-1,-1,-1
115,-1,2278.77,19.45,22.22,38.51,0.26,-1,-1,-1
115,-1,2278.26,18.78,22.55,39.33,0.25,-1,-1,-1
115,-1,1173.27,608.80,823.75,821.16,0.21,-1,-1,-1
115,-1,1200.69,74.20,25.61,33.00,0.16,-1,-1,-1
115,-1,851.35,612.02,826.57,817.62,0.15,-1,-1,-1
115,-1,245.24,627.86,822.74,807.10,0.10,-1,-1,-1
115,-1,1112.52,1235.18,86.03,67.32,0.08,-1,-1,-1
115,-1,1764.32,584.85,787.69,838.82,0.06,-1,-1,-1
115,-1,1715.89,608.55,823.37,825.23,0.06,-1,-1,-1
116,-1,1204.48,47.57,38.96,23.75,0.80,-1,-1,-1
116,-1,1557.78,607.25,64.37,38.01,0.75,-1,-1,-1
116,-1,1553.55,637.88,89.04,15.19,0.66,-1,-1,-1
116,-1,1206.22,44.00,21.13,35.73,0.62,-1,-1,-1
116,-1,501.67,629.34,820.50,802.49,0.25,-1,-1,-1
116,-1,1552.44,639.01,32.19,10.05,0.08,-1,-1,-1
116,-1,628.41,612.54,821.97,815.46,0.07,-1,-1,-1
116,-1,534.08,552.17,820.14,848.63,0.06,-1,-1,-1
117,-1,1219.29,18.80,42.97,25.78,0.86,-1,-1,-1
117,-1,1525.11,620.18,61.39,21.04,0.70,-1,-1,-1
117,-1,1519.09,592.61,52.42,39.06,0.69,-1,-1,-1
117,-1,1225.22,13.58,20.16,34.62,0.63,-1,-1,-1
118,-1,1457.73,580.20,46.70,38.59,0.82,-1,-1,-1
118,-1,1457.37,601.06,70.48,26.21,0.72,-1,-1,-1
118,-1,1230.91,-0.17,30.72,30.15,0.57,-1,-1,-1
118,-1,1245.31,0.12,17.05,17.99,0.22,-1,-1,-1
118,-1,1893.03,431.19,33.96,41.41,0.20,-1,-1,-1
118,-1,1453.48,600.30,72.77,42.98,0.13,-1,-1,-1
118,-1,1231.14,0.26,31.91,28.18,0.07,-1,-1,-1
119,-1,1420.90,552.09,46.12,62.94,0.81,-1,-1,-1
119,-1,1395.59,564.63,55.94,53.66,0.79,-1,-1,-1
119,-1,530.12,720.97,827.36,708.00,0.23,-1,-1,-1
119,-1,1138.03,634.14,824.66,800.35,0.05,-1,-1,-1
120,-1,1361.25,549.82,56.60,59.74,0.86,-1,-1,-1
120,-1,657.82,629.70,830.96,803.03,0.67,-1,-1,-1
120,-1,978.80,630.24,830.12,801.93,0.66,-1,-1,-1
120,-1,1362.83,625.46,829.04,806.75,0.63,-1,-1,-1
120,-1,339.60,634.72,825.17,798.07,0.51,-1,-1,-1
120,-1,1372.61,567.93,19.13,21.83,0.26,-1,-1,-1
120,-1,22.93,690.88,822.52,740.10,0.25,-1,-1,-1
120,-1,1205.10,608.72,824.71,823.78,0.24,-1,-1,-1
120,-1,1682.57,628.44,826.49,807.28,0.19,-1,-1,-1
120,-1,1524.44,609.14,824.95,823.06,0.18,-1,-1,-1
120,-1,884.55,607.70,824.53,821.03,0.13,-1,-1,-1
120,-1,437.96,613.43,824.74,818.31,0.09,-1,-1,-1
121,-1,1426.47,627.69,830.76,803.23,0.61,-1,-1,-1
121,-1,6.48,632.54,812.45,803.95,0.55,-1,-1,-1
121,-1,881.60,628.88,831.59,801.21,0.44,-1,-1,-1
121,-1,498.87,628.32,828.72,802.17,0.35,-1,-1,-1
121,-1,659.39,608.57,828.82,820.98,0.21,-1,-1,-1
121,-1,1761.43,631.44,793.66,801.86,0.20,-1,-1,-1
121,-1,278.52,612.01,822.99,818.66,0.16,-1,-1,-1
121,-1,1428.70,608.58,826.94,823.53,0.15,-1,-1,-1
121,-1,979.12,584.10,828.77,846.63,0.12,-1,-1,-1
121,-1,821.29,403.24,823.93,809.53,0.05,-1,-1,-1
122,-1,819.18,631.63,828.08,802.12,0.75,-1,-1,-1
122,-1,1123.95,485.56,53.15,38.60,0.66,-1,-1,-1
122,-1,22.80,629.80,824.79,804.03,0.64,-1,-1,-1
122,-1,466.32,628.46,830.06,801.41,0.55,-1,-1,-1
122,-1,2529.59,374.24,29.99,45.23,0.24,-1,-1,-1
122,-1,1138.07,625.25,825.60,808.31,0.20,-1,-1,-1
122,-1,244.75,611.21,826.15,820.49,0.17,-1,-1,-1
122,-1,1123.87,486.54,33.87,26.63,0.14,-1,-1,-1
122,-1,1815.90,1021.68,46.10,26.43,0.13,-1,-1,-1
122,-1,851.99,610.75,828.04,821.61,0.12,-1,-1,-1
122,-1,1742.64,549.59,808.45,844.72,0.12,-1,-1,-1
122,-1,1749.08,979.90,56.19,23.60,0.11,-1,-1,-1
122,-1,1910.09,1042.64,27.47,19.75,0.11,-1,-1,-1
122,-1,1908.80,1048.03,47.77,26.96,0.08,-1,-1,-1
122,-1,1754.54,1043.52,38.22,23.85,0.08,-1,-1,-1
122,-1,2529.78,374.84,29.70,44.19,0.06,-1,-1,-1
122,-1,21.36,427.14,828.29,847.14,0.05,-1,-1,-1
122,-1,1123.23,485.73,53.46,39.17,0.05,-1,-1,-1
123,-1,1330.08,629.40,829.53,800.98,0.86,-1,-1,-1
123,-1,2004.17,294.29,44.71,62.64,0.78,-1,-1,-1
123,-1,657.34,627.61,831.25,802.93,0.78,-1,-1,-1
123,-1,338.88,627.04,827.97,803.11,0.69,-1,-1,-1
123,-1,0.92,632.10,795.12,800.40,0.65,-1,-1,-1
123,-1,1967.34,334.06,51.38,33.62,0.62,-1,-1,-1
123,-1,573.06,499.59,61.30,37.50,0.60,-1,-1,-1
123,-1,537.98,498.58,97.89,41.04,0.47,-1,-1,-1
123,-1,1011.46,630.41,826.51,803.68,0.38,-1,-1,-1
123,-1,1716.97,609.60,821.78,820.43,0.37,-1,-1,-1
123,-1,1330.92,610.83,828.83,822.13,0.17,-1,-1,-1
123,-1,1651.67,611.26,825.90,819.10,0.12,-1,-1,-1
123,-1,626.94,606.91,828.04,823.47,0.11,-1,-1,-1
123,-1,536.99,499.85,101.12,42.40,0.10,-1,-1,-1
123,-1,1.57,554.21,797.27,840.47,0.09,-1,-1,-1
123,-1,2273.13,113.07,101.78,24.05,0.07,-1,-1,-1
124,-1,1609.39,202.06,23.70,26.75,0.85,-1,-1,-1
124,-1,1184.50,19.22,14.24,36.98,0.80,-1,-1,-1
124,-1,468.46,629.16,825.94,800.99,0.67,-1,-1,-1
124,-1,819.27,630.02,830.14,799.80,0.58,-1,-1,-1
124,-1,142.66,75.96,20.10,37.20,0.58,-1,-1,-1
124,-1,1366.29,388.30,54.91,72.91,0.56,-1,-1,-1
124,-1,149.20,75.91,15.29,31.21,0.48,-1,-1,-1
124,-1,1522.40,627.15,827.76,802.92,0.39,-1,-1,-1
124,-1,1394.57,388.09,26.53,64.52,0.29,-1,-1,-1
124,-1,1366.96,428.60,38.11,32.23,0.24,-1,-1,-1
124,-1,1137.31,629.06,831.48,799.18,0.22,-1,-1,-1
124,-1,853.34,614.02,827.47,815.28,0.22,-1,-1,-1
124,-1,1205.26,611.40,824.17,815.92,0.21,-1,-1,-1
124,-1,1365.94,388.48,54.01,72.72,0.19,-1,-1,-1
124,-1,147.51,625.16,826.77,807.86,0.14,-1,-1,-1
124,-1,500.83,609.16,824.10,822.75,0.14,-1,-1,-1
124,-1,1555.48,226.46,114.10,11.13,0.07,-1,-1,-1
124,-1,2474.14,533.76,84.72,38.99,0.05,-1,-1,-1
125,-1,1182.63,396.93,44.59,62.81,0.85,-1,-1,-1
125,-1,1391.65,201.08,24.60,27.19,0.81,-1,-1,-1
125,-1,1160.64,432.27,41.52,31.05,0.74,-1,-1,-1
125,-1,339.68,632.72,829.97,798.20,0.69,-1,-1,-1
125,-1,722.47,633.02,831.46,793.84,0.65,-1,-1,-1
125,-1,1743.30,611.04,808.20,814.73,0.48,-1,-1,-1
125,-1,1138.68,628.00,829.62,800.11,0.42,-1,-1,-1
125,-1,966.63,18.56,15.43,40.46,0.39,-1,-1,-1
125,-1,341.53,613.48,826.09,817.54,0.33,-1,-1,-1
125,-1,22.01,627.45,823.84,805.24,0.31,-1,-1,-1
125,-1,851.71,611.68,825.37,818.04,0.21,-1,-1,-1
125,-1,1557.55,609.09,820.78,818.53,0.19,-1,-1,-1
125,-1,1339.93,225.77,116.03,12.21,0.14,-1,-1,-1
125,-1,564.88,453.69,825.80,848.53,0.09,-1,-1,-1
125,-1,791.57,969.72,194.41,101.12,0.08,-1,-1,-1
125,-1,1171.10,578.44,825.79,856.35,0.06,-1,-1,-1
126,-1,398.41,32.33,16.45,39.71,0.81,-1,-1,-1
126,-1,879.38,207.58,19.93,29.80,0.81,-1,-1,-1
126,-1,637.57,457.42,41.00,29.36,0.66,-1,-1,-1
126,-1,654.24,449.70,81.42,36.65,0.58,-1,-1,-1
126,-1,1301.16,609.13,825.35,815.14,0.48,-1,-1,-1
126,-1,651.20,449.65,84.31,37.38,0.45,-1,-1,-1
126,-1,820.03,631.48,827.63,798.32,0.44,-1,-1,-1
126,-1,2.25,635.49,794.10,796.94,0.40,-1,-1,-1
126,-1,467.92,629.32,826.67,797.75,0.32,-1,-1,-1
126,-1,853.59,234.58,88.21,9.60,0.26,-1,-1,-1
126,-1,315.59,298.66,38.35,15.17,0.18,-1,-1,-1
126,-1,596.06,609.28,825.56,819.36,0.18,-1,-1,-1
126,-1,1076.45,613.51,824.71,814.78,0.17,-1,-1,-1
126,-1,6.93,583.44,814.92,841.35,0.15,-1,-1,-1
126,-1,119.23,1078.11,232.13,131.92,0.14,-1,-1,-1
126,-1,851.57,455.09,825.99,849.99,0.06,-1,-1,-1
126,-1,52.76,612.08,824.49,814.74,0.06,-1,-1,-1
126,-1,1396.53,585.30,822.25,838.12,0.05,-1,-1,-1
127,-1,563.41,630.30,827.30,800.70,0.79,-1,-1,-1
127,-1,4.55,633.43,820.83,800.22,0.78,-1,-1,-1
127,-1,882.10,629.50,829.69,800.57,0.70,-1,-1,-1
127,-1,1492.69,630.29,824.62,801.60,0.42,-1,-1,-1
127,-1,1044.37,612.12,825.24,816.41,0.24,-1,-1,-1
127,-1,531.97,612.24,825.97,817.97,0.20,-1,-1,-1
127,-1,149.07,583.94,828.70,847.60,0.13,-1,-1,-1
127,-1,1429.14,610.03,823.65,821.79,0.10,-1,-1,-1
127,-1,1574.01,459.52,14.42,14.95,0.08,-1,-1,-1
128,-1,2374.04,38.96,15.72,17.92,0.77,-1,-1,-1
128,-1,981.12,628.93,824.15,807.72,0.49,-1,-1,-1
128,-1,1744.61,609.14,804.54,823.48,0.11,-1,-1,-1
128,-1,1297.07,626.52,827.88,808.26,0.10,-1,-1,-1
129,-1,307.11,626.71,827.58,809.95,0.69,-1,-1,-1
129,-1,628.10,627.84,825.46,804.71,0.57,-1,-1,-1
129,-1,1650.74,629.11,825.27,805.46,0.56,-1,-1,-1
129,-1,1332.56,628.44,827.22,804.34,0.41,-1,-1,-1
129,-1,1276.67,34.22,12.59,13.53,0.39,-1,-1,-1
129,-1,659.81,614.93,827.71,814.93,0.25,-1,-1,-1
129,-1,971.44,952.93,88.67,61.93,0.21,-1,-1,-1
129,-1,308.74,605.41,825.84,830.29,0.20,-1,-1,-1
129,-1,1268.27,610.67,826.47,821.74,0.17,-1,-1,-1
129,-1,1587.65,608.04,827.88,824.12,0.09,-1,-1,-1
129,-1,980.47,552.03,827.73,844.75,0.08,-1,-1,-1
129,-1,7.97,605.44,811.82,830.22,0.07,-1,-1,-1
129,-1,980.06,606.42,825.30,826.33,0.06,-1,-1,-1
130,-1,530.72,627.77,829.41,805.15,0.64,-1,-1,-1
130,-1,1715.16,628.95,826.54,805.70,0.59,-1,-1,-1
130,-1,848.58,625.41,830.88,807.24,0.39,-1,-1,-1
130,-1,660.29,612.22,828.22,819.31,0.29,-1,-1,-1
130,-1,1254.02,37.06,17.59,11.17,0.27,-1,-1,-1
130,-1,1268.02,609.80,825.18,819.62,0.15,-1,-1,-1
130,-1,1332.63,627.61,824.83,805.26,0.15,-1,-1,-1
130,-1,20.72,624.58,824.58,813.87,0.11,-1,-1,-1
130,-1,1253.84,37.91,17.85,11.76,0.09,-1,-1,-1
130,-1,947.20,550.48,828.51,848.48,0.08,-1,-1,-1
130,-1,755.86,323.40,825.19,853.49,0.06,-1,-1,-1
130,-1,340.82,605.70,822.95,826.65,0.06,-1,-1,-1
131,-1,178.50,632.72,830.23,798.84,0.72,-1,-1,-1
131,-1,785.30,627.09,832.03,801.16,0.72,-1,-1,-1
131,-1,1202.49,626.11,828.07,805.74,0.60,-1,-1,-1
131,-1,1184.51,66.69,13.92,14.69,0.52,-1,-1,-1
131,-1,946.94,611.35,829.47,818.87,0.28,-1,-1,-1
131,-1,372.88,610.00,827.13,819.37,0.18,-1,-1,-1
131,-1,1522.10,628.59,824.37,805.04,0.16,-1,-1,-1
131,-1,658.32,552.90,827.35,846.24,0.12,-1,-1,-1
131,-1,50.93,606.20,828.00,825.18,0.08,-1,-1,-1
131,-1,1332.21,609.82,827.15,822.14,0.07,-1,-1,-1
132,-1,401.69,626.40,830.96,806.42,0.73,-1,-1,-1
132,-1,1100.98,142.95,13.97,11.03,0.60,-1,-1,-1
132,-1,722.99,628.63,825.30,805.60,0.54,-1,-1,-1
132,-1,1042.89,610.52,825.61,820.94,0.25,-1,-1,-1
132,-1,628.20,609.56,826.10,822.13,0.11,-1,-1,-1
132,-1,1041.58,143.78,75.16,11.37,0.08,-1,-1,-1
133,-1,1010.16,627.00,829.55,807.80,0.81,-1,-1,-1
133,-1,691.97,632.56,827.55,800.02,0.31,-1,-1,-1
133,-1,1332.18,610.24,826.98,819.89,0.28,-1,-1,-1
133,-1,1102.63,201.33,40.52,12.91,0.18,-1,-1,-1
133,-1,979.06,606.62,828.92,826.71,0.12,-1,-1,-1
133,-1,1610.09,388.74,43.58,10.96,0.12,-1,-1,-1
133,-1,278.50,608.92,822.49,823.92,0.10,-1,-1,-1
133,-1,1122.34,201.40,20.05,12.96,0.06,-1,-1,-1
133,-1,560.84,604.69,827.95,828.48,0.06,-1,-1,-1
133,-1,1060.40,199.61,83.85,14.49,0.05,-1,-1,-1
134,-1,1521.32,627.33,828.76,805.33,0.58,-1,-1,-1
134,-1,1209.89,274.02,14.78,10.33,0.47,-1,-1,-1
134,-1,975.87,404.17,11.12,10.25,0.17,-1,-1,-1
134,-1,723.58,627.11,824.22,806.29,0.15,-1,-1,-1
135,-1,403.57,628.78,824.25,804.39,0.37,-1,-1,-1
135,-1,725.04,628.31,824.84,805.25,0.35,-1,-1,-1
135,-1,1261.51,277.83,23.55,11.17,0.16,-1,-1,-1
135,-1,821.11,608.13,824.07,823.75,0.11,-1,-1,-1
135,-1,1235.01,272.61,50.36,16.47,0.08,-1,-1,-1
135,-1,1714.07,623.66,825.28,812.55,0.08,-1,-1,-1
135,-1,1480.09,471.11,124.00,51.18,0.07,-1,-1,-1
135,-1,1262.21,278.10,23.07,11.59,0.07,-1,-1,-1
136,-1,1009.86,628.80,830.72,802.07,0.68,-1,-1,-1
136,-1,1339.49,281.39,21.62,10.58,0.38,-1,-1,-1
136,-1,690.84,628.68,826.90,803.28,0.38,-1,-1,-1
136,-1,1328.93,626.54,828.16,809.63,0.30,-1,-1,-1
136,-1,884.41,610.18,825.65,820.15,0.13,-1,-1,-1
136,-1,1202.21,605.62,827.54,826.40,0.06,-1,-1,-1
137,-1,1011.66,626.49,825.90,806.83,0.45,-1,-1,-1
137,-1,1389.01,285.89,54.05,15.02,0.24,-1,-1,-1
137,-1,1394.94,626.16,825.94,805.49,0.17,-1,-1,-1
137,-1,1388.94,285.94,53.74,15.19,0.16,-1,-1,-1
137,-1,1362.97,606.31,823.98,824.23,0.09,-1,-1,-1
137,-1,1394.39,286.32,23.59,10.98,0.09,-1,-1,-1
138,-1,1428.07,401.52,19.98,14.86,0.62,-1,-1,-1
138,-1,1202.88,648.66,824.07,784.84,0.07,-1,-1,-1
139,-1,1462.95,413.77,17.47,17.59,0.53,-1,-1,-1
139,-1,1459.40,415.48,21.84,17.90,0.09,-1,-1,-1
139,-1,1460.84,418.18,26.13,15.43,0.08,-1,-1,-1
139,-1,123.75,806.54,110.73,63.08,0.05,-1,-1,-1
140,-1,1440.00,421.57,17.85,20.73,0.48,-1,-1,-1
140,-1,1432.77,421.64,24.89,19.75,0.07,-1,-1,-1
141,-1,1323.80,405.21,23.88,23.47,0.56,-1,-1,-1
141,-1,1321.97,416.22,26.65,17.75,0.17,-1,-1,-1
141,-1,1574.58,1253.47,66.05,53.60,0.12,-1,-1,-1
141,-1,1099.95,383.74,20.88,13.17,0.05,-1,-1,-1
142,-1,1217.97,403.74,21.75,63.04,0.32,-1,-1,-1
142,-1,1217.81,404.65,17.66,23.15,0.32,-1,-1,-1
142,-1,1218.14,404.92,16.77,10.89,0.17,-1,-1,-1
143,-1,1171.01,438.78,48.24,44.31,0.81,-1,-1,-1
143,-1,1170.65,472.81,23.99,17.74,0.49,-1,-1,-1
143,-1,1681.23,448.25,13.32,16.50,0.07,-1,-1,-1
144,-1,1272.00,481.86,42.66,47.09,0.81,-1,-1,-1
144,-1,1299.09,519.74,21.39,20.63,0.81,-1,-1,-1
145,-1,1265.22,514.36,40.87,67.13,0.89,-1,-1,-1
145,-1,1255.26,576.35,40.64,14.95,0.47,-1,-1,-1
145,-1,1275.42,576.57,20.28,12.48,0.11,-1,-1,-1
146,-1,1114.49,603.70,32.35,65.24,0.91,-1,-1,-1
146,-1,1114.32,664.58,37.39,10.89,0.63,-1,-1,-1
147,-1,866.10,647.35,85.12,46.43,0.88,-1,-1,-1
147,-1,854.11,688.80,39.41,9.66,0.40,-1,-1,-1
147,-1,852.29,670.78,99.57,30.54,0.14,-1,-1,-1
147,-1,560.47,740.96,41.38,18.60,0.05,-1,-1,-1
148,-1,766.21,682.45,42.16,27.37,0.76,-1,-1,-1
148,-1,751.55,704.47,40.89,11.43,0.37,-1,-1,-1
148,-1,752.93,701.30,89.51,16.43,0.32,-1,-1,-1
149,-1,784.70,708.31,34.32,33.80,0.79,-1,-1,-1
149,-1,777.10,734.23,39.74,14.44,0.11,-1,-1,-1
149,-1,771.74,739.10,40.68,13.36,0.06,-1,-1,-1
150,-1,857.20,734.25,67.40,40.42,0.82,-1,-1,-1
150,-1,831.48,769.09,47.63,28.08,0.18,-1,-1,-1
150,-1,838.10,767.10,40.49,15.03,0.08,-1,-1,-1
151,-1,1034.03,814.86,81.25,49.95,0.86,-1,-1,-1
151,-1,1032.31,855.98,44.30,11.30,0.26,-1,-1,-1
151,-1,1035.11,851.88,58.92,13.95,0.09,-1,-1,-1
152,-1,1214.64,878.08,56.20,50.21,0.81,-1,-1,-1
152,-1,1206.18,921.24,34.87,11.99,0.34,-1,-1,-1
152,-1,1205.58,924.98,53.60,16.32,0.15,-1,-1,-1
152,-1,1208.25,917.25,59.05,17.35,0.06,-1,-1,-1
153,-1,1130.01,936.70,91.98,60.20,0.78,-1,-1,-1
153,-1,1139.34,979.87,53.83,18.10,0.19,-1,-1,-1
153,-1,1223.21,906.93,35.55,46.68,0.17,-1,-1,-1
153,-1,1133.91,960.17,88.49,37.49,0.15,-1,-1,-1
153,-1,1125.71,987.62,53.19,12.92,0.13,-1,-1,-1
153,-1,1197.81,906.33,60.03,68.31,0.05,-1,-1,-1
154,-1,859.46,1028.63,101.58,56.07,0.75,-1,-1,-1
154,-1,2443.96,430.50,61.42,21.54,0.48,-1,-1,-1
154,-1,858.16,966.07,139.91,121.66,0.40,-1,-1,-1
154,-1,861.67,1077.76,46.91,11.81,0.30,-1,-1,-1
154,-1,2443.24,430.19,29.01,24.27,0.29,-1,-1,-1
154,-1,693.43,628.84,825.01,805.26,0.19,-1,-1,-1
154,-1,963.22,965.52,35.81,49.43,0.18,-1,-1,-1
154,-1,870.47,1064.05,33.16,19.70,0.10,-1,-1,-1
154,-1,867.40,1056.15,77.04,30.57,0.10,-1,-1,-1
155,-1,665.41,968.75,142.36,127.42,0.84,-1,-1,-1
155,-1,913.99,627.33,828.04,805.99,0.62,-1,-1,-1
155,-1,2231.15,337.45,61.29,20.05,0.52,-1,-1,-1
155,-1,664.98,1074.09,70.63,24.77,0.48,-1,-1,-1
155,-1,595.49,631.98,826.22,802.05,0.40,-1,-1,-1
155,-1,764.23,673.42,17.89,12.14,0.27,-1,-1,-1
155,-1,852.15,610.28,827.23,819.94,0.25,-1,-1,-1
155,-1,2227.51,337.53,29.68,26.40,0.22,-1,-1,-1
155,-1,776.94,969.31,30.61,38.33,0.16,-1,-1,-1
155,-1,1235.52,629.35,823.89,805.24,0.15,-1,-1,-1
155,-1,666.16,1017.53,100.06,76.93,0.08,-1,-1,-1
155,-1,663.70,1047.29,106.99,51.17,0.07,-1,-1,-1
156,-1,299.20,818.83,162.68,170.88,0.86,-1,-1,-1
156,-1,594.60,630.06,827.66,804.14,0.66,-1,-1,-1
156,-1,1362.66,636.51,826.88,795.65,0.63,-1,-1,-1
156,-1,914.14,715.68,827.77,718.60,0.39,-1,-1,-1
156,-1,1907.30,0.14,10.10,12.98,0.24,-1,-1,-1
156,-1,299.96,973.81,67.91,18.89,0.23,-1,-1,-1
156,-1,753.91,607.13,827.33,822.22,0.16,-1,-1,-1
156,-1,310.78,933.04,97.52,53.93,0.15,-1,-1,-1
156,-1,1649.40,724.38,824.95,707.95,0.14,-1,-1,-1
156,-1,1364.19,614.55,824.02,815.39,0.12,-1,-1,-1
156,-1,311.98,956.75,47.63,25.98,0.08,-1,-1,-1
156,-1,1715.84,634.24,822.78,798.38,0.05,-1,-1,-1
157,-1,0.06,534.05,146.19,221.40,0.80,-1,-1,-1
157,-1,501.38,616.62,825.58,807.88,0.52,-1,-1,-1
157,-1,853.57,616.64,823.89,805.34,0.47,-1,-1,-1
157,-1,1765.01,615.08,790.49,814.30,0.25,-1,-1,-1
157,-1,1109.10,612.22,823.74,816.87,0.20,-1,-1,-1
157,-1,2511.25,1.79,48.38,25.76,0.19,-1,-1,-1
157,-1,788.09,550.38,828.42,845.22,0.18,-1,-1,-1
157,-1,1333.08,610.24,823.42,818.43,0.15,-1,-1,-1
157,-1,1461.02,554.59,825.45,837.53,0.15,-1,-1,-1
157,-1,1745.93,614.50,805.58,813.01,0.15,-1,-1,-1
157,-1,1300.71,610.70,823.45,817.46,0.13,-1,-1,-1
157,-1,979.70,612.79,825.62,813.05,0.12,-1,-1,-1
157,-1,692.79,-0.66,824.75,793.69,0.11,-1,-1,-1
157,-1,1013.45,57.28,78.97,54.12,0.10,-1,-1,-1
157,-1,404.23,550.40,825.54,849.49,0.10,-1,-1,-1
157,-1,89.86,533.91,47.32,67.52,0.09,-1,-1,-1
157,-1,694.48,296.05,823.41,847.80,0.09,-1,-1,-1
157,-1,1.79,482.67,794.11,821.27,0.07,-1,-1,-1
157,-1,1267.67,364.11,826.00,845.50,0.06,-1,-1,-1
157,-1,885.53,4.63,823.49,824.67,0.06,-1,-1,-1
158,-1,725.75,131.92,70.83,48.64,0.22,-1,-1,-1
158,-1,126.71,1366.21,182.29,72.86,0.14,-1,-1,-1
158,-1,126.26,1366.42,182.91,72.84,0.14,-1,-1,-1
158,-1,1190.33,623.62,92.80,47.57,0.12,-1,-1,-1
158,-1,1045.71,551.56,820.53,842.76,0.06,-1,-1,-1
158,-1,1111.86,778.31,445.19,195.40,0.06,-1,-1,-1
158,-1,1092.79,659.05,91.49,61.97,0.06,-1,-1,-1
158,-1,499.61,609.48,823.88,820.32,0.05,-1,-1,-1
158,-1,1364.36,489.10,822.37,848.18,0.05,-1,-1,-1
158,-1,0.49,638.04,770.74,797.24,0.05,-1,-1,-1
159,-1,1170.64,1.27,826.59,802.85,0.24,-1,-1,-1
159,-1,403.76,3.55,825.43,825.04,0.10,-1,-1,-1
159,-1,853.31,1.35,822.13,808.44,0.06,-1,-1,-1
159,-1,86.04,9.12,826.57,847.15,0.05,-1,-1,-1
160,-1,1597.88,354.97,105.50,82.78,0.35,-1,-1,-1
160,-1,7.94,3.75,812.15,805.46,0.32,-1,-1,-1
160,-1,3.22,17.05,791.93,838.88,0.19,-1,-1,-1
160,-1,2.81,398.24,798.27,838.24,0.18,-1,-1,-1
160,-1,1141.88,4.04,821.35,799.55,0.17,-1,-1,-1
160,-1,1462.14,620.16,821.45,810.56,0.17,-1,-1,-1
160,-1,885.57,2.80,825.61,803.88,0.16,-1,-1,-1
160,-1,2.56,462.35,796.58,837.23,0.07,-1,-1,-1
160,-1,1396.52,633.32,822.75,802.32,0.06,-1,-1,-1
160,-1,1598.15,354.92,105.79,82.96,0.06,-1,-1,-1
161,-1,4.54,637.15,821.30,793.87,0.87,-1,-1,-1
161,-1,948.26,612.45,825.74,816.10,0.38,-1,-1,-1
161,-1,180.24,616.34,826.06,812.70,0.35,-1,-1,-1
161,-1,565.05,614.39,826.43,810.17,0.34,-1,-1,-1
161,-1,819.73,610.59,827.88,820.23,0.34,-1,-1,-1
161,-1,1.32,429.22,798.49,841.37,0.20,-1,-1,-1
161,-1,499.41,585.50,828.61,840.66,0.20,-1,-1,-1
161,-1,1138.87,586.54,826.44,836.31,0.15,-1,-1,-1
161,-1,341.58,360.17,827.19,847.54,0.14,-1,-1,-1
161,-1,659.05,362.74,827.34,845.48,0.14,-1,-1,-1
161,-1,1332.93,294.29,825.24,849.77,0.13,-1,-1,-1
161,-1,1621.92,609.49,822.02,818.50,0.13,-1,-1,-1
161,-1,1267.51,613.19,822.56,812.35,0.13,-1,-1,-1
161,-1,1204.36,2.47,823.73,805.60,0.12,-1,-1,-1
161,-1,1428.51,4.25,825.83,825.18,0.12,-1,-1,-1
161,-1,437.36,104.77,826.03,847.22,0.10,-1,-1,-1
161,-1,978.94,362.27,826.97,843.42,0.10,-1,-1,-1
161,-1,149.63,167.69,825.29,848.91,0.09,-1,-1,-1
161,-1,788.60,138.04,825.16,844.85,0.09,-1,-1,-1
161,-1,1047.76,1151.67,158.26,94.62,0.09,-1,-1,-1
161,-1,1109.66,0.78,825.41,807.73,0.09,-1,-1,-1
161,-1,1047.71,1150.83,158.17,95.58,0.07,-1,-1,-1
161,-1,0.54,-1.04,796.97,810.79,0.07,-1,-1,-1
161,-1,1057.02,238.33,171.76,71.34,0.06,-1,-1,-1
162,-1,244.11,630.14,824.98,802.74,0.59,-1,-1,-1
162,-1,1267.28,628.64,827.87,804.35,0.56,-1,-1,-1
162,-1,817.83,627.04,830.79,795.76,0.40,-1,-1,-1
162,-1,1012.49,611.23,825.22,816.37,0.20,-1,-1,-1
162,-1,691.57,608.59,825.73,821.29,0.19,-1,-1,-1
162,-1,1652.86,612.58,820.86,815.43,0.18,-1,-1,-1
162,-1,178.83,610.69,828.89,820.98,0.16,-1,-1,-1
162,-1,1332.58,610.41,826.50,820.08,0.12,-1,-1,-1
162,-1,819.63,357.74,826.53,850.62,0.06,-1,-1,-1
162,-1,1058.47,1188.18,39.82,37.75,0.05,-1,-1,-1
162,-1,1204.23,261.89,825.72,850.76,0.05,-1,-1,-1
163,-1,786.11,629.74,830.29,802.97,0.79,-1,-1,-1
163,-1,632.00,330.06,12.02,20.78,0.72,-1,-1,-1
163,-1,1056.81,279.27,9.63,14.31,0.50,-1,-1,-1
163,-1,1107.42,629.63,823.91,804.56,0.23,-1,-1,-1
163,-1,724.88,610.31,825.26,823.47,0.13,-1,-1,-1
163,-1,1456.79,624.59,824.34,809.39,0.10,-1,-1,-1
163,-1,2536.70,229.54,21.98,9.47,0.07,-1,-1,-1
163,-1,468.41,625.58,822.73,809.94,0.07,-1,-1,-1
163,-1,2435.27,201.96,9.89,9.98,0.05,-1,-1,-1
164,-1,624.97,528.13,10.87,21.62,0.71,-1,-1,-1
164,-1,2005.29,416.91,12.48,15.52,0.38,-1,-1,-1
164,-1,1031.70,465.21,14.78,8.69,0.24,-1,-1,-1
164,-1,2533.53,427.01,23.38,8.79,0.09,-1,-1,-1
164,-1,2426.80,399.71,9.85,9.11,0.09,-1,-1,-1
165,-1,621.20,529.35,10.60,18.52,0.70,-1,-1,-1
165,-1,2008.77,417.35,10.39,14.50,0.34,-1,-1,-1
165,-1,1030.30,462.55,19.34,9.33,0.29,-1,-1,-1
166,-1,596.50,534.03,11.00,15.75,0.70,-1,-1,-1
166,-1,2021.44,414.62,11.56,13.93,0.65,-1,-1,-1
166,-1,2459.71,425.21,9.33,12.23,0.26,-1,-1,-1
166,-1,2441.85,398.33,9.32,9.50,0.20,-1,-1,-1
166,-1,2545.47,429.42,13.67,8.20,0.06,-1,-1,-1
167,-1,555.83,543.41,12.74,29.21,0.75,-1,-1,-1
167,-1,2047.86,414.50,10.70,14.94,0.43,-1,-1,-1
167,-1,2480.34,429.96,10.25,10.19,0.32,-1,-1,-1
167,-1,2466.77,398.94,10.73,12.38,0.31,-1,-1,-1
167,-1,996.54,480.33,13.96,8.25,0.18,-1,-1,-1
168,-1,514.69,542.46,11.37,19.23,0.64,-1,-1,-1
168,-1,2511.53,433.67,10.17,11.53,0.32,-1,-1,-1
168,-1,2082.67,417.50,9.91,16.57,0.24,-1,-1,-1
168,-1,497.85,552.26,38.55,10.94,0.10,-1,-1,-1
168,-1,2465.70,425.30,33.93,8.44,0.09,-1,-1,-1
168,-1,963.65,492.37,21.06,9.87,0.08,-1,-1,-1
168,-1,514.29,548.32,10.82,26.29,0.08,-1,-1,-1
168,-1,964.36,493.32,17.48,9.43,0.07,-1,-1,-1
168,-1,2499.37,400.18,10.91,8.54,0.06,-1,-1,-1
169,-1,484.38,558.16,13.69,22.25,0.77,-1,-1,-1
169,-1,2127.68,425.79,12.25,13.54,0.27,-1,-1,-1
169,-1,950.17,507.41,10.58,11.41,0.17,-1,-1,-1
169,-1,949.84,507.44,10.53,11.38,0.10,-1,-1,-1
169,-1,2511.60,426.10,21.67,9.17,0.07,-1,-1,-1
169,-1,950.95,507.24,34.10,11.56,0.05,-1,-1,-1
169,-1,1829.29,1387.69,264.30,51.69,0.05,-1,-1,-1
170,-1,610.40,571.73,13.22,21.49,0.80,-1,-1,-1
170,-1,2313.57,430.30,12.59,16.47,0.23,-1,-1,-1
170,-1,2313.87,430.36,12.13,16.25,0.22,-1,-1,-1
170,-1,2313.53,430.40,12.56,16.36,0.22,-1,-1,-1
170,-1,1066.14,515.73,18.38,9.61,0.17,-1,-1,-1
171,-1,954.58,601.61,15.99,24.00,0.78,-1,-1,-1
171,-1,1424.00,529.63,14.85,11.40,0.40,-1,-1,-1
172,-1,1230.69,615.52,17.14,17.22,0.57,-1,-1,-1
172,-1,1788.79,537.60,19.66,12.09,0.29,-1,-1,-1
172,-1,1230.25,615.30,36.47,18.21,0.25,-1,-1,-1
172,-1,1229.97,618.77,37.27,14.95,0.10,-1,-1,-1
172,-1,1786.29,535.75,39.30,13.79,0.06,-1,-1,-1
173,-1,113.43,634.15,15.04,19.25,0.70,-1,-1,-1
173,-1,1440.73,630.36,85.56,13.85,0.27,-1,-1,-1
173,-1,2136.23,548.62,30.51,12.76,0.22,-1,-1,-1
173,-1,1445.75,632.08,104.50,12.86,0.20,-1,-1,-1
173,-1,2136.05,548.58,30.47,13.11,0.15,-1,-1,-1
173,-1,1440.08,630.64,34.72,12.72,0.08,-1,-1,-1
173,-1,1440.52,630.56,34.13,12.92,0.08,-1,-1,-1
173,-1,1635.45,1276.12,71.21,56.76,0.05,-1,-1,-1
174,-1,1646.05,635.55,67.05,18.45,0.75,-1,-1,-1
174,-1,377.43,615.90,15.56,18.96,0.66,-1,-1,-1
174,-1,2505.76,568.67,53.31,15.58,0.33,-1,-1,-1
174,-1,2505.92,568.95,21.56,15.06,0.27,-1,-1,-1
174,-1,1693.53,645.80,21.25,9.55,0.06,-1,-1,-1
175,-1,513.03,602.41,15.52,20.88,0.76,-1,-1,-1
175,-1,1741.52,641.57,74.78,19.34,0.72,-1,-1,-1
175,-1,1235.95,1065.50,42.94,24.50,0.06,-1,-1,-1
175,-1,866.83,1108.27,184.75,66.40,0.05,-1,-1,-1
176,-1,665.75,589.43,17.20,25.13,0.76,-1,-1,-1
176,-1,1836.88,645.80,77.19,19.03,0.63,-1,-1,-1
176,-1,1837.58,646.92,28.77,13.57,0.09,-1,-1,-1
177,-1,704.19,584.76,15.00,17.49,0.75,-1,-1,-1
177,-1,1814.27,644.35,91.05,19.86,0.56,-1,-1,-1
177,-1,1810.02,652.71,123.34,11.64,0.22,-1,-1,-1
177,-1,1811.80,654.89,91.83,11.19,0.12,-1,-1,-1
177,-1,1806.21,655.24,71.79,9.75,0.07,-1,-1,-1
177,-1,1807.67,645.13,46.69,16.50,0.06,-1,-1,-1
178,-1,682.85,578.91,18.78,20.94,0.77,-1,-1,-1
178,-1,1758.29,645.19,26.98,17.33,0.48,-1,-1,-1
178,-1,1758.46,645.49,28.52,16.14,0.14,-1,-1,-1
178,-1,1757.22,644.90,80.77,19.18,0.12,-1,-1,-1
178,-1,1757.44,661.60,12.50,12.71,0.07,-1,-1,-1
178,-1,1758.31,647.54,80.59,16.33,0.07,-1,-1,-1
178,-1,465.87,625.98,831.09,806.96,0.07,-1,-1,-1
179,-1,644.84,582.77,24.36,21.01,0.83,-1,-1,-1
179,-1,1682.91,655.10,85.32,20.51,0.68,-1,-1,-1
179,-1,1685.24,655.16,34.00,16.53,0.22,-1,-1,-1
179,-1,1672.44,665.30,36.47,9.59,0.06,-1,-1,-1
180,-1,616.64,584.54,21.90,20.36,0.81,-1,-1,-1
180,-1,1626.88,665.58,82.07,20.35,0.24,-1,-1,-1
180,-1,239.92,626.10,826.24,796.18,0.14,-1,-1,-1
180,-1,1626.38,666.08,85.48,20.82,0.07,-1,-1,-1
180,-1,16.35,575.80,833.41,855.76,0.06,-1,-1,-1
180,-1,1626.80,666.30,36.57,17.49,0.06,-1,-1,-1
181,-1,604.65,581.20,22.16,22.56,0.81,-1,-1,-1
181,-1,1606.24,652.66,85.41,23.99,0.79,-1,-1,-1
181,-1,1664.84,664.52,30.22,11.83,0.09,-1,-1,-1
181,-1,1603.60,662.88,60.93,11.21,0.06,-1,-1,-1
182,-1,1598.17,632.96,84.93,25.39,0.80,-1,-1,-1
182,-1,581.17,565.13,20.68,20.05,0.79,-1,-1,-1
182,-1,1586.22,649.12,97.00,14.01,0.33,-1,-1,-1
182,-1,1585.41,647.94,50.85,10.75,0.07,-1,-1,-1
182,-1,1841.40,673.48,18.63,12.29,0.05,-1,-1,-1
183,-1,42.86,598.82,26.39,25.14,0.85,-1,-1,-1
183,-1,1164.71,634.16,80.00,25.43,0.78,-1,-1,-1
183,-1,2471.00,591.35,40.13,16.79,0.60,-1,-1,-1
183,-1,1164.20,635.32,80.77,23.46,0.29,-1,-1,-1
183,-1,1164.65,650.21,74.14,11.84,0.11,-1,-1,-1
184,-1,937.20,576.87,40.83,13.57,0.42,-1,-1,-1
184,-1,935.08,578.20,39.04,12.96,0.08,-1,-1,-1
185,-1,2110.36,430.69,17.28,8.54,0.22,-1,-1,-1
185,-1,1675.09,425.41,10.12,18.18,0.22,-1,-1,-1
185,-1,2033.93,437.05,48.02,9.73,0.13,-1,-1,-1
185,-1,2057.47,392.17,19.98,15.58,0.08,-1,-1,-1
185,-1,2183.97,397.79,29.23,8.11,0.06,-1,-1,-1
186,-1,1675.18,424.95,11.70,17.95,0.29,-1,-1,-1
186,-1,2023.83,437.82,16.23,9.05,0.17,-1,-1,-1
186,-1,2061.84,388.03,25.06,8.88,0.08,-1,-1,-1
187,-1,356.30,611.10,27.04,11.97,0.33,-1,-1,-1
188,-1,820.84,702.22,92.98,26.09,0.74,-1,-1,-1
188,-1,2050.12,609.29,25.69,19.38,0.38,-1,-1,-1
188,-1,807.98,716.76,107.59,15.42,0.11,-1,-1,-1
188,-1,806.02,718.40,56.70,10.61,0.07,-1,-1,-1
188,-1,819.95,702.55,41.71,22.78,0.06,-1,-1,-1
188,-1,886.84,716.86,27.57,12.50,0.05,-1,-1,-1
189,-1,1771.47,702.32,88.36,31.60,0.71,-1,-1,-1
189,-1,1085.23,632.26,14.70,26.56,0.44,-1,-1,-1
189,-1,1763.68,716.35,97.15,17.47,0.38,-1,-1,-1
189,-1,1035.69,632.47,64.75,24.03,0.38,-1,-1,-1
189,-1,1758.67,717.13,53.57,12.44,0.30,-1,-1,-1
189,-1,1760.41,716.44,29.35,11.18,0.08,-1,-1,-1
190,-1,1493.13,695.96,83.07,25.67,0.74,-1,-1,-1
190,-1,869.13,640.30,19.31,18.16,0.38,-1,-1,-1
190,-1,831.33,640.06,56.97,17.75,0.27,-1,-1,-1
190,-1,1481.67,710.86,51.30,10.28,0.22,-1,-1,-1
190,-1,830.95,643.63,24.13,9.03,0.16,-1,-1,-1
190,-1,1482.57,709.09,88.03,13.34,0.08,-1,-1,-1
191,-1,1476.33,690.01,75.84,29.69,0.76,-1,-1,-1
191,-1,891.60,639.33,17.85,32.04,0.69,-1,-1,-1
191,-1,1465.45,703.70,45.99,13.04,0.28,-1,-1,-1
191,-1,1465.79,705.63,78.47,13.85,0.21,-1,-1,-1
192,-1,917.13,640.91,23.59,13.80,0.69,-1,-1,-1
192,-1,1455.71,682.08,72.04,26.15,0.56,-1,-1,-1
192,-1,1463.89,682.11,22.35,21.03,0.48,-1,-1,-1
192,-1,1449.03,687.32,145.18,17.92,0.29,-1,-1,-1
192,-1,1449.93,694.81,40.29,10.05,0.26,-1,-1,-1
192,-1,1453.06,695.16,68.93,14.44,0.11,-1,-1,-1
192,-1,1522.80,688.75,70.68,9.49,0.07,-1,-1,-1
192,-1,919.29,646.68,44.15,10.13,0.06,-1,-1,-1
193,-1,942.45,643.25,24.51,17.22,0.77,-1,-1,-1
193,-1,1444.63,673.76,75.48,25.44,0.76,-1,-1,-1
193,-1,1435.69,687.12,81.38,12.59,0.08,-1,-1,-1
193,-1,1444.23,686.25,45.32,11.04,0.06,-1,-1,-1
194,-1,1419.21,659.11,68.06,27.15,0.79,-1,-1,-1
194,-1,942.40,644.08,19.95,19.58,0.57,-1,-1,-1
194,-1,1411.55,672.95,73.20,15.90,0.20,-1,-1,-1
194,-1,1408.08,672.13,35.61,16.18,0.15,-1,-1,-1
194,-1,942.43,643.92,20.36,51.54,0.10,-1,-1,-1
194,-1,927.25,648.86,34.73,16.18,0.08,-1,-1,-1
195,-1,932.79,637.79,39.77,20.24,0.67,-1,-1,-1
195,-1,1397.42,601.36,70.68,29.15,0.66,-1,-1,-1
195,-1,942.18,649.98,30.36,12.25,0.10,-1,-1,-1
195,-1,1386.99,611.07,25.65,16.95,0.09,-1,-1,-1
195,-1,1398.13,602.28,31.07,18.63,0.09,-1,-1,-1
195,-1,1392.44,613.20,73.95,17.85,0.08,-1,-1,-1
196,-1,1358.94,586.52,26.17,19.69,0.80,-1,-1,-1
196,-1,912.62,624.02,32.36,26.20,0.55,-1,-1,-1
196,-1,907.39,632.17,43.74,20.96,0.23,-1,-1,-1
196,-1,911.46,612.34,47.40,39.75,0.15,-1,-1,-1
196,-1,905.55,642.52,34.27,12.04,0.12,-1,-1,-1
196,-1,935.73,611.54,23.16,17.65,0.08,-1,-1,-1
196,-1,910.55,610.89,48.59,40.17,0.08,-1,-1,-1
197,-1,780.69,620.12,32.54,24.97,0.70,-1,-1,-1
197,-1,780.31,632.96,21.36,34.99,0.19,-1,-1,-1
197,-1,780.37,619.06,35.45,52.08,0.06,-1,-1,-1
197,-1,779.94,621.39,31.64,40.87,0.05,-1,-1,-1
198,-1,672.76,630.22,44.96,60.65,0.91,-1,-1,-1
198,-1,1410.29,657.84,70.30,26.00,0.73,-1,-1,-1
198,-1,655.18,686.15,54.54,14.46,0.65,-1,-1,-1
198,-1,1399.93,669.83,32.22,10.25,0.48,-1,-1,-1
198,-1,1401.65,669.96,69.17,13.27,0.24,-1,-1,-1
198,-1,1412.68,658.34,22.80,18.84,0.05,-1,-1,-1
199,-1,526.81,739.69,61.43,64.69,0.88,-1,-1,-1
199,-1,1598.87,652.89,85.30,21.33,0.74,-1,-1,-1
199,-1,483.33,800.79,95.60,15.96,0.52,-1,-1,-1
199,-1,1599.43,658.48,111.87,15.40,0.06,-1,-1,-1
199,-1,1599.06,667.95,54.73,12.31,0.06,-1,-1,-1
200,-1,548.67,651.77,51.48,82.77,0.84,-1,-1,-1
200,-1,501.57,706.92,88.53,29.29,0.81,-1,-1,-1
200,-1,1854.93,640.28,90.04,26.58,0.76,-1,-1,-1
200,-1,602.17,677.45,61.82,57.04,0.19,-1,-1,-1
200,-1,1557.04,1024.17,19.74,15.35,0.09,-1,-1,-1
200,-1,1862.75,782.35,19.01,20.90,0.06,-1,-1,-1
200,-1,1855.26,641.31,40.56,19.25,0.06,-1,-1,-1
201,-1,617.87,709.43,49.59,57.64,0.71,-1,-1,-1
201,-1,2022.48,632.45,96.89,24.94,0.67,-1,-1,-1
201,-1,582.42,746.49,64.30,32.98,0.57,-1,-1,-1
201,-1,2023.18,632.90,43.78,19.73,0.15,-1,-1,-1
201,-1,2112.84,1270.58,15.22,10.18,0.06,-1,-1,-1
201,-1,1591.24,864.73,65.75,36.10,0.05,-1,-1,-1
202,-1,850.76,759.67,53.81,75.72,0.88,-1,-1,-1
202,-1,2351.21,619.28,36.15,20.77,0.54,-1,-1,-1
202,-1,2351.25,619.48,36.25,20.55,0.41,-1,-1,-1
202,-1,2350.28,618.97,88.64,24.71,0.41,-1,-1,-1
202,-1,799.23,836.26,62.51,17.23,0.27,-1,-1,-1
202,-1,799.93,844.83,59.50,16.02,0.21,-1,-1,-1
203,-1,1034.67,772.98,45.29,87.47,0.75,-1,-1,-1
203,-1,605.26,742.74,108.57,44.73,0.44,-1,-1,-1
203,-1,879.23,767.54,12.42,22.02,0.15,-1,-1,-1
203,-1,546.31,712.25,169.12,74.52,0.08,-1,-1,-1
203,-1,680.12,744.18,37.74,47.68,0.06,-1,-1,-1
206,-1,1532.03,830.23,18.72,20.80,0.79,-1,-1,-1
206,-1,2155.19,547.45,61.42,17.14,0.70,-1,-1,-1
206,-1,2155.09,548.51,26.52,14.46,0.09,-1,-1,-1
206,-1,2179.32,1285.25,22.96,15.47,0.07,-1,-1,-1
207,-1,2353.52,455.54,12.33,24.96,0.75,-1,-1,-1
207,-1,1305.67,786.92,16.81,13.34,0.74,-1,-1,-1
207,-1,1630.43,532.01,12.76,19.45,0.50,-1,-1,-1
207,-1,1631.69,533.65,50.66,14.03,0.38,-1,-1,-1
207,-1,1328.08,848.92,31.88,25.60,0.35,-1,-1,-1
207,-1,1123.99,1343.72,473.20,94.70,0.29,-1,-1,-1
207,-1,1345.17,1336.85,59.86,25.35,0.19,-1,-1,-1
207,-1,1318.46,1347.43,218.39,90.42,0.16,-1,-1,-1
207,-1,1413.48,1370.10,199.01,68.61,0.13,-1,-1,-1
207,-1,1126.47,1372.57,220.34,66.42,0.11,-1,-1,-1
207,-1,1214.61,1383.72,172.63,55.61,0.07,-1,-1,-1
208,-1,1775.76,448.38,11.09,15.38,0.73,-1,-1,-1
208,-1,967.81,761.17,16.91,18.46,0.66,-1,-1,-1
208,-1,1020.86,788.90,35.27,21.68,0.39,-1,-1,-1
208,-1,1125.98,527.72,18.93,11.85,0.26,-1,-1,-1
208,-1,1140.11,631.91,823.34,804.06,0.22,-1,-1,-1
208,-1,1125.02,528.03,67.33,14.23,0.13,-1,-1,-1
208,-1,1125.19,528.23,20.49,22.91,0.10,-1,-1,-1
208,-1,1126.49,530.48,67.56,12.86,0.06,-1,-1,-1
208,-1,91.74,920.74,293.17,96.20,0.05,-1,-1,-1
209,-1,1209.50,443.66,10.54,19.25,0.74,-1,-1,-1
209,-1,474.03,765.61,12.96,19.07,0.64,-1,-1,-1
209,-1,519.17,770.63,78.82,15.19,0.27,-1,-1,-1
209,-1,532.06,519.32,53.09,13.69,0.23,-1,-1,-1
209,-1,535.09,518.82,12.19,27.34,0.21,-1,-1,-1
209,-1,470.74,762.90,58.12,22.00,0.20,-1,-1,-1
209,-1,534.68,518.82,11.52,11.70,0.19,-1,-1,-1
209,-1,516.62,763.97,70.10,14.01,0.14,-1,-1,-1
209,-1,469.22,758.60,127.60,27.20,0.09,-1,-1,-1
209,-1,2382.21,389.82,116.54,15.30,0.06,-1,-1,-1
209,-1,2481.28,390.19,13.20,8.93,0.05,-1,-1,-1
210,-1,178.33,773.26,73.81,35.98,0.85,-1,-1,-1
210,-1,160.82,793.62,26.20,22.08,0.72,-1,-1,-1
210,-1,922.34,449.94,11.17,22.06,0.72,-1,-1,-1
210,-1,174.58,520.39,58.23,14.94,0.70,-1,-1,-1
210,-1,2118.53,392.81,16.41,9.21,0.30,-1,-1,-1
210,-1,2013.98,381.14,121.97,24.08,0.22,-1,-1,-1
210,-1,2233.96,388.84,13.75,8.38,0.08,-1,-1,-1
210,-1,2014.12,391.30,22.99,9.81,0.08,-1,-1,-1
211,-1,920.44,457.00,13.97,13.16,0.69,-1,-1,-1
211,-1,133.83,531.00,22.34,19.23,0.68,-1,-1,-1
211,-1,103.08,799.46,37.98,38.67,0.55,-1,-1,-1
211,-1,2082.16,383.41,61.04,19.06,0.25,-1,-1,-1
211,-1,2106.57,396.50,14.31,10.80,0.17,-1,-1,-1
211,-1,110.11,807.52,48.09,39.45,0.16,-1,-1,-1
211,-1,114.73,818.66,13.74,15.94,0.11,-1,-1,-1
211,-1,2192.55,698.81,35.16,13.44,0.09,-1,-1,-1
211,-1,2020.27,385.11,28.57,9.01,0.08,-1,-1,-1
211,-1,2020.43,384.74,28.46,9.09,0.07,-1,-1,-1
212,-1,884.83,474.95,15.51,14.03,0.75,-1,-1,-1
212,-1,10.60,565.82,21.81,12.78,0.43,-1,-1,-1
212,-1,2142.57,390.35,15.51,11.40,0.34,-1,-1,-1
212,-1,7.12,564.68,69.56,15.25,0.31,-1,-1,-1
212,-1,2197.46,398.88,13.94,8.39,0.12,-1,-1,-1
212,-1,2104.20,393.11,24.21,10.64,0.07,-1,-1,-1
212,-1,2480.88,384.38,18.41,8.31,0.06,-1,-1,-1
212,-1,8.26,569.17,68.87,12.21,0.05,-1,-1,-1
213,-1,889.35,483.17,12.60,14.74,0.73,-1,-1,-1
213,-1,851.65,626.97,825.93,808.88,0.18,-1,-1,-1
213,-1,2482.01,383.43,36.42,9.12,0.06,-1,-1,-1
213,-1,2219.88,386.42,8.98,8.51,0.05,-1,-1,-1
214,-1,890.48,486.22,12.01,12.70,0.73,-1,-1,-1
215,-1,887.83,487.26,11.43,15.14,0.69,-1,-1,-1
216,-1,891.55,486.62,10.88,11.11,0.61,-1,-1,-1
216,-1,2271.56,395.38,8.89,13.66,0.29,-1,-1,-1
216,-1,2168.35,402.20,14.11,9.48,0.11,-1,-1,-1
217,-1,887.77,485.31,38.09,12.75,0.35,-1,-1,-1
217,-1,2392.94,424.35,11.11,24.45,0.28,-1,-1,-1
217,-1,909.25,485.45,16.53,11.53,0.16,-1,-1,-1
217,-1,1647.34,551.95,27.72,27.21,0.09,-1,-1,-1
217,-1,2281.48,395.23,8.96,11.81,0.08,-1,-1,-1
217,-1,2028.41,485.97,35.51,24.30,0.07,-1,-1,-1
217,-1,886.52,485.88,40.05,11.24,0.06,-1,-1,-1
217,-1,2027.20,407.65,49.12,8.73,0.06,-1,-1,-1
217,-1,2170.04,403.90,30.34,9.29,0.05,-1,-1,-1
218,-1,825.12,485.99,17.68,9.49,0.44,-1,-1,-1
218,-1,774.17,486.49,69.99,10.76,0.07,-1,-1,-1
219,-1,1752.10,343.12,46.37,16.20,0.18,-1,-1,-1
219,-1,1389.20,997.90,39.17,16.75,0.15,-1,-1,-1
219,-1,1408.26,987.60,21.59,25.43,0.14,-1,-1,-1
219,-1,1751.97,343.46,46.75,16.64,0.11,-1,-1,-1
219,-1,1776.39,342.91,21.92,11.56,0.09,-1,-1,-1
219,-1,307.89,813.94,82.23,29.94,0.08,-1,-1,-1
219,-1,843.47,1141.42,22.66,20.83,0.06,-1,-1,-1
220,-1,0.63,506.22,28.29,11.93,0.30,-1,-1,-1
220,-1,1331.82,401.54,18.06,12.69,0.11,-1,-1,-1
220,-1,1331.81,401.26,16.63,13.22,0.07,-1,-1,-1
221,-1,15.18,503.20,11.63,10.19,0.36,-1,-1,-1
221,-1,1328.19,399.86,17.68,13.63,0.24,-1,-1,-1
221,-1,1934.28,323.77,35.03,10.28,0.19,-1,-1,-1
221,-1,1.36,503.63,25.44,11.16,0.15,-1,-1,-1
221,-1,1328.25,399.86,17.54,13.43,0.06,-1,-1,-1
222,-1,1316.93,403.59,17.80,13.30,0.20,-1,-1,-1
222,-1,0.56,511.98,15.56,11.18,0.19,-1,-1,-1
222,-1,1062.50,413.54,27.99,9.60,0.13,-1,-1,-1
222,-1,1507.14,377.24,9.75,9.65,0.06,-1,-1,-1
223,-1,491.57,507.42,21.17,17.34,0.44,-1,-1,-1
223,-1,676.79,943.65,28.34,28.18,0.23,-1,-1,-1
223,-1,465.28,506.73,48.28,18.72,0.20,-1,-1,-1
223,-1,1765.03,407.33,9.01,11.95,0.08,-1,-1,-1
224,-1,1169.25,485.14,41.98,36.14,0.73,-1,-1,-1
224,-1,2401.73,416.88,15.59,9.38,0.12,-1,-1,-1
224,-1,1185.37,509.47,26.06,11.87,0.09,-1,-1,-1
224,-1,2401.26,417.06,12.10,8.99,0.07,-1,-1,-1
225,-1,497.05,593.03,19.68,23.14,0.77,-1,-1,-1
225,-1,1860.12,1360.03,44.12,34.80,0.27,-1,-1,-1
225,-1,1891.38,501.56,30.88,23.10,0.24,-1,-1,-1
225,-1,1890.81,503.84,33.43,22.59,0.12,-1,-1,-1
225,-1,1850.62,478.69,74.93,48.75,0.09,-1,-1,-1
225,-1,491.36,610.16,36.36,9.82,0.05,-1,-1,-1
226,-1,463.14,586.55,19.71,23.73,0.83,-1,-1,-1
226,-1,2008.03,506.39,14.30,9.86,0.18,-1,-1,-1
226,-1,1978.42,497.47,65.74,38.67,0.09,-1,-1,-1
227,-1,234.96,598.89,19.56,27.74,0.83,-1,-1,-1
227,-1,1974.74,522.00,31.59,25.75,0.77,-1,-1,-1
227,-1,1979.31,538.50,34.68,18.60,0.20,-1,-1,-1
227,-1,2203.56,838.92,105.49,49.25,0.11,-1,-1,-1
228,-1,1828.07,523.50,30.41,37.53,0.85,-1,-1,-1
228,-1,30.39,606.42,20.13,25.96,0.83,-1,-1,-1
228,-1,1824.19,554.90,29.86,14.02,0.69,-1,-1,-1
228,-1,438.49,944.17,32.28,19.00,0.10,-1,-1,-1
228,-1,438.77,943.96,31.43,19.11,0.08,-1,-1,-1
229,-1,1638.97,588.74,44.58,59.50,0.81,-1,-1,-1
229,-1,1656.17,647.51,40.75,20.16,0.70,-1,-1,-1
229,-1,1309.97,1101.74,155.61,58.97,0.13,-1,-1,-1
229,-1,1310.12,1101.98,155.27,59.76,0.08,-1,-1,-1
230,-1,1362.73,624.39,31.54,51.32,0.89,-1,-1,-1
230,-1,1349.88,664.29,40.69,20.62,0.78,-1,-1,-1
230,-1,1101.83,1128.84,206.65,79.45,0.05,-1,-1,-1
231,-1,1261.30,678.17,54.24,81.65,0.88,-1,-1,-1
231,-1,1271.55,741.35,40.23,29.13,0.81,-1,-1,-1
231,-1,835.93,1280.80,61.24,36.13,0.10,-1,-1,-1
231,-1,997.71,848.86,23.93,11.86,0.09,-1,-1,-1
232,-1,1127.65,789.59,90.66,99.40,0.90,-1,-1,-1
232,-1,1101.42,883.82,115.40,19.82,0.69,-1,-1,-1
233,-1,1066.17,772.32,70.83,99.61,0.91,-1,-1,-1
233,-1,1034.54,841.25,77.89,48.26,0.86,-1,-1,-1
233,-1,1510.95,799.65,254.53,107.44,0.22,-1,-1,-1
233,-1,1736.85,853.38,105.26,50.99,0.06,-1,-1,-1
234,-1,1457.37,979.08,99.95,122.69,0.91,-1,-1,-1
234,-1,1511.12,1077.28,53.00,48.02,0.85,-1,-1,-1
234,-1,24.25,605.06,32.26,16.94,0.60,-1,-1,-1
235,-1,1645.50,900.42,108.55,115.80,0.85,-1,-1,-1
235,-1,1562.26,964.18,92.95,55.97,0.64,-1,-1,-1
235,-1,276.35,568.55,73.40,18.76,0.56,-1,-1,-1
235,-1,1750.46,1005.29,152.07,52.58,0.18,-1,-1,-1
235,-1,1111.22,966.91,9.45,14.54,0.10,-1,-1,-1
235,-1,276.09,571.78,107.88,15.99,0.06,-1,-1,-1
235,-1,1081.49,965.63,21.27,10.20,0.06,-1,-1,-1
236,-1,2020.71,974.40,77.73,160.59,0.93,-1,-1,-1
236,-1,2029.82,1103.13,69.00,82.18,0.78,-1,-1,-1
236,-1,422.36,554.16,41.75,18.73,0.49,-1,-1,-1
236,-1,424.00,554.31,20.22,17.18,0.34,-1,-1,-1
236,-1,410.18,565.88,59.65,9.55,0.16,-1,-1,-1
236,-1,411.66,560.97,73.98,14.43,0.11,-1,-1,-1
236,-1,219.18,1244.45,134.29,58.38,0.05,-1,-1,-1
237,-1,541.13,441.79,33.90,15.25,0.34,-1,-1,-1
237,-1,541.31,441.77,13.83,12.33,0.21,-1,-1,-1
237,-1,945.50,906.98,8.55,19.52,0.08,-1,-1,-1
237,-1,1459.57,734.39,10.35,16.20,0.05,-1,-1,-1
238,-1,330.95,427.09,72.04,15.33,0.47,-1,-1,-1
238,-1,951.83,942.49,9.46,14.74,0.33,-1,-1,-1
238,-1,752.68,861.67,14.99,18.07,0.21,-1,-1,-1
238,-1,851.12,966.07,15.37,12.25,0.17,-1,-1,-1
238,-1,687.90,932.91,38.97,37.23,0.10,-1,-1,-1
238,-1,331.20,428.47,33.39,13.11,0.09,-1,-1,-1
238,-1,926.96,950.65,10.45,8.96,0.08,-1,-1,-1
238,-1,801.83,932.09,12.71,16.17,0.06,-1,-1,-1
238,-1,338.13,436.55,16.09,13.86,0.05,-1,-1,-1
239,-1,167.34,566.92,78.35,27.79,0.50,-1,-1,-1
239,-1,167.05,566.93,34.18,24.34,0.44,-1,-1,-1
239,-1,487.38,409.38,68.34,15.24,0.32,-1,-1,-1
239,-1,491.96,407.86,28.94,14.36,0.12,-1,-1,-1
239,-1,166.99,581.98,82.09,13.32,0.07,-1,-1,-1
239,-1,165.72,579.46,34.85,12.19,0.06,-1,-1,-1
239,-1,2508.79,767.71,50.52,16.64,0.05,-1,-1,-1
240,-1,341.67,770.17,71.54,20.06,0.59,-1,-1,-1
240,-1,580.17,585.02,68.33,17.31,0.33,-1,-1,-1
240,-1,585.05,581.09,62.54,19.40,0.32,-1,-1,-1
240,-1,580.15,586.49,64.44,14.32,0.17,-1,-1,-1
240,-1,342.03,781.52,74.04,11.40,0.14,-1,-1,-1
240,-1,347.57,770.42,17.58,13.37,0.10,-1,-1,-1
240,-1,593.39,581.30,15.99,13.22,0.08,-1,-1,-1
240,-1,366.03,773.33,47.90,15.27,0.06,-1,-1,-1
240,-1,343.98,781.84,38.54,9.57,0.06,-1,-1,-1
240,-1,579.50,586.95,35.63,10.32,0.05,-1,-1,-1
241,-1,648.78,560.08,12.42,13.74,0.67,-1,-1,-1
241,-1,395.39,776.85,69.50,23.95,0.64,-1,-1,-1
241,-1,394.07,791.19,65.63,12.26,0.41,-1,-1,-1
241,-1,395.86,777.23,32.04,21.02,0.41,-1,-1,-1
241,-1,638.18,573.29,60.33,10.98,0.17,-1,-1,-1
241,-1,394.79,787.98,36.85,11.92,0.10,-1,-1,-1
241,-1,887.70,1219.00,35.60,58.07,0.06,-1,-1,-1
242,-1,428.68,795.81,74.11,21.90,0.63,-1,-1,-1
242,-1,428.15,805.47,53.59,12.06,0.17,-1,-1,-1
242,-1,428.19,796.05,38.94,18.97,0.16,-1,-1,-1
242,-1,2050.27,557.88,127.98,46.04,0.07,-1,-1,-1
242,-1,2052.46,557.67,39.89,51.07,0.06,-1,-1,-1
242,-1,2165.71,574.87,98.55,22.02,0.06,-1,-1,-1
243,-1,447.54,789.49,37.13,20.42,0.48,-1,-1,-1
243,-1,758.14,632.00,11.44,12.91,0.08,-1,-1,-1
243,-1,445.86,797.83,47.38,17.68,0.05,-1,-1,-1
244,-1,792.02,626.68,14.24,17.67,0.74,-1,-1,-1
244,-1,470.51,750.41,17.05,41.86,0.42,-1,-1,-1
244,-1,452.57,750.41,37.56,42.77,0.06,-1,-1,-1
245,-1,803.48,641.70,16.83,18.79,0.71,-1,-1,-1
245,-1,83.67,988.98,279.88,102.95,0.06,-1,-1,-1
246,-1,805.53,650.49,16.44,19.02,0.76,-1,-1,-1
247,-1,800.67,669.03,17.52,17.55,0.78,-1,-1,-1
247,-1,416.96,822.27,43.87,22.55,0.62,-1,-1,-1
247,-1,2035.96,1394.42,202.67,44.97,0.08,-1,-1,-1
247,-1,2487.29,1053.74,13.43,14.40,0.06,-1,-1,-1
247,-1,418.07,835.12,40.65,12.28,0.06,-1,-1,-1
248,-1,790.95,683.12,18.52,23.25,0.73,-1,-1,-1
248,-1,371.50,854.75,27.37,25.06,0.55,-1,-1,-1
248,-1,372.26,855.45,73.65,28.33,0.36,-1,-1,-1
248,-1,351.02,868.64,55.42,15.64,0.33,-1,-1,-1
249,-1,282.41,881.07,63.37,25.77,0.65,-1,-1,-1
249,-1,780.08,696.16,20.66,22.15,0.62,-1,-1,-1
249,-1,910.25,839.96,118.54,30.28,0.18,-1,-1,-1
249,-1,777.20,707.32,23.73,13.30,0.14,-1,-1,-1
249,-1,286.36,881.09,25.17,19.79,0.08,-1,-1,-1
249,-1,284.04,890.73,61.53,16.40,0.06,-1,-1,-1
249,-1,297.22,881.85,13.45,14.72,0.06,-1,-1,-1
250,-1,216.07,923.41,52.56,26.35,0.74,-1,-1,-1
250,-1,767.92,707.18,20.66,23.36,0.73,-1,-1,-1
250,-1,332.95,1013.12,241.91,70.90,0.15,-1,-1,-1
251,-1,738.63,710.06,21.98,24.43,0.72,-1,-1,-1
251,-1,106.09,952.06,63.18,22.54,0.68,-1,-1,-1
251,-1,90.56,965.13,51.34,12.70,0.19,-1,-1,-1
251,-1,739.10,726.62,22.44,10.49,0.17,-1,-1,-1
251,-1,106.96,952.39,15.49,14.69,0.16,-1,-1,-1
251,-1,104.89,942.42,125.41,34.72,0.09,-1,-1,-1
252,-1,709.97,710.50,22.19,23.77,0.71,-1,-1,-1
252,-1,13.77,960.00,15.37,15.84,0.56,-1,-1,-1
252,-1,15.18,958.56,98.04,28.43,0.30,-1,-1,-1
252,-1,619.06,847.84,39.08,24.56,0.23,-1,-1,-1
252,-1,711.40,726.87,21.87,9.86,0.05,-1,-1,-1
252,-1,14.12,959.65,38.72,24.71,0.05,-1,-1,-1
253,-1,655.35,701.08,20.57,21.98,0.76,-1,-1,-1
253,-1,655.36,720.13,21.93,8.92,0.06,-1,-1,-1
254,-1,585.73,690.97,22.45,27.47,0.77,-1,-1,-1
254,-1,586.71,712.10,26.48,9.22,0.12,-1,-1,-1
255,-1,518.16,705.55,26.92,29.04,0.81,-1,-1,-1
255,-1,520.55,728.58,31.12,9.13,0.17,-1,-1,-1
256,-1,478.73,715.26,27.40,25.86,0.83,-1,-1,-1
256,-1,479.47,737.16,33.20,8.88,0.15,-1,-1,-1
257,-1,615.69,715.55,26.76,27.64,0.78,-1,-1,-1
257,-1,615.45,737.10,31.86,10.36,0.16,-1,-1,-1
258,-1,1550.55,714.48,25.82,26.46,0.80,-1,-1,-1
258,-1,503.78,871.24,33.58,26.88,0.65,-1,-1,-1
258,-1,489.43,887.78,53.04,12.75,0.55,-1,-1,-1
258,-1,1551.65,735.87,30.48,8.82,0.25,-1,-1,-1
258,-1,502.23,873.06,88.82,26.44,0.11,-1,-1,-1
259,-1,1685.78,844.18,110.65,37.21,0.76,-1,-1,-1
259,-1,1669.88,851.93,114.79,27.53,0.26,-1,-1,-1
259,-1,1670.15,852.99,65.67,16.36,0.23,-1,-1,-1
259,-1,1696.09,841.03,15.91,14.37,0.07,-1,-1,-1
259,-1,1669.60,853.14,41.61,11.33,0.05,-1,-1,-1
259,-1,1685.71,841.06,54.87,26.42,0.05,-1,-1,-1
260,-1,295.30,513.91,12.48,8.16,0.13,-1,-1,-1
261,-1,1401.32,911.70,14.30,17.45,0.09,-1,-1,-1
261,-1,1093.79,511.98,9.79,8.51,0.06,-1,-1,-1
263,-1,2386.66,880.65,110.00,48.49,0.83,-1,-1,-1
263,-1,2379.29,894.30,71.60,27.31,0.24,-1,-1,-1
263,-1,344.42,377.47,48.77,9.20,0.09,-1,-1,-1
263,-1,2379.51,894.37,54.03,13.52,0.07,-1,-1,-1
263,-1,2386.40,881.19,53.25,30.75,0.05,-1,-1,-1
264,-1,2185.11,741.06,24.87,26.76,0.76,-1,-1,-1
264,-1,784.33,843.96,53.83,24.03,0.49,-1,-1,-1
264,-1,783.10,847.43,114.53,25.58,0.34,-1,-1,-1
264,-1,2172.28,760.55,49.32,11.98,0.23,-1,-1,-1
264,-1,783.08,859.11,55.14,11.43,0.15,-1,-1,-1
264,-1,782.70,856.86,113.93,17.72,0.08,-1,-1,-1
265,-1,705.71,854.58,105.02,30.30,0.80,-1,-1,-1
265,-1,2145.64,743.99,24.96,27.80,0.77,-1,-1,-1
265,-1,2135.34,764.90,46.83,12.24,0.33,-1,-1,-1
265,-1,700.31,870.09,113.29,14.62,0.19,-1,-1,-1
265,-1,703.72,870.48,42.00,13.06,0.17,-1,-1,-1
265,-1,705.22,854.35,50.83,25.06,0.07,-1,-1,-1
265,-1,2145.14,769.73,37.20,8.54,0.06,-1,-1,-1
266,-1,1630.59,728.96,21.27,26.87,0.79,-1,-1,-1
266,-1,122.36,898.18,132.67,28.68,0.64,-1,-1,-1
266,-1,107.97,914.09,123.38,14.59,0.19,-1,-1,-1
266,-1,1629.81,750.59,32.14,9.35,0.15,-1,-1,-1
266,-1,122.58,898.27,64.17,25.72,0.13,-1,-1,-1
266,-1,122.06,918.16,71.03,11.05,0.06,-1,-1,-1
266,-1,1629.72,738.93,23.61,18.92,0.06,-1,-1,-1
266,-1,108.17,906.18,79.92,19.59,0.06,-1,-1,-1
267,-1,1348.33,728.36,27.79,27.73,0.76,-1,-1,-1
267,-1,1355.79,751.97,27.31,8.41,0.25,-1,-1,-1
268,-1,1098.37,728.31,21.51,23.64,0.75,-1,-1,-1
268,-1,1095.86,746.44,35.33,10.44,0.14,-1,-1,-1
268,-1,1093.46,746.05,37.10,11.50,0.09,-1,-1,-1
269,-1,403.12,739.42,26.45,27.19,0.75,-1,-1,-1
269,-1,396.77,759.13,44.26,12.93,0.47,-1,-1,-1
270,-1,56.08,738.64,25.42,29.86,0.80,-1,-1,-1
270,-1,45.39,760.93,50.61,14.16,0.45,-1,-1,-1
270,-1,60.02,766.19,35.30,9.18,0.16,-1,-1,-1
270,-1,50.30,753.65,33.15,18.36,0.07,-1,-1,-1
271,-1,36.16,726.46,25.23,30.47,0.84,-1,-1,-1
271,-1,23.98,750.72,48.41,11.10,0.14,-1,-1,-1
272,-1,2480.62,976.95,78.50,33.01,0.62,-1,-1,-1
272,-1,1284.22,721.45,54.01,10.34,0.14,-1,-1,-1
273,-1,2409.99,964.72,105.71,34.61,0.53,-1,-1,-1
273,-1,2409.36,964.55,106.87,34.59,0.37,-1,-1,-1
273,-1,1396.58,554.87,51.23,18.86,0.06,-1,-1,-1
274,-1,2541.20,976.88,18.24,25.70,0.69,-1,-1,-1
274,-1,675.25,1064.60,95.55,24.14,0.15,-1,-1,-1
274,-1,1992.73,445.86,11.47,12.83,0.05,-1,-1,-1
275,-1,1371.07,405.85,22.71,26.62,0.79,-1,-1,-1
275,-1,1575.51,969.02,215.75,73.36,0.09,-1,-1,-1
275,-1,1370.99,428.29,23.40,11.01,0.06,-1,-1,-1
276,-1,332.88,177.01,64.25,33.71,0.77,-1,-1,-1
276,-1,2225.96,92.47,28.31,40.81,0.76,-1,-1,-1
276,-1,318.68,194.05,75.13,17.22,0.32,-1,-1,-1
276,-1,2226.69,115.34,26.13,19.36,0.12,-1,-1,-1
276,-1,1759.41,396.22,794.40,840.38,0.08,-1,-1,-1
276,-1,316.73,195.43,31.40,10.62,0.07,-1,-1,-1
277,-1,544.38,55.48,86.01,39.23,0.82,-1,-1,-1
277,-1,2478.00,8.01,30.11,33.69,0.79,-1,-1,-1
277,-1,537.92,80.86,59.14,16.18,0.30,-1,-1,-1
277,-1,1681.63,626.18,823.77,805.57,0.25,-1,-1,-1
277,-1,2478.35,37.10,29.15,11.53,0.24,-1,-1,-1
277,-1,1013.61,610.67,819.37,819.84,0.08,-1,-1,-1
277,-1,917.42,610.73,821.30,817.25,0.07,-1,-1,-1
277,-1,1106.96,628.32,823.84,805.88,0.07,-1,-1,-1
277,-1,1763.77,632.33,786.16,801.66,0.06,-1,-1,-1
277,-1,516.99,76.40,66.77,16.41,0.06,-1,-1,-1
278,-1,621.12,632.39,222.84,162.50,0.31,-1,-1,-1
278,-1,947.80,629.65,821.76,804.29,0.17,-1,-1,-1
278,-1,7.17,613.99,811.22,814.70,0.14,-1,-1,-1
278,-1,1043.33,609.96,821.96,821.87,0.08,-1,-1,-1
278,-1,20.44,630.03,822.88,800.64,0.07,-1,-1,-1
279,-1,1333.14,611.14,822.39,817.83,0.30,-1,-1,-1
279,-1,787.67,632.52,827.35,800.78,0.20,-1,-1,-1
279,-1,606.73,787.24,165.52,124.09,0.18,-1,-1,-1
279,-1,691.23,612.60,822.35,816.25,0.17,-1,-1,-1
279,-1,85.75,553.61,821.24,837.27,0.14,-1,-1,-1
279,-1,1108.53,587.79,825.16,841.92,0.11,-1,-1,-1
279,-1,660.55,554.73,824.00,825.42,0.11,-1,-1,-1
279,-1,1235.89,608.61,824.36,819.75,0.10,-1,-1,-1
279,-1,148.06,613.98,821.69,816.80,0.08,-1,-1,-1
280,-1,1472.31,986.38,223.12,210.04,0.07,-1,-1,-1
280,-1,980.17,629.56,821.82,805.33,0.06,-1,-1,-1
280,-1,949.77,611.86,818.02,819.37,0.05,-1,-1,-1
280,-1,500.59,633.45,821.27,796.40,0.05,-1,-1,-1
281,-1,563.24,608.07,822.79,824.59,0.06,-1,-1,-1
282,-1,-0.12,615.69,794.42,814.55,0.20,-1,-1,-1
282,-1,951.21,607.28,826.98,829.97,0.10,-1,-1,-1
282,-1,307.68,610.08,824.21,820.98,0.05,-1,-1,-1
283,-1,27.76,423.52,815.33,836.38,0.20,-1,-1,-1
283,-1,344.07,1324.15,41.02,43.13,0.17,-1,-1,-1
283,-1,1757.00,233.03,798.35,748.82,0.16,-1,-1,-1
283,-1,1394.69,633.64,823.77,804.09,0.10,-1,-1,-1
283,-1,1744.37,183.27,803.25,799.77,0.07,-1,-1,-1
283,-1,1428.01,269.00,821.91,837.32,0.06,-1,-1,-1
283,-1,13.18,359.27,805.54,844.29,0.05,-1,-1,-1
283,-1,1296.67,879.63,33.40,51.79,0.05,-1,-1,-1
284,-1,659.64,631.31,825.21,801.42,0.25,-1,-1,-1
284,-1,820.88,629.89,823.58,803.73,0.21,-1,-1,-1
284,-1,822.33,587.38,822.14,845.49,0.15,-1,-1,-1
284,-1,979.70,610.45,823.25,822.60,0.09,-1,-1,-1
284,-1,309.90,632.43,820.10,802.69,0.07,-1,-1,-1
284,-1,595.03,672.53,824.71,762.46,0.07,-1,-1,-1
284,-1,1142.65,556.92,820.31,837.66,0.05,-1,-1,-1
285,-1,642.96,219.14,18.39,17.14,0.74,-1,-1,-1
285,-1,1423.35,1037.55,101.15,93.30,0.59,-1,-1,-1
285,-1,256.39,188.03,21.76,29.53,0.56,-1,-1,-1
285,-1,122.81,63.49,43.52,17.96,0.46,-1,-1,-1
285,-1,1851.17,229.22,24.68,30.83,0.32,-1,-1,-1
285,-1,628.76,231.63,32.78,9.51,0.31,-1,-1,-1
285,-1,138.92,59.47,10.98,24.00,0.29,-1,-1,-1
285,-1,1007.64,4.75,31.84,18.81,0.20,-1,-1,-1
285,-1,2381.00,30.38,11.61,29.45,0.15,-1,-1,-1
285,-1,1300.41,716.20,825.03,714.93,0.14,-1,-1,-1
285,-1,2435.68,38.46,17.65,24.40,0.12,-1,-1,-1
285,-1,2374.52,30.99,17.75,40.53,0.12,-1,-1,-1
285,-1,802.75,0.01,41.52,16.15,0.11,-1,-1,-1
285,-1,1643.06,14.67,20.03,38.62,0.11,-1,-1,-1
285,-1,639.74,224.64,21.87,13.73,0.10,-1,-1,-1
285,-1,823.70,0.27,20.92,14.77,0.10,-1,-1,-1
285,-1,1404.28,1027.70,255.46,221.08,0.09,-1,-1,-1
285,-1,231.19,0.14,10.45,16.42,0.09,-1,-1,-1
285,-1,1357.46,8.65,16.26,30.49,0.09,-1,-1,-1
285,-1,1340.28,9.03,33.41,30.19,0.08,-1,-1,-1
285,-1,254.27,200.49,23.16,19.53,0.08,-1,-1,-1
285,-1,893.30,2.19,22.56,16.65,0.07,-1,-1,-1
285,-1,917.08,0.43,39.01,19.67,0.06,-1,-1,-1
285,-1,1410.91,1036.67,143.94,160.47,0.06,-1,-1,-1
286,-1,914.55,546.18,33.55,11.04,0.78,-1,-1,-1
286,-1,1312.36,688.90,18.48,14.87,0.77,-1,-1,-1
286,-1,1678.29,489.69,30.56,22.70,0.76,-1,-1,-1
286,-1,986.65,658.07,17.22,22.67,0.67,-1,-1,-1
286,-1,1454.45,488.80,39.65,15.50,0.67,-1,-1,-1
286,-1,2364.56,486.80,29.99,25.89,0.58,-1,-1,-1
286,-1,1386.16,488.02,36.75,22.89,0.53,-1,-1,-1
286,-1,1566.14,495.28,22.24,14.65,0.38,-1,-1,-1
286,-1,921.52,543.54,12.30,17.79,0.33,-1,-1,-1
286,-1,986.37,664.47,15.78,18.10,0.33,-1,-1,-1
286,-1,2364.47,486.79,30.21,26.08,0.32,-1,-1,-1
286,-1,1930.51,1188.06,50.15,40.71,0.23,-1,-1,-1
286,-1,199.43,694.81,20.84,13.90,0.22,-1,-1,-1
286,-1,1279.32,499.82,17.08,10.31,0.21,-1,-1,-1
286,-1,921.10,543.45,14.86,15.99,0.19,-1,-1,-1
286,-1,2216.88,165.56,33.39,12.21,0.19,-1,-1,-1
286,-1,1226.19,492.01,23.71,15.84,0.17,-1,-1,-1
286,-1,2021.92,497.38,27.90,18.55,0.13,-1,-1,-1
286,-1,198.81,695.51,22.25,15.20,0.11,-1,-1,-1
286,-1,1299.91,697.55,31.08,9.92,0.11,-1,-1,-1
286,-1,198.70,701.05,22.61,10.02,0.10,-1,-1,-1
286,-1,608.09,494.76,13.07,23.31,0.10,-1,-1,-1
286,-1,290.50,529.33,15.15,13.87,0.10,-1,-1,-1
286,-1,1955.86,312.28,60.12,34.67,0.10,-1,-1,-1
286,-1,182.12,505.04,21.91,8.91,0.08,-1,-1,-1
286,-1,2438.68,529.28,97.61,12.77,0.06,-1,-1,-1
286,-1,1566.89,492.53,44.19,17.45,0.06,-1,-1,-1
286,-1,646.82,509.42,10.08,9.86,0.06,-1,-1,-1
286,-1,1206.28,495.56,16.61,12.11,0.06,-1,-1,-1
286,-1,306.41,504.07,12.37,9.10,0.06,-1,-1,-1
287,-1,918.39,544.94,34.35,12.96,0.84,-1,-1,-1
287,-1,1308.07,689.93,18.49,16.43,0.78,-1,-1,-1
287,-1,1678.08,489.86,32.96,22.89,0.75,-1,-1,-1
287,-1,988.72,659.63,16.16,17.94,0.74,-1,-1,-1
287,-1,2365.59,486.98,29.19,25.84,0.66,-1,-1,-1
287,-1,192.95,697.24,23.82,15.12,0.49,-1,-1,-1
287,-1,1566.70,494.73,27.86,15.84,0.39,-1,-1,-1
287,-1,1295.27,701.36,30.41,9.66,0.33,-1,-1,-1
287,-1,1452.82,489.39,35.13,14.56,0.29,-1,-1,-1
287,-1,2365.59,486.95,29.28,26.03,0.27,-1,-1,-1
287,-1,1279.00,499.95,17.56,10.39,0.25,-1,-1,-1
287,-1,291.55,530.60,17.48,12.25,0.24,-1,-1,-1
287,-1,1397.94,488.77,24.06,20.22,0.23,-1,-1,-1
287,-1,182.39,505.24,21.33,9.03,0.21,-1,-1,-1
287,-1,2021.55,498.86,31.00,16.83,0.20,-1,-1,-1
287,-1,606.28,494.43,14.57,23.92,0.16,-1,-1,-1
287,-1,1225.70,492.27,24.15,15.82,0.15,-1,-1,-1
287,-1,2215.86,164.90,34.69,12.41,0.10,-1,-1,-1
287,-1,924.55,545.20,12.99,17.18,0.08,-1,-1,-1
287,-1,306.61,504.01,12.57,9.12,0.07,-1,-1,-1
287,-1,2250.83,503.38,86.80,26.58,0.07,-1,-1,-1
287,-1,2021.92,506.10,23.80,10.00,0.06,-1,-1,-1
287,-1,1678.14,490.11,32.30,22.56,0.06,-1,-1,-1
288,-1,1304.98,691.97,17.13,12.87,0.78,-1,-1,-1
288,-1,937.71,543.86,38.21,15.09,0.75,-1,-1,-1
288,-1,987.15,658.42,17.27,22.96,0.72,-1,-1,-1
288,-1,2366.99,484.75,28.69,25.89,0.70,-1,-1,-1
288,-1,1678.52,488.27,35.71,22.72,0.68,-1,-1,-1
288,-1,2022.06,499.47,34.66,14.86,0.49,-1,-1,-1
288,-1,186.23,698.34,21.40,18.26,0.47,-1,-1,-1
288,-1,945.42,542.82,15.16,17.04,0.41,-1,-1,-1
288,-1,1567.45,492.20,31.05,15.09,0.34,-1,-1,-1
288,-1,1399.55,486.54,28.54,18.49,0.31,-1,-1,-1
288,-1,991.57,674.56,28.14,9.76,0.31,-1,-1,-1
288,-1,2367.44,484.79,27.98,26.38,0.27,-1,-1,-1
288,-1,1609.85,488.41,37.98,20.27,0.25,-1,-1,-1
288,-1,302.40,530.28,16.32,14.50,0.19,-1,-1,-1
288,-1,302.61,530.28,16.24,14.10,0.18,-1,-1,-1
288,-1,1279.37,497.93,17.59,9.56,0.17,-1,-1,-1
288,-1,181.80,502.96,22.70,9.27,0.17,-1,-1,-1
288,-1,1225.79,488.87,24.95,17.02,0.16,-1,-1,-1
288,-1,2217.36,161.86,33.25,11.50,0.14,-1,-1,-1
288,-1,252.74,461.38,57.59,36.98,0.09,-1,-1,-1
288,-1,606.35,491.78,15.40,24.99,0.09,-1,-1,-1
288,-1,252.01,461.28,58.85,36.63,0.06,-1,-1,-1
288,-1,306.99,501.73,12.75,9.62,0.05,-1,-1,-1
288,-1,1444.42,485.79,18.90,16.66,0.05,-1,-1,-1
289,-1,955.91,541.28,37.53,13.08,0.80,-1,-1,-1
289,-1,1292.12,691.17,22.08,17.35,0.75,-1,-1,-1
289,-1,2367.03,482.51,28.14,25.54,0.74,-1,-1,-1
289,-1,1678.14,484.75,34.77,22.66,0.71,-1,-1,-1
289,-1,988.93,652.91,13.65,23.35,0.67,-1,-1,-1
289,-1,1609.03,486.99,38.08,18.57,0.42,-1,-1,-1
289,-1,2021.10,491.77,55.95,19.56,0.37,-1,-1,-1
289,-1,1566.49,490.87,21.93,13.88,0.32,-1,-1,-1
289,-1,2367.38,482.62,27.43,25.47,0.31,-1,-1,-1
289,-1,1398.21,483.47,30.67,19.14,0.30,-1,-1,-1
289,-1,605.84,489.82,15.31,23.10,0.26,-1,-1,-1
289,-1,958.74,540.89,31.19,16.79,0.16,-1,-1,-1
289,-1,979.47,665.33,38.83,12.66,0.14,-1,-1,-1
289,-1,1678.15,484.86,34.20,22.50,0.12,-1,-1,-1
289,-1,2248.93,499.66,115.98,28.29,0.11,-1,-1,-1
289,-1,2126.42,504.73,43.80,8.86,0.08,-1,-1,-1
289,-1,1225.89,486.20,24.47,16.46,0.07,-1,-1,-1
289,-1,1278.85,495.09,16.70,9.44,0.07,-1,-1,-1
289,-1,-1.04,654.66,770.85,413.41,0.06,-1,-1,-1
289,-1,2020.84,493.38,34.48,17.72,0.05,-1,-1,-1
289,-1,2215.70,158.07,34.65,11.93,0.05,-1,-1,-1
289,-1,991.34,670.64,25.67,8.44,0.05,-1,-1,-1
290,-1,1678.09,482.99,34.42,22.52,0.75,-1,-1,-1
290,-1,1288.79,690.65,18.54,14.85,0.73,-1,-1,-1
290,-1,975.12,540.98,38.97,9.97,0.71,-1,-1,-1
290,-1,2365.35,479.95,29.77,26.54,0.63,-1,-1,-1
290,-1,217.66,673.88,22.45,14.91,0.60,-1,-1,-1
290,-1,992.69,651.42,21.87,22.52,0.58,-1,-1,-1
290,-1,2021.03,489.85,56.14,19.31,0.41,-1,-1,-1
290,-1,2365.34,479.90,29.97,26.57,0.33,-1,-1,-1
290,-1,228.98,673.62,11.09,12.62,0.25,-1,-1,-1
290,-1,987.95,538.77,10.08,20.57,0.24,-1,-1,-1
290,-1,2217.08,155.13,36.75,11.85,0.18,-1,-1,-1
290,-1,1565.38,484.53,23.77,19.01,0.18,-1,-1,-1
290,-1,1397.84,480.92,23.37,19.74,0.17,-1,-1,-1
290,-1,1275.23,702.03,30.91,9.73,0.16,-1,-1,-1
290,-1,606.55,487.31,13.23,23.38,0.15,-1,-1,-1
290,-1,324.42,524.78,9.97,11.81,0.11,-1,-1,-1
290,-1,1278.20,492.17,16.71,9.54,0.11,-1,-1,-1
290,-1,1678.02,483.12,34.24,22.58,0.09,-1,-1,-1
290,-1,1565.28,480.64,55.98,22.43,0.09,-1,-1,-1
290,-1,181.83,497.46,20.77,9.54,0.08,-1,-1,-1
290,-1,182.06,497.46,21.18,9.05,0.05,-1,-1,-1
290,-1,1225.21,483.47,25.24,16.25,0.05,-1,-1,-1
291,-1,2248.54,661.17,17.33,27.83,0.72,-1,-1,-1
291,-1,2272.81,540.55,38.82,14.27,0.61,-1,-1,-1
291,-1,2246.34,680.54,56.03,10.60,0.49,-1,-1,-1
291,-1,1516.48,659.09,9.75,9.21,0.37,-1,-1,-1
291,-1,1213.47,509.33,34.67,13.46,0.36,-1,-1,-1
291,-1,2283.18,537.86,13.23,20.18,0.29,-1,-1,-1
291,-1,2272.97,538.21,36.48,16.36,0.08,-1,-1,-1
291,-1,1466.61,495.56,18.90,9.31,0.06,-1,-1,-1
291,-1,1524.79,659.40,14.52,8.45,0.06,-1,-1,-1
292,-1,2543.41,680.93,15.03,11.04,0.53,-1,-1,-1
292,-1,394.58,548.54,19.56,11.05,0.24,-1,-1,-1
292,-1,2173.32,504.62,42.19,12.74,0.20,-1,-1,-1
292,-1,314.02,540.21,11.17,15.64,0.17,-1,-1,-1
292,-1,608.49,497.05,14.04,10.16,0.06,-1,-1,-1
292,-1,314.07,539.91,11.22,15.44,0.06,-1,-1,-1
293,-1,2123.64,542.28,16.23,10.07,0.14,-1,-1,-1
293,-1,2225.50,853.67,16.50,10.75,0.08,-1,-1,-1
294,-1,1061.35,877.88,79.95,23.23,0.77,-1,-1,-1
294,-1,6.04,628.49,814.62,807.36,0.39,-1,-1,-1
294,-1,1058.10,891.89,62.02,10.66,0.13,-1,-1,-1
295,-1,1035.11,871.22,85.31,22.01,0.77,-1,-1,-1
295,-1,1031.23,875.58,89.83,18.05,0.08,-1,-1,-1
296,-1,1007.99,838.23,91.00,23.40,0.80,-1,-1,-1
296,-1,177.94,638.39,830.05,797.86,0.38,-1,-1,-1
296,-1,1007.75,850.81,82.82,13.68,0.12,-1,-1,-1
296,-1,1007.93,838.16,91.51,24.78,0.05,-1,-1,-1
297,-1,1006.08,824.46,81.35,24.19,0.79,-1,-1,-1
297,-1,999.47,838.87,81.53,11.54,0.38,-1,-1,-1
297,-1,1000.42,828.50,87.83,20.67,0.14,-1,-1,-1
298,-1,984.31,813.65,80.68,26.69,0.70,-1,-1,-1
298,-1,976.74,826.38,84.57,16.82,0.33,-1,-1,-1
298,-1,178.30,693.74,830.32,742.63,0.08,-1,-1,-1
299,-1,1078.37,782.46,82.23,30.12,0.84,-1,-1,-1
299,-1,1068.45,804.93,57.82,10.78,0.34,-1,-1,-1
299,-1,1068.68,797.20,91.14,18.01,0.25,-1,-1,-1
299,-1,1068.11,805.58,25.95,9.13,0.05,-1,-1,-1
300,-1,1655.64,789.98,90.21,23.41,0.80,-1,-1,-1
300,-1,208.27,638.64,826.60,794.42,0.08,-1,-1,-1
300,-1,1641.02,796.52,104.75,19.22,0.07,-1,-1,-1
300,-1,684.25,1207.11,782.06,230.97,0.05,-1,-1,-1
301,-1,704.82,815.81,34.93,35.84,0.78,-1,-1,-1
301,-1,706.93,843.59,34.92,12.30,0.15,-1,-1,-1
301,-1,707.00,835.87,34.13,16.67,0.08,-1,-1,-1
301,-1,1299.61,1417.05,25.77,21.95,0.06,-1,-1,-1
302,-1,1665.92,811.63,30.21,32.02,0.79,-1,-1,-1
302,-1,1652.45,831.93,46.89,13.90,0.55,-1,-1,-1
303,-1,1746.77,817.86,29.36,26.81,0.82,-1,-1,-1
303,-1,1738.91,835.20,36.67,11.51,0.16,-1,-1,-1
304,-1,1782.80,819.31,30.57,33.81,0.84,-1,-1,-1
304,-1,1201.92,1203.94,794.50,234.33,0.34,-1,-1,-1
304,-1,1772.94,844.32,39.78,11.63,0.28,-1,-1,-1
304,-1,1643.40,1154.07,397.83,209.78,0.10,-1,-1,-1
304,-1,1642.52,1154.35,189.21,110.58,0.08,-1,-1,-1
304,-1,1542.48,1211.52,146.66,59.75,0.06,-1,-1,-1
305,-1,1001.83,522.20,27.80,10.05,0.21,-1,-1,-1
305,-1,1044.42,937.83,22.92,21.13,0.16,-1,-1,-1
305,-1,1757.60,1095.39,800.92,342.02,0.13,-1,-1,-1
306,-1,379.15,440.08,320.96,56.19,0.13,-1,-1,-1
306,-1,987.40,513.05,28.53,8.72,0.09,-1,-1,-1
307,-1,566.30,473.27,23.26,20.04,0.13,-1,-1,-1
307,-1,1001.44,513.19,10.72,8.31,0.11,-1,-1,-1
307,-1,1316.04,1173.28,103.33,106.19,0.11,-1,-1,-1
307,-1,463.74,642.24,829.19,791.07,0.10,-1,-1,-1
307,-1,908.50,1005.78,825.75,427.52,0.06,-1,-1,-1
308,-1,2526.63,852.77,32.94,36.61,0.76,-1,-1,-1
308,-1,2526.71,880.98,32.70,17.37,0.11,-1,-1,-1
308,-1,2526.26,883.65,33.66,15.18,0.07,-1,-1,-1
308,-1,2529.07,871.32,30.63,20.71,0.06,-1,-1,-1
309,-1,1405.48,784.52,30.73,28.86,0.81,-1,-1,-1
309,-1,1234.50,635.80,826.94,792.23,0.39,-1,-1,-1
309,-1,1406.06,808.31,29.77,10.12,0.15,-1,-1,-1
309,-1,915.61,642.02,822.05,791.36,0.10,-1,-1,-1
309,-1,625.55,627.26,827.44,806.25,0.06,-1,-1,-1
310,-1,919.43,792.89,32.08,38.10,0.85,-1,-1,-1
310,-1,920.27,816.98,30.07,15.26,0.11,-1,-1,-1
311,-1,1202.33,780.53,22.81,34.83,0.79,-1,-1,-1
311,-1,1170.31,804.68,85.68,12.97,0.35,-1,-1,-1
312,-1,225.05,822.67,29.21,32.66,0.80,-1,-1,-1
312,-1,2066.32,726.33,84.15,21.44,0.74,-1,-1,-1
312,-1,188.44,850.47,107.96,11.71,0.54,-1,-1,-1
312,-1,2047.51,736.56,32.50,8.96,0.16,-1,-1,-1
312,-1,2047.46,737.23,112.33,11.52,0.09,-1,-1,-1
312,-1,2126.40,740.81,41.79,9.10,0.06,-1,-1,-1
312,-1,224.84,822.83,29.21,32.09,0.05,-1,-1,-1
313,-1,812.86,720.41,88.25,16.15,0.42,-1,-1,-1
313,-1,813.35,726.42,38.66,16.31,0.27,-1,-1,-1
313,-1,831.76,721.62,16.72,14.95,0.18,-1,-1,-1
313,-1,1471.90,480.38,22.44,8.82,0.09,-1,-1,-1
313,-1,826.10,733.48,25.82,12.19,0.06,-1,-1,-1
313,-1,1007.66,502.10,8.79,8.60,0.05,-1,-1,-1
314,-1,784.11,708.51,78.05,18.65,0.72,-1,-1,-1
314,-1,767.95,717.29,61.97,8.77,0.22,-1,-1,-1
314,-1,771.09,716.41,92.14,12.76,0.08,-1,-1,-1
314,-1,240.13,1151.28,72.22,58.80,0.06,-1,-1,-1
315,-1,747.37,710.40,82.94,15.84,0.57,-1,-1,-1
315,-1,1149.78,467.06,36.31,22.31,0.17,-1,-1,-1
315,-1,740.68,712.59,39.30,15.63,0.10,-1,-1,-1
315,-1,1533.18,652.81,23.72,18.95,0.07,-1,-1,-1
315,-1,745.66,712.37,82.76,13.07,0.07,-1,-1,-1
315,-1,737.49,719.38,36.17,10.41,0.06,-1,-1,-1
316,-1,704.75,712.83,84.03,17.14,0.60,-1,-1,-1
316,-1,1238.14,475.69,14.52,16.17,0.41,-1,-1,-1
316,-1,698.29,721.45,31.52,8.76,0.17,-1,-1,-1
316,-1,699.42,715.16,90.10,15.02,0.14,-1,-1,-1
317,-1,680.23,714.04,73.53,17.56,0.69,-1,-1,-1
317,-1,688.40,714.97,33.42,14.68,0.12,-1,-1,-1
317,-1,1941.10,405.95,17.00,13.43,0.09,-1,-1,-1
317,-1,666.29,722.03,80.51,11.70,0.09,-1,-1,-1
318,-1,633.82,714.01,74.80,17.36,0.60,-1,-1,-1
318,-1,1406.91,465.49,20.51,22.36,0.59,-1,-1,-1
318,-1,638.58,714.60,21.38,15.60,0.31,-1,-1,-1
318,-1,620.58,722.69,38.83,8.86,0.27,-1,-1,-1
318,-1,621.69,719.94,37.27,10.62,0.12,-1,-1,-1
319,-1,600.73,691.07,86.70,21.41,0.67,-1,-1,-1
319,-1,586.97,698.93,20.45,9.01,0.30,-1,-1,-1
319,-1,588.26,698.82,89.33,13.21,0.19,-1,-1,-1
319,-1,586.64,698.72,49.52,10.16,0.18,-1,-1,-1
319,-1,604.89,693.61,40.51,13.94,0.06,-1,-1,-1
320,-1,645.26,689.37,34.78,14.98,0.52,-1,-1,-1
320,-1,638.73,688.90,75.56,16.60,0.38,-1,-1,-1
320,-1,625.56,701.03,40.32,9.62,0.12,-1,-1,-1
321,-1,660.65,695.73,21.82,13.93,0.61,-1,-1,-1
321,-1,2080.81,410.48,103.66,19.37,0.27,-1,-1,-1
321,-1,643.51,704.49,39.89,9.06,0.20,-1,-1,-1
321,-1,1965.37,413.25,29.18,8.86,0.16,-1,-1,-1
321,-1,1342.51,558.30,38.66,12.23,0.06,-1,-1,-1
322,-1,768.16,689.78,76.31,14.14,0.60,-1,-1,-1
322,-1,763.19,693.59,82.69,10.55,0.22,-1,-1,-1
322,-1,762.78,692.88,82.66,11.07,0.15,-1,-1,-1
323,-1,915.45,686.63,20.80,12.89,0.57,-1,-1,-1
323,-1,2455.63,409.75,33.01,10.42,0.42,-1,-1,-1
323,-1,900.60,694.29,43.03,9.41,0.14,-1,-1,-1
324,-1,1184.51,684.85,32.02,12.91,0.59,-1,-1,-1
324,-1,1173.19,692.57,48.91,9.99,0.15,-1,-1,-1
324,-1,1179.16,685.94,70.98,14.26,0.09,-1,-1,-1
325,-1,180.44,837.17,27.66,35.41,0.71,-1,-1,-1
325,-1,1448.65,683.53,71.94,17.29,0.55,-1,-1,-1
325,-1,142.34,864.05,105.73,12.64,0.42,-1,-1,-1
325,-1,1452.47,684.24,36.71,13.51,0.31,-1,-1,-1
325,-1,1446.60,691.24,73.30,11.78,0.12,-1,-1,-1
325,-1,141.54,868.23,43.18,9.99,0.09,-1,-1,-1
325,-1,2271.49,1380.92,98.57,57.99,0.05,-1,-1,-1
326,-1,435.72,823.84,25.67,38.42,0.77,-1,-1,-1
326,-1,398.88,851.97,99.01,13.19,0.56,-1,-1,-1
326,-1,1644.92,687.85,18.42,11.73,0.41,-1,-1,-1
326,-1,1640.56,687.71,63.39,14.79,0.34,-1,-1,-1
326,-1,1628.71,695.44,42.10,9.74,0.16,-1,-1,-1
326,-1,1625.71,693.08,82.10,11.54,0.12,-1,-1,-1
326,-1,1639.68,691.77,106.22,13.16,0.11,-1,-1,-1
326,-1,399.20,852.70,42.59,9.58,0.08,-1,-1,-1
326,-1,675.65,1361.69,153.64,77.75,0.06,-1,-1,-1
326,-1,1630.58,687.58,36.58,14.71,0.05,-1,-1,-1
327,-1,612.11,817.27,24.30,51.43,0.74,-1,-1,-1
327,-1,1764.97,689.24,26.11,13.99,0.52,-1,-1,-1
327,-1,1760.59,689.97,76.82,17.02,0.43,-1,-1,-1
327,-1,1753.86,697.70,78.75,11.24,0.27,-1,-1,-1
327,-1,1753.76,697.33,42.47,9.41,0.18,-1,-1,-1
327,-1,576.67,843.69,45.28,9.78,0.12,-1,-1,-1
327,-1,583.48,840.39,77.42,18.06,0.09,-1,-1,-1
327,-1,614.44,843.49,64.70,10.47,0.07,-1,-1,-1
328,-1,616.30,814.76,22.27,30.61,0.77,-1,-1,-1
328,-1,1739.96,687.88,60.72,15.08,0.51,-1,-1,-1
328,-1,1743.98,687.94,25.72,12.00,0.35,-1,-1,-1
328,-1,575.81,839.29,97.45,11.27,0.30,-1,-1,-1
328,-1,575.53,839.11,46.29,9.92,0.14,-1,-1,-1
328,-1,1726.74,693.49,72.31,9.79,0.08,-1,-1,-1
329,-1,616.62,806.83,26.66,31.69,0.73,-1,-1,-1
329,-1,1697.00,683.10,25.03,14.10,0.65,-1,-1,-1
329,-1,1683.81,689.53,56.41,9.70,0.33,-1,-1,-1
329,-1,582.18,831.71,82.14,11.59,0.31,-1,-1,-1
329,-1,1687.70,686.34,67.68,14.42,0.11,-1,-1,-1
329,-1,1683.10,689.76,28.08,8.61,0.09,-1,-1,-1
329,-1,1683.65,692.54,73.17,10.03,0.09,-1,-1,-1
330,-1,631.40,704.38,23.95,31.64,0.81,-1,-1,-1
330,-1,1645.43,583.92,65.83,14.86,0.56,-1,-1,-1
330,-1,591.57,730.41,104.52,10.06,0.38,-1,-1,-1
330,-1,1640.90,587.92,35.72,9.33,0.22,-1,-1,-1
330,-1,1642.97,587.23,63.23,11.37,0.18,-1,-1,-1
331,-1,733.95,608.00,93.75,14.34,0.78,-1,-1,-1
331,-1,770.02,584.48,21.48,32.15,0.75,-1,-1,-1
331,-1,1763.09,460.58,25.51,17.55,0.55,-1,-1,-1
331,-1,1747.97,462.58,36.01,16.46,0.52,-1,-1,-1
331,-1,1760.19,460.24,56.62,25.81,0.37,-1,-1,-1
331,-1,1749.14,462.50,67.06,23.50,0.24,-1,-1,-1
331,-1,472.10,265.00,12.26,10.26,0.11,-1,-1,-1
332,-1,957.44,474.95,20.70,27.41,0.79,-1,-1,-1
332,-1,1948.98,363.57,59.93,13.63,0.63,-1,-1,-1
332,-1,1948.58,367.31,26.62,9.54,0.10,-1,-1,-1
332,-1,1956.64,364.28,53.78,10.91,0.08,-1,-1,-1
333,-1,1088.28,442.11,22.98,34.58,0.82,-1,-1,-1
333,-1,2077.38,338.75,32.04,13.15,0.61,-1,-1,-1
333,-1,502.87,633.28,819.79,797.73,0.11,-1,-1,-1
333,-1,1055.48,472.42,41.18,9.79,0.11,-1,-1,-1
333,-1,979.63,632.82,823.70,801.26,0.08,-1,-1,-1
333,-1,820.34,639.49,821.93,794.71,0.06,-1,-1,-1
333,-1,850.44,638.27,824.04,796.07,0.06,-1,-1,-1
333,-1,2064.47,340.84,45.08,12.12,0.06,-1,-1,-1
334,-1,1419.46,369.11,21.57,32.28,0.71,-1,-1,-1
334,-1,2434.42,256.33,68.70,24.21,0.62,-1,-1,-1
334,-1,1383.63,394.58,95.45,11.25,0.49,-1,-1,-1
334,-1,2444.14,256.38,20.18,13.72,0.39,-1,-1,-1
334,-1,1140.89,630.00,821.06,803.41,0.30,-1,-1,-1
334,-1,1417.57,366.14,27.85,85.95,0.27,-1,-1,-1
334,-1,882.36,630.32,825.13,803.84,0.19,-1,-1,-1
334,-1,2428.76,263.98,72.76,16.67,0.19,-1,-1,-1
334,-1,1492.76,613.78,823.37,813.33,0.19,-1,-1,-1
334,-1,822.96,630.73,823.97,803.58,0.12,-1,-1,-1
334,-1,436.77,634.41,822.60,800.23,0.08,-1,-1,-1
334,-1,916.76,610.26,824.03,821.92,0.08,-1,-1,-1
334,-1,2438.38,260.89,42.18,14.12,0.08,-1,-1,-1
334,-1,1421.31,439.91,24.48,13.47,0.07,-1,-1,-1
334,-1,1554.90,633.29,824.73,796.90,0.07,-1,-1,-1
334,-1,1618.39,633.86,824.88,796.00,0.07,-1,-1,-1
334,-1,1384.52,394.55,45.42,10.09,0.07,-1,-1,-1
334,-1,499.20,632.63,824.83,802.93,0.06,-1,-1,-1
335,-1,2086.36,287.07,22.71,31.22,0.78,-1,-1,-1
335,-1,660.21,643.37,823.56,783.67,0.47,-1,-1,-1
335,-1,339.65,641.47,824.66,793.04,0.27,-1,-1,-1
335,-1,1329.91,628.33,827.77,807.15,0.24,-1,-1,-1
335,-1,884.69,633.45,823.04,798.95,0.24,-1,-1,-1
335,-1,1172.82,615.39,822.63,815.06,0.18,-1,-1,-1
335,-1,2047.46,310.15,82.41,12.85,0.15,-1,-1,-1
335,-1,1077.28,614.52,822.67,814.03,0.15,-1,-1,-1
335,-1,1764.05,857.81,794.29,572.54,0.11,-1,-1,-1
335,-1,1491.98,629.90,822.38,804.23,0.10,-1,-1,-1
335,-1,818.32,582.80,830.23,849.04,0.10,-1,-1,-1
335,-1,24.38,629.04,823.64,806.30,0.08,-1,-1,-1
335,-1,54.32,629.14,821.46,805.85,0.07,-1,-1,-1
335,-1,23.20,579.67,823.82,855.09,0.06,-1,-1,-1
335,-1,1745.85,613.27,803.26,819.48,0.05,-1,-1,-1
335,-1,467.73,571.98,824.57,831.94,0.05,-1,-1,-1
335,-1,1267.97,571.87,819.95,829.84,0.05,-1,-1,-1
336,-1,1525.32,619.59,824.00,813.29,0.34,-1,-1,-1
336,-1,1139.12,635.56,825.60,799.45,0.34,-1,-1,-1
336,-1,660.33,631.52,824.77,801.45,0.20,-1,-1,-1
336,-1,303.96,800.81,14.95,12.91,0.15,-1,-1,-1
336,-1,1716.93,555.10,825.11,846.58,0.15,-1,-1,-1
336,-1,1239.58,621.39,819.10,809.77,0.13,-1,-1,-1
336,-1,851.70,612.21,824.56,819.22,0.13,-1,-1,-1
336,-1,1586.98,632.00,825.98,803.63,0.10,-1,-1,-1
336,-1,342.02,625.90,820.95,810.26,0.08,-1,-1,-1
336,-1,757.10,581.69,823.33,849.11,0.06,-1,-1,-1
337,-1,1038.14,934.16,825.79,498.76,0.07,-1,-1,-1
337,-1,1761.93,106.75,792.34,844.75,0.07,-1,-1,-1
337,-1,1459.82,453.94,825.22,844.86,0.06,-1,-1,-1
338,-1,1481.91,555.58,25.05,21.48,0.16,-1,-1,-1
338,-1,687.39,494.33,17.80,17.80,0.15,-1,-1,-1
338,-1,791.52,829.49,11.48,27.66,0.13,-1,-1,-1
338,-1,492.81,382.57,20.75,19.07,0.13,-1,-1,-1
338,-1,685.76,493.29,19.34,19.48,0.12,-1,-1,-1
338,-1,1485.78,558.79,19.34,17.28,0.12,-1,-1,-1
338,-1,913.16,855.65,29.28,41.96,0.10,-1,-1,-1
338,-1,529.31,382.53,15.93,18.47,0.09,-1,-1,-1
338,-1,1502.11,827.31,23.25,24.81,0.09,-1,-1,-1
338,-1,533.01,303.22,14.32,16.24,0.08,-1,-1,-1
338,-1,1342.13,645.34,22.47,12.78,0.07,-1,-1,-1
338,-1,927.52,851.92,33.18,46.33,0.07,-1,-1,-1
338,-1,510.99,495.92,18.27,15.90,0.06,-1,-1,-1
338,-1,1231.63,766.97,17.51,17.02,0.06,-1,-1,-1
338,-1,1227.84,765.19,23.04,21.40,0.06,-1,-1,-1
338,-1,635.44,479.91,24.42,16.21,0.06,-1,-1,-1
338,-1,773.76,811.25,15.04,26.58,0.06,-1,-1,-1
338,-1,653.15,479.63,19.87,13.64,0.06,-1,-1,-1
338,-1,1093.40,703.21,19.51,10.23,0.05,-1,-1,-1
338,-1,1662.47,738.51,22.42,23.43,0.05,-1,-1,-1
339,-1,1393.14,960.31,15.83,13.61,0.25,-1,-1,-1
339,-1,1103.70,609.59,827.17,818.67,0.11,-1,-1,-1
339,-1,1273.49,582.02,13.42,9.19,0.09,-1,-1,-1
339,-1,1046.75,616.19,821.50,813.14,0.09,-1,-1,-1
339,-1,502.26,427.25,821.20,840.86,0.08,-1,-1,-1
339,-1,1269.21,627.41,821.82,808.13,0.08,-1,-1,-1
339,-1,1159.68,677.91,13.01,21.23,0.08,-1,-1,-1
339,-1,883.47,629.27,824.25,803.21,0.07,-1,-1,-1
339,-1,1066.95,845.04,23.32,18.35,0.07,-1,-1,-1
339,-1,342.08,582.99,823.43,841.47,0.06,-1,-1,-1
339,-1,785.45,608.23,829.21,823.73,0.06,-1,-1,-1
339,-1,1.98,166.86,795.86,848.45,0.06,-1,-1,-1
340,-1,616.61,1045.55,99.79,109.07,0.28,-1,-1,-1
340,-1,224.37,861.29,196.29,165.76,0.18,-1,-1,-1
340,-1,721.23,386.08,73.65,51.12,0.12,-1,-1,-1
340,-1,470.25,264.92,819.75,832.44,0.10,-1,-1,-1
340,-1,1978.76,1399.55,82.28,39.78,0.09,-1,-1,-1
340,-1,700.67,365.51,162.19,195.30,0.09,-1,-1,-1
340,-1,439.05,138.98,820.57,843.16,0.07,-1,-1,-1
340,-1,786.76,550.06,826.60,846.81,0.07,-1,-1,-1
340,-1,37.19,265.07,19.51,29.09,0.06,-1,-1,-1
340,-1,502.48,240.46,820.59,831.50,0.05,-1,-1,-1
340,-1,104.19,165.49,9.53,15.10,0.05,-1,-1,-1
341,-1,240.18,600.50,71.17,73.67,0.51,-1,-1,-1
341,-1,-0.11,18.70,799.07,833.77,0.48,-1,-1,-1
341,-1,-0.54,7.08,799.54,822.24,0.43,-1,-1,-1
341,-1,1405.55,1071.88,379.19,279.87,0.36,-1,-1,-1
341,-1,4.83,333.87,819.52,838.04,0.35,-1,-1,-1
341,-1,8.53,523.03,811.84,832.45,0.23,-1,-1,-1
341,-1,404.07,331.99,827.38,834.86,0.22,-1,-1,-1
341,-1,563.41,13.86,829.10,840.46,0.21,-1,-1,-1
341,-1,0.36,0.79,77.29,170.93,0.20,-1,-1,-1
341,-1,724.32,365.40,825.46,835.20,0.19,-1,-1,-1
341,-1,180.51,526.21,827.23,825.71,0.18,-1,-1,-1
341,-1,9.43,619.54,806.80,791.64,0.16,-1,-1,-1
341,-1,534.03,616.09,820.10,805.98,0.15,-1,-1,-1
341,-1,211.48,139.70,828.07,840.47,0.14,-1,-1,-1
341,-1,296.14,502.67,62.64,75.68,0.14,-1,-1,-1
341,-1,294.87,496.79,91.90,129.74,0.13,-1,-1,-1
341,-1,533.07,558.78,824.25,835.53,0.13,-1,-1,-1
341,-1,1802.91,1026.46,22.11,21.81,0.12,-1,-1,-1
341,-1,1059.18,1068.33,799.70,364.48,0.12,-1,-1,-1
341,-1,949.44,-0.26,820.29,777.43,0.11,-1,-1,-1
341,-1,848.67,67.39,829.71,856.86,0.10,-1,-1,-1
341,-1,949.84,232.98,820.88,843.34,0.09,-1,-1,-1
341,-1,411.28,382.89,102.41,116.61,0.07,-1,-1,-1
341,-1,520.48,404.54,119.75,107.81,0.06,-1,-1,-1
341,-1,851.07,611.80,821.38,816.50,0.05,-1,-1,-1
341,-1,119.40,573.95,106.87,128.51,0.05,-1,-1,-1
341,-1,883.33,586.52,819.98,838.62,0.05,-1,-1,-1
342,-1,7.25,433.41,811.57,809.99,0.47,-1,-1,-1
342,-1,0.68,221.72,83.20,160.69,0.37,-1,-1,-1
342,-1,1.70,6.92,798.53,821.88,0.35,-1,-1,-1
342,-1,1012.39,295.28,826.70,833.56,0.30,-1,-1,-1
342,-1,598.41,614.53,824.70,816.06,0.28,-1,-1,-1
342,-1,21.06,1063.91,803.33,369.01,0.27,-1,-1,-1
342,-1,629.83,630.83,825.27,799.61,0.26,-1,-1,-1
342,-1,946.62,609.61,823.74,818.67,0.24,-1,-1,-1
342,-1,145.08,657.53,821.22,753.27,0.24,-1,-1,-1
342,-1,565.15,79.01,825.57,835.18,0.21,-1,-1,-1
342,-1,211.60,207.16,827.08,826.97,0.20,-1,-1,-1
342,-1,724.49,302.43,824.86,833.65,0.19,-1,-1,-1
342,-1,1207.77,19.38,131.41,148.31,0.17,-1,-1,-1
342,-1,7.15,620.69,811.95,809.14,0.15,-1,-1,-1
342,-1,564.92,631.06,827.65,801.85,0.14,-1,-1,-1
342,-1,1140.64,264.96,823.97,839.86,0.14,-1,-1,-1
342,-1,1010.79,555.54,823.71,841.98,0.13,-1,-1,-1
342,-1,1013.64,3.74,821.16,798.42,0.13,-1,-1,-1
342,-1,0.26,222.10,84.22,159.89,0.12,-1,-1,-1
342,-1,850.86,14.27,822.76,835.08,0.11,-1,-1,-1
342,-1,212.96,3.04,819.29,801.84,0.11,-1,-1,-1
342,-1,716.31,1108.89,160.62,157.66,0.10,-1,-1,-1
342,-1,1204.18,5.64,255.87,334.82,0.09,-1,-1,-1
342,-1,403.92,429.88,826.92,839.01,0.09,-1,-1,-1
342,-1,1427.90,296.33,824.04,844.36,0.09,-1,-1,-1
342,-1,2417.78,213.86,13.15,20.71,0.07,-1,-1,-1
342,-1,1300.38,609.41,823.58,821.66,0.06,-1,-1,-1
342,-1,1969.25,854.16,12.96,9.74,0.05,-1,-1,-1
343,-1,845.81,4.89,804.52,789.92,0.46,-1,-1,-1
343,-1,99.29,989.89,515.71,161.12,0.44,-1,-1,-1
343,-1,434.47,627.69,827.62,803.04,0.43,-1,-1,-1
343,-1,915.88,613.69,825.27,815.54,0.35,-1,-1,-1
343,-1,0.65,1038.09,287.51,209.94,0.32,-1,-1,-1
343,-1,5.28,6.99,820.28,822.44,0.28,-1,-1,-1
343,-1,2405.21,784.53,24.52,12.71,0.26,-1,-1,-1
343,-1,2362.72,864.79,13.20,15.20,0.25,-1,-1,-1
343,-1,306.19,632.41,827.23,796.86,0.25,-1,-1,-1
343,-1,8.75,336.25,813.96,833.37,0.25,-1,-1,-1
343,-1,403.92,613.72,825.01,817.31,0.22,-1,-1,-1
343,-1,1235.27,612.60,823.39,814.63,0.21,-1,-1,-1
343,-1,2.80,5.81,795.49,800.25,0.19,-1,-1,-1
343,-1,2241.01,846.31,15.95,13.57,0.18,-1,-1,-1
343,-1,2394.66,371.00,18.36,11.40,0.15,-1,-1,-1
343,-1,756.64,4.65,826.55,800.11,0.15,-1,-1,-1
343,-1,1363.06,1.07,824.18,806.82,0.15,-1,-1,-1
343,-1,1202.79,554.09,824.64,839.90,0.14,-1,-1,-1
343,-1,117.02,584.46,825.49,840.82,0.14,-1,-1,-1
343,-1,23.78,305.43,826.82,834.07,0.14,-1,-1,-1
343,-1,2018.05,844.71,21.97,14.65,0.14,-1,-1,-1
343,-1,2229.26,855.87,15.55,13.08,0.13,-1,-1,-1
343,-1,564.61,298.86,823.96,840.44,0.13,-1,-1,-1
343,-1,820.03,588.38,826.28,835.08,0.12,-1,-1,-1
343,-1,1716.64,614.12,822.86,815.26,0.12,-1,-1,-1
343,-1,1760.60,8.60,794.26,819.85,0.12,-1,-1,-1
343,-1,244.25,110.34,826.38,838.88,0.11,-1,-1,-1
343,-1,2287.76,826.03,14.32,11.24,0.11,-1,-1,-1
343,-1,3.92,987.36,716.70,397.85,0.11,-1,-1,-1
343,-1,1011.46,361.85,825.92,844.43,0.11,-1,-1,-1
343,-1,294.13,1092.33,246.98,137.44,0.10,-1,-1,-1
343,-1,2080.62,873.76,24.10,14.07,0.10,-1,-1,-1
343,-1,2148.82,484.57,18.73,11.06,0.09,-1,-1,-1
343,-1,2150.63,837.16,16.96,16.19,0.09,-1,-1,-1
343,-1,1460.55,455.06,825.29,846.50,0.09,-1,-1,-1
343,-1,2230.33,848.17,24.93,17.92,0.09,-1,-1,-1
343,-1,1394.31,39.11,827.74,844.72,0.09,-1,-1,-1
343,-1,915.81,234.44,823.85,843.26,0.08,-1,-1,-1
343,-1,2159.84,300.08,17.62,28.73,0.08,-1,-1,-1
343,-1,2078.88,861.29,14.59,11.88,0.08,-1,-1,-1
343,-1,2336.57,806.50,24.77,9.02,0.08,-1,-1,-1
343,-1,372.43,330.86,824.33,834.19,0.08,-1,-1,-1
343,-1,2335.21,378.14,14.13,12.64,0.07,-1,-1,-1
343,-1,55.35,606.47,830.90,817.45,0.07,-1,-1,-1
343,-1,2444.06,1102.50,41.08,10.39,0.07,-1,-1,-1
343,-1,2289.01,641.86,44.74,66.39,0.07,-1,-1,-1
343,-1,2113.95,480.61,18.97,20.85,0.07,-1,-1,-1
343,-1,2200.26,811.88,12.00,8.46,0.06,-1,-1,-1
343,-1,2249.04,833.35,24.35,12.66,0.06,-1,-1,-1
343,-1,2067.99,855.43,25.22,18.25,0.06,-1,-1,-1
343,-1,1743.78,522.80,807.76,846.69,0.06,-1,-1,-1
343,-1,751.98,176.69,148.68,187.24,0.05,-1,-1,-1
343,-1,2151.41,837.58,29.04,19.28,0.05,-1,-1,-1
343,-1,2337.98,357.79,16.03,10.24,0.05,-1,-1,-1
343,-1,1715.52,4.60,826.59,824.46,0.05,-1,-1,-1
344,-1,1391.51,25.88,830.61,619.61,0.65,-1,-1,-1
344,-1,1.74,8.75,799.09,816.87,0.38,-1,-1,-1
344,-1,1143.49,345.06,156.79,130.20,0.37,-1,-1,-1
344,-1,1494.86,66.25,743.48,579.64,0.34,-1,-1,-1
344,-1,692.30,610.65,823.52,819.18,0.30,-1,-1,-1
344,-1,1265.97,610.28,827.97,818.26,0.22,-1,-1,-1
344,-1,2.96,525.71,795.12,833.41,0.21,-1,-1,-1
344,-1,8.26,366.51,814.16,838.84,0.20,-1,-1,-1
344,-1,692.67,6.86,824.85,822.71,0.15,-1,-1,-1
344,-1,1053.45,0.55,376.45,267.05,0.14,-1,-1,-1
344,-1,1645.25,-0.54,827.92,768.68,0.13,-1,-1,-1
344,-1,724.51,49.17,827.84,836.73,0.13,-1,-1,-1
344,-1,1577.13,-4.55,848.26,772.84,0.13,-1,-1,-1
344,-1,1172.82,608.90,823.75,821.08,0.13,-1,-1,-1
344,-1,437.05,272.35,824.45,834.05,0.12,-1,-1,-1
344,-1,309.89,4.64,824.97,822.46,0.12,-1,-1,-1
344,-1,753.92,611.81,824.26,820.31,0.12,-1,-1,-1
344,-1,403.43,627.74,828.92,802.71,0.11,-1,-1,-1
344,-1,1679.64,1166.28,16.98,16.72,0.11,-1,-1,-1
344,-1,371.90,615.71,828.88,811.27,0.11,-1,-1,-1
344,-1,817.63,624.28,825.82,808.81,0.08,-1,-1,-1
344,-1,404.64,590.43,827.39,835.91,0.08,-1,-1,-1
344,-1,642.17,102.74,72.47,69.27,0.08,-1,-1,-1
344,-1,1105.59,629.12,825.71,804.29,0.07,-1,-1,-1
344,-1,547.61,468.93,143.93,88.40,0.07,-1,-1,-1
344,-1,1252.09,-0.15,172.85,153.50,0.07,-1,-1,-1
344,-1,1055.44,96.81,90.15,168.61,0.06,-1,-1,-1
344,-1,1169.58,4.25,828.03,818.22,0.06,-1,-1,-1
344,-1,1107.15,0.38,828.09,804.56,0.05,-1,-1,-1
344,-1,1076.81,424.67,823.04,842.82,0.05,-1,-1,-1
344,-1,1106.03,-0.54,830.74,773.40,0.05,-1,-1,-1
344,-1,1676.47,1165.80,21.66,17.07,0.05,-1,-1,-1
344,-1,1111.29,0.25,122.43,152.33,0.05,-1,-1,-1
345,-1,1555.15,146.92,805.54,805.62,0.38,-1,-1,-1
345,-1,0.50,17.30,797.70,837.14,0.33,-1,-1,-1
345,-1,1435.49,229.82,181.63,108.11,0.33,-1,-1,-1
345,-1,222.61,507.32,97.91,64.58,0.32,-1,-1,-1
345,-1,471.99,191.41,189.00,186.17,0.29,-1,-1,-1
345,-1,883.52,633.32,825.99,797.87,0.29,-1,-1,-1
345,-1,1236.25,5.81,826.31,795.98,0.28,-1,-1,-1
345,-1,1514.68,776.14,726.49,494.70,0.24,-1,-1,-1
345,-1,1555.95,112.22,816.75,829.91,0.21,-1,-1,-1
345,-1,4.23,3.77,816.31,805.31,0.21,-1,-1,-1
345,-1,3.20,588.40,795.77,831.22,0.21,-1,-1,-1
345,-1,693.09,74.12,824.01,844.53,0.20,-1,-1,-1
345,-1,373.64,3.31,824.24,802.29,0.19,-1,-1,-1
345,-1,566.71,332.79,824.34,840.51,0.17,-1,-1,-1
345,-1,1238.29,205.54,824.76,834.31,0.16,-1,-1,-1
345,-1,626.83,627.27,824.21,807.63,0.16,-1,-1,-1
345,-1,853.35,1.80,819.92,805.02,0.16,-1,-1,-1
345,-1,415.92,509.91,249.49,194.64,0.15,-1,-1,-1
345,-1,415.99,510.52,249.33,193.02,0.15,-1,-1,-1
345,-1,1760.91,3.13,795.52,798.33,0.15,-1,-1,-1
345,-1,3.00,401.84,793.02,832.48,0.14,-1,-1,-1
345,-1,1429.58,679.37,819.54,611.40,0.13,-1,-1,-1
345,-1,290.53,663.74,808.93,771.57,0.13,-1,-1,-1
345,-1,981.13,140.56,823.49,838.41,0.13,-1,-1,-1
345,-1,448.25,858.16,411.06,193.20,0.13,-1,-1,-1
345,-1,851.14,493.12,825.77,838.82,0.12,-1,-1,-1
345,-1,914.41,511.48,81.13,76.95,0.12,-1,-1,-1
345,-1,245.48,205.80,825.63,838.22,0.12,-1,-1,-1
345,-1,1336.49,303.53,819.82,835.23,0.12,-1,-1,-1
345,-1,906.60,383.86,53.01,36.70,0.11,-1,-1,-1
345,-1,1.30,932.95,452.26,501.71,0.11,-1,-1,-1
345,-1,411.72,509.97,254.09,193.69,0.11,-1,-1,-1
345,-1,348.42,1286.57,298.07,151.16,0.10,-1,-1,-1
345,-1,1512.44,370.28,115.47,153.64,0.09,-1,-1,-1
345,-1,471.60,192.14,189.91,185.48,0.09,-1,-1,-1
345,-1,641.92,734.59,151.21,152.64,0.09,-1,-1,-1
345,-1,1224.32,257.66,241.36,208.33,0.07,-1,-1,-1
345,-1,1615.43,395.69,820.65,842.85,0.06,-1,-1,-1
345,-1,78.49,65.90,212.64,167.84,0.06,-1,-1,-1
345,-1,1640.84,635.40,843.89,795.46,0.06,-1,-1,-1
345,-1,1.06,917.07,264.09,388.65,0.06,-1,-1,-1
345,-1,360.19,1099.13,645.51,337.10,0.06,-1,-1,-1
345,-1,119.31,5.28,821.94,796.48,0.06,-1,-1,-1
345,-1,472.16,191.68,188.76,185.86,0.06,-1,-1,-1
346,-1,1408.83,1381.67,53.68,57.25,0.73,-1,-1,-1
346,-1,1133.57,3.11,826.29,788.89,0.69,-1,-1,-1
346,-1,0.40,0.57,354.12,204.31,0.57,-1,-1,-1
346,-1,1.97,618.58,793.95,809.97,0.53,-1,-1,-1
346,-1,404.25,613.79,825.82,812.52,0.39,-1,-1,-1
346,-1,1204.17,653.46,824.83,754.57,0.38,-1,-1,-1
346,-1,1717.05,4.88,822.34,793.69,0.37,-1,-1,-1
346,-1,3.87,5.47,820.07,817.09,0.32,-1,-1,-1
346,-1,0.58,498.07,798.09,831.62,0.31,-1,-1,-1
346,-1,821.32,585.59,825.40,828.16,0.29,-1,-1,-1
346,-1,140.51,1330.60,188.19,107.95,0.28,-1,-1,-1
346,-1,1266.30,0.48,825.06,774.59,0.26,-1,-1,-1
346,-1,4.61,7.02,819.22,797.91,0.25,-1,-1,-1
346,-1,1301.98,611.71,824.40,813.64,0.24,-1,-1,-1
346,-1,309.08,461.18,825.19,843.23,0.24,-1,-1,-1
346,-1,598.18,4.76,823.81,802.21,0.22,-1,-1,-1
346,-1,597.59,609.39,822.70,820.39,0.21,-1,-1,-1
346,-1,1044.15,332.67,826.56,841.85,0.21,-1,-1,-1
346,-1,949.46,590.09,822.91,787.59,0.21,-1,-1,-1
346,-1,2.94,14.45,792.07,834.94,0.20,-1,-1,-1
346,-1,1763.97,7.33,791.55,791.26,0.20,-1,-1,-1
346,-1,528.04,1148.49,77.29,91.16,0.19,-1,-1,-1
346,-1,1521.88,633.00,824.21,792.21,0.18,-1,-1,-1
346,-1,1195.36,9.21,836.63,804.33,0.18,-1,-1,-1
346,-1,1892.86,0.40,605.40,135.28,0.18,-1,-1,-1
346,-1,435.64,236.49,828.45,841.02,0.15,-1,-1,-1
346,-1,724.60,296.77,827.90,844.84,0.13,-1,-1,-1
346,-1,1462.47,366.63,820.76,833.32,0.13,-1,-1,-1
346,-1,1628.50,638.42,328.84,195.31,0.12,-1,-1,-1
346,-1,116.03,231.93,825.22,847.81,0.12,-1,-1,-1
346,-1,1273.26,1089.07,255.38,206.70,0.10,-1,-1,-1
346,-1,1443.49,1427.26,27.12,12.34,0.09,-1,-1,-1
346,-1,1555.43,0.15,823.06,802.44,0.08,-1,-1,-1
346,-1,882.57,550.80,828.03,835.26,0.07,-1,-1,-1
346,-1,705.51,571.37,140.72,143.88,0.07,-1,-1,-1
346,-1,917.33,107.81,824.27,840.48,0.07,-1,-1,-1
346,-1,429.57,476.93,245.33,192.87,0.07,-1,-1,-1
346,-1,547.32,488.68,142.39,129.72,0.06,-1,-1,-1
346,-1,1682.39,392.73,822.90,842.45,0.06,-1,-1,-1
346,-1,1759.02,297.29,795.65,844.94,0.06,-1,-1,-1
346,-1,764.90,1213.29,160.26,167.90,0.06,-1,-1,-1
346,-1,352.69,394.84,166.01,95.64,0.05,-1,-1,-1
346,-1,1409.35,1396.88,21.31,31.26,0.05,-1,-1,-1
347,-1,1.90,638.63,797.98,795.65,0.69,-1,-1,-1
347,-1,341.32,631.77,831.44,801.23,0.65,-1,-1,-1
347,-1,1298.76,636.10,826.75,792.16,0.52,-1,-1,-1
347,-1,85.05,4.03,825.05,797.82,0.49,-1,-1,-1
347,-1,416.76,995.33,206.08,236.93,0.49,-1,-1,-1
347,-1,-0.54,529.46,792.78,808.07,0.41,-1,-1,-1
347,-1,887.45,618.51,823.70,805.63,0.33,-1,-1,-1
347,-1,1744.32,4.89,807.20,796.77,0.26,-1,-1,-1
347,-1,1619.20,626.62,823.73,801.21,0.26,-1,-1,-1
347,-1,1201.97,1199.06,274.92,237.94,0.22,-1,-1,-1
347,-1,1140.82,4.84,824.80,795.64,0.21,-1,-1,-1
347,-1,1171.62,4.33,827.41,795.35,0.20,-1,-1,-1
347,-1,0.72,193.31,298.42,185.32,0.18,-1,-1,-1
347,-1,4.54,181.90,816.70,834.00,0.18,-1,-1,-1
347,-1,1203.67,108.92,826.42,827.55,0.18,-1,-1,-1
347,-1,1525.19,4.34,824.61,797.50,0.17,-1,-1,-1
347,-1,2.40,618.74,636.48,323.64,0.16,-1,-1,-1
347,-1,341.21,140.33,826.98,840.65,0.16,-1,-1,-1
347,-1,850.71,625.05,826.60,803.03,0.15,-1,-1,-1
347,-1,756.22,2.40,826.70,801.51,0.14,-1,-1,-1
347,-1,5.19,611.35,817.38,821.51,0.14,-1,-1,-1
347,-1,2.59,211.60,768.45,826.59,0.14,-1,-1,-1
347,-1,1766.96,211.44,785.74,808.22,0.13,-1,-1,-1
347,-1,886.14,590.42,825.07,833.46,0.13,-1,-1,-1
347,-1,214.86,365.85,821.46,835.86,0.13,-1,-1,-1
347,-1,1428.68,79.92,825.17,835.25,0.12,-1,-1,-1
347,-1,1330.95,598.32,827.00,832.64,0.12,-1,-1,-1
347,-1,1682.88,267.64,819.27,830.33,0.11,-1,-1,-1
347,-1,1109.40,464.96,826.91,833.67,0.11,-1,-1,-1
347,-1,531.20,364.15,825.24,838.56,0.11,-1,-1,-1
347,-1,979.48,235.87,825.54,831.56,0.10,-1,-1,-1
347,-1,1765.49,222.49,786.03,826.20,0.10,-1,-1,-1
347,-1,531.22,614.68,827.05,812.43,0.09,-1,-1,-1
347,-1,918.28,205.20,823.29,833.14,0.09,-1,-1,-1
347,-1,819.28,3.93,828.60,799.85,0.09,-1,-1,-1
347,-1,810.22,159.19,415.96,137.95,0.08,-1,-1,-1
347,-1,533.73,1132.08,626.33,304.43,0.06,-1,-1,-1
347,-1,0.88,1249.01,99.07,188.94,0.06,-1,-1,-1
347,-1,1743.79,239.16,804.60,836.97,0.06,-1,-1,-1
347,-1,0.33,355.27,345.84,144.66,0.06,-1,-1,-1
347,-1,434.70,0.81,826.20,780.05,0.05,-1,-1,-1
347,-1,0.76,540.48,199.71,233.13,0.05,-1,-1,-1
347,-1,1738.56,3.41,811.38,425.36,0.05,-1,-1,-1
348,-1,1363.66,633.93,827.42,797.55,0.66,-1,-1,-1
348,-1,5.40,4.54,817.63,795.53,0.59,-1,-1,-1
348,-1,0.53,221.65,297.14,213.81,0.52,-1,-1,-1
348,-1,1.67,271.32,796.53,816.94,0.48,-1,-1,-1
348,-1,499.13,630.52,827.96,799.66,0.48,-1,-1,-1
348,-1,1764.83,42.82,790.93,841.05,0.46,-1,-1,-1
348,-1,148.14,633.19,825.50,798.00,0.44,-1,-1,-1
348,-1,1172.42,631.63,826.30,796.71,0.39,-1,-1,-1
348,-1,1.31,587.33,796.77,834.57,0.36,-1,-1,-1
348,-1,820.22,3.62,825.56,795.66,0.35,-1,-1,-1
348,-1,1682.70,629.18,825.07,803.62,0.32,-1,-1,-1
348,-1,1460.51,7.70,827.12,795.59,0.31,-1,-1,-1
348,-1,1203.16,175.45,824.43,779.45,0.29,-1,-1,-1
348,-1,953.85,2.99,300.29,215.86,0.22,-1,-1,-1
348,-1,1015.17,615.36,820.18,810.50,0.21,-1,-1,-1
348,-1,1765.21,145.86,788.78,832.53,0.19,-1,-1,-1
348,-1,181.22,493.29,825.00,837.44,0.19,-1,-1,-1
348,-1,852.99,615.48,822.82,808.59,0.18,-1,-1,-1
348,-1,6.68,245.42,815.20,830.88,0.17,-1,-1,-1
348,-1,82.89,1043.71,224.58,224.90,0.17,-1,-1,-1
348,-1,1203.59,138.70,824.81,823.28,0.16,-1,-1,-1
348,-1,1268.41,1262.75,214.83,173.94,0.15,-1,-1,-1
348,-1,949.79,236.93,822.08,837.29,0.15,-1,-1,-1
348,-1,913.64,998.49,828.06,435.05,0.14,-1,-1,-1
348,-1,662.43,588.87,824.48,838.16,0.13,-1,-1,-1
348,-1,1684.68,559.12,823.77,835.75,0.12,-1,-1,-1
348,-1,372.01,299.81,825.82,840.66,0.12,-1,-1,-1
348,-1,406.19,4.50,821.26,800.03,0.12,-1,-1,-1
348,-1,1524.47,205.73,826.96,830.24,0.11,-1,-1,-1
348,-1,78.22,1070.71,228.01,193.56,0.11,-1,-1,-1
348,-1,602.49,201.11,89.08,70.51,0.11,-1,-1,-1
348,-1,1906.43,0.28,265.47,107.75,0.10,-1,-1,-1
348,-1,1044.23,491.81,825.67,839.82,0.09,-1,-1,-1
348,-1,1766.24,668.91,790.58,765.59,0.08,-1,-1,-1
348,-1,1523.39,331.88,828.41,842.34,0.08,-1,-1,-1
348,-1,787.62,10.07,822.39,843.74,0.08,-1,-1,-1
348,-1,1332.86,398.47,824.68,839.26,0.08,-1,-1,-1
348,-1,487.49,2.41,822.90,313.71,0.07,-1,-1,-1
348,-1,330.99,624.34,58.08,17.24,0.06,-1,-1,-1
348,-1,819.14,4.06,827.15,823.50,0.06,-1,-1,-1
348,-1,1300.27,585.20,825.50,843.72,0.06,-1,-1,-1
348,-1,630.25,796.41,94.75,104.72,0.05,-1,-1,-1
349,-1,833.43,295.02,435.44,138.55,0.79,-1,-1,-1
349,-1,1332.52,15.85,825.66,664.81,0.56,-1,-1,-1
349,-1,-2.14,662.80,800.39,765.57,0.51,-1,-1,-1
349,-1,-0.68,5.30,801.69,820.22,0.50,-1,-1,-1
349,-1,1756.85,151.40,799.56,824.25,0.49,-1,-1,-1
349,-1,-1.91,693.82,773.33,740.39,0.45,-1,-1,-1
349,-1,1758.60,399.17,796.88,834.65,0.43,-1,-1,-1
349,-1,1395.21,9.21,826.88,734.77,0.41,-1,-1,-1
349,-1,1077.07,427.37,821.29,805.07,0.36,-1,-1,-1
349,-1,910.83,1144.08,734.15,292.41,0.35,-1,-1,-1
349,-1,1889.47,121.67,507.10,217.60,0.30,-1,-1,-1
349,-1,1425.90,8.94,830.00,845.92,0.30,-1,-1,-1
349,-1,1428.71,634.89,822.54,794.53,0.30,-1,-1,-1
349,-1,1890.19,13.72,301.77,173.44,0.28,-1,-1,-1
349,-1,369.55,2.07,823.00,802.11,0.27,-1,-1,-1
349,-1,437.75,617.72,820.24,796.36,0.26,-1,-1,-1
349,-1,-0.32,3.55,801.40,802.08,0.25,-1,-1,-1
349,-1,1300.39,286.19,151.86,36.84,0.24,-1,-1,-1
349,-1,1522.10,635.74,825.03,795.01,0.20,-1,-1,-1
349,-1,979.76,5.30,823.12,796.96,0.20,-1,-1,-1
349,-1,762.70,4.05,824.04,797.22,0.19,-1,-1,-1
349,-1,52.94,3.89,827.19,798.19,0.19,-1,-1,-1
349,-1,1365.13,272.33,823.48,829.34,0.18,-1,-1,-1
349,-1,212.74,613.28,822.90,814.93,0.18,-1,-1,-1
349,-1,701.22,1052.47,238.71,278.42,0.16,-1,-1,-1
349,-1,3.32,340.47,793.32,830.77,0.14,-1,-1,-1
349,-1,2092.35,162.20,309.08,122.52,0.14,-1,-1,-1
349,-1,693.11,614.61,821.87,814.19,0.13,-1,-1,-1
349,-1,1043.61,396.60,827.29,835.41,0.12,-1,-1,-1
349,-1,1730.17,263.37,827.68,845.10,0.12,-1,-1,-1
349,-1,818.60,635.34,824.41,797.07,0.10,-1,-1,-1
349,-1,498.19,-0.77,824.70,811.79,0.10,-1,-1,-1
349,-1,594.29,285.97,826.04,760.23,0.09,-1,-1,-1
349,-1,1139.69,107.81,823.95,842.95,0.09,-1,-1,-1
349,-1,1491.31,610.18,825.40,819.51,0.08,-1,-1,-1
349,-1,1364.47,329.87,824.72,837.33,0.08,-1,-1,-1
349,-1,5.89,305.06,814.18,836.34,0.07,-1,-1,-1
349,-1,596.56,298.48,823.90,849.90,0.06,-1,-1,-1
349,-1,1742.38,614.56,807.09,816.19,0.06,-1,-1,-1
349,-1,1958.88,268.01,593.05,232.00,0.06,-1,-1,-1
349,-1,1294.10,29.13,834.05,685.83,0.06,-1,-1,-1
349,-1,308.95,237.94,821.94,837.32,0.06,-1,-1,-1
349,-1,1776.74,205.37,210.21,109.63,0.06,-1,-1,-1
349,-1,0.96,315.75,224.70,226.82,0.06,-1,-1,-1
349,-1,2132.35,222.92,153.67,113.32,0.06,-1,-1,-1
349,-1,1205.95,612.63,821.16,811.00,0.05,-1,-1,-1
350,-1,212.84,16.77,826.05,676.75,0.63,-1,-1,-1
350,-1,1235.97,5.35,826.48,789.36,0.52,-1,-1,-1
350,-1,1010.45,4.88,827.96,801.66,0.45,-1,-1,-1
350,-1,25.26,2.65,817.32,797.35,0.38,-1,-1,-1
350,-1,5.02,633.56,816.27,797.43,0.37,-1,-1,-1
350,-1,308.85,619.72,826.20,804.05,0.33,-1,-1,-1
350,-1,914.21,634.17,824.24,799.49,0.32,-1,-1,-1
350,-1,1745.99,617.14,804.55,812.25,0.28,-1,-1,-1
350,-1,1782.88,1121.90,86.27,57.24,0.27,-1,-1,-1
350,-1,4.32,273.21,792.71,827.37,0.25,-1,-1,-1
350,-1,647.83,1242.18,157.86,196.42,0.21,-1,-1,-1
350,-1,2.86,81.83,797.94,831.16,0.20,-1,-1,-1
350,-1,1172.87,177.84,823.83,831.57,0.20,-1,-1,-1
350,-1,1428.35,7.19,825.49,795.51,0.20,-1,-1,-1
350,-1,1715.64,398.39,822.41,835.01,0.20,-1,-1,-1
350,-1,691.00,614.66,822.91,812.36,0.19,-1,-1,-1
350,-1,212.37,591.58,825.62,833.88,0.19,-1,-1,-1
350,-1,692.10,629.89,821.46,800.59,0.19,-1,-1,-1
350,-1,1743.29,239.58,806.21,836.11,0.18,-1,-1,-1
350,-1,766.03,1034.47,380.98,209.43,0.18,-1,-1,-1
350,-1,1139.55,73.65,822.30,847.35,0.18,-1,-1,-1
350,-1,1760.32,46.49,793.91,840.12,0.17,-1,-1,-1
350,-1,1428.87,20.45,824.92,832.47,0.16,-1,-1,-1
350,-1,2.10,1049.38,358.97,384.90,0.14,-1,-1,-1
350,-1,1783.09,1122.28,85.77,57.44,0.14,-1,-1,-1
350,-1,1041.38,19.46,828.42,753.07,0.13,-1,-1,-1
350,-1,6.80,431.61,814.68,836.49,0.12,-1,-1,-1
350,-1,756.75,47.24,824.17,834.86,0.11,-1,-1,-1
350,-1,308.55,323.91,826.04,848.29,0.11,-1,-1,-1
350,-1,400.73,626.69,826.55,804.64,0.10,-1,-1,-1
350,-1,1525.99,457.78,823.22,838.59,0.09,-1,-1,-1
350,-1,403.25,16.36,824.04,833.55,0.09,-1,-1,-1
350,-1,1713.50,78.76,825.39,839.49,0.08,-1,-1,-1
350,-1,1782.96,1121.86,86.22,57.48,0.08,-1,-1,-1
350,-1,498.39,4.32,825.55,801.80,0.08,-1,-1,-1
350,-1,724.90,5.71,821.97,798.88,0.08,-1,-1,-1
350,-1,1140.87,610.53,820.86,819.21,0.07,-1,-1,-1
350,-1,1.60,1.52,502.07,310.51,0.07,-1,-1,-1
350,-1,918.03,269.59,822.16,832.57,0.06,-1,-1,-1
350,-1,979.54,332.25,823.30,838.93,0.05,-1,-1,-1
351,-1,3.25,1.62,816.51,782.53,0.57,-1,-1,-1
351,-1,2335.53,1167.04,222.21,180.01,0.46,-1,-1,-1
351,-1,212.86,611.77,823.93,819.84,0.43,-1,-1,-1
351,-1,2032.27,862.27,109.02,60.51,0.43,-1,-1,-1
351,-1,1043.32,4.60,827.65,794.29,0.41,-1,-1,-1
351,-1,-1.62,-0.68,777.13,760.78,0.37,-1,-1,-1
351,-1,2087.80,1345.21,55.69,85.39,0.36,-1,-1,-1
351,-1,2335.09,1166.78,222.90,180.57,0.27,-1,-1,-1
351,-1,1742.15,917.13,296.60,143.15,0.27,-1,-1,-1
351,-1,435.40,4.93,826.14,804.69,0.24,-1,-1,-1
351,-1,2.67,532.26,797.73,828.34,0.23,-1,-1,-1
351,-1,1396.44,8.31,826.49,796.80,0.23,-1,-1,-1
351,-1,7.31,337.84,808.68,834.39,0.21,-1,-1,-1
351,-1,757.10,-1.74,822.08,811.27,0.20,-1,-1,-1
351,-1,913.95,647.81,828.55,779.79,0.19,-1,-1,-1
351,-1,1685.39,609.01,822.16,823.59,0.14,-1,-1,-1
351,-1,1762.62,3.12,791.56,767.86,0.14,-1,-1,-1
351,-1,1427.74,869.05,829.14,565.82,0.13,-1,-1,-1
351,-1,1065.55,818.12,68.59,93.12,0.12,-1,-1,-1
351,-1,785.15,334.87,819.53,830.54,0.12,-1,-1,-1
351,-1,564.75,553.38,822.82,842.64,0.12,-1,-1,-1
351,-1,1135.18,749.38,371.29,169.84,0.11,-1,-1,-1
351,-1,565.65,203.73,824.30,839.15,0.11,-1,-1,-1
351,-1,-2.13,667.06,798.32,767.24,0.11,-1,-1,-1
351,-1,85.23,38.87,825.48,850.15,0.10,-1,-1,-1
351,-1,596.53,521.53,821.51,837.44,0.08,-1,-1,-1
351,-1,1524.93,75.48,823.38,841.47,0.08,-1,-1,-1
351,-1,1494.49,1076.29,447.08,344.93,0.08,-1,-1,-1
351,-1,2053.69,939.80,51.23,80.26,0.08,-1,-1,-1
351,-1,1074.32,3.48,828.70,819.78,0.07,-1,-1,-1
351,-1,179.76,104.90,822.92,844.67,0.07,-1,-1,-1
351,-1,2038.34,774.81,113.75,129.34,0.07,-1,-1,-1
351,-1,845.95,325.77,828.41,844.75,0.06,-1,-1,-1
351,-1,1526.54,265.99,819.94,842.27,0.06,-1,-1,-1
351,-1,404.45,610.21,821.96,818.81,0.06,-1,-1,-1
351,-1,1468.55,1076.45,473.24,345.65,0.06,-1,-1,-1
351,-1,1012.18,107.52,822.19,772.80,0.06,-1,-1,-1
351,-1,1741.68,937.18,813.98,496.85,0.05,-1,-1,-1
351,-1,277.98,490.26,821.90,846.14,0.05,-1,-1,-1
352,-1,338.31,635.40,826.36,796.78,0.36,-1,-1,-1
352,-1,28.53,626.57,820.82,805.91,0.31,-1,-1,-1
352,-1,308.23,626.06,825.59,802.80,0.30,-1,-1,-1
352,-1,2110.74,0.04,19.70,16.53,0.21,-1,-1,-1
352,-1,1766.55,163.21,788.26,823.47,0.13,-1,-1,-1
352,-1,0.74,205.20,132.30,74.48,0.12,-1,-1,-1
352,-1,1494.22,615.26,821.24,814.81,0.11,-1,-1,-1
352,-1,1010.72,577.64,825.80,848.76,0.10,-1,-1,-1
352,-1,0.56,132.32,37.05,77.68,0.10,-1,-1,-1
352,-1,1725.66,1216.20,44.15,32.28,0.09,-1,-1,-1
352,-1,1011.68,455.56,826.50,848.01,0.08,-1,-1,-1
352,-1,1709.09,239.00,19.11,18.27,0.08,-1,-1,-1
352,-1,1726.36,1221.94,15.03,14.49,0.07,-1,-1,-1
352,-1,1884.54,464.53,17.19,10.91,0.07,-1,-1,-1
352,-1,1397.42,611.63,823.46,818.30,0.07,-1,-1,-1
352,-1,1363.89,524.86,19.38,15.26,0.07,-1,-1,-1
352,-1,2223.18,31.14,16.98,18.55,0.07,-1,-1,-1
352,-1,0.43,105.07,225.13,395.36,0.07,-1,-1,-1
352,-1,1106.64,626.65,825.32,807.96,0.07,-1,-1,-1
352,-1,1771.60,407.09,18.95,12.13,0.06,-1,-1,-1
352,-1,2044.51,1124.55,14.09,9.62,0.06,-1,-1,-1
352,-1,1716.65,627.36,820.63,807.13,0.06,-1,-1,-1
352,-1,505.04,-0.69,817.29,778.20,0.06,-1,-1,-1
352,-1,799.21,302.24,14.48,14.30,0.06,-1,-1,-1
352,-1,818.11,165.89,830.19,848.10,0.06,-1,-1,-1
352,-1,1653.22,326.52,822.49,848.86,0.06,-1,-1,-1
352,-1,180.60,0.79,822.57,804.80,0.06,-1,-1,-1
352,-1,1839.89,163.73,16.42,12.22,0.05,-1,-1,-1
352,-1,2.09,1157.36,290.30,277.89,0.05,-1,-1,-1
353,-1,1140.50,611.21,823.23,820.11,0.10,-1,-1,-1
353,-1,117.06,611.42,824.27,818.49,0.10,-1,-1,-1
353,-1,1742.35,628.02,808.80,807.70,0.09,-1,-1,-1
353,-1,27.18,1085.82,20.90,12.61,0.08,-1,-1,-1
353,-1,980.62,629.74,822.68,805.21,0.07,-1,-1,-1
353,-1,1520.97,548.59,824.96,859.59,0.07,-1,-1,-1
353,-1,1368.37,611.57,821.56,814.71,0.07,-1,-1,-1
353,-1,1171.86,583.43,824.61,845.09,0.07,-1,-1,-1
353,-1,53.53,584.64,800.21,844.91,0.06,-1,-1,-1
353,-1,1762.36,611.69,792.96,821.49,0.06,-1,-1,-1
353,-1,1620.60,610.41,823.45,822.33,0.06,-1,-1,-1
353,-1,89.45,627.76,820.93,806.97,0.06,-1,-1,-1
353,-1,1557.72,99.11,823.29,855.20,0.05,-1,-1,-1
353,-1,1693.97,1064.76,23.81,26.57,0.05,-1,-1,-1
354,-1,2317.86,475.84,32.55,32.49,0.27,-1,-1,-1
354,-1,1620.28,6.08,819.15,794.42,0.19,-1,-1,-1
354,-1,1774.04,1104.19,15.69,13.47,0.10,-1,-1,-1
354,-1,1429.41,1.56,825.28,828.80,0.10,-1,-1,-1
354,-1,1715.66,1205.95,23.12,11.13,0.09,-1,-1,-1
354,-1,1459.38,628.61,825.03,807.09,0.09,-1,-1,-1
354,-1,1298.39,194.62,10.55,14.75,0.09,-1,-1,-1
354,-1,1507.65,1297.43,15.29,13.50,0.08,-1,-1,-1
354,-1,288.39,1419.83,39.59,19.47,0.08,-1,-1,-1
354,-1,1270.16,-0.21,820.14,810.01,0.07,-1,-1,-1
354,-1,1630.42,1302.24,31.99,14.08,0.06,-1,-1,-1
354,-1,1524.03,609.87,823.16,822.03,0.06,-1,-1,-1
354,-1,1118.05,539.76,22.25,22.89,0.06,-1,-1,-1
354,-1,949.01,627.73,821.22,807.19,0.06,-1,-1,-1
354,-1,1763.95,491.06,790.13,846.87,0.06,-1,-1,-1
354,-1,1487.00,1118.30,15.83,18.08,0.05,-1,-1,-1
355,-1,2181.84,591.02,26.11,17.64,0.27,-1,-1,-1
355,-1,2.84,229.79,800.97,846.42,0.20,-1,-1,-1
355,-1,2047.51,462.43,17.45,17.50,0.17,-1,-1,-1
355,-1,1172.32,629.65,825.00,805.58,0.17,-1,-1,-1
355,-1,1237.15,3.28,826.94,828.24,0.14,-1,-1,-1
355,-1,1205.53,613.65,825.34,816.83,0.14,-1,-1,-1
355,-1,1740.78,137.34,802.87,842.10,0.13,-1,-1,-1
355,-1,1524.25,630.42,823.32,801.99,0.11,-1,-1,-1
355,-1,2046.00,460.15,23.50,21.07,0.11,-1,-1,-1
355,-1,852.82,630.29,823.63,805.11,0.09,-1,-1,-1
355,-1,1075.90,261.51,827.16,853.25,0.09,-1,-1,-1
355,-1,1505.28,1045.28,20.85,21.32,0.09,-1,-1,-1
355,-1,1364.76,324.68,823.26,852.53,0.09,-1,-1,-1
355,-1,1768.69,2.54,785.54,798.44,0.09,-1,-1,-1
355,-1,2319.36,959.54,19.20,14.15,0.08,-1,-1,-1
355,-1,1557.21,585.71,822.61,846.36,0.08,-1,-1,-1
355,-1,1302.84,3.79,821.25,803.33,0.07,-1,-1,-1
355,-1,1885.03,893.56,19.77,14.78,0.07,-1,-1,-1
355,-1,1746.33,75.78,803.33,843.98,0.07,-1,-1,-1
355,-1,2365.51,512.76,168.98,173.20,0.07,-1,-1,-1
355,-1,2319.33,959.79,18.55,14.04,0.06,-1,-1,-1
355,-1,1521.36,1314.76,13.27,10.41,0.06,-1,-1,-1
355,-1,1762.64,301.92,789.91,837.70,0.06,-1,-1,-1
355,-1,1008.16,606.66,836.69,824.70,0.06,-1,-1,-1
355,-1,3.49,519.26,793.00,848.23,0.06,-1,-1,-1
355,-1,1967.17,239.70,21.69,25.56,0.05,-1,-1,-1
355,-1,1966.87,239.49,25.50,29.11,0.05,-1,-1,-1
356,-1,1741.12,638.29,811.23,796.37,0.44,-1,-1,-1
356,-1,1741.02,314.40,117.22,120.21,0.33,-1,-1,-1
356,-1,1767.79,15.94,784.99,813.31,0.29,-1,-1,-1
356,-1,1766.53,24.91,785.59,829.58,0.18,-1,-1,-1
356,-1,1460.88,76.38,826.82,842.08,0.17,-1,-1,-1
356,-1,1140.25,13.68,826.28,843.09,0.13,-1,-1,-1
356,-1,1236.53,629.35,825.92,803.25,0.12,-1,-1,-1
356,-1,1205.54,611.02,824.95,820.85,0.12,-1,-1,-1
356,-1,1744.65,491.03,805.10,844.42,0.11,-1,-1,-1
356,-1,1461.28,609.77,824.45,822.77,0.10,-1,-1,-1
356,-1,980.81,232.52,826.14,849.03,0.09,-1,-1,-1
356,-1,1525.53,36.43,358.58,268.57,0.09,-1,-1,-1
356,-1,820.24,11.32,825.83,848.46,0.08,-1,-1,-1
356,-1,1269.43,298.02,824.41,843.59,0.06,-1,-1,-1
356,-1,1268.78,610.95,824.02,820.23,0.06,-1,-1,-1
356,-1,883.99,484.24,825.91,854.37,0.05,-1,-1,-1
357,-1,1301.08,627.87,822.92,805.36,0.17,-1,-1,-1
357,-1,1684.63,272.49,820.77,770.22,0.16,-1,-1,-1
357,-1,1365.63,332.73,825.68,841.20,0.15,-1,-1,-1
357,-1,1765.19,614.58,790.13,817.47,0.13,-1,-1,-1
357,-1,1493.80,613.22,822.61,817.18,0.12,-1,-1,-1
357,-1,1684.35,247.36,823.43,834.30,0.12,-1,-1,-1
357,-1,1236.86,66.66,824.11,854.47,0.11,-1,-1,-1
357,-1,789.99,610.20,822.39,823.20,0.11,-1,-1,-1
357,-1,884.60,265.51,823.15,843.54,0.10,-1,-1,-1
357,-1,597.31,610.85,824.30,820.94,0.10,-1,-1,-1
357,-1,598.49,199.09,823.27,850.69,0.07,-1,-1,-1
357,-1,1078.24,5.58,821.00,822.96,0.07,-1,-1,-1
357,-1,1204.12,552.35,827.05,846.29,0.06,-1,-1,-1
357,-1,821.01,582.48,824.04,849.04,0.06,-1,-1,-1
357,-1,1428.85,612.35,823.10,817.97,0.06,-1,-1,-1
357,-1,1715.23,271.96,822.04,839.15,0.05,-1,-1,-1
358,-1,1554.85,633.71,826.59,798.12,0.31,-1,-1,-1
358,-1,1205.11,633.06,824.84,798.69,0.29,-1,-1,-1
358,-1,884.40,613.29,822.35,817.39,0.20,-1,-1,-1
358,-1,1588.50,516.80,824.64,850.42,0.15,-1,-1,-1
358,-1,1237.29,327.16,826.20,848.83,0.14,-1,-1,-1
358,-1,1621.48,342.79,818.62,793.79,0.12,-1,-1,-1
358,-1,819.58,422.61,824.78,848.36,0.11,-1,-1,-1
358,-1,1140.65,584.04,825.07,845.92,0.10,-1,-1,-1
358,-1,1556.67,195.65,819.78,846.03,0.09,-1,-1,-1
358,-1,532.48,299.01,825.00,815.92,0.07,-1,-1,-1
358,-1,1684.37,471.55,817.01,834.07,0.07,-1,-1,-1
358,-1,982.35,0.49,821.21,810.27,0.06,-1,-1,-1
358,-1,1270.29,13.24,822.36,845.89,0.06,-1,-1,-1
358,-1,501.37,585.00,824.78,846.58,0.06,-1,-1,-1
358,-1,2267.14,1102.66,215.16,122.26,0.06,-1,-1,-1
358,-1,884.59,587.82,822.87,845.25,0.05,-1,-1,-1
359,-1,1493.92,631.81,820.63,801.20,0.27,-1,-1,-1
359,-1,1594.22,1036.49,152.20,57.53,0.16,-1,-1,-1
359,-1,1779.93,831.33,290.24,91.57,0.16,-1,-1,-1
359,-1,1493.63,614.62,821.46,817.75,0.15,-1,-1,-1
359,-1,1642.75,1090.22,152.39,97.36,0.15,-1,-1,-1
359,-1,757.49,612.03,820.81,819.14,0.11,-1,-1,-1
359,-1,1680.40,954.33,190.96,86.83,0.10,-1,-1,-1
359,-1,1140.74,630.46,822.52,801.51,0.10,-1,-1,-1
359,-1,1173.35,614.78,822.81,814.19,0.10,-1,-1,-1
359,-1,1172.52,630.47,823.15,802.06,0.10,-1,-1,-1
359,-1,789.18,612.05,820.88,819.71,0.09,-1,-1,-1
359,-1,628.60,586.92,823.18,845.20,0.08,-1,-1,-1
359,-1,1459.62,568.04,823.66,835.89,0.08,-1,-1,-1
359,-1,948.05,101.28,826.18,847.72,0.08,-1,-1,-1
359,-1,1681.60,632.02,826.03,802.41,0.06,-1,-1,-1
359,-1,1329.30,390.48,827.23,847.56,0.06,-1,-1,-1
359,-1,244.26,607.54,824.01,824.94,0.05,-1,-1,-1
359,-1,948.44,134.05,824.85,841.43,0.05,-1,-1,-1
360,-1,821.11,630.84,823.74,803.22,0.13,-1,-1,-1
360,-1,1362.32,843.42,824.00,582.43,0.13,-1,-1,-1
360,-1,1044.86,611.66,821.90,820.03,0.11,-1,-1,-1
360,-1,1652.39,488.76,824.81,844.88,0.08,-1,-1,-1
360,-1,1396.96,610.93,822.93,820.98,0.08,-1,-1,-1
360,-1,1013.41,626.61,822.61,806.79,0.07,-1,-1,-1
360,-1,7.53,422.98,811.52,848.11,0.07,-1,-1,-1
360,-1,1763.67,235.82,790.66,843.20,0.06,-1,-1,-1
360,-1,1325.52,885.02,830.99,546.99,0.06,-1,-1,-1
360,-1,1588.37,629.08,823.02,804.74,0.06,-1,-1,-1
360,-1,693.07,610.07,823.96,822.05,0.05,-1,-1,-1
361,-1,2428.64,96.29,33.12,57.21,0.37,-1,-1,-1
361,-1,22.26,629.84,822.62,801.29,0.26,-1,-1,-1
361,-1,919.00,632.35,819.92,798.73,0.16,-1,-1,-1
361,-1,1766.50,631.42,789.30,803.97,0.14,-1,-1,-1
361,-1,22.89,609.27,823.04,823.30,0.11,-1,-1,-1
361,-1,726.40,608.08,821.30,823.37,0.11,-1,-1,-1
361,-1,2419.15,92.77,49.61,105.47,0.08,-1,-1,-1
361,-1,789.99,628.95,822.06,804.15,0.08,-1,-1,-1
361,-1,2.26,582.24,798.56,848.09,0.07,-1,-1,-1
361,-1,180.48,579.34,822.94,845.73,0.07,-1,-1,-1
361,-1,469.21,626.99,821.25,809.54,0.07,-1,-1,-1
361,-1,1039.88,1114.32,821.42,321.83,0.06,-1,-1,-1
361,-1,405.05,606.28,821.90,825.95,0.05,-1,-1,-1
361,-1,1043.21,580.12,823.80,846.08,0.05,-1,-1,-1
362,-1,2221.48,326.61,40.39,54.68,0.85,-1,-1,-1
362,-1,2218.29,380.31,40.13,13.55,0.66,-1,-1,-1
362,-1,947.73,626.84,823.35,806.60,0.15,-1,-1,-1
362,-1,306.73,625.45,825.58,812.09,0.07,-1,-1,-1
362,-1,1586.82,627.16,825.01,808.09,0.07,-1,-1,-1
362,-1,914.27,605.47,826.86,829.23,0.06,-1,-1,-1
363,-1,2106.80,352.11,72.96,105.53,0.91,-1,-1,-1
363,-1,2101.79,454.98,96.07,13.39,0.56,-1,-1,-1
363,-1,980.55,627.05,822.57,805.90,0.19,-1,-1,-1
363,-1,1717.88,647.34,819.95,786.30,0.08,-1,-1,-1
364,-1,1798.74,456.19,99.14,104.27,0.92,-1,-1,-1
364,-1,1735.47,540.74,125.47,34.15,0.86,-1,-1,-1
364,-1,1429.66,622.56,822.11,808.75,0.14,-1,-1,-1
364,-1,1236.66,634.31,823.74,800.70,0.08,-1,-1,-1
365,-1,1443.87,612.92,112.63,125.78,0.94,-1,-1,-1
365,-1,1432.51,727.02,128.21,23.00,0.61,-1,-1,-1
365,-1,1557.42,614.97,824.21,814.75,0.36,-1,-1,-1
365,-1,942.33,980.35,829.60,453.33,0.33,-1,-1,-1
365,-1,724.83,629.86,818.66,804.99,0.15,-1,-1,-1
365,-1,1332.25,631.48,827.47,798.61,0.10,-1,-1,-1
365,-1,405.41,629.25,822.88,804.48,0.09,-1,-1,-1
365,-1,725.21,610.98,818.51,821.53,0.06,-1,-1,-1
366,-1,1104.22,528.90,74.98,95.20,0.85,-1,-1,-1
366,-1,1234.56,995.78,823.30,437.17,0.49,-1,-1,-1
366,-1,690.18,632.41,826.58,801.27,0.39,-1,-1,-1
366,-1,435.78,780.43,824.78,645.80,0.25,-1,-1,-1
366,-1,1684.30,632.99,821.53,799.78,0.20,-1,-1,-1
366,-1,1552.62,1004.63,822.30,427.53,0.18,-1,-1,-1
366,-1,1011.93,626.09,822.50,809.17,0.13,-1,-1,-1
366,-1,1.28,629.24,794.21,806.15,0.12,-1,-1,-1
366,-1,691.44,579.63,825.87,853.32,0.09,-1,-1,-1
366,-1,1330.50,628.30,827.08,805.80,0.08,-1,-1,-1
367,-1,94.66,1148.56,20.49,21.71,0.06,-1,-1,-1
367,-1,670.26,1068.40,22.99,20.47,0.05,-1,-1,-1
368,-1,632.25,1025.61,29.34,20.50,0.52,-1,-1,-1
368,-1,613.65,1075.73,59.01,37.31,0.45,-1,-1,-1
368,-1,516.76,981.18,15.13,11.93,0.39,-1,-1,-1
368,-1,554.80,1031.93,68.88,22.07,0.31,-1,-1,-1
368,-1,581.63,1061.07,33.38,18.28,0.28,-1,-1,-1
368,-1,459.30,939.93,16.66,12.04,0.22,-1,-1,-1
368,-1,592.72,1001.69,16.81,15.46,0.20,-1,-1,-1
368,-1,57.56,1055.80,106.53,62.59,0.20,-1,-1,-1
368,-1,782.45,1072.99,62.17,22.86,0.20,-1,-1,-1
368,-1,588.62,1109.80,38.85,27.40,0.17,-1,-1,-1
368,-1,475.02,962.45,10.97,12.09,0.16,-1,-1,-1
368,-1,499.02,983.21,11.92,9.69,0.13,-1,-1,-1
368,-1,264.90,1040.91,40.70,17.10,0.13,-1,-1,-1
368,-1,471.72,1371.77,254.84,67.47,0.12,-1,-1,-1
368,-1,336.52,628.75,828.70,806.30,0.10,-1,-1,-1
368,-1,602.75,1059.10,18.81,17.02,0.09,-1,-1,-1
368,-1,457.84,950.99,17.92,9.52,0.08,-1,-1,-1
368,-1,483.45,968.49,15.02,13.17,0.08,-1,-1,-1
368,-1,476.72,963.12,20.02,17.98,0.08,-1,-1,-1
368,-1,0.30,700.01,794.81,732.62,0.07,-1,-1,-1
368,-1,142.46,695.02,827.82,736.33,0.06,-1,-1,-1
368,-1,607.83,1042.82,23.76,13.20,0.06,-1,-1,-1
368,-1,485.59,975.65,12.66,9.14,0.06,-1,-1,-1
368,-1,576.30,1032.16,47.23,12.02,0.06,-1,-1,-1
368,-1,200.63,1088.13,40.04,17.37,0.05,-1,-1,-1
369,-1,140.42,361.36,39.69,26.97,0.71,-1,-1,-1
369,-1,138.82,372.72,42.10,17.51,0.27,-1,-1,-1
369,-1,1379.51,652.03,59.50,32.10,0.26,-1,-1,-1
369,-1,936.24,502.32,28.01,28.82,0.22,-1,-1,-1
369,-1,2354.65,1137.70,72.99,22.29,0.06,-1,-1,-1
369,-1,2354.42,1137.88,44.62,15.13,0.05,-1,-1,-1
370,-1,266.48,567.01,84.14,35.33,0.59,-1,-1,-1
370,-1,296.60,567.38,52.87,25.28,0.39,-1,-1,-1
370,-1,265.02,582.95,86.28,21.02,0.13,-1,-1,-1
370,-1,308.56,581.22,41.63,13.42,0.11,-1,-1,-1
370,-1,266.16,591.53,22.26,11.58,0.06,-1,-1,-1
370,-1,1049.98,680.27,9.33,26.89,0.05,-1,-1,-1
371,-1,1566.05,1195.70,66.27,47.58,0.89,-1,-1,-1
371,-1,375.84,934.95,28.91,23.24,0.70,-1,-1,-1
371,-1,1531.18,1102.97,27.54,23.50,0.59,-1,-1,-1
371,-1,368.82,1055.90,829.64,381.10,0.33,-1,-1,-1
371,-1,1523.20,1129.06,51.89,15.28,0.14,-1,-1,-1
371,-1,361.73,955.60,41.54,13.73,0.14,-1,-1,-1
371,-1,320.12,941.64,83.38,20.57,0.12,-1,-1,-1
371,-1,320.67,949.82,58.99,12.09,0.09,-1,-1,-1
371,-1,900.75,399.09,233.54,99.79,0.05,-1,-1,-1
372,-1,1583.39,913.15,87.39,38.15,0.78,-1,-1,-1
372,-1,432.53,682.35,39.53,29.80,0.69,-1,-1,-1
372,-1,1556.78,856.07,23.72,20.00,0.52,-1,-1,-1
372,-1,1183.29,1033.00,36.75,35.06,0.45,-1,-1,-1
372,-1,429.68,701.90,36.59,14.57,0.21,-1,-1,-1
372,-1,1183.11,1033.28,36.90,34.47,0.14,-1,-1,-1
372,-1,1631.67,1194.37,33.35,24.63,0.12,-1,-1,-1
372,-1,600.34,853.11,16.82,16.07,0.09,-1,-1,-1
372,-1,1552.04,854.17,59.37,67.10,0.08,-1,-1,-1
372,-1,578.31,710.30,39.98,43.38,0.08,-1,-1,-1
372,-1,1631.52,1194.09,34.06,24.35,0.08,-1,-1,-1
372,-1,1583.14,1192.00,82.78,29.05,0.07,-1,-1,-1
372,-1,1555.96,854.96,51.62,24.97,0.06,-1,-1,-1
373,-1,1565.75,795.91,61.97,29.80,0.78,-1,-1,-1
373,-1,458.30,566.73,34.91,22.50,0.74,-1,-1,-1
373,-1,1578.18,764.39,33.49,28.66,0.52,-1,-1,-1
373,-1,457.76,582.79,34.12,13.65,0.23,-1,-1,-1
373,-1,1184.37,864.36,55.10,36.37,0.11,-1,-1,-1
373,-1,1184.39,864.36,54.79,36.48,0.09,-1,-1,-1
373,-1,1575.58,764.00,54.33,44.72,0.06,-1,-1,-1
373,-1,1184.95,864.28,53.48,36.17,0.05,-1,-1,-1
374,-1,1621.11,836.52,50.48,15.17,0.74,-1,-1,-1
374,-1,1596.99,813.33,58.54,38.10,0.62,-1,-1,-1
374,-1,473.79,570.53,22.50,18.26,0.52,-1,-1,-1
374,-1,435.84,569.76,61.68,34.28,0.46,-1,-1,-1
374,-1,1169.69,677.94,826.17,756.80,0.18,-1,-1,-1
374,-1,532.26,696.32,822.27,732.36,0.11,-1,-1,-1
374,-1,532.17,654.54,823.36,777.66,0.07,-1,-1,-1
375,-1,1679.52,853.94,100.58,28.62,0.85,-1,-1,-1
375,-1,1651.18,844.73,65.35,28.63,0.49,-1,-1,-1
375,-1,992.87,970.98,69.80,58.43,0.27,-1,-1,-1
375,-1,661.89,731.01,822.26,692.97,0.24,-1,-1,-1
375,-1,992.92,971.01,69.84,58.37,0.24,-1,-1,-1
375,-1,883.01,11.20,247.05,126.66,0.12,-1,-1,-1
375,-1,992.67,970.79,70.12,58.60,0.08,-1,-1,-1
375,-1,307.88,653.75,824.60,776.14,0.08,-1,-1,-1
375,-1,563.45,664.67,824.07,768.93,0.08,-1,-1,-1
376,-1,1602.45,849.61,60.21,41.91,0.81,-1,-1,-1
376,-1,753.67,721.39,827.02,704.50,0.60,-1,-1,-1
376,-1,1640.89,841.19,53.49,45.05,0.46,-1,-1,-1
376,-1,1805.57,451.84,28.76,29.14,0.10,-1,-1,-1
376,-1,1643.58,841.00,27.70,28.76,0.10,-1,-1,-1
377,-1,1629.04,847.04,109.41,73.84,0.74,-1,-1,-1
377,-1,1694.70,902.62,53.92,21.54,0.09,-1,-1,-1
377,-1,1617.81,896.16,92.28,22.08,0.06,-1,-1,-1
377,-1,1607.60,891.66,138.31,34.53,0.05,-1,-1,-1
378,-1,1610.19,850.83,125.87,70.86,0.86,-1,-1,-1
378,-1,1588.46,878.21,142.78,41.87,0.12,-1,-1,-1
378,-1,1612.95,890.66,84.17,28.46,0.08,-1,-1,-1
378,-1,1644.91,899.04,68.87,22.03,0.08,-1,-1,-1
378,-1,1690.12,904.16,47.54,18.31,0.06,-1,-1,-1
378,-1,1592.62,875.96,31.01,10.87,0.06,-1,-1,-1
379,-1,447.69,611.25,39.82,29.08,0.86,-1,-1,-1
380,-1,418.52,648.23,31.26,24.31,0.80,-1,-1,-1
380,-1,419.51,670.14,40.70,12.31,0.12,-1,-1,-1
380,-1,1807.66,1409.88,101.53,29.50,0.06,-1,-1,-1
381,-1,2300.32,1078.89,175.90,113.25,0.92,-1,-1,-1
381,-1,1000.94,651.07,41.65,34.52,0.63,-1,-1,-1
381,-1,1000.25,674.89,23.88,12.58,0.11,-1,-1,-1
381,-1,764.93,1152.92,43.42,40.27,0.06,-1,-1,-1
381,-1,1503.60,1330.29,160.13,67.48,0.06,-1,-1,-1
382,-1,1720.30,782.17,40.74,25.24,0.79,-1,-1,-1
382,-1,1688.96,766.27,17.83,38.24,0.27,-1,-1,-1
382,-1,1688.59,766.24,53.43,51.88,0.12,-1,-1,-1
383,-1,1989.15,799.14,30.52,32.22,0.77,-1,-1,-1
384,-1,549.07,408.35,16.60,15.48,0.19,-1,-1,-1
384,-1,549.11,409.02,16.42,15.26,0.13,-1,-1,-1
384,-1,548.95,398.16,38.84,25.13,0.09,-1,-1,-1
384,-1,307.88,292.66,32.89,8.58,0.07,-1,-1,-1
384,-1,986.96,290.03,42.00,8.91,0.06,-1,-1,-1
385,-1,639.85,397.20,12.03,13.85,0.49,-1,-1,-1
385,-1,621.46,400.77,45.17,18.34,0.30,-1,-1,-1
385,-1,469.63,290.62,32.88,8.67,0.06,-1,-1,-1
386,-1,806.62,393.88,16.78,22.74,0.63,-1,-1,-1
386,-1,387.78,299.47,70.99,14.85,0.08,-1,-1,-1
386,-1,807.27,394.38,19.74,53.06,0.05,-1,-1,-1
387,-1,754.31,399.41,13.95,20.61,0.71,-1,-1,-1
387,-1,366.03,296.33,74.73,15.24,0.19,-1,-1,-1
387,-1,752.55,411.40,17.63,13.39,0.17,-1,-1,-1
387,-1,529.45,372.00,11.45,12.96,0.06,-1,-1,-1
388,-1,743.58,386.58,11.30,12.51,0.37,-1,-1,-1
388,-1,745.68,389.45,13.65,14.56,0.23,-1,-1,-1
389,-1,704.73,285.17,32.98,8.36,0.08,-1,-1,-1
390,-1,271.75,283.63,35.92,8.62,0.07,-1,-1,-1
390,-1,0.52,977.05,53.25,33.97,0.06,-1,-1,-1
391,-1,2110.11,1387.78,118.44,50.84,0.72,-1,-1,-1
391,-1,2060.26,594.67,52.34,35.33,0.67,-1,-1,-1
391,-1,1263.73,639.29,17.23,22.07,0.46,-1,-1,-1
391,-1,2058.42,614.65,37.18,14.02,0.20,-1,-1,-1
391,-1,1443.85,639.86,67.33,40.70,0.19,-1,-1,-1
391,-1,379.47,720.07,68.23,33.24,0.19,-1,-1,-1
391,-1,1418.95,621.61,65.19,36.83,0.15,-1,-1,-1
391,-1,1855.48,619.41,27.88,11.97,0.14,-1,-1,-1
391,-1,1789.67,631.95,33.65,23.32,0.09,-1,-1,-1
391,-1,2056.62,614.05,57.55,21.27,0.08,-1,-1,-1
391,-1,1489.69,589.54,37.66,22.32,0.07,-1,-1,-1
392,-1,395.23,443.05,71.10,32.18,0.73,-1,-1,-1
392,-1,414.24,462.78,50.12,13.36,0.38,-1,-1,-1
392,-1,394.66,460.32,53.71,14.04,0.07,-1,-1,-1
392,-1,755.35,626.89,823.11,805.96,0.07,-1,-1,-1
393,-1,761.35,1008.44,55.45,25.10,0.53,-1,-1,-1
393,-1,761.92,1010.82,55.34,22.61,0.35,-1,-1,-1
393,-1,741.74,1020.58,81.16,17.29,0.17,-1,-1,-1
393,-1,761.53,1008.53,18.18,16.02,0.14,-1,-1,-1
393,-1,742.37,1021.04,21.74,11.57,0.09,-1,-1,-1
393,-1,743.14,1020.75,43.72,12.93,0.08,-1,-1,-1
394,-1,597.36,1043.98,123.16,45.47,0.88,-1,-1,-1
394,-1,2487.95,481.10,32.35,11.97,0.68,-1,-1,-1
394,-1,579.69,1068.47,71.99,21.22,0.32,-1,-1,-1
394,-1,582.03,1063.27,134.73,26.54,0.22,-1,-1,-1
394,-1,579.93,1067.06,25.70,14.66,0.17,-1,-1,-1
394,-1,691.57,1072.51,29.82,18.26,0.12,-1,-1,-1
394,-1,600.96,1078.02,70.74,11.86,0.07,-1,-1,-1
394,-1,1577.18,25.71,293.24,98.53,0.06,-1,-1,-1
394,-1,582.45,1069.35,151.77,38.54,0.06,-1,-1,-1
395,-1,581.61,1017.94,133.39,57.27,0.84,-1,-1,-1
395,-1,2435.87,764.30,73.59,23.29,0.77,-1,-1,-1
395,-1,559.02,1035.17,37.74,24.89,0.25,-1,-1,-1
395,-1,559.09,1035.62,92.24,35.41,0.21,-1,-1,-1
395,-1,2458.06,481.18,29.81,10.78,0.07,-1,-1,-1
395,-1,586.22,1056.84,67.30,18.02,0.07,-1,-1,-1
395,-1,618.89,1052.09,96.55,21.99,0.06,-1,-1,-1
395,-1,581.90,1018.06,47.07,42.52,0.06,-1,-1,-1
395,-1,2459.27,481.26,28.92,10.54,0.05,-1,-1,-1
396,-1,579.87,1034.56,139.77,35.43,0.85,-1,-1,-1
396,-1,2437.87,753.28,77.00,29.23,0.63,-1,-1,-1
396,-1,565.99,1050.26,149.83,20.72,0.21,-1,-1,-1
396,-1,2203.62,1269.27,54.92,52.80,0.19,-1,-1,-1
396,-1,1024.33,1305.29,33.13,41.17,0.16,-1,-1,-1
396,-1,561.85,1057.57,83.65,13.16,0.15,-1,-1,-1
396,-1,2477.64,482.12,10.13,10.43,0.14,-1,-1,-1
396,-1,562.84,1056.67,30.67,10.11,0.07,-1,-1,-1
396,-1,2449.77,481.53,38.19,10.49,0.06,-1,-1,-1
396,-1,2223.10,1269.57,38.99,50.21,0.05,-1,-1,-1
396,-1,1033.06,1320.39,21.47,26.09,0.05,-1,-1,-1
397,-1,566.73,1040.29,135.08,39.89,0.87,-1,-1,-1
397,-1,2445.66,745.63,70.28,26.43,0.74,-1,-1,-1
397,-1,547.56,1055.95,153.52,24.44,0.39,-1,-1,-1
397,-1,542.08,1058.82,45.42,16.23,0.21,-1,-1,-1
397,-1,2471.54,479.69,26.53,10.49,0.20,-1,-1,-1
397,-1,543.28,1059.60,80.58,18.84,0.11,-1,-1,-1
397,-1,2487.16,480.20,11.07,10.86,0.11,-1,-1,-1
398,-1,532.76,1025.11,153.03,43.57,0.83,-1,-1,-1
398,-1,2448.57,745.75,52.39,20.71,0.71,-1,-1,-1
398,-1,530.71,1052.73,135.33,16.93,0.14,-1,-1,-1
398,-1,2376.12,749.63,91.88,14.77,0.06,-1,-1,-1
398,-1,531.09,1042.63,119.65,22.76,0.05,-1,-1,-1
399,-1,541.79,1022.63,137.93,39.17,0.83,-1,-1,-1
399,-1,2456.00,742.52,43.98,20.62,0.71,-1,-1,-1
399,-1,522.77,1042.14,75.05,20.17,0.45,-1,-1,-1
399,-1,522.30,1041.97,28.24,11.52,0.23,-1,-1,-1
399,-1,523.71,1041.20,158.48,26.37,0.12,-1,-1,-1
399,-1,537.78,1050.69,123.87,13.43,0.11,-1,-1,-1
399,-1,548.44,1052.04,54.44,11.02,0.06,-1,-1,-1
400,-1,481.39,994.93,163.67,44.38,0.78,-1,-1,-1
400,-1,2431.44,752.63,40.12,18.84,0.34,-1,-1,-1
400,-1,2432.15,753.02,39.20,18.42,0.21,-1,-1,-1
400,-1,506.63,1027.61,62.24,13.46,0.14,-1,-1,-1
401,-1,464.17,992.78,129.53,42.78,0.85,-1,-1,-1
401,-1,2385.20,744.02,47.66,19.44,0.58,-1,-1,-1
401,-1,442.27,1017.90,28.54,12.78,0.18,-1,-1,-1
401,-1,447.98,1018.02,136.28,20.44,0.11,-1,-1,-1
401,-1,2369.83,752.49,53.86,11.69,0.07,-1,-1,-1
402,-1,412.44,994.64,153.64,40.75,0.80,-1,-1,-1
402,-1,2344.14,738.68,39.93,17.60,0.71,-1,-1,-1
402,-1,381.27,1017.25,180.66,18.57,0.27,-1,-1,-1
402,-1,382.49,1015.58,93.37,18.20,0.20,-1,-1,-1
402,-1,382.15,1015.29,44.30,14.45,0.07,-1,-1,-1
403,-1,377.41,993.07,138.62,39.67,0.80,-1,-1,-1
403,-1,2278.27,736.22,32.84,18.89,0.75,-1,-1,-1
403,-1,2259.40,747.16,61.39,10.49,0.27,-1,-1,-1
403,-1,370.69,1016.59,146.08,20.62,0.21,-1,-1,-1
403,-1,2288.54,749.19,35.39,8.70,0.15,-1,-1,-1
403,-1,371.84,1019.47,74.91,13.32,0.09,-1,-1,-1
404,-1,827.16,953.83,106.83,38.77,0.81,-1,-1,-1
405,-1,824.47,539.94,54.26,25.92,0.75,-1,-1,-1
405,-1,1633.08,781.49,122.63,40.62,0.58,-1,-1,-1
405,-1,836.23,551.30,48.84,15.41,0.11,-1,-1,-1
405,-1,1635.40,784.17,147.83,34.12,0.11,-1,-1,-1
405,-1,849.75,540.49,28.05,21.15,0.11,-1,-1,-1
405,-1,856.96,551.31,28.59,11.67,0.09,-1,-1,-1
405,-1,1734.84,795.67,48.63,18.05,0.06,-1,-1,-1
406,-1,1012.41,318.22,76.98,19.80,0.79,-1,-1,-1
406,-1,1799.01,544.83,138.27,47.92,0.72,-1,-1,-1
406,-1,1131.75,859.90,146.39,80.27,0.45,-1,-1,-1
406,-1,1795.14,558.34,138.59,34.77,0.23,-1,-1,-1
406,-1,1796.44,560.99,69.67,21.28,0.09,-1,-1,-1
406,-1,1924.85,572.38,53.61,18.77,0.06,-1,-1,-1
406,-1,1026.43,329.87,64.75,9.81,0.05,-1,-1,-1
407,-1,1798.99,551.73,117.78,52.96,0.61,-1,-1,-1
407,-1,1049.01,361.30,85.11,18.81,0.52,-1,-1,-1
407,-1,1094.90,361.37,39.91,17.18,0.36,-1,-1,-1
407,-1,1807.61,550.92,22.04,16.25,0.21,-1,-1,-1
407,-1,1787.59,562.81,124.65,40.74,0.16,-1,-1,-1
407,-1,1788.84,562.61,26.10,12.54,0.09,-1,-1,-1
408,-1,1103.76,544.09,83.05,19.89,0.71,-1,-1,-1
408,-1,1819.64,697.42,141.58,46.48,0.69,-1,-1,-1
408,-1,1811.80,723.33,59.48,13.98,0.25,-1,-1,-1
408,-1,1147.79,545.50,38.42,17.07,0.16,-1,-1,-1
408,-1,1796.68,722.56,60.02,10.83,0.12,-1,-1,-1
408,-1,1806.46,720.53,173.75,31.44,0.12,-1,-1,-1
408,-1,1106.32,554.62,82.74,10.17,0.08,-1,-1,-1
409,-1,1849.12,970.26,112.51,43.10,0.87,-1,-1,-1
409,-1,1121.41,792.84,78.44,17.61,0.75,-1,-1,-1
409,-1,1836.23,990.62,62.94,20.25,0.51,-1,-1,-1
409,-1,1839.49,989.43,120.12,23.44,0.23,-1,-1,-1
409,-1,1852.04,996.46,77.79,17.08,0.08,-1,-1,-1
409,-1,1121.68,794.30,78.74,16.38,0.06,-1,-1,-1
410,-1,1177.86,840.31,87.02,19.43,0.75,-1,-1,-1
410,-1,1870.32,1007.43,63.21,37.59,0.63,-1,-1,-1
410,-1,1859.80,1024.35,88.90,28.84,0.40,-1,-1,-1
410,-1,1177.03,844.08,87.93,15.22,0.09,-1,-1,-1
410,-1,1859.73,1025.73,43.14,21.24,0.08,-1,-1,-1
411,-1,1234.29,842.07,84.24,19.13,0.77,-1,-1,-1
411,-1,1909.36,1011.28,71.47,41.56,0.71,-1,-1,-1
411,-1,1924.71,1038.61,23.61,15.82,0.12,-1,-1,-1
411,-1,1236.08,852.88,66.02,10.55,0.10,-1,-1,-1
411,-1,1924.84,1038.63,24.44,16.14,0.09,-1,-1,-1
411,-1,1907.94,1022.10,76.41,27.59,0.05,-1,-1,-1
