1,-1,149.93,631.72,821.65,802.31,0.34,-1,-1,-1
1,-1,821.64,614.23,818.96,816.15,0.15,-1,-1,-1
1,-1,1040.00,1122.09,15.28,18.16,0.14,-1,-1,-1
1,-1,1040.13,1122.03,14.83,18.10,0.14,-1,-1,-1
1,-1,725.82,633.89,823.02,800.11,0.10,-1,-1,-1
1,-1,1392.14,1350.84,66.35,66.78,0.09,-1,-1,-1
1,-1,150.99,611.77,821.61,820.21,0.07,-1,-1,-1
1,-1,1039.98,1112.98,66.59,43.51,0.07,-1,-1,-1
1,-1,661.02,614.96,825.30,815.70,0.05,-1,-1,-1
2,-1,149.93,631.72,821.65,802.31,0.34,-1,-1,-1
2,-1,821.64,614.23,818.96,816.15,0.15,-1,-1,-1
2,-1,1040.00,1122.09,15.28,18.16,0.14,-1,-1,-1
2,-1,1040.13,1122.03,14.83,18.10,0.14,-1,-1,-1
2,-1,725.82,633.89,823.02,800.11,0.10,-1,-1,-1
2,-1,1392.14,1350.84,66.35,66.78,0.09,-1,-1,-1
2,-1,150.99,611.77,821.61,820.21,0.07,-1,-1,-1
2,-1,1039.98,1112.98,66.59,43.51,0.07,-1,-1,-1
2,-1,661.02,614.96,825.30,815.70,0.05,-1,-1,-1
3,-1,149.20,633.38,821.88,800.32,0.31,-1,-1,-1
3,-1,789.39,613.99,821.71,815.63,0.15,-1,-1,-1
3,-1,1039.96,1134.31,15.94,19.02,0.13,-1,-1,-1
3,-1,1039.93,1134.44,15.57,19.14,0.11,-1,-1,-1
3,-1,820.35,631.90,820.39,802.64,0.08,-1,-1,-1
3,-1,468.26,632.79,824.58,800.53,0.06,-1,-1,-1
3,-1,54.00,611.06,823.66,819.11,0.06,-1,-1,-1
4,-1,117.29,633.12,822.24,800.99,0.26,-1,-1,-1
4,-1,1029.66,1137.71,14.56,18.96,0.24,-1,-1,-1
4,-1,820.16,611.33,823.22,819.23,0.07,-1,-1,-1
4,-1,54.50,611.36,822.33,819.71,0.06,-1,-1,-1
5,-1,1025.86,1138.37,14.53,18.58,0.47,-1,-1,-1
5,-1,117.97,632.88,821.29,802.89,0.22,-1,-1,-1
5,-1,757.20,612.84,823.03,816.89,0.10,-1,-1,-1
5,-1,819.39,611.11,823.05,820.26,0.08,-1,-1,-1
5,-1,1071.75,1130.06,19.87,13.58,0.08,-1,-1,-1
5,-1,118.94,611.93,821.41,820.68,0.05,-1,-1,-1
6,-1,149.46,633.18,821.10,801.55,0.20,-1,-1,-1
6,-1,1032.73,1138.59,16.26,19.64,0.18,-1,-1,-1
6,-1,1077.57,1131.22,21.62,13.64,0.11,-1,-1,-1
6,-1,469.11,633.70,823.85,798.56,0.08,-1,-1,-1
6,-1,852.15,613.20,821.93,817.73,0.05,-1,-1,-1
7,-1,117.76,634.23,820.12,800.72,0.09,-1,-1,-1
7,-1,757.04,614.32,822.67,815.70,0.08,-1,-1,-1
7,-1,1031.54,1138.22,16.11,19.74,0.07,-1,-1,-1
7,-1,1769.24,1251.34,54.19,20.87,0.06,-1,-1,-1
7,-1,883.50,613.19,822.46,818.57,0.05,-1,-1,-1
7,-1,436.30,632.35,825.05,800.25,0.05,-1,-1,-1
8,-1,148.73,630.37,821.59,805.47,0.24,-1,-1,-1
8,-1,1030.79,1139.61,16.45,20.03,0.19,-1,-1,-1
8,-1,1076.53,1131.96,21.83,13.64,0.09,-1,-1,-1
8,-1,467.91,633.02,825.67,800.79,0.06,-1,-1,-1
9,-1,1032.46,1145.91,15.17,18.75,0.06,-1,-1,-1
9,-1,853.80,615.30,819.79,814.71,0.06,-1,-1,-1
9,-1,1032.02,1146.07,14.97,18.46,0.05,-1,-1,-1
9,-1,149.29,636.48,820.19,799.53,0.05,-1,-1,-1
9,-1,822.44,611.78,820.89,817.57,0.05,-1,-1,-1
10,-1,148.60,632.32,821.83,804.98,0.13,-1,-1,-1
10,-1,1031.22,1147.01,15.95,18.32,0.06,-1,-1,-1
11,-1,1033.17,1150.79,17.30,18.73,0.25,-1,-1,-1
11,-1,1034.15,1151.19,14.70,17.45,0.13,-1,-1,-1
11,-1,1079.09,1141.34,20.91,14.02,0.09,-1,-1,-1
12,-1,1030.12,1150.72,18.63,20.30,0.20,-1,-1,-1
12,-1,181.95,633.39,821.68,801.21,0.14,-1,-1,-1
12,-1,22.54,632.05,822.64,802.25,0.05,-1,-1,-1
13,-1,116.73,633.91,821.68,799.36,0.19,-1,-1,-1
13,-1,1023.78,1115.74,16.54,19.34,0.18,-1,-1,-1
13,-1,851.72,613.05,822.00,818.26,0.07,-1,-1,-1
13,-1,990.42,1141.72,12.71,12.72,0.06,-1,-1,-1
13,-1,850.88,631.00,822.00,804.85,0.06,-1,-1,-1
14,-1,881.99,628.43,826.55,804.00,0.37,-1,-1,-1
14,-1,1022.03,975.17,13.44,17.12,0.19,-1,-1,-1
14,-1,1006.84,637.27,831.16,798.40,0.16,-1,-1,-1
14,-1,660.15,634.45,824.86,797.78,0.13,-1,-1,-1
14,-1,23.90,614.92,821.09,817.11,0.10,-1,-1,-1
14,-1,883.05,581.56,824.89,850.73,0.07,-1,-1,-1
14,-1,23.15,631.47,821.00,803.17,0.07,-1,-1,-1
14,-1,1059.58,964.21,29.36,16.13,0.06,-1,-1,-1
14,-1,1174.55,1112.92,59.40,69.98,0.05,-1,-1,-1
15,-1,1026.79,934.13,17.81,18.56,0.37,-1,-1,-1
15,-1,884.45,613.89,825.24,815.51,0.31,-1,-1,-1
15,-1,1010.43,630.37,825.27,805.80,0.30,-1,-1,-1
15,-1,627.88,652.08,824.84,779.74,0.27,-1,-1,-1
15,-1,117.29,614.56,824.00,814.01,0.20,-1,-1,-1
15,-1,9.94,637.72,811.62,795.86,0.16,-1,-1,-1
15,-1,307.58,610.30,825.14,819.61,0.11,-1,-1,-1
15,-1,1070.70,926.07,19.66,12.63,0.10,-1,-1,-1
15,-1,402.77,611.57,824.97,819.65,0.09,-1,-1,-1
15,-1,966.31,976.04,18.54,33.23,0.09,-1,-1,-1
15,-1,691.35,611.55,826.77,818.96,0.08,-1,-1,-1
15,-1,914.28,1010.01,31.07,12.88,0.07,-1,-1,-1
15,-1,1761.56,885.60,796.78,547.75,0.07,-1,-1,-1
15,-1,1112.60,1084.76,22.36,11.83,0.06,-1,-1,-1
15,-1,965.80,976.05,19.10,32.66,0.05,-1,-1,-1
15,-1,991.85,961.30,12.68,10.31,0.05,-1,-1,-1
16,-1,1033.11,935.52,17.46,19.76,0.43,-1,-1,-1
16,-1,1042.18,632.28,825.44,803.73,0.39,-1,-1,-1
16,-1,884.63,612.26,825.08,817.24,0.27,-1,-1,-1
16,-1,117.81,612.06,823.50,817.18,0.15,-1,-1,-1
16,-1,149.10,630.91,824.29,801.71,0.15,-1,-1,-1
16,-1,921.06,1012.91,33.09,12.19,0.09,-1,-1,-1
16,-1,244.98,611.92,823.73,817.46,0.08,-1,-1,-1
16,-1,1080.97,929.28,18.58,11.86,0.08,-1,-1,-1
16,-1,688.41,632.85,836.62,797.48,0.07,-1,-1,-1
16,-1,711.03,1182.21,30.11,22.41,0.06,-1,-1,-1
16,-1,883.96,552.59,826.19,844.69,0.05,-1,-1,-1
17,-1,1042.51,636.26,825.35,799.24,0.47,-1,-1,-1
17,-1,1032.07,935.18,16.56,19.46,0.41,-1,-1,-1
17,-1,1033.10,937.08,14.33,16.49,0.33,-1,-1,-1
17,-1,884.18,612.04,824.94,815.40,0.28,-1,-1,-1
17,-1,690.27,634.09,830.66,798.96,0.18,-1,-1,-1
17,-1,922.37,1012.75,30.99,13.58,0.16,-1,-1,-1
17,-1,971.79,977.54,19.71,34.95,0.12,-1,-1,-1
17,-1,1078.18,929.02,19.40,11.64,0.11,-1,-1,-1
17,-1,25.21,613.98,821.18,816.50,0.10,-1,-1,-1
17,-1,24.27,635.06,821.40,798.90,0.10,-1,-1,-1
17,-1,998.67,962.93,12.13,10.48,0.09,-1,-1,-1
17,-1,339.59,610.45,826.01,820.71,0.08,-1,-1,-1
17,-1,883.34,550.20,826.22,849.14,0.08,-1,-1,-1
17,-1,84.86,611.66,824.70,817.15,0.07,-1,-1,-1
17,-1,2138.71,916.65,15.99,21.45,0.06,-1,-1,-1
18,-1,1033.71,933.03,18.59,19.69,0.41,-1,-1,-1
18,-1,1042.39,634.30,823.27,801.96,0.32,-1,-1,-1
18,-1,884.39,611.81,825.04,816.08,0.24,-1,-1,-1
18,-1,692.31,636.12,826.21,798.13,0.17,-1,-1,-1
18,-1,117.44,612.98,823.01,816.13,0.17,-1,-1,-1
18,-1,148.55,631.86,824.20,800.03,0.14,-1,-1,-1
18,-1,1079.49,926.25,20.61,12.27,0.12,-1,-1,-1
18,-1,307.68,609.89,823.83,819.39,0.11,-1,-1,-1
18,-1,925.37,1009.98,27.56,11.11,0.07,-1,-1,-1
18,-1,883.15,552.54,826.45,844.76,0.05,-1,-1,-1
18,-1,1376.80,1155.15,46.96,48.94,0.05,-1,-1,-1
18,-1,1136.83,990.57,11.90,13.80,0.05,-1,-1,-1
18,-1,1124.16,1083.33,20.01,12.90,0.05,-1,-1,-1
19,-1,1033.64,933.72,17.45,18.57,0.47,-1,-1,-1
19,-1,1042.75,633.70,824.34,803.09,0.33,-1,-1,-1
19,-1,917.61,613.30,824.21,814.57,0.22,-1,-1,-1
19,-1,24.46,614.33,824.10,816.00,0.18,-1,-1,-1
19,-1,8.76,587.07,814.24,842.30,0.15,-1,-1,-1
19,-1,1079.95,925.91,20.53,12.85,0.12,-1,-1,-1
19,-1,692.27,634.57,825.01,800.42,0.10,-1,-1,-1
19,-1,923.47,1009.73,29.93,12.41,0.09,-1,-1,-1
19,-1,307.29,610.57,823.97,818.26,0.09,-1,-1,-1
19,-1,1374.56,1153.66,62.03,62.96,0.06,-1,-1,-1
19,-1,916.57,550.78,825.83,848.09,0.06,-1,-1,-1
19,-1,1000.66,958.79,13.99,12.33,0.06,-1,-1,-1
19,-1,1337.50,946.40,129.86,85.49,0.06,-1,-1,-1
19,-1,1.85,613.03,799.01,817.96,0.06,-1,-1,-1
20,-1,1042.78,630.80,824.38,803.91,0.40,-1,-1,-1
20,-1,9.12,635.80,813.34,798.20,0.26,-1,-1,-1
20,-1,1039.49,936.13,14.96,17.34,0.24,-1,-1,-1
20,-1,884.58,612.84,824.60,813.51,0.23,-1,-1,-1
20,-1,1039.46,936.18,14.99,17.22,0.18,-1,-1,-1
20,-1,117.25,614.29,823.49,813.83,0.16,-1,-1,-1
20,-1,275.74,610.65,825.05,818.24,0.12,-1,-1,-1
20,-1,688.15,634.35,840.08,794.34,0.11,-1,-1,-1
20,-1,1127.13,1085.87,21.39,14.37,0.11,-1,-1,-1
20,-1,883.27,551.57,825.76,845.30,0.08,-1,-1,-1
20,-1,1380.88,1156.63,62.07,60.63,0.05,-1,-1,-1
21,-1,1040.09,929.44,14.46,17.57,0.34,-1,-1,-1
21,-1,820.28,632.60,824.36,798.10,0.26,-1,-1,-1
21,-1,1380.92,1149.53,62.12,58.03,0.22,-1,-1,-1
21,-1,1761.71,895.42,796.38,536.66,0.14,-1,-1,-1
21,-1,1762.68,890.63,793.30,542.03,0.13,-1,-1,-1
21,-1,117.73,613.21,822.15,814.73,0.10,-1,-1,-1
21,-1,1086.99,921.92,17.09,11.97,0.10,-1,-1,-1
21,-1,275.57,609.91,825.21,819.64,0.09,-1,-1,-1
21,-1,1194.77,1066.94,59.14,70.35,0.09,-1,-1,-1
21,-1,821.75,585.96,825.79,841.49,0.08,-1,-1,-1
21,-1,23.36,634.36,821.97,799.73,0.07,-1,-1,-1
21,-1,1500.96,1170.47,85.55,50.66,0.06,-1,-1,-1
21,-1,1127.23,1077.92,21.72,14.30,0.06,-1,-1,-1
21,-1,1642.43,1106.64,61.03,37.80,0.06,-1,-1,-1
21,-1,0.98,16.56,792.36,840.48,0.05,-1,-1,-1
21,-1,1024.63,967.84,11.62,11.34,0.05,-1,-1,-1
22,-1,1037.38,931.30,15.23,17.63,0.40,-1,-1,-1
22,-1,885.03,611.95,823.00,817.08,0.22,-1,-1,-1
22,-1,8.37,637.29,813.46,796.69,0.21,-1,-1,-1
22,-1,820.67,634.39,824.57,798.33,0.20,-1,-1,-1
22,-1,1499.44,1169.98,82.54,46.86,0.17,-1,-1,-1
22,-1,276.07,610.45,824.12,817.64,0.15,-1,-1,-1
22,-1,8.16,585.41,815.24,842.49,0.14,-1,-1,-1
22,-1,1782.49,892.70,775.69,535.83,0.09,-1,-1,-1
22,-1,1761.99,890.43,794.04,542.46,0.08,-1,-1,-1
22,-1,1376.40,1149.05,62.88,61.39,0.05,-1,-1,-1
23,-1,1379.04,1151.13,61.90,58.24,0.32,-1,-1,-1
23,-1,693.18,637.15,824.43,794.36,0.26,-1,-1,-1
23,-1,23.88,634.07,823.73,799.55,0.16,-1,-1,-1
23,-1,275.42,610.81,825.55,818.06,0.14,-1,-1,-1
23,-1,8.19,584.64,816.75,845.22,0.11,-1,-1,-1
23,-1,1039.61,932.12,15.71,17.91,0.09,-1,-1,-1
23,-1,694.90,585.86,827.85,850.78,0.09,-1,-1,-1
23,-1,1041.16,631.31,827.18,806.32,0.08,-1,-1,-1
23,-1,1780.09,893.65,777.14,539.21,0.05,-1,-1,-1
24,-1,1377.75,1150.74,62.19,55.03,0.23,-1,-1,-1
24,-1,1377.24,1150.96,62.44,56.28,0.18,-1,-1,-1
24,-1,1035.80,931.00,18.89,20.82,0.17,-1,-1,-1
24,-1,692.29,633.63,826.08,800.24,0.15,-1,-1,-1
24,-1,1042.01,631.83,825.17,805.62,0.14,-1,-1,-1
24,-1,118.32,613.46,821.65,815.70,0.14,-1,-1,-1
24,-1,308.36,609.89,823.51,819.35,0.11,-1,-1,-1
24,-1,884.52,611.40,824.14,817.94,0.11,-1,-1,-1
24,-1,149.78,634.02,821.87,798.25,0.09,-1,-1,-1
24,-1,916.32,630.62,823.24,803.74,0.08,-1,-1,-1
24,-1,1781.95,853.32,776.00,574.49,0.05,-1,-1,-1
24,-1,1501.16,1171.21,81.58,44.34,0.05,-1,-1,-1
25,-1,1032.93,930.99,18.35,20.11,0.28,-1,-1,-1
25,-1,884.19,611.42,824.42,815.83,0.20,-1,-1,-1
25,-1,1010.10,629.40,825.14,807.05,0.18,-1,-1,-1
25,-1,25.06,612.64,822.96,817.81,0.16,-1,-1,-1
25,-1,691.82,634.42,826.33,799.04,0.15,-1,-1,-1
25,-1,118.79,613.80,821.61,813.66,0.13,-1,-1,-1
25,-1,212.22,614.08,823.73,814.30,0.10,-1,-1,-1
25,-1,1372.80,1150.20,44.61,47.40,0.08,-1,-1,-1
25,-1,923.35,1006.88,26.89,11.61,0.08,-1,-1,-1
25,-1,1498.06,1170.29,79.46,44.67,0.07,-1,-1,-1
25,-1,692.53,612.50,826.68,819.33,0.07,-1,-1,-1
25,-1,1001.56,957.75,13.00,10.45,0.06,-1,-1,-1
25,-1,1497.47,1171.73,71.52,42.97,0.06,-1,-1,-1
25,-1,1780.15,889.35,777.27,543.36,0.06,-1,-1,-1
25,-1,1497.30,1170.84,78.55,44.95,0.06,-1,-1,-1
26,-1,1034.08,931.50,18.81,20.51,0.37,-1,-1,-1
26,-1,1009.79,630.63,825.32,805.68,0.28,-1,-1,-1
26,-1,884.67,610.04,824.44,818.40,0.20,-1,-1,-1
26,-1,8.92,637.62,810.71,795.61,0.15,-1,-1,-1
26,-1,692.45,633.37,827.41,799.28,0.15,-1,-1,-1
26,-1,1374.49,1150.95,62.08,59.67,0.15,-1,-1,-1
26,-1,275.91,611.09,825.03,816.85,0.13,-1,-1,-1
26,-1,118.33,614.36,820.95,813.38,0.13,-1,-1,-1
26,-1,1498.01,1171.27,80.16,47.96,0.07,-1,-1,-1
26,-1,1764.25,786.32,793.40,642.51,0.06,-1,-1,-1
26,-1,692.50,611.82,828.24,818.39,0.06,-1,-1,-1
26,-1,1080.79,925.76,20.97,12.83,0.05,-1,-1,-1
27,-1,1034.23,932.73,17.83,19.61,0.32,-1,-1,-1
27,-1,8.73,636.30,812.18,796.53,0.27,-1,-1,-1
27,-1,1041.74,631.32,824.96,805.64,0.25,-1,-1,-1
27,-1,884.02,610.16,824.81,818.09,0.20,-1,-1,-1
27,-1,117.23,614.17,823.04,812.99,0.18,-1,-1,-1
27,-1,692.90,634.94,825.02,797.98,0.15,-1,-1,-1
27,-1,275.81,611.82,824.56,816.46,0.11,-1,-1,-1
27,-1,1078.95,925.66,22.00,12.74,0.09,-1,-1,-1
27,-1,693.09,612.79,826.07,818.54,0.07,-1,-1,-1
27,-1,1489.51,1172.53,87.52,51.79,0.06,-1,-1,-1
27,-1,999.44,960.00,14.70,10.96,0.06,-1,-1,-1
27,-1,1738.76,893.61,812.66,540.00,0.05,-1,-1,-1
28,-1,1042.80,632.78,823.12,803.16,0.30,-1,-1,-1
28,-1,1033.84,933.23,18.69,20.23,0.29,-1,-1,-1
28,-1,884.37,611.95,825.44,816.51,0.18,-1,-1,-1
28,-1,692.43,633.82,825.92,799.42,0.18,-1,-1,-1
28,-1,24.41,613.96,823.02,816.27,0.17,-1,-1,-1
28,-1,275.34,611.06,825.87,818.00,0.11,-1,-1,-1
28,-1,8.56,587.26,813.51,841.19,0.10,-1,-1,-1
28,-1,1374.18,1152.88,61.25,57.55,0.09,-1,-1,-1
28,-1,1762.32,894.87,795.56,538.62,0.08,-1,-1,-1
28,-1,692.60,613.23,826.94,818.30,0.07,-1,-1,-1
28,-1,1002.92,958.97,12.25,11.88,0.05,-1,-1,-1
29,-1,1042.58,634.07,824.81,802.37,0.31,-1,-1,-1
29,-1,884.37,610.76,825.16,818.39,0.22,-1,-1,-1
29,-1,692.48,636.01,824.90,796.60,0.20,-1,-1,-1
29,-1,8.42,636.90,812.76,797.41,0.16,-1,-1,-1
29,-1,1039.73,934.23,16.39,17.91,0.14,-1,-1,-1
29,-1,116.87,613.61,822.61,816.71,0.09,-1,-1,-1
29,-1,693.66,614.40,824.56,817.72,0.08,-1,-1,-1
29,-1,54.79,613.36,822.51,816.98,0.07,-1,-1,-1
29,-1,1378.11,1153.37,61.95,60.65,0.05,-1,-1,-1
30,-1,1043.33,631.64,824.02,803.91,0.37,-1,-1,-1
30,-1,1040.12,934.67,16.43,18.13,0.35,-1,-1,-1
30,-1,884.63,611.36,825.69,817.63,0.25,-1,-1,-1
30,-1,8.80,636.54,812.63,797.73,0.21,-1,-1,-1
30,-1,692.69,637.89,826.10,794.69,0.16,-1,-1,-1
30,-1,116.84,612.83,823.30,817.36,0.12,-1,-1,-1
30,-1,1193.23,1069.96,59.47,72.59,0.12,-1,-1,-1
30,-1,1378.94,1154.39,62.41,60.04,0.10,-1,-1,-1
30,-1,54.64,612.68,823.38,817.75,0.10,-1,-1,-1
30,-1,1087.81,926.96,16.57,12.78,0.10,-1,-1,-1
30,-1,1378.88,1154.13,62.16,60.02,0.10,-1,-1,-1
30,-1,1497.67,1174.59,85.65,49.89,0.08,-1,-1,-1
30,-1,883.40,548.52,827.17,848.18,0.07,-1,-1,-1
31,-1,179.82,632.29,824.49,800.84,0.28,-1,-1,-1
31,-1,1044.27,901.95,13.72,16.48,0.28,-1,-1,-1
31,-1,117.99,613.38,824.20,817.51,0.21,-1,-1,-1
31,-1,1381.78,1120.02,61.67,53.37,0.19,-1,-1,-1
31,-1,789.82,614.08,822.25,815.65,0.15,-1,-1,-1
31,-1,883.50,615.64,824.22,814.79,0.14,-1,-1,-1
31,-1,309.06,612.02,823.11,816.09,0.14,-1,-1,-1
31,-1,1382.64,1120.42,29.21,45.24,0.11,-1,-1,-1
31,-1,1086.83,893.48,20.99,13.36,0.09,-1,-1,-1
31,-1,934.69,977.42,32.66,11.99,0.08,-1,-1,-1
31,-1,1104.83,635.02,825.87,802.45,0.07,-1,-1,-1
31,-1,1978.92,1162.14,29.70,28.37,0.06,-1,-1,-1
32,-1,1043.14,902.70,13.72,16.96,0.26,-1,-1,-1
32,-1,179.84,630.30,824.61,803.57,0.25,-1,-1,-1
32,-1,884.28,614.85,824.73,814.07,0.23,-1,-1,-1
32,-1,1043.22,902.61,13.56,17.25,0.23,-1,-1,-1
32,-1,947.89,610.36,824.67,818.70,0.22,-1,-1,-1
32,-1,1088.72,894.25,18.88,13.74,0.17,-1,-1,-1
32,-1,629.59,636.41,824.13,796.02,0.12,-1,-1,-1
32,-1,23.36,613.89,822.49,816.69,0.11,-1,-1,-1
32,-1,1127.63,1047.02,25.74,18.59,0.10,-1,-1,-1
32,-1,211.51,583.52,826.83,847.71,0.10,-1,-1,-1
32,-1,821.12,582.05,825.87,845.71,0.07,-1,-1,-1
32,-1,1977.81,1163.35,30.30,27.66,0.05,-1,-1,-1
32,-1,1778.50,715.49,779.47,718.15,0.05,-1,-1,-1
33,-1,1043.57,612.44,825.77,818.43,0.32,-1,-1,-1
33,-1,1041.12,903.20,15.21,17.87,0.27,-1,-1,-1
33,-1,1040.90,903.04,15.66,18.03,0.22,-1,-1,-1
33,-1,693.93,617.05,824.16,812.42,0.21,-1,-1,-1
33,-1,884.12,613.33,824.46,816.40,0.18,-1,-1,-1
33,-1,8.14,633.12,810.74,802.66,0.11,-1,-1,-1
33,-1,118.21,612.38,821.78,817.96,0.10,-1,-1,-1
33,-1,1087.81,895.17,17.45,13.89,0.08,-1,-1,-1
33,-1,181.97,613.37,822.04,817.19,0.08,-1,-1,-1
33,-1,693.03,586.17,827.43,846.08,0.08,-1,-1,-1
34,-1,1033.67,903.36,16.56,20.52,0.41,-1,-1,-1
34,-1,1043.25,613.97,825.49,817.03,0.34,-1,-1,-1
34,-1,148.23,633.83,825.56,800.47,0.24,-1,-1,-1
34,-1,692.32,631.04,827.75,800.78,0.21,-1,-1,-1
34,-1,117.68,612.23,823.89,818.23,0.16,-1,-1,-1
34,-1,308.57,611.55,822.23,818.79,0.14,-1,-1,-1
34,-1,1080.40,897.62,19.24,12.56,0.13,-1,-1,-1
34,-1,692.03,582.67,832.03,851.18,0.08,-1,-1,-1
35,-1,1039.82,903.81,15.02,17.79,0.22,-1,-1,-1
35,-1,1042.30,610.75,827.89,821.41,0.22,-1,-1,-1
35,-1,8.12,633.77,811.42,801.09,0.18,-1,-1,-1
35,-1,883.98,612.58,824.87,816.53,0.17,-1,-1,-1
35,-1,693.45,616.68,824.79,813.61,0.13,-1,-1,-1
35,-1,24.06,613.82,821.85,815.57,0.11,-1,-1,-1
35,-1,117.81,611.50,821.04,816.91,0.10,-1,-1,-1
35,-1,1126.14,1050.64,23.23,14.83,0.09,-1,-1,-1
35,-1,340.22,610.66,823.25,819.24,0.07,-1,-1,-1
35,-1,755.42,580.12,827.93,849.87,0.05,-1,-1,-1
35,-1,1132.56,1143.07,13.87,20.93,0.05,-1,-1,-1
36,-1,1042.32,902.86,15.32,17.59,0.39,-1,-1,-1
36,-1,1042.22,612.84,825.91,817.98,0.23,-1,-1,-1
36,-1,883.28,613.91,827.10,814.69,0.21,-1,-1,-1
36,-1,692.62,614.33,825.69,814.84,0.18,-1,-1,-1
36,-1,1086.38,894.20,21.57,14.47,0.16,-1,-1,-1
36,-1,1127.95,1050.32,31.60,16.87,0.13,-1,-1,-1
36,-1,181.20,630.60,822.91,803.55,0.13,-1,-1,-1
36,-1,213.36,613.33,822.27,816.53,0.09,-1,-1,-1
36,-1,821.08,581.98,825.69,845.69,0.09,-1,-1,-1
36,-1,981.97,943.85,19.66,33.82,0.08,-1,-1,-1
36,-1,275.54,582.77,827.07,846.34,0.08,-1,-1,-1
37,-1,754.78,632.65,827.63,802.20,0.41,-1,-1,-1
37,-1,1042.53,877.20,824.22,552.11,0.35,-1,-1,-1
37,-1,84.22,1215.75,108.27,56.79,0.24,-1,-1,-1
37,-1,84.12,1216.10,108.61,55.55,0.21,-1,-1,-1
37,-1,212.50,1277.58,39.41,28.36,0.19,-1,-1,-1
37,-1,1318.09,1075.02,47.27,45.19,0.14,-1,-1,-1
37,-1,1073.88,875.46,822.61,551.86,0.10,-1,-1,-1
37,-1,998.17,1112.50,43.30,40.63,0.10,-1,-1,-1
37,-1,84.12,1221.15,111.47,49.85,0.08,-1,-1,-1
37,-1,177.80,1297.58,58.20,51.46,0.08,-1,-1,-1
37,-1,97.96,1264.37,33.33,40.20,0.08,-1,-1,-1
37,-1,1.88,199.49,358.99,836.07,0.07,-1,-1,-1
37,-1,1008.30,1234.14,54.72,53.96,0.06,-1,-1,-1
37,-1,84.46,1215.27,107.96,56.60,0.06,-1,-1,-1
37,-1,174.23,1298.52,37.12,36.00,0.05,-1,-1,-1
37,-1,850.25,611.25,824.81,821.60,0.05,-1,-1,-1
38,-1,18.29,989.31,822.56,444.24,0.25,-1,-1,-1
38,-1,-1.39,993.68,794.36,439.92,0.15,-1,-1,-1
39,-1,4.46,917.60,814.76,514.58,0.59,-1,-1,-1
39,-1,-0.50,919.12,768.80,513.21,0.21,-1,-1,-1
39,-1,511.23,812.75,32.48,21.74,0.06,-1,-1,-1
40,-1,1198.60,697.71,96.19,56.72,0.70,-1,-1,-1
40,-1,2063.85,702.68,136.93,52.52,0.25,-1,-1,-1
40,-1,6.03,632.46,811.94,802.44,0.24,-1,-1,-1
40,-1,1184.11,922.91,83.49,67.90,0.24,-1,-1,-1
40,-1,725.01,613.23,822.11,815.06,0.15,-1,-1,-1
40,-1,83.48,630.35,824.30,803.59,0.13,-1,-1,-1
40,-1,1458.21,860.82,36.12,30.91,0.12,-1,-1,-1
40,-1,6.38,586.11,814.64,845.22,0.10,-1,-1,-1
40,-1,756.42,586.88,825.58,840.32,0.09,-1,-1,-1
40,-1,283.45,666.71,49.68,32.41,0.09,-1,-1,-1
40,-1,1459.45,860.89,34.69,30.59,0.09,-1,-1,-1
40,-1,886.49,611.35,820.63,817.70,0.07,-1,-1,-1
40,-1,403.59,610.82,825.60,821.97,0.07,-1,-1,-1
40,-1,176.59,1124.68,70.21,50.62,0.06,-1,-1,-1
41,-1,2128.31,1002.20,70.49,52.54,0.65,-1,-1,-1
41,-1,1184.95,94.12,102.12,60.07,0.62,-1,-1,-1
41,-1,157.11,542.15,75.51,54.49,0.42,-1,-1,-1
41,-1,2128.87,1019.56,43.79,32.62,0.34,-1,-1,-1
41,-1,1851.77,636.20,74.23,52.55,0.25,-1,-1,-1
41,-1,2490.04,1180.67,69.36,256.02,0.17,-1,-1,-1
41,-1,1743.34,616.06,805.66,815.21,0.16,-1,-1,-1
41,-1,151.42,615.54,821.68,813.02,0.15,-1,-1,-1
41,-1,182.45,636.16,822.29,791.95,0.15,-1,-1,-1
41,-1,7.22,333.67,813.63,838.09,0.14,-1,-1,-1
41,-1,1716.14,614.56,823.36,814.91,0.14,-1,-1,-1
41,-1,1077.45,630.47,822.23,801.70,0.12,-1,-1,-1
41,-1,1185.00,94.26,98.90,60.44,0.11,-1,-1,-1
41,-1,373.60,615.59,822.37,811.15,0.11,-1,-1,-1
41,-1,436.58,524.13,823.26,841.03,0.10,-1,-1,-1
41,-1,1685.23,555.32,824.98,841.47,0.10,-1,-1,-1
41,-1,820.34,660.82,821.20,770.77,0.10,-1,-1,-1
41,-1,1852.35,644.84,47.93,43.33,0.10,-1,-1,-1
41,-1,1300.52,629.22,823.74,803.63,0.09,-1,-1,-1
41,-1,756.97,630.19,823.04,801.93,0.08,-1,-1,-1
41,-1,2490.47,1178.51,68.78,256.18,0.08,-1,-1,-1
41,-1,157.26,542.01,75.37,55.46,0.08,-1,-1,-1
41,-1,884.60,612.44,823.19,816.84,0.07,-1,-1,-1
41,-1,8.64,636.80,809.95,793.09,0.07,-1,-1,-1
41,-1,1522.79,328.05,828.14,848.11,0.06,-1,-1,-1
41,-1,53.62,1.73,822.73,805.58,0.06,-1,-1,-1
41,-1,532.95,263.71,822.77,846.38,0.06,-1,-1,-1
41,-1,798.30,887.25,27.70,45.72,0.06,-1,-1,-1
41,-1,7.53,2.00,812.51,804.61,0.05,-1,-1,-1
41,-1,210.66,167.31,826.27,847.42,0.05,-1,-1,-1
41,-1,1333.15,609.99,824.09,821.32,0.05,-1,-1,-1
42,-1,2183.79,1005.71,75.87,57.95,0.69,-1,-1,-1
42,-1,1454.88,160.23,48.61,42.06,0.42,-1,-1,-1
42,-1,1762.40,617.89,790.90,812.90,0.28,-1,-1,-1
42,-1,20.44,516.04,84.31,63.96,0.28,-1,-1,-1
42,-1,7.20,557.18,814.70,836.79,0.23,-1,-1,-1
42,-1,3.77,639.38,792.44,790.91,0.16,-1,-1,-1
42,-1,1590.65,395.40,824.56,841.73,0.16,-1,-1,-1
42,-1,1300.21,627.77,824.90,805.35,0.14,-1,-1,-1
42,-1,7.11,202.06,813.83,844.88,0.12,-1,-1,-1
42,-1,436.81,614.97,824.04,812.44,0.11,-1,-1,-1
42,-1,726.27,630.73,821.41,800.95,0.11,-1,-1,-1
42,-1,364.79,324.17,836.07,848.67,0.11,-1,-1,-1
42,-1,1685.71,615.45,820.46,812.68,0.11,-1,-1,-1
42,-1,693.78,14.80,821.62,835.96,0.10,-1,-1,-1
42,-1,789.25,629.76,822.78,802.08,0.10,-1,-1,-1
42,-1,789.78,612.33,822.79,816.39,0.09,-1,-1,-1
42,-1,1457.77,160.29,45.59,41.55,0.09,-1,-1,-1
42,-1,384.09,992.11,49.21,66.32,0.09,-1,-1,-1
42,-1,1661.48,181.90,11.89,11.23,0.08,-1,-1,-1
42,-1,467.26,585.89,826.49,842.27,0.08,-1,-1,-1
42,-1,948.34,631.21,822.84,800.42,0.07,-1,-1,-1
42,-1,917.11,614.04,823.22,814.19,0.07,-1,-1,-1
42,-1,1897.82,580.60,72.99,52.47,0.07,-1,-1,-1
42,-1,1149.13,274.02,79.61,40.76,0.06,-1,-1,-1
42,-1,1366.19,609.23,823.88,820.82,0.06,-1,-1,-1
42,-1,470.38,0.11,821.51,807.11,0.06,-1,-1,-1
42,-1,379.94,1081.14,43.65,34.88,0.05,-1,-1,-1
43,-1,2252.27,1151.97,79.84,63.26,0.41,-1,-1,-1
43,-1,23.18,633.45,823.71,797.64,0.30,-1,-1,-1
43,-1,340.55,634.87,823.70,795.69,0.25,-1,-1,-1
43,-1,181.31,615.66,824.75,813.46,0.24,-1,-1,-1
43,-1,8.66,332.23,810.39,843.95,0.16,-1,-1,-1
43,-1,2252.80,1176.30,47.36,36.03,0.13,-1,-1,-1
43,-1,366.46,415.46,839.27,865.32,0.13,-1,-1,-1
43,-1,1150.06,-0.01,127.82,49.15,0.12,-1,-1,-1
43,-1,854.27,616.49,822.37,812.55,0.12,-1,-1,-1
43,-1,725.26,616.25,824.21,814.73,0.12,-1,-1,-1
43,-1,1766.10,620.71,787.12,810.54,0.11,-1,-1,-1
43,-1,1654.26,556.51,824.10,840.76,0.11,-1,-1,-1
43,-1,1150.81,0.15,127.27,49.26,0.09,-1,-1,-1
43,-1,598.00,170.75,821.36,842.42,0.09,-1,-1,-1
43,-1,1332.32,627.91,824.49,805.99,0.09,-1,-1,-1
43,-1,980.67,636.48,822.55,790.12,0.08,-1,-1,-1
43,-1,789.15,640.49,822.92,791.08,0.08,-1,-1,-1
43,-1,1940.17,666.38,96.42,53.81,0.08,-1,-1,-1
43,-1,7.38,1.87,810.02,804.77,0.08,-1,-1,-1
43,-1,1687.05,614.66,820.24,815.34,0.07,-1,-1,-1
43,-1,1109.38,611.99,822.58,818.44,0.07,-1,-1,-1
43,-1,9.90,617.00,810.72,812.63,0.06,-1,-1,-1
43,-1,7.72,11.64,810.37,842.30,0.05,-1,-1,-1
44,-1,6.47,636.84,814.39,794.57,0.24,-1,-1,-1
44,-1,247.31,615.30,821.07,810.99,0.24,-1,-1,-1
44,-1,1745.46,616.28,804.61,814.74,0.21,-1,-1,-1
44,-1,83.38,582.67,830.30,844.21,0.18,-1,-1,-1
44,-1,661.90,614.90,823.68,814.80,0.15,-1,-1,-1
44,-1,724.87,616.49,824.14,813.19,0.15,-1,-1,-1
44,-1,1010.90,630.47,825.75,802.89,0.14,-1,-1,-1
44,-1,852.89,635.80,822.17,796.17,0.13,-1,-1,-1
44,-1,404.51,613.00,824.12,816.69,0.12,-1,-1,-1
44,-1,8.48,298.16,810.70,847.78,0.10,-1,-1,-1
44,-1,1501.68,286.95,15.20,30.12,0.09,-1,-1,-1
44,-1,1109.67,631.29,821.56,801.85,0.09,-1,-1,-1
44,-1,1686.11,615.62,824.17,813.59,0.09,-1,-1,-1
44,-1,1654.81,615.58,822.81,813.66,0.09,-1,-1,-1
44,-1,694.09,202.61,823.29,842.05,0.08,-1,-1,-1
44,-1,186.48,1332.27,36.96,47.53,0.08,-1,-1,-1
44,-1,983.28,140.52,820.50,841.21,0.07,-1,-1,-1
44,-1,1338.18,364.87,51.92,66.25,0.07,-1,-1,-1
44,-1,629.54,1.18,821.48,804.65,0.07,-1,-1,-1
44,-1,7.23,-0.43,810.54,811.35,0.07,-1,-1,-1
44,-1,614.71,1294.24,35.85,50.51,0.06,-1,-1,-1
44,-1,1418.49,335.58,139.21,129.61,0.06,-1,-1,-1
44,-1,863.58,831.73,25.87,31.45,0.05,-1,-1,-1
45,-1,597.01,633.09,823.21,800.27,0.23,-1,-1,-1
45,-1,1.91,634.86,795.34,799.29,0.22,-1,-1,-1
45,-1,448.33,434.96,47.60,25.02,0.18,-1,-1,-1
45,-1,22.09,614.28,823.59,814.75,0.17,-1,-1,-1
45,-1,628.87,612.81,822.95,817.98,0.14,-1,-1,-1
45,-1,1442.16,448.50,144.03,135.11,0.13,-1,-1,-1
45,-1,118.21,615.93,822.33,811.81,0.12,-1,-1,-1
45,-1,725.82,331.35,822.61,841.17,0.12,-1,-1,-1
45,-1,1743.44,615.65,806.40,814.83,0.11,-1,-1,-1
45,-1,267.11,187.79,34.02,44.77,0.10,-1,-1,-1
45,-1,1620.94,584.90,825.18,845.57,0.08,-1,-1,-1
45,-1,1717.32,614.01,823.40,814.96,0.08,-1,-1,-1
45,-1,386.47,982.32,68.21,54.16,0.07,-1,-1,-1
45,-1,950.22,169.63,823.69,843.48,0.07,-1,-1,-1
45,-1,598.50,1.25,822.17,810.54,0.07,-1,-1,-1
45,-1,1236.06,632.55,826.35,800.51,0.07,-1,-1,-1
45,-1,629.59,12.75,823.54,841.48,0.06,-1,-1,-1
45,-1,437.06,426.66,826.19,844.10,0.06,-1,-1,-1
45,-1,2.54,13.89,796.41,839.87,0.06,-1,-1,-1
45,-1,1333.75,633.44,821.97,799.38,0.06,-1,-1,-1
45,-1,2.21,2.40,794.23,802.64,0.05,-1,-1,-1
45,-1,744.32,671.97,63.90,71.83,0.05,-1,-1,-1
45,-1,6.17,10.49,813.57,845.39,0.05,-1,-1,-1
45,-1,266.78,187.95,34.95,45.18,0.05,-1,-1,-1
46,-1,1486.76,340.65,55.70,64.65,0.48,-1,-1,-1
46,-1,1.49,636.71,795.60,796.77,0.27,-1,-1,-1
46,-1,53.25,614.79,823.37,813.62,0.22,-1,-1,-1
46,-1,691.91,633.46,824.12,800.25,0.18,-1,-1,-1
46,-1,442.87,425.99,60.77,29.16,0.16,-1,-1,-1
46,-1,629.34,613.34,823.17,816.17,0.15,-1,-1,-1
46,-1,724.28,632.55,823.17,801.36,0.14,-1,-1,-1
46,-1,1010.78,1188.27,18.69,23.27,0.13,-1,-1,-1
46,-1,566.43,1.90,822.66,805.26,0.11,-1,-1,-1
46,-1,309.84,612.89,822.52,815.77,0.11,-1,-1,-1
46,-1,1434.60,444.42,140.87,123.76,0.11,-1,-1,-1
46,-1,1765.13,617.17,789.36,813.94,0.10,-1,-1,-1
46,-1,1297.44,331.75,36.03,46.56,0.10,-1,-1,-1
46,-1,661.35,266.65,822.98,841.47,0.09,-1,-1,-1
46,-1,9.31,299.04,811.86,842.68,0.09,-1,-1,-1
46,-1,438.36,427.84,823.55,841.67,0.08,-1,-1,-1
46,-1,1744.33,634.42,805.29,798.74,0.08,-1,-1,-1
46,-1,1652.59,613.40,824.87,814.85,0.07,-1,-1,-1
46,-1,1125.55,938.35,22.33,29.62,0.07,-1,-1,-1
46,-1,1347.59,467.62,58.99,74.84,0.07,-1,-1,-1
46,-1,263.70,183.59,33.17,43.65,0.06,-1,-1,-1
46,-1,853.17,42.34,822.91,844.88,0.06,-1,-1,-1
46,-1,1434.44,501.85,71.46,68.18,0.05,-1,-1,-1
46,-1,278.30,634.83,818.72,797.56,0.05,-1,-1,-1
46,-1,565.01,6.63,824.48,819.19,0.05,-1,-1,-1
46,-1,263.67,183.25,32.88,43.76,0.05,-1,-1,-1
46,-1,266.33,183.13,30.08,43.13,0.05,-1,-1,-1
46,-1,1717.09,613.60,822.96,815.63,0.05,-1,-1,-1
46,-1,850.93,631.67,823.30,803.58,0.05,-1,-1,-1
47,-1,22.79,613.14,821.23,815.86,0.17,-1,-1,-1
47,-1,692.27,612.34,822.99,817.79,0.17,-1,-1,-1
47,-1,2.48,635.82,793.08,797.90,0.16,-1,-1,-1
47,-1,1431.17,453.53,142.81,129.06,0.13,-1,-1,-1
47,-1,7.99,614.92,809.18,815.46,0.12,-1,-1,-1
47,-1,598.36,0.91,821.26,806.24,0.12,-1,-1,-1
47,-1,630.32,333.27,821.45,839.93,0.12,-1,-1,-1
47,-1,1346.84,476.59,52.72,74.84,0.11,-1,-1,-1
47,-1,373.85,614.22,821.48,814.92,0.10,-1,-1,-1
47,-1,951.15,267.14,819.82,839.92,0.08,-1,-1,-1
47,-1,1742.57,614.90,807.06,815.70,0.08,-1,-1,-1
47,-1,534.15,585.82,821.37,842.16,0.08,-1,-1,-1
47,-1,52.94,631.82,822.73,801.10,0.07,-1,-1,-1
47,-1,596.89,4.57,823.92,822.45,0.07,-1,-1,-1
47,-1,1716.58,613.39,822.92,815.80,0.06,-1,-1,-1
47,-1,1619.85,583.52,826.23,845.77,0.06,-1,-1,-1
48,-1,692.63,613.74,823.21,815.35,0.23,-1,-1,-1
48,-1,1.92,615.91,793.07,812.93,0.20,-1,-1,-1
48,-1,3.41,524.98,794.90,838.09,0.15,-1,-1,-1
48,-1,213.04,614.09,822.75,814.05,0.12,-1,-1,-1
48,-1,365.97,996.11,73.70,56.04,0.12,-1,-1,-1
48,-1,597.87,613.68,821.61,815.59,0.11,-1,-1,-1
48,-1,631.08,1.24,819.95,805.64,0.10,-1,-1,-1
48,-1,6.92,635.17,812.41,796.63,0.09,-1,-1,-1
48,-1,598.62,1.50,820.42,804.81,0.09,-1,-1,-1
48,-1,694.00,332.00,822.06,842.17,0.08,-1,-1,-1
48,-1,978.94,628.74,824.75,804.77,0.08,-1,-1,-1
48,-1,275.12,584.73,826.52,844.33,0.06,-1,-1,-1
48,-1,1743.28,632.56,805.56,801.52,0.06,-1,-1,-1
48,-1,745.61,180.33,25.09,23.83,0.06,-1,-1,-1
48,-1,404.70,138.87,826.51,843.74,0.06,-1,-1,-1
48,-1,983.81,267.46,819.29,841.16,0.05,-1,-1,-1
48,-1,1652.56,613.06,825.02,816.41,0.05,-1,-1,-1
48,-1,1764.00,616.14,790.28,815.76,0.05,-1,-1,-1
49,-1,1777.64,854.48,46.14,54.70,0.38,-1,-1,-1
49,-1,1.04,616.12,794.64,813.47,0.31,-1,-1,-1
49,-1,693.44,614.90,822.77,812.28,0.24,-1,-1,-1
49,-1,423.70,467.89,60.62,29.43,0.21,-1,-1,-1
49,-1,737.22,198.28,25.91,23.87,0.21,-1,-1,-1
49,-1,181.53,613.92,821.95,815.02,0.18,-1,-1,-1
49,-1,53.44,613.44,823.17,813.51,0.16,-1,-1,-1
49,-1,693.36,555.14,823.56,842.29,0.12,-1,-1,-1
49,-1,771.78,278.13,34.37,49.50,0.12,-1,-1,-1
49,-1,1177.99,770.85,28.62,29.39,0.09,-1,-1,-1
49,-1,1339.27,507.54,62.99,80.40,0.09,-1,-1,-1
49,-1,597.31,3.04,823.78,824.06,0.09,-1,-1,-1
49,-1,1590.96,611.79,821.83,818.69,0.09,-1,-1,-1
49,-1,1715.55,611.93,824.87,819.02,0.08,-1,-1,-1
49,-1,8.08,589.10,811.50,838.76,0.08,-1,-1,-1
49,-1,566.84,2.27,821.57,801.19,0.08,-1,-1,-1
49,-1,821.97,330.17,823.51,841.79,0.07,-1,-1,-1
49,-1,1149.57,144.73,132.01,73.45,0.07,-1,-1,-1
49,-1,1427.20,489.57,145.45,127.97,0.07,-1,-1,-1
49,-1,373.73,584.22,823.24,846.59,0.06,-1,-1,-1
49,-1,501.41,363.08,825.55,842.28,0.06,-1,-1,-1
49,-1,1742.52,633.62,806.96,800.74,0.06,-1,-1,-1
49,-1,854.21,181.37,39.93,32.50,0.06,-1,-1,-1
49,-1,1149.47,144.54,132.15,73.61,0.06,-1,-1,-1
49,-1,1149.52,145.57,132.73,72.60,0.05,-1,-1,-1
50,-1,7.03,631.08,813.37,804.21,0.45,-1,-1,-1
50,-1,564.65,633.71,823.77,798.46,0.23,-1,-1,-1
50,-1,470.63,615.62,821.61,813.71,0.19,-1,-1,-1
50,-1,501.73,353.15,27.20,19.71,0.16,-1,-1,-1
50,-1,53.08,612.26,823.12,818.09,0.14,-1,-1,-1
50,-1,8.72,586.77,811.57,844.09,0.13,-1,-1,-1
50,-1,1369.69,609.16,59.76,86.16,0.13,-1,-1,-1
50,-1,853.20,588.48,823.09,837.96,0.11,-1,-1,-1
50,-1,884.72,614.23,822.72,814.42,0.11,-1,-1,-1
50,-1,1165.46,217.37,132.98,76.96,0.11,-1,-1,-1
50,-1,982.78,330.37,822.64,841.29,0.08,-1,-1,-1
50,-1,628.91,363.11,824.16,843.52,0.08,-1,-1,-1
50,-1,1825.10,963.74,46.86,60.92,0.08,-1,-1,-1
50,-1,597.01,11.26,825.18,842.91,0.07,-1,-1,-1
50,-1,1509.98,452.46,57.94,67.58,0.06,-1,-1,-1
50,-1,1123.17,186.53,24.06,22.58,0.06,-1,-1,-1
50,-1,1165.54,217.60,133.04,76.58,0.05,-1,-1,-1
50,-1,1457.39,591.72,154.36,126.71,0.05,-1,-1,-1
50,-1,1684.99,582.32,825.11,844.09,0.05,-1,-1,-1
51,-1,1.34,615.50,796.93,813.53,0.21,-1,-1,-1
51,-1,597.87,615.49,823.35,810.69,0.20,-1,-1,-1
51,-1,310.50,615.08,822.52,812.86,0.17,-1,-1,-1
51,-1,434.84,494.05,29.59,20.61,0.15,-1,-1,-1
51,-1,757.55,629.07,822.34,801.47,0.14,-1,-1,-1
51,-1,438.23,400.62,823.93,835.53,0.13,-1,-1,-1
51,-1,982.03,611.80,820.63,817.78,0.12,-1,-1,-1
51,-1,853.17,628.36,822.43,803.19,0.10,-1,-1,-1
51,-1,628.99,170.29,825.68,842.58,0.09,-1,-1,-1
51,-1,7.49,586.05,811.43,842.61,0.09,-1,-1,-1
51,-1,309.34,171.17,826.46,844.40,0.08,-1,-1,-1
51,-1,1145.76,334.16,134.25,80.01,0.07,-1,-1,-1
51,-1,1146.07,334.06,134.11,79.72,0.07,-1,-1,-1
51,-1,565.54,634.89,822.79,796.09,0.07,-1,-1,-1
51,-1,1108.61,362.18,824.78,845.35,0.07,-1,-1,-1
51,-1,1717.38,490.00,822.66,846.23,0.06,-1,-1,-1
51,-1,335.23,742.74,28.88,20.78,0.06,-1,-1,-1
51,-1,1458.04,755.32,156.23,143.26,0.06,-1,-1,-1
51,-1,1209.12,908.14,54.27,63.40,0.06,-1,-1,-1
52,-1,1076.02,463.89,27.83,24.19,0.54,-1,-1,-1
52,-1,405.55,634.51,824.65,798.14,0.33,-1,-1,-1
52,-1,1765.19,615.79,788.30,815.12,0.18,-1,-1,-1
52,-1,693.34,614.94,822.37,815.29,0.13,-1,-1,-1
52,-1,692.38,631.72,822.70,802.28,0.11,-1,-1,-1
52,-1,660.89,203.49,821.19,837.09,0.10,-1,-1,-1
52,-1,1493.51,613.52,823.40,813.53,0.10,-1,-1,-1
52,-1,1588.58,613.65,824.19,815.14,0.10,-1,-1,-1
52,-1,373.44,234.86,824.26,844.22,0.08,-1,-1,-1
52,-1,632.77,592.59,32.29,28.83,0.08,-1,-1,-1
52,-1,372.27,589.89,827.38,840.83,0.07,-1,-1,-1
52,-1,628.78,136.14,825.58,846.68,0.07,-1,-1,-1
52,-1,1207.33,587.20,822.16,839.99,0.06,-1,-1,-1
52,-1,1303.11,613.95,820.79,810.64,0.06,-1,-1,-1
52,-1,1686.39,633.74,821.67,798.39,0.05,-1,-1,-1
52,-1,149.17,360.22,824.75,844.38,0.05,-1,-1,-1
52,-1,1759.72,361.26,796.06,843.30,0.05,-1,-1,-1
52,-1,1335.07,613.69,820.63,810.95,0.05,-1,-1,-1
52,-1,354.00,696.13,30.05,21.30,0.05,-1,-1,-1
53,-1,571.41,822.96,33.36,33.60,0.53,-1,-1,-1
53,-1,115.91,633.69,828.36,798.31,0.40,-1,-1,-1
53,-1,693.95,871.14,81.70,104.82,0.33,-1,-1,-1
53,-1,1872.69,1263.78,67.43,63.06,0.26,-1,-1,-1
53,-1,816.76,561.84,26.20,23.53,0.26,-1,-1,-1
53,-1,469.39,615.81,824.23,809.63,0.24,-1,-1,-1
53,-1,308.91,615.09,824.20,807.66,0.23,-1,-1,-1
53,-1,2078.51,1163.36,21.61,25.98,0.21,-1,-1,-1
53,-1,1559.50,633.47,820.22,798.22,0.19,-1,-1,-1
53,-1,1768.11,621.31,785.53,804.99,0.15,-1,-1,-1
53,-1,405.76,585.04,823.02,837.93,0.14,-1,-1,-1
53,-1,1057.97,660.27,30.79,25.50,0.12,-1,-1,-1
53,-1,23.55,1.17,805.39,259.46,0.10,-1,-1,-1
53,-1,1139.44,612.68,827.46,817.28,0.10,-1,-1,-1
53,-1,85.43,586.26,826.10,843.29,0.10,-1,-1,-1
53,-1,1871.57,1263.19,67.80,64.30,0.10,-1,-1,-1
53,-1,1717.13,589.01,825.73,838.94,0.10,-1,-1,-1
53,-1,1333.78,328.87,821.22,844.74,0.09,-1,-1,-1
53,-1,260.74,952.16,33.30,23.14,0.09,-1,-1,-1
53,-1,628.59,361.08,826.05,845.13,0.09,-1,-1,-1
53,-1,852.09,632.03,823.11,801.34,0.08,-1,-1,-1
53,-1,267.77,1135.90,46.89,30.86,0.08,-1,-1,-1
53,-1,451.49,560.12,38.54,41.98,0.08,-1,-1,-1
53,-1,797.10,876.36,63.56,67.63,0.07,-1,-1,-1
53,-1,1766.38,593.28,786.17,830.83,0.07,-1,-1,-1
53,-1,788.35,611.59,824.74,817.82,0.06,-1,-1,-1
53,-1,614.61,944.63,38.95,63.41,0.05,-1,-1,-1
53,-1,128.15,1275.78,58.26,34.92,0.05,-1,-1,-1
53,-1,178.67,328.74,829.58,847.63,0.05,-1,-1,-1
54,-1,1044.50,811.82,32.47,27.34,0.70,-1,-1,-1
54,-1,274.75,0.33,711.31,364.33,0.60,-1,-1,-1
54,-1,655.88,1084.28,82.56,86.85,0.44,-1,-1,-1
54,-1,1112.49,800.15,33.83,33.59,0.40,-1,-1,-1
54,-1,532.95,632.69,823.20,799.09,0.23,-1,-1,-1
54,-1,1745.84,635.76,805.14,797.78,0.17,-1,-1,-1
54,-1,7.75,619.54,812.68,809.36,0.15,-1,-1,-1
54,-1,1548.13,1135.37,75.14,106.84,0.15,-1,-1,-1
54,-1,404.84,614.83,826.13,813.80,0.15,-1,-1,-1
54,-1,522.05,1004.45,35.41,36.88,0.14,-1,-1,-1
54,-1,244.30,632.93,825.81,796.62,0.14,-1,-1,-1
54,-1,7.65,635.33,812.14,798.80,0.13,-1,-1,-1
54,-1,1364.49,614.28,824.92,817.08,0.13,-1,-1,-1
54,-1,692.20,553.57,824.91,842.83,0.11,-1,-1,-1
54,-1,1507.00,736.20,27.16,36.97,0.09,-1,-1,-1
54,-1,738.32,1059.69,93.16,77.15,0.09,-1,-1,-1
54,-1,7.84,553.09,812.93,844.33,0.09,-1,-1,-1
54,-1,1547.79,1135.49,75.67,106.63,0.08,-1,-1,-1
54,-1,402.55,713.37,38.66,47.09,0.07,-1,-1,-1
54,-1,665.77,797.11,66.79,38.30,0.07,-1,-1,-1
54,-1,1718.55,616.27,822.77,813.08,0.07,-1,-1,-1
54,-1,231.15,1.10,764.23,363.75,0.07,-1,-1,-1
54,-1,1332.83,490.44,822.75,844.06,0.07,-1,-1,-1
54,-1,543.80,1004.50,14.53,33.26,0.06,-1,-1,-1
54,-1,665.23,796.91,67.44,38.79,0.06,-1,-1,-1
54,-1,1492.66,199.78,823.05,847.01,0.06,-1,-1,-1
54,-1,884.01,614.00,824.07,817.95,0.06,-1,-1,-1
54,-1,1012.22,612.44,825.59,818.31,0.05,-1,-1,-1
55,-1,261.12,0.92,730.56,496.47,0.86,-1,-1,-1
55,-1,1557.46,613.17,823.86,815.92,0.33,-1,-1,-1
55,-1,1419.01,368.09,13.46,31.87,0.25,-1,-1,-1
55,-1,1418.30,368.24,14.19,32.21,0.24,-1,-1,-1
55,-1,271.80,1041.09,60.19,61.70,0.23,-1,-1,-1
55,-1,1010.43,1136.17,36.85,34.30,0.16,-1,-1,-1
55,-1,1089.68,1111.05,39.20,42.64,0.14,-1,-1,-1
55,-1,371.40,626.52,826.07,807.76,0.13,-1,-1,-1
55,-1,658.62,628.46,826.89,806.72,0.12,-1,-1,-1
55,-1,1529.58,997.92,32.40,59.37,0.11,-1,-1,-1
55,-1,1449.21,1054.59,68.98,75.47,0.10,-1,-1,-1
55,-1,852.96,612.77,823.50,816.69,0.09,-1,-1,-1
55,-1,1333.24,634.48,822.93,797.12,0.09,-1,-1,-1
55,-1,1588.60,551.46,823.92,846.26,0.08,-1,-1,-1
55,-1,1363.03,1263.98,32.60,28.24,0.08,-1,-1,-1
55,-1,413.36,1398.18,42.12,41.50,0.07,-1,-1,-1
55,-1,1236.95,612.88,823.51,816.52,0.07,-1,-1,-1
55,-1,1528.23,998.57,52.71,89.89,0.07,-1,-1,-1
55,-1,863.39,1151.91,39.68,54.96,0.07,-1,-1,-1
55,-1,120.00,1028.07,50.78,33.21,0.06,-1,-1,-1
55,-1,3.60,429.48,793.38,838.09,0.06,-1,-1,-1
55,-1,852.42,549.46,825.45,850.10,0.05,-1,-1,-1
55,-1,307.55,630.77,824.55,804.12,0.05,-1,-1,-1
55,-1,577.71,1135.43,78.19,52.50,0.05,-1,-1,-1
56,-1,275.75,2.09,773.52,764.67,0.72,-1,-1,-1
56,-1,1138.69,610.38,825.57,820.95,0.23,-1,-1,-1
56,-1,210.46,634.96,826.95,797.04,0.23,-1,-1,-1
56,-1,788.93,620.23,822.41,810.93,0.19,-1,-1,-1
56,-1,-0.69,656.40,796.71,779.62,0.18,-1,-1,-1
56,-1,2031.44,281.39,346.57,174.56,0.13,-1,-1,-1
56,-1,339.15,613.47,824.00,816.75,0.11,-1,-1,-1
56,-1,150.58,0.18,826.44,800.28,0.09,-1,-1,-1
56,-1,321.33,1056.21,32.29,27.58,0.07,-1,-1,-1
56,-1,693.78,646.20,824.31,783.25,0.05,-1,-1,-1
57,-1,280.41,1.73,801.11,790.95,0.86,-1,-1,-1
57,-1,304.24,969.70,161.52,104.75,0.26,-1,-1,-1
57,-1,1234.17,848.54,823.36,580.68,0.21,-1,-1,-1
57,-1,304.05,969.29,162.07,105.57,0.15,-1,-1,-1
57,-1,193.41,0.81,818.03,803.99,0.13,-1,-1,-1
57,-1,1828.41,264.12,16.69,25.44,0.12,-1,-1,-1
57,-1,1115.13,697.00,11.65,8.79,0.10,-1,-1,-1
57,-1,189.50,643.81,85.68,96.00,0.05,-1,-1,-1
58,-1,352.67,954.63,159.26,101.55,0.78,-1,-1,-1
58,-1,373.38,1.63,783.61,784.70,0.60,-1,-1,-1
58,-1,1768.96,813.67,264.92,86.01,0.59,-1,-1,-1
58,-1,2130.81,1188.66,142.56,156.82,0.32,-1,-1,-1
58,-1,1762.97,2.12,795.05,800.72,0.21,-1,-1,-1
58,-1,343.13,2.14,765.49,828.11,0.14,-1,-1,-1
58,-1,1321.75,976.67,46.81,29.20,0.12,-1,-1,-1
58,-1,1779.50,812.69,119.06,73.78,0.12,-1,-1,-1
58,-1,1107.12,166.62,826.06,837.45,0.10,-1,-1,-1
58,-1,1542.55,869.71,28.41,38.38,0.09,-1,-1,-1
58,-1,1919.78,1189.44,109.45,74.99,0.09,-1,-1,-1
58,-1,391.10,72.66,604.21,805.50,0.07,-1,-1,-1
58,-1,785.44,885.15,117.83,105.59,0.06,-1,-1,-1
58,-1,1163.43,698.93,10.34,9.44,0.06,-1,-1,-1
58,-1,917.04,1.83,821.17,806.53,0.06,-1,-1,-1
58,-1,1321.78,976.84,46.61,29.24,0.06,-1,-1,-1
59,-1,411.71,0.68,776.42,782.90,0.83,-1,-1,-1
59,-1,1834.61,827.52,235.73,84.46,0.47,-1,-1,-1
59,-1,2020.56,868.15,52.15,38.69,0.44,-1,-1,-1
59,-1,1351.52,984.92,48.04,26.99,0.24,-1,-1,-1
59,-1,1576.38,877.26,31.73,41.10,0.19,-1,-1,-1
59,-1,2359.21,1008.76,182.49,101.16,0.16,-1,-1,-1
59,-1,1351.90,984.77,47.41,27.30,0.15,-1,-1,-1
59,-1,1396.45,961.38,23.75,45.69,0.10,-1,-1,-1
59,-1,1076.02,103.47,825.43,845.24,0.10,-1,-1,-1
59,-1,422.89,4.48,709.42,823.92,0.09,-1,-1,-1
59,-1,1350.86,959.43,69.21,53.67,0.09,-1,-1,-1
59,-1,390.44,944.14,157.60,98.01,0.07,-1,-1,-1
59,-1,1330.31,196.97,825.48,841.32,0.06,-1,-1,-1
59,-1,390.36,944.40,157.81,97.69,0.05,-1,-1,-1
59,-1,2152.09,1020.50,14.82,10.37,0.05,-1,-1,-1
59,-1,1831.81,65.97,728.07,858.08,0.05,-1,-1,-1
59,-1,1711.09,790.08,18.80,42.59,0.05,-1,-1,-1
59,-1,1361.80,165.41,827.50,848.43,0.05,-1,-1,-1
60,-1,498.56,2.90,766.20,677.25,0.85,-1,-1,-1
60,-1,1852.94,856.16,287.08,96.21,0.25,-1,-1,-1
60,-1,916.37,71.62,823.70,839.11,0.17,-1,-1,-1
60,-1,446.94,928.03,159.48,93.62,0.14,-1,-1,-1
60,-1,2083.87,900.02,52.73,41.26,0.14,-1,-1,-1
60,-1,1998.16,1235.02,170.70,130.76,0.13,-1,-1,-1
60,-1,1402.02,996.77,48.36,26.48,0.13,-1,-1,-1
60,-1,1331.18,167.65,824.69,838.96,0.08,-1,-1,-1
60,-1,1759.88,234.49,798.31,841.14,0.08,-1,-1,-1
60,-1,420.74,-0.71,722.32,812.25,0.07,-1,-1,-1
60,-1,1759.82,205.13,797.76,837.54,0.07,-1,-1,-1
60,-1,1276.99,1155.61,33.22,22.63,0.07,-1,-1,-1
60,-1,447.34,928.24,159.04,93.43,0.07,-1,-1,-1
60,-1,0.99,559.49,99.26,307.64,0.06,-1,-1,-1
60,-1,1257.31,707.05,10.95,9.20,0.06,-1,-1,-1
60,-1,1400.91,970.98,70.49,53.73,0.06,-1,-1,-1
61,-1,494.36,928.78,157.40,78.76,0.76,-1,-1,-1
61,-1,564.41,-1.52,774.79,790.71,0.51,-1,-1,-1
61,-1,1441.73,1009.68,50.69,27.87,0.46,-1,-1,-1
61,-1,950.54,75.11,823.44,838.43,0.33,-1,-1,-1
61,-1,522.13,0.28,794.83,807.14,0.31,-1,-1,-1
61,-1,2125.99,930.57,60.90,40.47,0.26,-1,-1,-1
61,-1,1938.21,879.56,247.98,99.41,0.14,-1,-1,-1
61,-1,1926.68,876.66,260.23,104.12,0.12,-1,-1,-1
61,-1,543.35,916.84,47.73,35.62,0.11,-1,-1,-1
61,-1,1675.11,913.63,32.06,40.64,0.11,-1,-1,-1
61,-1,544.03,914.55,107.99,53.88,0.11,-1,-1,-1
61,-1,1772.51,361.65,785.05,823.39,0.10,-1,-1,-1
61,-1,1203.28,170.80,823.68,835.26,0.10,-1,-1,-1
61,-1,1011.29,12.16,827.43,840.53,0.08,-1,-1,-1
61,-1,1663.22,991.32,34.97,25.95,0.07,-1,-1,-1
61,-1,1635.57,1068.31,17.41,20.19,0.07,-1,-1,-1
61,-1,1487.26,1006.82,20.97,27.22,0.06,-1,-1,-1
61,-1,1728.64,905.68,36.68,20.74,0.06,-1,-1,-1
62,-1,1979.96,898.82,258.43,109.16,0.51,-1,-1,-1
62,-1,626.40,1.89,779.83,707.69,0.40,-1,-1,-1
62,-1,569.61,-0.32,786.25,810.13,0.26,-1,-1,-1
62,-1,1720.41,931.03,34.03,42.34,0.17,-1,-1,-1
62,-1,2182.70,961.01,55.68,39.94,0.16,-1,-1,-1
62,-1,542.07,904.40,159.81,91.87,0.15,-1,-1,-1
62,-1,1330.89,232.26,826.47,836.83,0.15,-1,-1,-1
62,-1,1172.86,0.91,822.97,811.74,0.09,-1,-1,-1
62,-1,1483.37,1021.78,48.99,28.67,0.08,-1,-1,-1
62,-1,541.33,904.78,160.07,91.46,0.06,-1,-1,-1
62,-1,960.00,847.33,119.69,130.06,0.06,-1,-1,-1
62,-1,1482.65,1021.69,50.57,28.83,0.06,-1,-1,-1
62,-1,406.71,899.45,114.54,69.02,0.06,-1,-1,-1
62,-1,1981.98,899.99,256.32,105.69,0.05,-1,-1,-1
62,-1,960.81,847.45,118.94,129.60,0.05,-1,-1,-1
63,-1,565.29,904.10,157.95,89.03,0.35,-1,-1,-1
63,-1,1394.24,234.33,827.76,830.55,0.35,-1,-1,-1
63,-1,613.89,-2.45,800.98,815.13,0.33,-1,-1,-1
63,-1,629.18,-3.80,814.17,815.07,0.28,-1,-1,-1
63,-1,1108.51,75.44,825.46,842.03,0.24,-1,-1,-1
63,-1,565.79,904.46,157.44,89.05,0.23,-1,-1,-1
63,-1,2005.86,912.71,254.57,112.77,0.15,-1,-1,-1
63,-1,1108.41,111.10,825.45,836.17,0.14,-1,-1,-1
63,-1,565.19,903.45,156.57,90.74,0.12,-1,-1,-1
63,-1,982.25,852.87,116.16,129.38,0.12,-1,-1,-1
63,-1,429.58,896.38,115.90,68.76,0.10,-1,-1,-1
63,-1,1753.92,1115.11,93.92,35.75,0.10,-1,-1,-1
63,-1,1755.63,1114.49,92.35,37.82,0.09,-1,-1,-1
63,-1,1504.44,1019.50,65.75,43.57,0.09,-1,-1,-1
63,-1,1374.91,726.44,11.79,9.60,0.09,-1,-1,-1
63,-1,982.10,852.95,116.43,129.07,0.08,-1,-1,-1
63,-1,1755.56,232.25,801.34,849.22,0.06,-1,-1,-1
63,-1,1753.90,1115.62,93.97,35.03,0.06,-1,-1,-1
63,-1,1203.22,237.81,825.49,826.54,0.05,-1,-1,-1
63,-1,1393.58,169.20,828.57,844.20,0.05,-1,-1,-1
64,-1,428.82,899.67,115.42,67.03,0.39,-1,-1,-1
64,-1,630.77,-2.20,801.10,809.84,0.33,-1,-1,-1
64,-1,629.45,-0.61,780.22,809.61,0.29,-1,-1,-1
64,-1,563.91,907.32,158.01,88.90,0.23,-1,-1,-1
64,-1,1394.38,231.28,825.84,842.01,0.21,-1,-1,-1
64,-1,564.30,906.85,157.86,89.69,0.17,-1,-1,-1
64,-1,1044.89,105.32,823.76,839.13,0.15,-1,-1,-1
64,-1,1502.36,1013.65,71.12,54.25,0.15,-1,-1,-1
64,-1,1503.05,1035.82,51.09,30.34,0.13,-1,-1,-1
64,-1,1978.68,927.70,280.17,102.20,0.11,-1,-1,-1
64,-1,563.84,906.96,156.52,89.39,0.11,-1,-1,-1
64,-1,564.45,907.14,157.17,88.95,0.10,-1,-1,-1
64,-1,1330.33,167.13,827.26,846.72,0.05,-1,-1,-1
64,-1,2009.73,924.28,256.03,103.71,0.05,-1,-1,-1
65,-1,630.67,-2.48,795.84,785.93,0.59,-1,-1,-1
65,-1,1426.18,301.65,825.16,797.52,0.43,-1,-1,-1
65,-1,623.29,1.60,752.06,797.17,0.36,-1,-1,-1
65,-1,2209.36,989.96,55.37,38.88,0.35,-1,-1,-1
65,-1,1762.35,2.46,795.80,804.48,0.24,-1,-1,-1
65,-1,424.43,906.23,116.50,66.32,0.21,-1,-1,-1
65,-1,560.22,914.28,159.91,91.36,0.15,-1,-1,-1
65,-1,1076.25,109.18,824.63,836.25,0.15,-1,-1,-1
65,-1,557.75,911.65,162.16,95.81,0.14,-1,-1,-1
65,-1,560.28,912.72,159.35,92.59,0.10,-1,-1,-1
65,-1,560.23,914.41,159.72,90.99,0.10,-1,-1,-1
65,-1,1489.43,230.85,828.09,844.27,0.10,-1,-1,-1
65,-1,1171.20,74.34,825.66,841.30,0.08,-1,-1,-1
65,-1,2019.17,932.36,235.37,105.28,0.08,-1,-1,-1
66,-1,629.28,-2.23,799.06,794.28,0.38,-1,-1,-1
66,-1,607.49,-2.32,806.40,806.05,0.35,-1,-1,-1
66,-1,2004.96,937.18,264.14,107.85,0.33,-1,-1,-1
66,-1,556.80,921.95,161.65,90.62,0.22,-1,-1,-1
66,-1,1363.42,267.60,824.79,828.44,0.21,-1,-1,-1
66,-1,426.72,910.62,291.65,103.56,0.18,-1,-1,-1
66,-1,2007.86,937.63,261.37,105.40,0.17,-1,-1,-1
66,-1,556.95,922.55,161.60,90.46,0.15,-1,-1,-1
66,-1,986.06,103.68,819.91,844.17,0.13,-1,-1,-1
66,-1,422.69,913.21,117.13,69.91,0.13,-1,-1,-1
66,-1,1137.99,42.59,828.52,843.18,0.12,-1,-1,-1
66,-1,984.16,172.82,820.59,842.25,0.12,-1,-1,-1
66,-1,2200.58,996.64,68.56,41.94,0.10,-1,-1,-1
66,-1,557.04,921.67,161.42,91.47,0.09,-1,-1,-1
66,-1,1503.43,1051.91,52.50,30.25,0.08,-1,-1,-1
66,-1,1502.91,1027.17,71.60,56.32,0.08,-1,-1,-1
66,-1,1236.39,266.75,822.86,834.47,0.08,-1,-1,-1
66,-1,1374.32,741.15,12.01,9.12,0.07,-1,-1,-1
66,-1,1330.31,232.74,825.53,839.61,0.07,-1,-1,-1
66,-1,2338.38,1169.62,13.92,10.55,0.06,-1,-1,-1
66,-1,980.64,866.78,116.93,133.99,0.05,-1,-1,-1
66,-1,1374.23,741.17,11.92,8.95,0.05,-1,-1,-1
67,-1,1076.66,137.98,823.83,838.87,0.29,-1,-1,-1
67,-1,554.43,923.52,162.38,97.74,0.22,-1,-1,-1
67,-1,1744.37,969.17,34.41,42.50,0.22,-1,-1,-1
67,-1,603.35,3.84,781.93,824.21,0.19,-1,-1,-1
67,-1,555.91,927.38,160.57,93.14,0.14,-1,-1,-1
67,-1,624.42,-1.87,816.26,804.29,0.14,-1,-1,-1
67,-1,1042.66,72.15,826.95,845.09,0.11,-1,-1,-1
67,-1,987.34,203.60,817.58,838.59,0.10,-1,-1,-1
67,-1,1373.17,746.70,11.78,10.02,0.07,-1,-1,-1
67,-1,2211.20,1004.06,57.76,40.14,0.07,-1,-1,-1
67,-1,419.96,921.00,116.31,69.59,0.07,-1,-1,-1
67,-1,1362.18,199.15,827.39,846.37,0.07,-1,-1,-1
67,-1,555.78,928.96,161.17,91.81,0.07,-1,-1,-1
67,-1,1502.80,1060.57,53.01,30.10,0.06,-1,-1,-1
67,-1,1502.35,1060.56,52.84,30.15,0.06,-1,-1,-1
68,-1,1976.95,938.02,296.71,123.67,0.51,-1,-1,-1
68,-1,626.07,0.73,793.39,750.48,0.42,-1,-1,-1
68,-1,416.91,929.13,115.90,67.24,0.39,-1,-1,-1
68,-1,611.80,-1.72,768.24,782.59,0.37,-1,-1,-1
68,-1,551.72,935.32,163.11,94.96,0.30,-1,-1,-1
68,-1,1076.92,104.99,823.20,843.93,0.25,-1,-1,-1
68,-1,553.28,936.94,161.09,92.44,0.23,-1,-1,-1
68,-1,552.89,937.63,161.94,91.89,0.21,-1,-1,-1
68,-1,486.30,593.40,97.86,84.77,0.15,-1,-1,-1
68,-1,1967.60,575.34,10.55,11.78,0.14,-1,-1,-1
68,-1,2202.14,1011.75,68.18,42.91,0.13,-1,-1,-1
68,-1,1372.35,753.01,12.50,10.43,0.13,-1,-1,-1
68,-1,976.03,881.68,120.09,135.15,0.10,-1,-1,-1
68,-1,1395.26,294.14,825.16,840.32,0.10,-1,-1,-1
68,-1,2246.99,614.40,9.66,15.52,0.10,-1,-1,-1
68,-1,553.17,937.42,161.95,92.30,0.09,-1,-1,-1
68,-1,2240.72,601.03,14.94,28.95,0.08,-1,-1,-1
68,-1,2421.79,166.54,13.88,10.97,0.07,-1,-1,-1
68,-1,1077.99,205.76,822.49,832.17,0.07,-1,-1,-1
68,-1,2214.09,1011.78,56.13,40.57,0.06,-1,-1,-1
69,-1,628.10,1.63,791.10,755.88,0.66,-1,-1,-1
69,-1,552.90,947.08,159.80,87.48,0.47,-1,-1,-1
69,-1,1974.50,954.08,297.36,109.57,0.39,-1,-1,-1
69,-1,578.19,1.26,779.37,797.15,0.28,-1,-1,-1
69,-1,551.32,938.59,163.19,97.10,0.22,-1,-1,-1
69,-1,993.19,136.40,810.58,842.95,0.20,-1,-1,-1
69,-1,2215.72,1016.90,55.55,38.80,0.15,-1,-1,-1
69,-1,978.58,936.73,117.13,86.13,0.11,-1,-1,-1
69,-1,978.98,939.10,60.50,36.03,0.11,-1,-1,-1
69,-1,1372.41,758.42,11.06,9.28,0.11,-1,-1,-1
69,-1,1372.40,758.39,11.58,9.26,0.06,-1,-1,-1
69,-1,1265.69,199.47,827.52,843.63,0.05,-1,-1,-1
70,-1,1203.80,2.60,826.15,797.02,0.53,-1,-1,-1
70,-1,549.64,953.84,159.25,91.02,0.53,-1,-1,-1
70,-1,2218.49,1025.58,58.27,39.95,0.53,-1,-1,-1
70,-1,606.36,-0.12,805.92,790.60,0.35,-1,-1,-1
70,-1,1975.30,963.84,302.09,110.80,0.31,-1,-1,-1
70,-1,549.80,953.31,159.71,91.93,0.20,-1,-1,-1
70,-1,595.06,4.23,764.98,824.38,0.17,-1,-1,-1
70,-1,1298.63,296.94,826.11,833.64,0.16,-1,-1,-1
70,-1,1012.73,170.25,824.18,840.27,0.12,-1,-1,-1
70,-1,983.64,2.30,820.38,802.64,0.12,-1,-1,-1
70,-1,548.75,947.53,161.28,101.07,0.12,-1,-1,-1
70,-1,1501.51,1058.70,77.10,59.44,0.11,-1,-1,-1
70,-1,974.22,895.38,122.73,137.59,0.09,-1,-1,-1
70,-1,1045.21,105.09,822.18,840.89,0.09,-1,-1,-1
70,-1,549.32,952.56,160.80,92.97,0.08,-1,-1,-1
70,-1,1330.14,199.77,826.74,845.53,0.08,-1,-1,-1
70,-1,1139.55,170.69,824.01,839.17,0.06,-1,-1,-1
70,-1,1613.34,916.57,676.22,180.98,0.06,-1,-1,-1
70,-1,1299.24,1.04,824.27,808.29,0.06,-1,-1,-1
70,-1,1762.81,3.67,791.54,803.67,0.05,-1,-1,-1
70,-1,974.48,895.20,122.71,138.47,0.05,-1,-1,-1
71,-1,609.72,2.27,805.55,784.59,0.60,-1,-1,-1
71,-1,2217.69,1032.95,57.60,41.55,0.56,-1,-1,-1
71,-1,1998.15,964.57,269.71,115.21,0.54,-1,-1,-1
71,-1,545.15,958.73,165.55,99.22,0.21,-1,-1,-1
71,-1,545.76,958.10,162.53,96.71,0.14,-1,-1,-1
71,-1,1504.18,1093.96,54.07,32.85,0.13,-1,-1,-1
71,-1,1394.63,294.77,827.73,838.22,0.13,-1,-1,-1
71,-1,1999.45,962.67,128.99,95.09,0.13,-1,-1,-1
71,-1,1108.28,103.07,825.16,845.88,0.10,-1,-1,-1
71,-1,972.55,901.65,121.50,139.78,0.09,-1,-1,-1
71,-1,1501.70,1075.08,74.59,53.80,0.09,-1,-1,-1
71,-1,545.80,960.38,163.51,94.05,0.08,-1,-1,-1
71,-1,2340.80,213.88,19.55,22.09,0.08,-1,-1,-1
71,-1,546.01,960.25,163.30,94.61,0.08,-1,-1,-1
71,-1,1171.67,200.86,825.31,844.20,0.07,-1,-1,-1
71,-1,631.62,68.26,695.84,835.72,0.06,-1,-1,-1
71,-1,2082.90,1019.96,180.82,58.91,0.06,-1,-1,-1
71,-1,2092.80,1022.32,35.55,34.59,0.06,-1,-1,-1
72,-1,607.85,1.58,805.85,782.21,0.49,-1,-1,-1
72,-1,543.73,969.24,161.09,93.64,0.32,-1,-1,-1
72,-1,542.07,965.67,163.79,98.49,0.30,-1,-1,-1
72,-1,406.70,961.01,117.24,69.66,0.21,-1,-1,-1
72,-1,1362.62,330.85,823.14,824.86,0.20,-1,-1,-1
72,-1,1178.81,-1.01,819.72,801.00,0.17,-1,-1,-1
72,-1,1013.56,168.54,823.92,841.59,0.16,-1,-1,-1
72,-1,2031.20,980.83,249.71,108.52,0.14,-1,-1,-1
72,-1,543.11,968.62,163.04,94.16,0.13,-1,-1,-1
72,-1,543.48,968.13,161.25,94.59,0.12,-1,-1,-1
72,-1,1172.35,268.81,824.63,837.34,0.10,-1,-1,-1
72,-1,2032.12,981.13,244.68,108.13,0.09,-1,-1,-1
72,-1,1139.10,168.98,824.86,844.90,0.08,-1,-1,-1
72,-1,1521.14,-2.15,829.54,809.41,0.07,-1,-1,-1
72,-1,1760.27,363.40,795.41,839.81,0.06,-1,-1,-1
72,-1,604.86,3.67,707.30,817.19,0.06,-1,-1,-1
72,-1,691.88,1.54,700.18,517.97,0.06,-1,-1,-1
72,-1,2219.28,1043.09,58.42,39.49,0.05,-1,-1,-1
73,-1,602.74,1.82,812.23,791.85,0.54,-1,-1,-1
73,-1,539.09,972.13,164.52,103.82,0.40,-1,-1,-1
73,-1,2031.51,986.31,249.13,113.79,0.32,-1,-1,-1
73,-1,1363.13,365.63,824.48,794.15,0.28,-1,-1,-1
73,-1,592.49,3.77,764.67,810.95,0.22,-1,-1,-1
73,-1,1075.50,133.48,825.89,848.43,0.16,-1,-1,-1
73,-1,540.44,979.03,162.50,93.38,0.15,-1,-1,-1
73,-1,2224.67,1049.15,56.72,40.58,0.15,-1,-1,-1
73,-1,1505.32,1113.92,51.40,32.02,0.11,-1,-1,-1
73,-1,1298.96,201.63,828.27,843.94,0.10,-1,-1,-1
73,-1,403.95,968.79,117.29,76.81,0.08,-1,-1,-1
73,-1,1505.25,1114.00,51.74,32.19,0.07,-1,-1,-1
73,-1,1371.74,786.08,11.12,9.56,0.07,-1,-1,-1
73,-1,540.09,974.80,163.08,97.11,0.06,-1,-1,-1
73,-1,470.74,623.19,100.30,89.46,0.06,-1,-1,-1
73,-1,2222.08,1049.45,59.45,41.29,0.06,-1,-1,-1
73,-1,540.67,978.34,162.11,93.95,0.06,-1,-1,-1
74,-1,598.63,1.46,815.58,800.23,0.49,-1,-1,-1
74,-1,550.93,4.06,806.01,812.37,0.42,-1,-1,-1
74,-1,2028.96,992.22,252.09,110.54,0.34,-1,-1,-1
74,-1,539.12,983.74,164.56,95.16,0.26,-1,-1,-1
74,-1,539.39,982.80,163.42,96.16,0.25,-1,-1,-1
74,-1,538.02,977.94,165.56,102.82,0.19,-1,-1,-1
74,-1,540.12,983.24,162.80,96.02,0.15,-1,-1,-1
74,-1,401.86,973.42,118.73,70.64,0.14,-1,-1,-1
74,-1,1393.92,295.45,826.41,841.54,0.13,-1,-1,-1
74,-1,539.73,984.32,163.64,94.68,0.08,-1,-1,-1
74,-1,1504.52,1100.11,72.08,53.98,0.08,-1,-1,-1
74,-1,1105.59,132.00,828.16,848.90,0.07,-1,-1,-1
74,-1,1505.20,1119.14,53.47,32.16,0.05,-1,-1,-1
75,-1,602.61,2.24,815.61,804.76,0.29,-1,-1,-1
75,-1,537.94,986.43,163.00,102.54,0.28,-1,-1,-1
75,-1,2219.17,1061.83,64.79,42.58,0.23,-1,-1,-1
75,-1,2038.46,1002.89,245.87,112.22,0.20,-1,-1,-1
75,-1,966.40,933.33,123.37,141.11,0.20,-1,-1,-1
75,-1,984.77,136.77,822.36,843.18,0.18,-1,-1,-1
75,-1,1236.24,234.41,822.65,840.02,0.16,-1,-1,-1
75,-1,2218.42,1061.57,65.65,43.72,0.14,-1,-1,-1
75,-1,538.42,992.74,162.27,94.15,0.12,-1,-1,-1
75,-1,1758.04,381.08,798.28,860.98,0.11,-1,-1,-1
75,-1,538.16,991.76,162.39,95.06,0.11,-1,-1,-1
75,-1,538.41,990.15,161.86,96.63,0.10,-1,-1,-1
75,-1,558.15,-0.87,798.76,803.97,0.10,-1,-1,-1
75,-1,538.47,993.51,162.10,93.44,0.10,-1,-1,-1
75,-1,1172.42,170.80,824.07,842.16,0.08,-1,-1,-1
75,-1,1370.59,795.60,12.27,10.71,0.08,-1,-1,-1
75,-1,984.44,233.99,820.24,840.68,0.07,-1,-1,-1
75,-1,965.68,933.46,124.43,141.11,0.07,-1,-1,-1
75,-1,1370.69,796.04,12.27,10.20,0.07,-1,-1,-1
75,-1,1504.75,1113.18,72.20,50.28,0.06,-1,-1,-1
76,-1,653.75,3.79,775.70,774.46,0.65,-1,-1,-1
76,-1,534.25,995.99,161.48,102.99,0.48,-1,-1,-1
76,-1,394.79,991.29,118.55,69.63,0.24,-1,-1,-1
76,-1,965.70,942.37,123.90,141.02,0.17,-1,-1,-1
76,-1,2038.70,1010.84,250.26,108.61,0.14,-1,-1,-1
76,-1,536.07,999.23,160.99,98.56,0.13,-1,-1,-1
76,-1,536.67,999.55,160.43,98.31,0.10,-1,-1,-1
76,-1,1076.14,134.51,824.13,846.74,0.09,-1,-1,-1
76,-1,1370.41,804.42,12.56,9.62,0.08,-1,-1,-1
76,-1,535.92,997.41,160.68,99.98,0.07,-1,-1,-1
76,-1,1370.52,804.67,12.47,9.35,0.07,-1,-1,-1
76,-1,965.39,942.31,124.37,140.71,0.06,-1,-1,-1
76,-1,1459.19,325.56,824.43,842.58,0.06,-1,-1,-1
77,-1,599.47,3.02,815.83,792.48,0.68,-1,-1,-1
77,-1,1979.55,1021.07,310.36,114.79,0.38,-1,-1,-1
77,-1,532.46,1005.57,160.19,100.68,0.24,-1,-1,-1
77,-1,1075.13,201.19,825.02,832.31,0.21,-1,-1,-1
77,-1,550.09,3.36,783.87,810.31,0.18,-1,-1,-1
77,-1,532.46,1012.92,161.08,92.28,0.16,-1,-1,-1
77,-1,532.45,1011.78,160.96,92.65,0.12,-1,-1,-1
77,-1,532.51,1012.91,161.16,91.95,0.12,-1,-1,-1
77,-1,1370.48,812.69,10.39,9.04,0.10,-1,-1,-1
77,-1,962.78,948.63,125.11,145.96,0.10,-1,-1,-1
77,-1,391.49,999.33,119.28,71.05,0.10,-1,-1,-1
77,-1,2143.03,609.38,9.62,16.60,0.10,-1,-1,-1
77,-1,1503.27,1128.55,73.71,56.71,0.09,-1,-1,-1
77,-1,581.40,1005.79,52.41,37.76,0.08,-1,-1,-1
77,-1,2116.81,96.74,12.04,14.34,0.07,-1,-1,-1
77,-1,533.14,1011.20,161.02,93.44,0.06,-1,-1,-1
77,-1,1012.30,235.70,824.29,834.66,0.06,-1,-1,-1
77,-1,962.62,948.94,125.43,145.51,0.05,-1,-1,-1
78,-1,600.06,1.87,813.90,811.79,0.35,-1,-1,-1
78,-1,525.00,1012.39,166.29,108.15,0.28,-1,-1,-1
78,-1,2014.02,1024.93,276.81,112.15,0.26,-1,-1,-1
78,-1,527.17,1013.76,164.12,103.26,0.21,-1,-1,-1
78,-1,561.69,3.17,796.54,819.87,0.17,-1,-1,-1
78,-1,527.14,1014.49,164.65,102.57,0.16,-1,-1,-1
78,-1,982.59,202.34,823.78,840.60,0.14,-1,-1,-1
78,-1,1810.62,1049.20,39.00,20.39,0.10,-1,-1,-1
78,-1,528.11,1015.27,163.33,101.85,0.10,-1,-1,-1
78,-1,1739.05,1138.90,36.36,35.38,0.09,-1,-1,-1
78,-1,1753.46,1070.00,28.97,28.57,0.07,-1,-1,-1
78,-1,982.54,136.06,824.57,846.19,0.06,-1,-1,-1
78,-1,1370.30,818.21,11.47,9.59,0.06,-1,-1,-1
78,-1,1760.82,395.48,794.90,838.68,0.06,-1,-1,-1
78,-1,1753.20,1052.84,40.90,46.26,0.06,-1,-1,-1
78,-1,1506.85,1158.38,54.81,35.11,0.06,-1,-1,-1
78,-1,982.52,232.71,822.95,843.10,0.05,-1,-1,-1
78,-1,1681.27,1016.16,632.50,153.69,0.05,-1,-1,-1
79,-1,525.36,1016.18,165.27,106.95,0.53,-1,-1,-1
79,-1,601.64,2.60,811.03,809.07,0.47,-1,-1,-1
79,-1,560.44,3.78,799.16,818.12,0.35,-1,-1,-1
79,-1,2022.11,1030.42,273.34,112.25,0.32,-1,-1,-1
79,-1,1235.68,268.13,826.44,835.03,0.23,-1,-1,-1
79,-1,525.56,1023.10,165.61,98.81,0.14,-1,-1,-1
79,-1,962.55,200.40,811.00,846.66,0.11,-1,-1,-1
79,-1,1811.48,1052.50,38.81,22.28,0.11,-1,-1,-1
79,-1,958.06,265.51,814.80,846.52,0.11,-1,-1,-1
79,-1,2227.38,1094.10,67.76,42.09,0.11,-1,-1,-1
79,-1,1521.67,0.77,826.59,808.09,0.09,-1,-1,-1
79,-1,1203.63,330.88,825.44,837.74,0.09,-1,-1,-1
79,-1,525.25,1022.48,166.29,99.67,0.09,-1,-1,-1
79,-1,525.04,1017.89,166.20,103.78,0.09,-1,-1,-1
79,-1,1506.00,1147.75,71.72,52.86,0.07,-1,-1,-1
79,-1,1489.78,360.18,826.04,841.27,0.06,-1,-1,-1
79,-1,2034.14,1031.38,263.61,108.39,0.05,-1,-1,-1
79,-1,1811.05,1052.33,39.58,22.44,0.05,-1,-1,-1
80,-1,600.41,2.15,809.06,809.50,0.58,-1,-1,-1
80,-1,522.54,1028.05,164.36,104.18,0.34,-1,-1,-1
80,-1,593.47,3.33,764.61,817.65,0.31,-1,-1,-1
80,-1,525.22,1031.27,161.67,99.80,0.27,-1,-1,-1
80,-1,2007.91,1039.14,288.99,112.74,0.22,-1,-1,-1
80,-1,1044.19,166.87,823.64,845.46,0.20,-1,-1,-1
80,-1,2221.94,1103.04,75.08,43.77,0.16,-1,-1,-1
80,-1,383.34,1021.30,119.81,71.46,0.12,-1,-1,-1
80,-1,524.13,1030.41,163.39,99.89,0.11,-1,-1,-1
80,-1,524.21,1031.38,163.76,99.16,0.11,-1,-1,-1
80,-1,1814.75,1061.09,36.76,21.88,0.10,-1,-1,-1
80,-1,1755.99,1067.93,35.95,44.92,0.09,-1,-1,-1
80,-1,524.72,1030.05,162.23,100.80,0.09,-1,-1,-1
80,-1,1618.78,2.07,824.61,805.60,0.08,-1,-1,-1
80,-1,1506.89,1172.85,71.68,37.74,0.07,-1,-1,-1
80,-1,1233.72,-1.00,827.69,812.32,0.06,-1,-1,-1
80,-1,1507.55,1174.52,58.10,34.57,0.05,-1,-1,-1
80,-1,2047.47,1040.84,76.06,49.92,0.05,-1,-1,-1
81,-1,603.57,3.77,801.19,815.76,0.64,-1,-1,-1
81,-1,1999.78,1045.60,299.32,111.28,0.42,-1,-1,-1
81,-1,521.79,1042.81,163.14,93.92,0.38,-1,-1,-1
81,-1,520.28,1033.06,165.33,107.48,0.25,-1,-1,-1
81,-1,1075.99,201.75,823.47,841.05,0.17,-1,-1,-1
81,-1,2243.22,1111.02,56.18,42.53,0.13,-1,-1,-1
81,-1,381.49,1029.52,119.18,76.51,0.13,-1,-1,-1
81,-1,956.66,977.60,125.37,146.98,0.12,-1,-1,-1
81,-1,1816.55,1069.67,35.95,21.07,0.12,-1,-1,-1
81,-1,1506.37,1164.61,72.90,61.75,0.11,-1,-1,-1
81,-1,521.88,1041.14,162.97,94.93,0.11,-1,-1,-1
81,-1,2020.71,1047.34,128.48,89.18,0.10,-1,-1,-1
81,-1,1370.35,836.53,11.88,9.10,0.10,-1,-1,-1
81,-1,956.38,977.68,125.59,146.80,0.09,-1,-1,-1
81,-1,593.62,12.63,729.17,833.41,0.08,-1,-1,-1
81,-1,1266.95,0.80,825.38,809.14,0.07,-1,-1,-1
81,-1,1756.71,200.33,802.34,842.58,0.07,-1,-1,-1
81,-1,1171.33,169.10,826.32,844.02,0.07,-1,-1,-1
81,-1,975.71,263.26,795.19,843.21,0.06,-1,-1,-1
81,-1,1235.54,0.77,824.12,804.82,0.06,-1,-1,-1
81,-1,1757.42,1074.02,35.94,47.14,0.06,-1,-1,-1
81,-1,1585.73,1.00,827.14,808.73,0.05,-1,-1,-1
82,-1,600.32,4.02,810.62,819.25,0.45,-1,-1,-1
82,-1,517.90,1044.11,165.74,106.10,0.41,-1,-1,-1
82,-1,519.68,1046.48,164.99,103.46,0.20,-1,-1,-1
82,-1,1998.46,1048.25,301.86,130.20,0.17,-1,-1,-1
82,-1,519.51,1045.06,164.99,104.68,0.16,-1,-1,-1
82,-1,378.12,1037.98,119.89,70.66,0.12,-1,-1,-1
82,-1,1758.59,168.40,797.87,844.10,0.11,-1,-1,-1
82,-1,1299.59,1.64,824.67,808.48,0.11,-1,-1,-1
82,-1,2244.45,1120.21,57.28,42.83,0.10,-1,-1,-1
82,-1,519.64,1046.10,165.34,103.68,0.09,-1,-1,-1
82,-1,1075.69,199.64,825.20,847.27,0.09,-1,-1,-1
82,-1,1394.65,392.74,825.11,836.16,0.08,-1,-1,-1
82,-1,957.67,985.20,125.91,150.92,0.07,-1,-1,-1
82,-1,1993.38,1051.25,157.91,106.33,0.06,-1,-1,-1
82,-1,552.30,38.79,742.45,836.65,0.05,-1,-1,-1
83,-1,516.69,1059.52,164.60,96.90,0.52,-1,-1,-1
83,-1,2047.68,1062.73,256.46,115.78,0.41,-1,-1,-1
83,-1,519.09,1058.19,162.15,98.42,0.34,-1,-1,-1
83,-1,516.50,1048.14,167.46,111.03,0.21,-1,-1,-1
83,-1,2238.81,1128.40,64.64,42.83,0.18,-1,-1,-1
83,-1,1331.94,360.06,825.24,842.30,0.15,-1,-1,-1
83,-1,954.59,993.04,128.73,151.90,0.13,-1,-1,-1
83,-1,1760.33,428.39,794.99,832.16,0.13,-1,-1,-1
83,-1,1013.24,198.39,824.43,845.99,0.09,-1,-1,-1
83,-1,1297.34,-0.48,825.86,810.61,0.08,-1,-1,-1
83,-1,1370.37,849.31,10.94,9.97,0.08,-1,-1,-1
83,-1,656.26,-0.61,786.18,780.17,0.08,-1,-1,-1
83,-1,1427.57,328.07,825.90,844.57,0.08,-1,-1,-1
83,-1,1331.71,423.11,825.15,835.05,0.07,-1,-1,-1
83,-1,523.94,9.17,805.07,841.40,0.07,-1,-1,-1
83,-1,2230.73,728.01,10.13,13.28,0.06,-1,-1,-1
83,-1,955.20,992.21,128.45,153.86,0.06,-1,-1,-1
83,-1,517.27,1058.44,164.44,96.79,0.05,-1,-1,-1
83,-1,1107.51,295.97,826.50,844.39,0.05,-1,-1,-1
84,-1,2022.58,1045.33,283.07,134.58,0.45,-1,-1,-1
84,-1,514.57,1062.93,164.74,96.97,0.36,-1,-1,-1
84,-1,597.72,6.86,812.07,834.74,0.34,-1,-1,-1
84,-1,514.65,1061.66,164.81,98.06,0.32,-1,-1,-1
84,-1,2025.65,1042.97,129.53,114.93,0.28,-1,-1,-1
84,-1,512.63,1054.28,167.80,108.58,0.19,-1,-1,-1
84,-1,571.71,12.40,782.77,835.01,0.18,-1,-1,-1
84,-1,1508.34,1209.66,61.80,38.09,0.10,-1,-1,-1
84,-1,516.36,1061.37,163.62,97.37,0.08,-1,-1,-1
84,-1,1266.99,360.30,826.25,840.59,0.08,-1,-1,-1
84,-1,1013.30,199.88,822.70,846.45,0.07,-1,-1,-1
84,-1,1678.25,1036.47,638.29,153.51,0.06,-1,-1,-1
84,-1,1370.58,853.73,11.02,10.23,0.06,-1,-1,-1
84,-1,960.23,1056.46,67.08,41.85,0.06,-1,-1,-1
85,-1,598.57,6.44,813.43,836.62,0.33,-1,-1,-1
85,-1,2246.63,1139.77,61.94,43.96,0.28,-1,-1,-1
85,-1,508.98,1059.60,168.43,114.16,0.23,-1,-1,-1
85,-1,508.94,1067.44,168.01,103.01,0.22,-1,-1,-1
85,-1,2017.38,1071.30,291.01,117.27,0.22,-1,-1,-1
85,-1,562.97,41.87,745.43,838.83,0.22,-1,-1,-1
85,-1,510.67,1066.38,165.98,104.81,0.14,-1,-1,-1
85,-1,982.06,200.47,825.21,840.44,0.13,-1,-1,-1
85,-1,1266.61,329.53,826.33,840.63,0.11,-1,-1,-1
85,-1,1368.52,859.49,10.33,10.07,0.09,-1,-1,-1
85,-1,510.76,1066.22,165.33,104.14,0.06,-1,-1,-1
85,-1,2028.38,1075.12,128.05,91.70,0.06,-1,-1,-1
85,-1,1107.58,170.30,824.97,843.88,0.05,-1,-1,-1
86,-1,507.44,1080.92,166.73,95.91,0.41,-1,-1,-1
86,-1,369.78,1067.08,304.62,110.87,0.32,-1,-1,-1
86,-1,508.48,1079.90,165.48,99.13,0.24,-1,-1,-1
86,-1,655.01,-0.85,764.74,743.52,0.22,-1,-1,-1
86,-1,572.38,8.77,815.03,838.84,0.21,-1,-1,-1
86,-1,507.54,1079.53,165.93,98.81,0.20,-1,-1,-1
86,-1,2054.21,1076.37,257.79,128.75,0.19,-1,-1,-1
86,-1,1236.12,1.85,822.48,800.11,0.10,-1,-1,-1
86,-1,2143.92,516.80,19.97,15.31,0.10,-1,-1,-1
86,-1,554.11,-0.09,804.33,811.15,0.09,-1,-1,-1
86,-1,981.45,198.68,824.53,848.78,0.08,-1,-1,-1
86,-1,1758.93,490.56,796.80,829.48,0.07,-1,-1,-1
86,-1,2144.17,518.26,16.33,13.03,0.07,-1,-1,-1
86,-1,1369.99,866.10,11.76,10.50,0.06,-1,-1,-1
86,-1,536.52,1073.83,134.47,95.87,0.06,-1,-1,-1
86,-1,1821.16,1107.28,40.26,21.93,0.05,-1,-1,-1
87,-1,504.56,1087.52,168.00,104.08,0.44,-1,-1,-1
87,-1,577.47,33.40,806.65,841.50,0.34,-1,-1,-1
87,-1,505.35,1089.38,166.46,103.59,0.24,-1,-1,-1
87,-1,2039.30,1093.17,277.86,113.64,0.16,-1,-1,-1
87,-1,1236.35,-0.80,824.13,805.07,0.13,-1,-1,-1
87,-1,2256.30,1158.78,58.75,42.94,0.13,-1,-1,-1
87,-1,1822.22,1116.21,38.99,21.34,0.11,-1,-1,-1
87,-1,504.90,1088.87,167.20,103.48,0.09,-1,-1,-1
87,-1,532.31,40.88,799.37,838.64,0.09,-1,-1,-1
87,-1,1764.20,1121.11,35.95,48.08,0.08,-1,-1,-1
87,-1,1044.31,165.98,825.49,849.39,0.08,-1,-1,-1
87,-1,1459.88,390.91,824.72,844.13,0.07,-1,-1,-1
87,-1,2254.37,257.80,17.62,24.11,0.06,-1,-1,-1
87,-1,532.36,608.51,824.63,825.17,0.05,-1,-1,-1
87,-1,556.52,1081.04,55.18,39.97,0.05,-1,-1,-1
87,-1,1660.47,1116.83,13.63,9.33,0.05,-1,-1,-1
88,-1,2010.47,1096.57,303.11,118.71,0.48,-1,-1,-1
88,-1,595.32,6.15,810.23,839.28,0.37,-1,-1,-1
88,-1,502.44,1096.10,165.96,107.15,0.31,-1,-1,-1
88,-1,433.08,707.65,107.00,96.44,0.28,-1,-1,-1
88,-1,503.87,1096.00,164.66,107.80,0.26,-1,-1,-1
88,-1,502.38,1095.23,166.44,107.71,0.25,-1,-1,-1
88,-1,1776.88,2.45,780.42,801.87,0.25,-1,-1,-1
88,-1,2256.13,1167.78,58.87,44.83,0.14,-1,-1,-1
88,-1,464.12,1088.22,203.53,117.49,0.12,-1,-1,-1
88,-1,1043.71,200.74,826.25,845.69,0.10,-1,-1,-1
88,-1,1369.42,880.86,11.06,10.13,0.09,-1,-1,-1
88,-1,359.44,1084.42,123.10,73.54,0.09,-1,-1,-1
88,-1,2059.79,1101.43,80.40,54.96,0.08,-1,-1,-1
88,-1,2059.39,1101.51,80.92,54.85,0.08,-1,-1,-1
88,-1,380.60,707.14,161.62,147.12,0.07,-1,-1,-1
88,-1,2004.58,1099.30,153.71,108.57,0.06,-1,-1,-1
88,-1,497.79,3.27,786.27,829.03,0.05,-1,-1,-1
88,-1,503.05,1096.64,165.16,106.86,0.05,-1,-1,-1
89,-1,500.22,1099.91,166.70,106.92,0.34,-1,-1,-1
89,-1,2001.77,1102.99,314.40,122.64,0.29,-1,-1,-1
89,-1,499.51,1093.46,167.77,115.83,0.26,-1,-1,-1
89,-1,1044.61,201.51,823.64,841.72,0.24,-1,-1,-1
89,-1,2243.32,1172.68,75.20,45.88,0.24,-1,-1,-1
89,-1,501.83,1098.98,165.34,109.00,0.18,-1,-1,-1
89,-1,2005.74,1104.88,159.41,108.00,0.17,-1,-1,-1
89,-1,1777.94,170.20,781.92,847.11,0.16,-1,-1,-1
89,-1,500.50,1099.97,166.94,107.25,0.15,-1,-1,-1
89,-1,544.45,42.28,742.25,838.38,0.11,-1,-1,-1
89,-1,1369.43,886.71,10.62,9.11,0.10,-1,-1,-1
89,-1,596.36,7.21,821.18,844.80,0.10,-1,-1,-1
89,-1,517.91,1.80,808.62,830.27,0.08,-1,-1,-1
89,-1,1013.98,169.24,826.05,846.45,0.06,-1,-1,-1
89,-1,1201.00,-1.30,826.74,783.00,0.06,-1,-1,-1
89,-1,959.54,297.50,815.30,839.68,0.05,-1,-1,-1
89,-1,552.15,1094.65,55.05,40.25,0.05,-1,-1,-1
90,-1,498.20,1111.25,167.20,98.86,0.71,-1,-1,-1
90,-1,576.73,37.81,803.67,841.85,0.52,-1,-1,-1
90,-1,1203.48,0.85,823.24,804.47,0.17,-1,-1,-1
90,-1,2038.41,1119.15,127.95,90.95,0.17,-1,-1,-1
90,-1,1075.41,266.99,824.92,840.98,0.13,-1,-1,-1
90,-1,589.33,167.11,688.75,843.99,0.11,-1,-1,-1
90,-1,2025.79,1115.15,282.08,119.54,0.10,-1,-1,-1
90,-1,1822.82,1206.31,14.56,10.24,0.08,-1,-1,-1
90,-1,1757.20,169.73,799.83,842.89,0.07,-1,-1,-1
90,-1,2065.72,1119.64,77.22,52.59,0.05,-1,-1,-1
90,-1,1298.76,391.31,827.16,845.82,0.05,-1,-1,-1
91,-1,494.10,1121.59,169.35,105.81,0.72,-1,-1,-1
91,-1,597.55,34.48,804.34,840.28,0.31,-1,-1,-1
91,-1,1822.67,1216.27,15.74,9.93,0.22,-1,-1,-1
91,-1,1828.50,1150.28,39.50,21.92,0.22,-1,-1,-1
91,-1,1787.79,1153.99,17.58,19.94,0.14,-1,-1,-1
91,-1,547.18,1112.75,56.41,40.32,0.12,-1,-1,-1
91,-1,1664.92,1150.69,12.18,9.56,0.11,-1,-1,-1
91,-1,1768.80,1173.04,32.31,31.60,0.10,-1,-1,-1
91,-1,1605.26,1163.99,33.62,13.32,0.10,-1,-1,-1
91,-1,1863.97,1199.62,23.59,12.66,0.10,-1,-1,-1
91,-1,544.99,71.23,812.51,833.80,0.10,-1,-1,-1
91,-1,1841.97,1195.23,17.88,12.03,0.09,-1,-1,-1
91,-1,1768.63,1173.59,30.61,31.42,0.08,-1,-1,-1
91,-1,1074.81,296.46,825.27,843.06,0.08,-1,-1,-1
91,-1,1827.91,1183.89,21.17,12.70,0.08,-1,-1,-1
91,-1,2041.46,1123.20,280.50,118.43,0.08,-1,-1,-1
91,-1,1622.32,1178.98,31.80,10.19,0.08,-1,-1,-1
91,-1,1800.26,1206.78,21.68,13.78,0.07,-1,-1,-1
91,-1,660.43,627.95,822.93,809.14,0.07,-1,-1,-1
91,-1,1236.71,1.29,822.59,804.66,0.07,-1,-1,-1
91,-1,1752.62,1247.68,39.25,40.74,0.07,-1,-1,-1
91,-1,2080.69,225.20,12.29,10.50,0.06,-1,-1,-1
91,-1,1752.93,1247.88,38.12,39.76,0.06,-1,-1,-1
91,-1,1362.26,392.34,828.87,845.00,0.06,-1,-1,-1
91,-1,495.41,1117.99,167.97,107.47,0.06,-1,-1,-1
91,-1,1781.97,17.36,773.65,837.50,0.05,-1,-1,-1
92,-1,492.17,1141.22,167.17,100.87,0.56,-1,-1,-1
92,-1,2267.89,1210.46,59.49,44.80,0.52,-1,-1,-1
92,-1,575.53,67.03,807.34,844.25,0.27,-1,-1,-1
92,-1,2069.71,1144.37,254.76,116.95,0.27,-1,-1,-1
92,-1,941.10,1070.12,132.19,166.78,0.17,-1,-1,-1
92,-1,1172.19,297.64,825.22,841.59,0.15,-1,-1,-1
92,-1,2070.66,1145.26,253.88,114.91,0.13,-1,-1,-1
92,-1,493.14,1140.32,166.48,101.08,0.12,-1,-1,-1
92,-1,941.78,1069.81,131.34,163.35,0.12,-1,-1,-1
92,-1,1369.37,916.27,10.17,10.07,0.11,-1,-1,-1
92,-1,941.01,1070.41,132.13,163.89,0.09,-1,-1,-1
92,-1,489.54,1131.16,171.10,113.89,0.08,-1,-1,-1
92,-1,575.57,197.37,694.74,845.92,0.07,-1,-1,-1
92,-1,1394.64,487.41,824.12,838.05,0.07,-1,-1,-1
92,-1,2152.81,668.59,111.59,97.12,0.06,-1,-1,-1
92,-1,659.38,1.08,766.00,699.03,0.06,-1,-1,-1
92,-1,941.02,1070.26,132.29,163.53,0.05,-1,-1,-1
92,-1,941.46,1070.47,131.49,162.93,0.05,-1,-1,-1
93,-1,573.85,98.86,809.41,839.63,0.40,-1,-1,-1
93,-1,2073.64,1193.21,258.77,122.06,0.33,-1,-1,-1
93,-1,1043.90,294.77,824.72,846.40,0.23,-1,-1,-1
93,-1,1834.37,1217.98,39.98,23.38,0.23,-1,-1,-1
93,-1,1775.25,1223.00,36.78,52.35,0.22,-1,-1,-1
93,-1,485.17,1192.98,170.71,96.65,0.19,-1,-1,-1
93,-1,940.36,1119.38,131.69,167.69,0.15,-1,-1,-1
93,-1,940.79,1119.52,132.02,167.17,0.11,-1,-1,-1
93,-1,940.54,1119.07,131.77,168.12,0.09,-1,-1,-1
93,-1,538.30,7.27,820.39,823.11,0.09,-1,-1,-1
93,-1,1775.05,1224.28,67.01,70.79,0.09,-1,-1,-1
93,-1,484.92,1192.09,171.62,98.54,0.07,-1,-1,-1
93,-1,1524.62,1046.59,13.45,12.57,0.07,-1,-1,-1
93,-1,303.49,1104.83,90.74,59.55,0.07,-1,-1,-1
93,-1,2014.50,1276.50,400.25,161.24,0.06,-1,-1,-1
93,-1,1834.50,1217.99,40.28,23.43,0.06,-1,-1,-1
93,-1,2075.25,1193.85,108.04,93.22,0.06,-1,-1,-1
93,-1,1370.68,963.05,10.65,10.31,0.06,-1,-1,-1
94,-1,481.76,1224.96,170.56,97.63,0.41,-1,-1,-1
94,-1,481.58,1224.29,170.93,97.83,0.33,-1,-1,-1
94,-1,2036.60,1227.63,147.96,99.36,0.29,-1,-1,-1
94,-1,1043.29,327.92,823.92,841.25,0.27,-1,-1,-1
94,-1,2025.44,1227.28,313.74,123.13,0.19,-1,-1,-1
94,-1,625.96,329.55,519.36,789.04,0.15,-1,-1,-1
94,-1,400.16,980.63,40.57,70.22,0.15,-1,-1,-1
94,-1,595.18,129.87,819.83,847.25,0.12,-1,-1,-1
94,-1,570.99,131.83,816.57,848.44,0.12,-1,-1,-1
94,-1,553.55,293.93,795.52,842.45,0.11,-1,-1,-1
94,-1,2134.46,997.64,21.46,30.62,0.07,-1,-1,-1
94,-1,939.35,1152.18,128.88,167.89,0.06,-1,-1,-1
94,-1,659.52,-1.50,792.81,789.41,0.06,-1,-1,-1
94,-1,1755.89,1245.30,552.59,193.23,0.05,-1,-1,-1
94,-1,339.45,608.04,825.54,822.46,0.05,-1,-1,-1
95,-1,474.64,1285.92,171.66,104.11,0.69,-1,-1,-1
95,-1,573.06,193.30,812.61,848.48,0.21,-1,-1,-1
95,-1,525.71,203.46,790.06,837.79,0.17,-1,-1,-1
95,-1,1393.56,584.11,826.48,834.88,0.17,-1,-1,-1
95,-1,1714.52,626.44,826.38,806.66,0.15,-1,-1,-1
95,-1,2085.34,1290.92,264.33,117.84,0.13,-1,-1,-1
95,-1,980.93,361.92,827.78,842.09,0.11,-1,-1,-1
95,-1,532.66,43.33,795.83,845.78,0.09,-1,-1,-1
95,-1,689.83,9.92,742.75,822.40,0.08,-1,-1,-1
95,-1,1264.81,884.98,13.23,15.75,0.07,-1,-1,-1
95,-1,2083.85,1290.85,264.23,115.14,0.07,-1,-1,-1
95,-1,1171.61,330.73,826.42,843.30,0.06,-1,-1,-1
95,-1,1623.75,1235.33,754.13,202.06,0.06,-1,-1,-1
95,-1,2012.31,227.61,14.53,23.67,0.06,-1,-1,-1
95,-1,661.58,0.53,776.87,773.21,0.06,-1,-1,-1
95,-1,1959.69,433.60,9.04,12.44,0.05,-1,-1,-1
96,-1,1299.82,611.86,824.09,819.69,0.24,-1,-1,-1
96,-1,594.89,257.22,814.79,846.87,0.21,-1,-1,-1
96,-1,534.29,266.72,791.92,838.78,0.12,-1,-1,-1
96,-1,1156.22,0.89,321.18,165.17,0.12,-1,-1,-1
96,-1,1373.22,1141.42,12.04,10.86,0.11,-1,-1,-1
96,-1,513.32,140.39,785.68,846.03,0.10,-1,-1,-1
96,-1,1773.99,328.22,783.52,847.11,0.09,-1,-1,-1
96,-1,663.09,2.30,768.77,804.78,0.09,-1,-1,-1
96,-1,270.75,606.11,835.29,827.07,0.09,-1,-1,-1
96,-1,1012.59,455.06,824.60,849.34,0.06,-1,-1,-1
96,-1,688.64,16.10,736.54,836.33,0.06,-1,-1,-1
96,-1,569.08,453.15,696.14,836.42,0.05,-1,-1,-1
97,-1,1107.21,612.48,824.85,816.94,0.39,-1,-1,-1
97,-1,595.14,415.06,818.00,851.27,0.10,-1,-1,-1
97,-1,661.09,134.33,783.89,846.44,0.08,-1,-1,-1
97,-1,544.97,580.08,806.16,844.17,0.08,-1,-1,-1
97,-1,2072.96,436.16,22.74,18.81,0.08,-1,-1,-1
97,-1,1779.28,1.59,778.08,803.48,0.06,-1,-1,-1
97,-1,516.14,265.08,812.83,848.77,0.06,-1,-1,-1
97,-1,593.11,551.68,641.37,841.18,0.05,-1,-1,-1
98,-1,1090.31,62.63,370.33,381.02,0.42,-1,-1,-1
98,-1,569.64,543.45,818.65,845.33,0.15,-1,-1,-1
98,-1,596.33,542.30,821.45,843.49,0.14,-1,-1,-1
98,-1,537.75,392.34,821.87,849.72,0.09,-1,-1,-1
98,-1,1755.36,298.40,801.83,841.88,0.06,-1,-1,-1
98,-1,1774.21,585.95,782.85,841.05,0.06,-1,-1,-1
99,-1,511.05,490.10,774.84,847.92,0.19,-1,-1,-1
99,-1,1092.12,137.91,374.48,377.21,0.14,-1,-1,-1
99,-1,1761.87,615.20,794.88,817.05,0.13,-1,-1,-1
99,-1,1299.53,631.08,823.16,804.22,0.10,-1,-1,-1
99,-1,634.86,553.39,20.07,55.10,0.10,-1,-1,-1
99,-1,567.48,605.16,820.97,829.92,0.09,-1,-1,-1
99,-1,1758.07,139.00,798.78,843.08,0.07,-1,-1,-1
99,-1,595.44,604.35,821.46,833.32,0.06,-1,-1,-1
100,-1,1098.45,274.34,360.82,362.50,0.51,-1,-1,-1
100,-1,1760.64,629.84,799.87,806.38,0.30,-1,-1,-1
100,-1,513.32,583.43,782.84,844.64,0.22,-1,-1,-1
100,-1,659.70,454.60,793.84,844.97,0.17,-1,-1,-1
100,-1,1668.19,825.81,11.26,9.41,0.11,-1,-1,-1
100,-1,1747.70,411.14,14.64,10.09,0.07,-1,-1,-1
100,-1,1427.71,628.91,824.68,803.91,0.05,-1,-1,-1
100,-1,1635.71,915.10,10.35,16.27,0.05,-1,-1,-1
101,-1,1763.32,634.89,794.79,799.89,0.47,-1,-1,-1
101,-1,517.61,657.40,771.34,778.66,0.28,-1,-1,-1
101,-1,656.58,549.29,781.33,846.38,0.17,-1,-1,-1
101,-1,1104.08,363.44,361.68,358.89,0.10,-1,-1,-1
101,-1,1104.95,362.90,361.89,359.34,0.08,-1,-1,-1
101,-1,1723.36,1097.33,20.17,15.78,0.06,-1,-1,-1
102,-1,1107.54,405.53,361.53,355.04,0.46,-1,-1,-1
102,-1,517.13,626.68,810.73,809.46,0.21,-1,-1,-1
102,-1,1778.23,615.62,782.84,818.96,0.20,-1,-1,-1
102,-1,690.08,550.97,757.87,845.25,0.08,-1,-1,-1
102,-1,1265.48,624.78,827.91,811.61,0.05,-1,-1,-1
103,-1,1108.53,404.30,362.39,351.99,0.35,-1,-1,-1
103,-1,536.69,625.10,823.34,811.15,0.20,-1,-1,-1
103,-1,1780.12,609.08,778.49,825.67,0.06,-1,-1,-1
103,-1,655.38,580.35,803.51,848.10,0.06,-1,-1,-1
104,-1,1106.59,404.69,363.41,352.59,0.24,-1,-1,-1
104,-1,1554.28,625.72,827.69,811.62,0.18,-1,-1,-1
104,-1,656.38,582.35,815.66,845.04,0.12,-1,-1,-1
104,-1,540.76,612.72,819.87,821.36,0.11,-1,-1,-1
105,-1,534.27,625.70,825.45,810.43,0.20,-1,-1,-1
105,-1,1773.64,585.15,785.29,842.55,0.16,-1,-1,-1
105,-1,2174.99,1100.61,13.52,14.98,0.11,-1,-1,-1
105,-1,655.58,580.54,820.96,849.26,0.06,-1,-1,-1
106,-1,516.05,627.61,811.18,808.73,0.31,-1,-1,-1
106,-1,1775.27,554.32,785.61,844.51,0.17,-1,-1,-1
106,-1,657.11,581.65,798.09,844.78,0.15,-1,-1,-1
106,-1,1930.72,643.13,28.67,18.58,0.08,-1,-1,-1
106,-1,1935.76,645.52,19.81,12.74,0.06,-1,-1,-1
106,-1,2168.72,754.76,9.42,18.09,0.06,-1,-1,-1
106,-1,511.60,234.13,816.11,846.90,0.06,-1,-1,-1
107,-1,540.61,613.22,819.16,821.65,0.25,-1,-1,-1
107,-1,1778.01,632.47,783.23,802.33,0.22,-1,-1,-1
107,-1,657.42,580.81,791.18,845.78,0.12,-1,-1,-1
107,-1,1993.95,901.53,19.63,16.10,0.12,-1,-1,-1
107,-1,1100.93,401.61,361.44,358.66,0.07,-1,-1,-1
107,-1,1771.12,267.83,788.01,845.63,0.07,-1,-1,-1
108,-1,526.86,625.97,800.72,810.47,0.31,-1,-1,-1
108,-1,1100.32,401.13,362.24,356.85,0.24,-1,-1,-1
108,-1,280.95,486.01,20.29,11.97,0.11,-1,-1,-1
108,-1,537.44,232.64,821.47,820.89,0.09,-1,-1,-1
108,-1,657.79,582.03,792.52,843.07,0.09,-1,-1,-1
108,-1,1096.34,401.45,362.50,360.77,0.06,-1,-1,-1
108,-1,1202.91,609.78,825.84,825.53,0.06,-1,-1,-1
109,-1,1097.96,401.57,363.85,360.47,0.25,-1,-1,-1
109,-1,658.12,583.79,783.58,842.64,0.15,-1,-1,-1
109,-1,1096.58,402.36,362.50,360.38,0.12,-1,-1,-1
109,-1,1584.60,623.11,829.16,816.15,0.12,-1,-1,-1
109,-1,1642.93,295.98,38.18,16.55,0.11,-1,-1,-1
109,-1,1204.13,607.13,826.16,826.20,0.06,-1,-1,-1
110,-1,658.00,582.43,782.56,843.24,0.14,-1,-1,-1
110,-1,1760.99,612.79,796.92,819.52,0.14,-1,-1,-1
110,-1,536.12,626.28,821.56,809.63,0.07,-1,-1,-1
110,-1,1092.89,403.71,367.49,363.20,0.07,-1,-1,-1
110,-1,1203.97,551.21,827.01,848.86,0.05,-1,-1,-1
111,-1,691.47,554.49,738.81,842.39,0.15,-1,-1,-1
111,-1,512.87,627.44,813.65,808.31,0.10,-1,-1,-1
111,-1,1330.94,627.31,824.28,808.48,0.09,-1,-1,-1
111,-1,1760.98,942.73,14.40,15.13,0.08,-1,-1,-1
111,-1,1756.66,263.13,803.16,852.36,0.07,-1,-1,-1
111,-1,690.72,608.88,738.42,824.44,0.07,-1,-1,-1
112,-1,505.24,630.19,822.76,805.93,0.11,-1,-1,-1
112,-1,659.70,582.13,776.46,846.78,0.11,-1,-1,-1
112,-1,1755.66,392.94,802.78,850.34,0.11,-1,-1,-1
112,-1,840.07,851.89,22.71,41.06,0.07,-1,-1,-1
112,-1,1079.73,409.56,374.51,363.26,0.05,-1,-1,-1
113,-1,500.05,630.36,829.93,804.68,0.24,-1,-1,-1
113,-1,1174.55,612.55,826.58,819.52,0.16,-1,-1,-1
113,-1,1070.50,421.26,408.16,371.93,0.11,-1,-1,-1
113,-1,1756.34,1007.92,12.71,14.58,0.11,-1,-1,-1
113,-1,1780.64,634.01,777.22,802.15,0.09,-1,-1,-1
113,-1,1880.75,707.32,30.85,17.24,0.09,-1,-1,-1
113,-1,1268.24,610.25,824.22,821.63,0.09,-1,-1,-1
113,-1,659.06,553.36,774.67,844.24,0.07,-1,-1,-1
113,-1,686.65,583.96,731.71,842.92,0.06,-1,-1,-1
113,-1,1772.36,291.22,787.62,857.85,0.06,-1,-1,-1
114,-1,1049.27,434.53,395.08,372.59,0.16,-1,-1,-1
114,-1,1915.58,981.63,16.11,14.10,0.14,-1,-1,-1
114,-1,656.04,583.99,752.64,845.16,0.12,-1,-1,-1
114,-1,1049.00,436.05,389.48,373.69,0.07,-1,-1,-1
114,-1,1758.48,583.52,799.37,845.49,0.07,-1,-1,-1
114,-1,444.93,626.10,817.76,807.09,0.07,-1,-1,-1
115,-1,1038.69,445.77,396.90,374.23,0.20,-1,-1,-1
115,-1,1038.39,444.98,397.99,374.73,0.15,-1,-1,-1
115,-1,657.50,583.41,766.32,846.59,0.11,-1,-1,-1
115,-1,477.48,467.69,16.76,17.20,0.06,-1,-1,-1
116,-1,419.17,490.56,49.69,25.49,0.72,-1,-1,-1
116,-1,1764.16,628.29,794.06,806.21,0.23,-1,-1,-1
116,-1,658.26,612.39,734.55,821.04,0.21,-1,-1,-1
116,-1,1020.63,465.75,408.22,377.24,0.20,-1,-1,-1
116,-1,1018.23,464.43,411.94,379.52,0.12,-1,-1,-1
116,-1,576.94,543.30,21.04,9.81,0.12,-1,-1,-1
116,-1,436.27,325.08,828.26,821.46,0.10,-1,-1,-1
116,-1,870.61,532.89,56.56,39.46,0.08,-1,-1,-1
116,-1,1796.97,642.13,10.85,14.45,0.08,-1,-1,-1
116,-1,437.02,624.04,825.40,809.14,0.07,-1,-1,-1
116,-1,1904.88,1022.23,23.30,21.91,0.07,-1,-1,-1
116,-1,2154.64,1079.53,15.94,20.47,0.07,-1,-1,-1
116,-1,1232.17,625.28,829.12,809.30,0.05,-1,-1,-1
117,-1,1775.43,612.69,784.28,820.85,0.35,-1,-1,-1
117,-1,1001.27,486.08,414.82,390.33,0.25,-1,-1,-1
117,-1,406.81,367.47,824.62,844.02,0.17,-1,-1,-1
117,-1,998.32,486.49,419.39,388.47,0.14,-1,-1,-1
117,-1,625.35,610.04,803.69,825.96,0.09,-1,-1,-1
117,-1,2101.33,1081.90,17.48,25.28,0.07,-1,-1,-1
117,-1,2001.52,945.96,18.48,16.18,0.07,-1,-1,-1
117,-1,2166.12,1098.19,12.40,11.09,0.07,-1,-1,-1
117,-1,403.62,382.06,825.78,769.35,0.05,-1,-1,-1
118,-1,377.60,396.31,821.55,843.98,0.30,-1,-1,-1
118,-1,1763.53,630.92,796.42,806.53,0.23,-1,-1,-1
118,-1,980.88,507.86,432.99,400.13,0.22,-1,-1,-1
118,-1,625.32,610.67,800.23,825.41,0.11,-1,-1,-1
118,-1,380.89,545.18,23.17,10.69,0.08,-1,-1,-1
118,-1,528.38,551.49,831.58,850.79,0.06,-1,-1,-1
119,-1,337.06,498.35,31.60,22.41,0.60,-1,-1,-1
119,-1,963.70,475.28,448.36,406.50,0.40,-1,-1,-1
119,-1,964.43,475.54,447.20,407.12,0.36,-1,-1,-1
119,-1,595.47,612.49,776.86,822.16,0.29,-1,-1,-1
119,-1,337.37,427.43,797.62,841.68,0.16,-1,-1,-1
119,-1,498.47,473.33,25.23,11.98,0.15,-1,-1,-1
119,-1,1779.21,635.32,782.80,801.89,0.10,-1,-1,-1
119,-1,499.33,552.66,828.39,848.41,0.07,-1,-1,-1
120,-1,318.39,463.89,31.87,18.08,0.28,-1,-1,-1
120,-1,318.40,463.83,31.86,18.19,0.27,-1,-1,-1
120,-1,945.79,435.53,469.44,420.15,0.27,-1,-1,-1
120,-1,625.97,612.39,776.49,821.40,0.19,-1,-1,-1
120,-1,1917.80,940.54,16.14,23.06,0.19,-1,-1,-1
120,-1,949.24,436.08,466.41,418.74,0.16,-1,-1,-1
120,-1,1773.49,588.33,784.47,837.80,0.13,-1,-1,-1
121,-1,627.48,612.03,781.54,822.35,0.21,-1,-1,-1
121,-1,926.51,407.20,491.81,435.27,0.19,-1,-1,-1
121,-1,1782.73,636.38,778.08,801.29,0.14,-1,-1,-1
121,-1,285.28,434.22,45.97,14.59,0.12,-1,-1,-1
121,-1,285.01,434.60,46.08,13.71,0.08,-1,-1,-1
121,-1,929.30,405.41,489.15,436.43,0.06,-1,-1,-1
122,-1,917.80,403.49,499.79,435.12,0.33,-1,-1,-1
122,-1,1773.54,736.26,41.95,41.78,0.25,-1,-1,-1
122,-1,272.92,421.59,44.43,17.88,0.22,-1,-1,-1
122,-1,629.19,610.62,785.83,824.60,0.14,-1,-1,-1
122,-1,564.14,612.59,822.99,820.87,0.08,-1,-1,-1
122,-1,626.03,583.45,801.93,848.39,0.08,-1,-1,-1
122,-1,263.34,520.00,809.65,843.78,0.06,-1,-1,-1
122,-1,1898.33,1042.94,11.86,11.59,0.05,-1,-1,-1
123,-1,263.24,552.74,807.70,839.58,0.35,-1,-1,-1
123,-1,907.47,393.52,515.67,446.80,0.26,-1,-1,-1
123,-1,1112.58,605.75,821.04,827.99,0.20,-1,-1,-1
123,-1,255.41,412.03,46.12,18.78,0.16,-1,-1,-1
123,-1,627.66,630.95,802.04,805.69,0.13,-1,-1,-1
123,-1,927.55,1182.27,222.88,254.52,0.12,-1,-1,-1
123,-1,1775.59,523.85,782.84,840.26,0.11,-1,-1,-1
123,-1,262.54,424.62,808.90,844.40,0.09,-1,-1,-1
123,-1,1169.44,627.95,827.16,811.21,0.07,-1,-1,-1
123,-1,1630.57,312.30,12.37,9.66,0.07,-1,-1,-1
123,-1,2097.56,789.25,13.97,11.29,0.07,-1,-1,-1
123,-1,736.73,636.54,72.62,50.10,0.06,-1,-1,-1
123,-1,561.73,631.68,829.49,804.16,0.05,-1,-1,-1
123,-1,871.36,230.03,23.72,11.02,0.05,-1,-1,-1
123,-1,498.68,609.94,830.08,824.01,0.05,-1,-1,-1
123,-1,908.60,391.26,514.17,450.79,0.05,-1,-1,-1
124,-1,892.83,388.01,538.52,454.39,0.40,-1,-1,-1
124,-1,212.66,403.10,70.91,20.24,0.33,-1,-1,-1
124,-1,248.44,586.61,793.23,840.57,0.28,-1,-1,-1
124,-1,395.46,527.70,24.82,10.82,0.27,-1,-1,-1
124,-1,1139.60,611.69,823.85,820.63,0.18,-1,-1,-1
124,-1,595.38,611.70,808.43,821.93,0.17,-1,-1,-1
124,-1,2146.06,712.57,10.63,11.40,0.13,-1,-1,-1
124,-1,1759.68,609.32,797.57,825.26,0.11,-1,-1,-1
124,-1,212.04,412.49,20.80,11.72,0.07,-1,-1,-1
124,-1,235.20,519.95,806.03,847.44,0.06,-1,-1,-1
124,-1,1362.94,628.53,825.62,806.76,0.06,-1,-1,-1
124,-1,253.95,634.46,816.88,797.83,0.06,-1,-1,-1
124,-1,212.07,411.64,20.10,12.45,0.05,-1,-1,-1
124,-1,887.60,388.04,535.03,456.88,0.05,-1,-1,-1
125,-1,233.55,614.29,805.71,817.15,0.49,-1,-1,-1
125,-1,881.12,384.09,550.88,460.47,0.44,-1,-1,-1
125,-1,594.88,613.35,803.00,820.30,0.17,-1,-1,-1
125,-1,228.50,553.94,810.92,843.64,0.14,-1,-1,-1
125,-1,1778.76,611.40,778.70,821.39,0.12,-1,-1,-1
125,-1,337.50,421.86,827.38,851.15,0.08,-1,-1,-1
125,-1,878.24,382.52,550.75,466.16,0.08,-1,-1,-1
125,-1,307.56,397.95,827.81,843.97,0.06,-1,-1,-1
126,-1,867.37,380.60,569.88,473.30,0.67,-1,-1,-1
126,-1,566.20,611.66,801.42,819.52,0.36,-1,-1,-1
126,-1,157.32,402.32,26.79,14.54,0.29,-1,-1,-1
126,-1,209.19,458.13,801.12,845.60,0.20,-1,-1,-1
126,-1,1758.71,234.20,799.72,847.17,0.17,-1,-1,-1
126,-1,671.34,741.58,82.57,55.08,0.15,-1,-1,-1
126,-1,275.59,417.96,828.66,828.88,0.12,-1,-1,-1
126,-1,339.69,457.12,826.61,844.18,0.10,-1,-1,-1
126,-1,866.18,377.35,567.58,477.86,0.09,-1,-1,-1
126,-1,838.40,181.43,32.61,10.69,0.09,-1,-1,-1
126,-1,1042.94,1.57,826.28,806.24,0.08,-1,-1,-1
126,-1,838.43,181.42,32.85,10.61,0.07,-1,-1,-1
126,-1,503.99,634.76,818.82,798.26,0.07,-1,-1,-1
126,-1,532.98,501.99,792.86,835.20,0.06,-1,-1,-1
127,-1,856.06,376.88,582.83,482.07,0.49,-1,-1,-1
127,-1,534.84,616.05,787.89,815.65,0.47,-1,-1,-1
127,-1,820.06,164.55,43.07,10.95,0.26,-1,-1,-1
127,-1,856.93,374.68,579.07,486.89,0.16,-1,-1,-1
127,-1,210.50,459.93,831.89,847.28,0.15,-1,-1,-1
127,-1,185.72,554.39,792.64,841.94,0.13,-1,-1,-1
127,-1,1775.33,611.19,784.08,825.13,0.12,-1,-1,-1
127,-1,819.95,165.04,43.20,10.15,0.11,-1,-1,-1
127,-1,275.80,523.08,828.14,843.72,0.09,-1,-1,-1
127,-1,618.29,604.22,826.52,834.42,0.08,-1,-1,-1
127,-1,412.93,474.95,13.31,12.80,0.08,-1,-1,-1
127,-1,276.15,488.87,828.40,848.08,0.07,-1,-1,-1
127,-1,642.98,793.84,87.80,53.48,0.07,-1,-1,-1
128,-1,566.01,613.58,789.55,820.66,0.44,-1,-1,-1
128,-1,208.16,613.20,769.47,816.51,0.37,-1,-1,-1
128,-1,901.29,368.24,592.66,496.80,0.37,-1,-1,-1
128,-1,899.58,368.65,593.38,497.94,0.26,-1,-1,-1
128,-1,647.53,833.12,89.67,58.57,0.22,-1,-1,-1
128,-1,186.87,359.66,27.42,15.05,0.21,-1,-1,-1
128,-1,211.66,489.92,833.06,848.83,0.19,-1,-1,-1
128,-1,497.91,555.51,825.73,844.22,0.12,-1,-1,-1
128,-1,1586.48,-1.08,828.49,809.17,0.12,-1,-1,-1
128,-1,498.98,632.30,824.46,801.42,0.11,-1,-1,-1
128,-1,1880.34,572.61,46.80,52.65,0.09,-1,-1,-1
128,-1,1758.70,553.53,798.72,847.88,0.06,-1,-1,-1
129,-1,937.79,367.26,596.63,505.10,0.42,-1,-1,-1
129,-1,203.86,633.71,777.06,800.42,0.37,-1,-1,-1
129,-1,626.61,874.60,93.13,61.99,0.21,-1,-1,-1
129,-1,342.59,615.06,823.92,814.74,0.18,-1,-1,-1
129,-1,216.06,324.80,45.81,27.40,0.17,-1,-1,-1
129,-1,561.87,609.47,825.28,826.16,0.17,-1,-1,-1
129,-1,945.72,366.05,578.94,508.40,0.14,-1,-1,-1
129,-1,935.70,344.94,586.47,540.84,0.12,-1,-1,-1
129,-1,548.75,352.57,14.21,10.72,0.12,-1,-1,-1
129,-1,237.18,325.50,24.98,14.44,0.09,-1,-1,-1
129,-1,491.79,423.01,21.63,21.49,0.09,-1,-1,-1
129,-1,843.03,446.96,19.56,12.14,0.07,-1,-1,-1
129,-1,1780.20,550.66,775.01,858.05,0.06,-1,-1,-1
129,-1,236.67,325.69,25.64,14.17,0.05,-1,-1,-1
130,-1,947.58,364.23,602.32,519.13,0.51,-1,-1,-1
130,-1,155.86,615.47,821.33,813.59,0.37,-1,-1,-1
130,-1,528.69,609.04,824.97,824.41,0.28,-1,-1,-1
130,-1,1759.72,106.79,797.13,842.50,0.26,-1,-1,-1
130,-1,278.00,614.15,825.04,815.37,0.19,-1,-1,-1
130,-1,212.29,613.31,825.95,815.43,0.17,-1,-1,-1
130,-1,842.45,387.26,21.12,19.58,0.15,-1,-1,-1
130,-1,955.14,366.35,585.36,514.21,0.14,-1,-1,-1
130,-1,1105.12,1.71,826.45,807.45,0.11,-1,-1,-1
130,-1,1267.80,745.89,299.33,163.53,0.11,-1,-1,-1
130,-1,845.35,389.31,16.36,15.99,0.08,-1,-1,-1
130,-1,490.31,405.54,20.00,12.83,0.07,-1,-1,-1
130,-1,2227.56,492.75,12.81,20.74,0.05,-1,-1,-1
131,-1,960.63,361.79,608.39,527.17,0.43,-1,-1,-1
131,-1,133.86,615.07,779.44,814.50,0.36,-1,-1,-1
131,-1,149.68,611.13,826.14,818.57,0.28,-1,-1,-1
131,-1,268.77,277.83,28.87,15.17,0.21,-1,-1,-1
131,-1,960.50,368.35,592.26,520.97,0.16,-1,-1,-1
131,-1,465.39,609.18,825.52,824.45,0.16,-1,-1,-1
131,-1,1096.70,172.96,21.62,10.26,0.13,-1,-1,-1
131,-1,182.37,585.49,826.38,842.90,0.12,-1,-1,-1
131,-1,1801.63,579.93,26.05,22.15,0.08,-1,-1,-1
131,-1,496.57,388.49,25.40,11.00,0.07,-1,-1,-1
131,-1,628.90,274.04,12.72,25.57,0.06,-1,-1,-1
131,-1,246.43,554.13,822.57,846.23,0.06,-1,-1,-1
131,-1,1759.65,75.85,796.37,842.13,0.06,-1,-1,-1
131,-1,1326.69,626.65,829.35,810.66,0.06,-1,-1,-1
131,-1,952.90,351.80,623.10,542.41,0.06,-1,-1,-1
131,-1,497.10,388.60,24.99,10.41,0.05,-1,-1,-1
132,-1,975.88,361.04,625.41,545.20,0.38,-1,-1,-1
132,-1,1762.88,1.03,795.33,804.23,0.34,-1,-1,-1
132,-1,401.76,612.93,825.11,820.64,0.23,-1,-1,-1
132,-1,275.42,613.16,826.69,819.29,0.20,-1,-1,-1
132,-1,313.71,245.06,26.69,12.22,0.17,-1,-1,-1
132,-1,983.45,361.27,622.32,546.87,0.11,-1,-1,-1
132,-1,1234.18,1.29,824.14,806.09,0.10,-1,-1,-1
132,-1,96.15,610.98,781.56,820.34,0.09,-1,-1,-1
132,-1,373.28,1018.20,219.43,415.38,0.09,-1,-1,-1
132,-1,244.06,633.89,827.25,798.53,0.09,-1,-1,-1
132,-1,986.75,348.77,610.81,564.09,0.08,-1,-1,-1
132,-1,416.72,1017.86,161.95,165.09,0.06,-1,-1,-1
132,-1,91.31,631.95,786.59,803.31,0.05,-1,-1,-1
133,-1,304.53,1049.02,218.76,388.10,0.46,-1,-1,-1
133,-1,1760.05,0.31,798.11,802.52,0.39,-1,-1,-1
133,-1,1331.69,843.12,308.89,100.67,0.37,-1,-1,-1
133,-1,1029.71,360.66,618.01,554.01,0.33,-1,-1,-1
133,-1,338.59,614.44,823.64,817.56,0.24,-1,-1,-1
133,-1,243.67,615.48,827.01,815.91,0.22,-1,-1,-1
133,-1,212.95,585.94,826.95,841.42,0.14,-1,-1,-1
133,-1,384.08,202.50,25.36,13.53,0.12,-1,-1,-1
133,-1,1031.69,358.28,627.99,566.72,0.12,-1,-1,-1
133,-1,2314.71,557.83,12.92,21.00,0.12,-1,-1,-1
133,-1,641.38,161.44,13.98,11.37,0.11,-1,-1,-1
133,-1,1035.21,346.70,621.32,573.83,0.09,-1,-1,-1
133,-1,84.79,552.11,763.09,844.27,0.07,-1,-1,-1
133,-1,1029.72,348.50,630.39,578.29,0.06,-1,-1,-1
133,-1,350.15,1049.46,165.54,140.43,0.05,-1,-1,-1
134,-1,1075.61,359.50,631.16,568.35,0.38,-1,-1,-1
134,-1,1761.48,1.28,795.17,803.37,0.28,-1,-1,-1
134,-1,1999.41,396.39,25.73,12.68,0.26,-1,-1,-1
134,-1,222.52,1079.55,230.00,355.03,0.20,-1,-1,-1
134,-1,308.91,300.75,16.43,13.42,0.15,-1,-1,-1
134,-1,270.02,1080.16,175.12,140.33,0.15,-1,-1,-1
134,-1,1073.94,346.61,640.75,592.33,0.14,-1,-1,-1
134,-1,211.24,612.12,824.05,819.40,0.13,-1,-1,-1
134,-1,303.07,194.79,15.95,12.06,0.13,-1,-1,-1
134,-1,150.04,614.22,823.94,815.63,0.11,-1,-1,-1
134,-1,116.80,633.36,826.71,799.12,0.09,-1,-1,-1
134,-1,2314.24,743.89,11.27,18.35,0.09,-1,-1,-1
134,-1,1074.82,360.32,637.48,573.00,0.07,-1,-1,-1
134,-1,1071.61,333.66,636.22,616.00,0.07,-1,-1,-1
134,-1,270.11,1080.46,174.77,141.01,0.07,-1,-1,-1
134,-1,463.59,112.30,19.66,20.14,0.05,-1,-1,-1
135,-1,1106.25,360.35,607.19,580.03,0.55,-1,-1,-1
135,-1,1763.26,2.30,793.39,800.57,0.36,-1,-1,-1
135,-1,173.31,1095.61,228.28,339.47,0.33,-1,-1,-1
135,-1,180.12,613.19,825.97,815.13,0.19,-1,-1,-1
135,-1,1809.07,224.76,16.27,13.91,0.16,-1,-1,-1
135,-1,222.51,1096.28,177.38,151.05,0.14,-1,-1,-1
135,-1,1114.95,357.72,603.51,584.66,0.11,-1,-1,-1
135,-1,1106.49,-0.91,826.62,808.05,0.10,-1,-1,-1
135,-1,224.39,1096.23,175.75,148.10,0.09,-1,-1,-1
135,-1,9.35,556.61,814.75,842.96,0.08,-1,-1,-1
135,-1,339.35,277.73,19.78,14.33,0.08,-1,-1,-1
135,-1,708.53,254.79,18.56,19.02,0.06,-1,-1,-1
135,-1,171.34,1095.65,229.20,340.32,0.06,-1,-1,-1
135,-1,2059.99,964.45,49.13,88.27,0.05,-1,-1,-1
136,-1,1142.42,357.52,624.24,608.16,0.42,-1,-1,-1
136,-1,368.62,632.63,827.21,802.82,0.37,-1,-1,-1
136,-1,27.74,612.94,821.05,817.33,0.22,-1,-1,-1
136,-1,1203.46,-1.01,826.28,805.95,0.21,-1,-1,-1
136,-1,14.41,613.66,807.60,816.56,0.20,-1,-1,-1
136,-1,53.99,587.20,827.60,840.09,0.19,-1,-1,-1
136,-1,1761.89,-0.50,794.27,805.31,0.12,-1,-1,-1
136,-1,1142.35,349.42,646.33,641.43,0.10,-1,-1,-1
136,-1,803.60,85.98,18.05,16.92,0.07,-1,-1,-1
137,-1,1169.26,360.20,635.42,636.15,0.35,-1,-1,-1
137,-1,2206.18,306.72,18.66,12.42,0.35,-1,-1,-1
137,-1,6.52,617.13,815.70,812.33,0.32,-1,-1,-1
137,-1,3.20,1153.84,220.23,282.05,0.24,-1,-1,-1
137,-1,437.08,214.25,17.98,11.73,0.23,-1,-1,-1
137,-1,21.04,588.00,827.96,840.00,0.20,-1,-1,-1
137,-1,2229.67,809.70,34.87,62.81,0.19,-1,-1,-1
137,-1,306.01,610.40,826.80,822.98,0.16,-1,-1,-1
137,-1,338.39,631.33,822.81,804.68,0.15,-1,-1,-1
137,-1,1151.88,324.11,668.30,678.14,0.14,-1,-1,-1
137,-1,1759.38,2.53,795.25,802.52,0.13,-1,-1,-1
137,-1,1255.14,304.93,11.77,12.77,0.12,-1,-1,-1
137,-1,2316.92,937.51,20.94,36.45,0.12,-1,-1,-1
137,-1,1.93,1152.94,221.78,273.32,0.11,-1,-1,-1
137,-1,1136.47,312.34,707.50,713.54,0.10,-1,-1,-1
137,-1,0.63,640.49,771.68,792.79,0.09,-1,-1,-1
137,-1,1161.33,348.77,679.14,674.91,0.08,-1,-1,-1
137,-1,1427.02,1.74,823.50,804.81,0.08,-1,-1,-1
137,-1,1023.15,316.64,29.05,56.41,0.07,-1,-1,-1
137,-1,2229.73,810.04,35.37,61.96,0.06,-1,-1,-1
137,-1,1024.23,317.21,20.82,17.90,0.06,-1,-1,-1
138,-1,465.01,175.74,26.88,19.45,0.66,-1,-1,-1
138,-1,1.74,615.32,796.51,815.79,0.49,-1,-1,-1
138,-1,1396.17,2.81,822.49,803.85,0.26,-1,-1,-1
138,-1,1164.88,307.18,691.08,721.82,0.19,-1,-1,-1
138,-1,6.88,556.61,817.52,844.34,0.16,-1,-1,-1
138,-1,1171.42,340.69,659.64,696.27,0.16,-1,-1,-1
138,-1,2247.73,855.01,29.51,40.17,0.12,-1,-1,-1
138,-1,1172.80,343.75,678.98,687.38,0.12,-1,-1,-1
138,-1,702.20,150.23,13.28,9.63,0.10,-1,-1,-1
138,-1,2247.77,854.97,29.24,35.29,0.10,-1,-1,-1
138,-1,2.37,589.64,797.28,838.80,0.10,-1,-1,-1
138,-1,2189.32,453.11,15.82,14.64,0.10,-1,-1,-1
138,-1,0.59,1181.08,115.34,159.86,0.09,-1,-1,-1
138,-1,1170.18,299.02,699.33,748.16,0.09,-1,-1,-1
138,-1,886.08,79.91,31.42,27.15,0.08,-1,-1,-1
138,-1,1362.14,625.78,823.62,811.21,0.08,-1,-1,-1
138,-1,1107.12,273.18,9.69,12.61,0.07,-1,-1,-1
138,-1,2390.24,793.05,13.37,18.02,0.07,-1,-1,-1
138,-1,652.71,-0.10,10.48,9.60,0.07,-1,-1,-1
138,-1,764.55,237.31,17.78,21.08,0.06,-1,-1,-1
138,-1,1760.20,0.53,795.90,802.43,0.06,-1,-1,-1
138,-1,306.67,613.89,824.19,818.44,0.06,-1,-1,-1
138,-1,886.51,80.58,31.01,26.67,0.06,-1,-1,-1
138,-1,3.71,553.59,792.57,751.58,0.06,-1,-1,-1
138,-1,2011.73,706.19,22.00,49.14,0.05,-1,-1,-1
138,-1,1293.20,228.77,14.79,10.56,0.05,-1,-1,-1
139,-1,8.01,636.36,812.23,796.67,0.46,-1,-1,-1
139,-1,1215.99,340.29,662.88,729.33,0.36,-1,-1,-1
139,-1,1186.78,337.33,721.51,716.42,0.26,-1,-1,-1
139,-1,508.60,151.01,23.83,10.86,0.19,-1,-1,-1
139,-1,8.08,587.86,812.23,843.11,0.15,-1,-1,-1
139,-1,272.44,612.71,827.51,817.42,0.15,-1,-1,-1
139,-1,929.94,7.93,18.26,23.68,0.14,-1,-1,-1
139,-1,1.57,522.77,796.93,816.74,0.12,-1,-1,-1
139,-1,1216.84,320.87,656.15,726.18,0.12,-1,-1,-1
139,-1,2245.19,305.24,14.44,13.22,0.11,-1,-1,-1
139,-1,1206.66,350.72,713.47,725.95,0.09,-1,-1,-1
139,-1,483.77,131.65,49.54,31.09,0.09,-1,-1,-1
139,-1,1131.51,255.56,16.06,20.44,0.09,-1,-1,-1
139,-1,1133.02,255.85,13.95,18.66,0.08,-1,-1,-1
139,-1,466.35,1175.60,40.07,39.50,0.08,-1,-1,-1
139,-1,1757.75,4.43,798.99,768.95,0.06,-1,-1,-1
139,-1,737.60,98.55,17.42,38.08,0.06,-1,-1,-1
139,-1,1193.76,376.51,745.34,673.99,0.05,-1,-1,-1
140,-1,528.48,129.10,25.04,13.84,0.51,-1,-1,-1
140,-1,2.05,617.18,793.25,810.90,0.40,-1,-1,-1
140,-1,1206.70,332.46,677.29,727.27,0.25,-1,-1,-1
140,-1,1222.02,322.40,653.42,774.24,0.20,-1,-1,-1
140,-1,1212.08,312.89,669.35,760.38,0.18,-1,-1,-1
140,-1,210.50,613.29,822.08,816.87,0.17,-1,-1,-1
140,-1,5.56,588.56,813.09,840.98,0.12,-1,-1,-1
140,-1,1210.45,338.13,689.64,740.46,0.08,-1,-1,-1
140,-1,1222.08,370.67,675.00,688.08,0.06,-1,-1,-1
140,-1,1446.53,952.86,400.17,129.19,0.06,-1,-1,-1
140,-1,1.49,584.16,731.03,713.55,0.06,-1,-1,-1
140,-1,1297.98,-1.68,826.65,821.36,0.06,-1,-1,-1
140,-1,608.73,684.63,13.53,20.15,0.06,-1,-1,-1
141,-1,7.65,633.95,812.94,798.02,0.50,-1,-1,-1
141,-1,1220.70,315.71,659.81,801.62,0.24,-1,-1,-1
141,-1,1207.79,368.02,687.08,716.15,0.21,-1,-1,-1
141,-1,1212.72,332.75,675.52,762.99,0.12,-1,-1,-1
141,-1,2292.69,332.94,26.99,11.01,0.11,-1,-1,-1
141,-1,145.58,616.83,823.71,814.70,0.11,-1,-1,-1
141,-1,1200.26,337.33,725.11,743.44,0.11,-1,-1,-1
141,-1,2.04,592.13,793.95,836.64,0.10,-1,-1,-1
141,-1,825.09,146.97,13.83,17.51,0.10,-1,-1,-1
141,-1,517.33,102.20,51.03,21.57,0.10,-1,-1,-1
141,-1,2091.26,202.07,16.92,14.06,0.10,-1,-1,-1
141,-1,2092.74,202.51,14.49,13.94,0.08,-1,-1,-1
141,-1,1982.86,80.00,11.49,15.30,0.06,-1,-1,-1
141,-1,1132.20,152.22,11.64,11.53,0.06,-1,-1,-1
141,-1,1429.21,957.57,422.08,142.66,0.06,-1,-1,-1
141,-1,2066.00,311.42,10.09,10.92,0.05,-1,-1,-1
142,-1,-0.21,621.80,796.97,809.84,0.52,-1,-1,-1
142,-1,1182.00,365.16,663.51,706.51,0.32,-1,-1,-1
142,-1,1177.26,305.57,669.95,806.97,0.17,-1,-1,-1
142,-1,1178.46,300.12,670.43,808.09,0.14,-1,-1,-1
142,-1,50.58,616.33,822.54,815.14,0.11,-1,-1,-1
142,-1,0.94,603.45,777.56,824.15,0.10,-1,-1,-1
142,-1,1170.39,303.14,711.24,812.45,0.10,-1,-1,-1
142,-1,628.26,609.80,826.54,822.75,0.08,-1,-1,-1
142,-1,506.75,1183.00,74.75,35.84,0.08,-1,-1,-1
142,-1,1164.48,303.11,722.52,804.95,0.05,-1,-1,-1
143,-1,0.40,639.58,795.51,795.64,0.37,-1,-1,-1
143,-1,1158.19,332.59,668.10,725.33,0.34,-1,-1,-1
143,-1,1360.78,940.00,435.03,124.49,0.21,-1,-1,-1
143,-1,5.07,617.58,814.63,816.04,0.17,-1,-1,-1
143,-1,2182.59,140.50,13.23,12.55,0.15,-1,-1,-1
143,-1,1148.54,272.78,691.36,803.18,0.11,-1,-1,-1
143,-1,1426.41,626.21,823.00,810.69,0.10,-1,-1,-1
143,-1,2401.85,330.56,18.87,19.60,0.10,-1,-1,-1
143,-1,2026.52,7.19,12.89,14.60,0.09,-1,-1,-1
143,-1,456.97,1184.77,74.50,19.63,0.08,-1,-1,-1
143,-1,1143.62,277.63,701.56,799.90,0.08,-1,-1,-1
143,-1,2193.31,55.18,10.98,14.31,0.07,-1,-1,-1
143,-1,2482.60,191.59,16.28,31.82,0.06,-1,-1,-1
143,-1,1987.01,650.63,23.70,39.26,0.06,-1,-1,-1
143,-1,1361.69,1002.89,187.89,53.53,0.06,-1,-1,-1
144,-1,1141.86,262.98,648.65,809.50,0.30,-1,-1,-1
144,-1,1.35,636.49,796.15,799.33,0.27,-1,-1,-1
144,-1,2407.56,729.50,25.06,85.69,0.19,-1,-1,-1
144,-1,1140.91,336.42,657.69,695.94,0.18,-1,-1,-1
144,-1,466.95,576.65,828.78,847.58,0.18,-1,-1,-1
144,-1,1137.73,286.45,677.07,758.62,0.13,-1,-1,-1
144,-1,2161.31,626.80,19.53,44.98,0.08,-1,-1,-1
144,-1,114.07,611.48,827.00,824.08,0.08,-1,-1,-1
144,-1,2269.32,811.17,31.58,71.71,0.07,-1,-1,-1
144,-1,2160.69,626.75,19.67,45.14,0.07,-1,-1,-1
144,-1,2343.17,733.32,31.90,76.18,0.06,-1,-1,-1
144,-1,1757.54,0.81,802.78,796.55,0.06,-1,-1,-1
144,-1,2213.59,259.62,17.78,14.13,0.05,-1,-1,-1
145,-1,1710.15,806.84,71.59,102.49,0.32,-1,-1,-1
145,-1,1149.57,307.03,645.44,710.48,0.27,-1,-1,-1
145,-1,1.65,634.90,796.57,800.23,0.25,-1,-1,-1
145,-1,1128.68,253.04,714.32,792.31,0.13,-1,-1,-1
145,-1,1139.54,242.38,665.89,825.22,0.13,-1,-1,-1
145,-1,1142.78,269.78,656.97,769.31,0.12,-1,-1,-1
145,-1,1336.91,936.32,384.58,86.30,0.09,-1,-1,-1
145,-1,112.81,611.79,826.23,823.89,0.09,-1,-1,-1
145,-1,1491.44,0.65,824.44,810.58,0.07,-1,-1,-1
145,-1,1393.82,628.24,824.75,809.26,0.06,-1,-1,-1
145,-1,2163.50,85.05,13.33,11.09,0.06,-1,-1,-1
145,-1,1455.71,956.44,257.62,56.14,0.05,-1,-1,-1
145,-1,405.06,259.57,823.29,850.89,0.05,-1,-1,-1
146,-1,2281.05,285.61,22.32,38.75,0.34,-1,-1,-1
146,-1,1132.12,274.49,661.51,709.79,0.28,-1,-1,-1
146,-1,1131.26,217.61,658.01,807.34,0.23,-1,-1,-1
146,-1,2280.88,285.64,22.60,38.60,0.21,-1,-1,-1
146,-1,0.81,636.75,794.09,796.28,0.19,-1,-1,-1
146,-1,110.83,610.19,827.49,822.67,0.13,-1,-1,-1
146,-1,2144.47,47.65,16.70,10.25,0.07,-1,-1,-1
146,-1,1.43,589.82,778.49,836.37,0.07,-1,-1,-1
146,-1,532.78,609.82,827.46,823.47,0.06,-1,-1,-1
146,-1,1122.43,207.57,709.69,826.58,0.06,-1,-1,-1
146,-1,1776.35,216.84,10.83,9.62,0.06,-1,-1,-1
147,-1,1.18,612.74,796.23,816.05,0.53,-1,-1,-1
147,-1,1127.10,236.31,656.31,717.04,0.40,-1,-1,-1
147,-1,1122.59,193.02,673.45,787.48,0.27,-1,-1,-1
147,-1,1.46,554.70,799.73,844.43,0.16,-1,-1,-1
147,-1,82.40,611.59,820.85,821.63,0.16,-1,-1,-1
147,-1,1320.24,870.42,409.49,93.77,0.10,-1,-1,-1
147,-1,532.74,609.43,828.70,824.59,0.08,-1,-1,-1
147,-1,784.04,631.48,829.11,805.50,0.08,-1,-1,-1
147,-1,1118.41,176.68,711.01,822.17,0.07,-1,-1,-1
147,-1,2119.45,546.01,15.44,33.94,0.06,-1,-1,-1
148,-1,1021.11,436.88,18.35,16.98,0.32,-1,-1,-1
148,-1,39.11,341.20,808.66,763.74,0.23,-1,-1,-1
148,-1,51.67,332.49,820.72,810.18,0.21,-1,-1,-1
148,-1,1022.74,384.72,24.04,17.49,0.21,-1,-1,-1
148,-1,110.59,327.60,820.36,829.68,0.10,-1,-1,-1
148,-1,1066.76,588.54,9.98,11.75,0.09,-1,-1,-1
148,-1,144.62,313.58,803.96,798.56,0.09,-1,-1,-1
148,-1,1082.91,390.75,20.36,11.65,0.08,-1,-1,-1
148,-1,49.98,390.58,827.03,787.55,0.06,-1,-1,-1
148,-1,363.37,1359.62,35.30,24.61,0.06,-1,-1,-1
148,-1,1165.54,479.33,16.77,15.89,0.05,-1,-1,-1
149,-1,3.81,592.76,530.54,748.96,0.19,-1,-1,-1
149,-1,212.01,5.43,17.14,11.87,0.09,-1,-1,-1
149,-1,212.25,5.26,16.97,11.96,0.09,-1,-1,-1
149,-1,1576.19,429.98,15.04,19.66,0.06,-1,-1,-1
149,-1,2.24,592.96,538.64,727.76,0.06,-1,-1,-1
150,-1,2.02,624.95,512.91,709.12,0.34,-1,-1,-1
150,-1,192.24,17.65,15.83,13.80,0.20,-1,-1,-1
150,-1,1428.25,2.49,824.67,801.76,0.16,-1,-1,-1
150,-1,1331.65,1.95,827.09,805.02,0.08,-1,-1,-1
150,-1,393.26,589.29,18.75,16.90,0.07,-1,-1,-1
151,-1,1.79,623.11,515.21,735.65,0.28,-1,-1,-1
151,-1,1.51,627.70,505.96,719.28,0.11,-1,-1,-1
151,-1,1043.43,-0.46,824.32,777.29,0.09,-1,-1,-1
151,-1,403.99,1.65,823.11,806.18,0.08,-1,-1,-1
151,-1,1.60,577.16,519.57,804.27,0.06,-1,-1,-1
151,-1,24.25,0.21,822.82,807.20,0.06,-1,-1,-1
151,-1,1.63,599.99,502.10,781.08,0.06,-1,-1,-1
151,-1,1395.15,1.21,825.26,807.54,0.06,-1,-1,-1
151,-1,1.46,603.04,504.50,746.87,0.06,-1,-1,-1
151,-1,1.40,594.82,517.98,785.36,0.05,-1,-1,-1
152,-1,2.23,650.89,522.88,704.39,0.25,-1,-1,-1
152,-1,118.57,2.79,821.47,800.04,0.24,-1,-1,-1
152,-1,467.49,1.75,826.09,807.96,0.09,-1,-1,-1
153,-1,2.07,648.97,533.12,738.61,0.26,-1,-1,-1
153,-1,2.30,685.18,522.93,708.47,0.07,-1,-1,-1
153,-1,402.03,0.64,826.89,808.45,0.05,-1,-1,-1
154,-1,0.88,652.35,533.33,755.30,0.26,-1,-1,-1
154,-1,26.24,1.27,821.03,807.76,0.11,-1,-1,-1
154,-1,387.62,309.42,15.32,15.77,0.07,-1,-1,-1
154,-1,1209.82,549.24,30.64,16.62,0.06,-1,-1,-1
154,-1,784.93,625.32,829.00,810.32,0.06,-1,-1,-1
155,-1,0.48,663.65,543.64,739.14,0.39,-1,-1,-1
155,-1,784.48,0.65,827.71,773.36,0.19,-1,-1,-1
155,-1,24.00,0.03,818.94,779.71,0.07,-1,-1,-1
155,-1,0.83,624.26,549.77,771.30,0.06,-1,-1,-1
155,-1,1.92,654.62,535.77,732.69,0.05,-1,-1,-1
155,-1,228.32,415.49,20.75,22.24,0.05,-1,-1,-1
156,-1,2.68,661.48,524.26,749.97,0.21,-1,-1,-1
156,-1,86.70,1.71,822.18,807.42,0.06,-1,-1,-1
157,-1,2.14,668.76,563.92,710.56,0.35,-1,-1,-1
157,-1,1652.78,0.71,822.51,808.38,0.11,-1,-1,-1
157,-1,2.48,667.98,544.12,695.03,0.09,-1,-1,-1
157,-1,371.65,1.21,825.19,804.78,0.08,-1,-1,-1
157,-1,2.29,635.17,546.42,750.78,0.06,-1,-1,-1
157,-1,913.74,-0.06,825.31,782.51,0.06,-1,-1,-1
158,-1,2.80,665.52,554.23,754.55,0.34,-1,-1,-1
158,-1,3.18,682.80,554.24,742.68,0.21,-1,-1,-1
158,-1,1461.06,1.64,821.81,804.74,0.10,-1,-1,-1
158,-1,1.45,689.97,549.99,720.74,0.08,-1,-1,-1
158,-1,150.44,2.29,819.62,803.85,0.08,-1,-1,-1
158,-1,1298.97,2.30,824.60,811.10,0.06,-1,-1,-1
158,-1,-0.03,719.53,555.77,708.26,0.06,-1,-1,-1
159,-1,2.14,681.65,598.12,717.00,0.24,-1,-1,-1
159,-1,3.90,684.53,603.60,696.84,0.08,-1,-1,-1
159,-1,275.99,1.32,823.84,805.34,0.08,-1,-1,-1
159,-1,1010.90,0.19,826.35,805.77,0.06,-1,-1,-1
159,-1,1358.32,996.85,15.91,21.37,0.05,-1,-1,-1
160,-1,3.56,673.31,582.85,755.09,0.51,-1,-1,-1
160,-1,275.79,3.71,823.23,803.69,0.21,-1,-1,-1
160,-1,754.32,1.25,826.25,802.69,0.08,-1,-1,-1
161,-1,2.78,681.99,629.68,723.19,0.10,-1,-1,-1
161,-1,1096.54,190.28,12.74,20.58,0.06,-1,-1,-1
161,-1,1095.99,190.17,15.28,21.14,0.06,-1,-1,-1
162,-1,2.64,706.80,590.06,711.43,0.25,-1,-1,-1
162,-1,2.17,681.82,593.97,715.06,0.21,-1,-1,-1
162,-1,2.38,715.05,587.39,695.71,0.13,-1,-1,-1
162,-1,761.66,229.21,10.68,14.78,0.11,-1,-1,-1
162,-1,1074.05,-0.47,825.59,777.24,0.08,-1,-1,-1
162,-1,1556.00,1.36,822.86,804.77,0.06,-1,-1,-1
162,-1,400.82,373.76,31.30,115.37,0.05,-1,-1,-1
163,-1,1660.04,965.21,25.13,20.11,0.08,-1,-1,-1
163,-1,2395.04,1204.18,127.88,236.08,0.06,-1,-1,-1
163,-1,1490.59,627.32,827.17,809.73,0.05,-1,-1,-1
164,-1,1055.48,435.49,103.66,99.70,0.43,-1,-1,-1
164,-1,1730.95,892.19,147.71,182.22,0.42,-1,-1,-1
164,-1,3.01,330.66,794.70,834.20,0.20,-1,-1,-1
164,-1,273.64,964.97,136.62,99.65,0.18,-1,-1,-1
164,-1,1006.95,434.83,130.49,136.94,0.14,-1,-1,-1
164,-1,104.31,0.36,122.85,113.71,0.11,-1,-1,-1
164,-1,1012.99,439.97,184.51,336.66,0.10,-1,-1,-1
164,-1,1042.39,477.07,40.03,38.04,0.10,-1,-1,-1
164,-1,1205.10,1.07,821.61,803.30,0.09,-1,-1,-1
164,-1,1237.06,355.59,29.84,66.00,0.09,-1,-1,-1
164,-1,278.77,1002.68,144.73,64.93,0.07,-1,-1,-1
164,-1,1120.57,1172.87,9.42,9.55,0.05,-1,-1,-1
164,-1,1228.05,1077.55,25.92,11.93,0.05,-1,-1,-1
165,-1,846.93,473.00,116.78,108.89,0.62,-1,-1,-1
165,-1,971.69,1047.19,28.81,44.13,0.44,-1,-1,-1
165,-1,837.70,527.67,45.73,31.36,0.22,-1,-1,-1
165,-1,475.82,1098.06,335.96,221.08,0.20,-1,-1,-1
165,-1,589.61,567.20,181.21,183.78,0.18,-1,-1,-1
165,-1,1020.65,1012.48,22.69,40.73,0.16,-1,-1,-1
165,-1,1011.99,1028.79,34.53,24.10,0.13,-1,-1,-1
165,-1,179.09,634.72,823.51,793.78,0.11,-1,-1,-1
165,-1,1610.54,914.74,111.56,110.60,0.10,-1,-1,-1
165,-1,1544.49,839.85,222.61,260.54,0.10,-1,-1,-1
165,-1,849.42,474.09,72.15,76.47,0.08,-1,-1,-1
165,-1,833.88,524.78,83.02,97.70,0.07,-1,-1,-1
165,-1,906.32,1194.56,34.88,28.58,0.06,-1,-1,-1
165,-1,1492.15,626.61,821.60,805.31,0.06,-1,-1,-1
165,-1,1.19,547.77,799.61,829.95,0.06,-1,-1,-1
165,-1,810.79,498.91,189.32,221.13,0.06,-1,-1,-1
165,-1,1012.91,1021.11,49.41,36.28,0.06,-1,-1,-1
165,-1,286.91,652.14,135.92,126.22,0.05,-1,-1,-1
166,-1,920.72,1105.81,29.28,43.79,0.35,-1,-1,-1
166,-1,960.76,1089.53,30.40,21.23,0.26,-1,-1,-1
166,-1,1026.91,1206.07,14.09,11.60,0.26,-1,-1,-1
166,-1,970.21,1069.03,22.84,41.56,0.24,-1,-1,-1
166,-1,1710.36,1097.15,816.15,339.18,0.24,-1,-1,-1
166,-1,502.79,1201.45,37.43,35.84,0.24,-1,-1,-1
166,-1,743.29,526.56,145.93,147.30,0.22,-1,-1,-1
166,-1,1045.16,1163.04,28.99,14.47,0.21,-1,-1,-1
166,-1,1740.66,1096.34,777.21,340.05,0.20,-1,-1,-1
166,-1,1071.12,1171.43,18.89,16.07,0.16,-1,-1,-1
166,-1,1101.74,1185.07,11.46,10.26,0.14,-1,-1,-1
166,-1,920.73,1198.95,24.08,31.39,0.13,-1,-1,-1
166,-1,901.27,821.75,48.01,40.09,0.12,-1,-1,-1
166,-1,1001.32,1168.18,15.06,15.10,0.11,-1,-1,-1
166,-1,1067.76,893.83,99.81,154.35,0.10,-1,-1,-1
166,-1,2118.77,1347.27,58.52,71.46,0.10,-1,-1,-1
166,-1,1.79,616.24,796.99,813.81,0.10,-1,-1,-1
166,-1,539.46,1202.32,60.95,37.03,0.09,-1,-1,-1
166,-1,893.00,1017.44,21.01,18.91,0.08,-1,-1,-1
166,-1,1089.03,1185.17,23.49,12.23,0.08,-1,-1,-1
166,-1,787.17,1223.35,31.98,32.63,0.08,-1,-1,-1
166,-1,857.42,858.90,29.94,28.64,0.07,-1,-1,-1
166,-1,638.71,1140.67,17.61,21.60,0.07,-1,-1,-1
166,-1,490.48,1181.22,58.66,56.28,0.07,-1,-1,-1
166,-1,1171.99,615.70,824.49,813.26,0.07,-1,-1,-1
166,-1,1395.94,456.19,824.09,840.18,0.07,-1,-1,-1
166,-1,740.70,898.07,73.06,65.72,0.07,-1,-1,-1
166,-1,1764.47,3.47,794.79,728.02,0.07,-1,-1,-1
166,-1,660.08,1176.54,87.56,71.65,0.07,-1,-1,-1
166,-1,944.30,1278.93,12.34,14.57,0.06,-1,-1,-1
166,-1,827.47,1209.41,40.09,36.72,0.06,-1,-1,-1
166,-1,492.91,1179.20,116.89,61.84,0.06,-1,-1,-1
166,-1,1458.30,292.10,817.93,846.27,0.06,-1,-1,-1
166,-1,659.56,1176.06,88.76,71.08,0.06,-1,-1,-1
166,-1,1633.34,1323.10,46.04,35.65,0.06,-1,-1,-1
166,-1,1237.76,617.32,818.51,810.33,0.06,-1,-1,-1
166,-1,574.53,1203.21,47.35,34.83,0.05,-1,-1,-1
166,-1,1618.95,1268.20,26.68,41.85,0.05,-1,-1,-1
166,-1,496.12,1222.10,20.19,18.49,0.05,-1,-1,-1
166,-1,993.91,1206.65,9.22,10.33,0.05,-1,-1,-1
166,-1,1530.01,954.99,142.80,101.60,0.05,-1,-1,-1
167,-1,738.72,547.70,73.31,78.02,0.39,-1,-1,-1
167,-1,736.51,547.85,123.70,102.52,0.36,-1,-1,-1
167,-1,728.90,603.74,47.98,30.36,0.32,-1,-1,-1
167,-1,893.97,1129.24,29.78,45.36,0.31,-1,-1,-1
167,-1,1540.06,955.83,108.90,105.75,0.26,-1,-1,-1
167,-1,460.91,1210.71,127.19,60.92,0.26,-1,-1,-1
167,-1,1742.91,3.26,802.80,597.82,0.23,-1,-1,-1
167,-1,1504.64,977.80,132.71,80.58,0.23,-1,-1,-1
167,-1,1066.62,1205.93,22.20,12.05,0.21,-1,-1,-1
167,-1,1021.14,1182.19,29.49,18.53,0.17,-1,-1,-1
167,-1,865.41,1041.73,19.61,16.80,0.15,-1,-1,-1
167,-1,511.38,1232.64,82.20,38.93,0.14,-1,-1,-1
167,-1,1526.45,954.42,157.59,162.89,0.13,-1,-1,-1
167,-1,801.81,1235.70,42.02,36.48,0.11,-1,-1,-1
167,-1,1052.90,1192.19,13.47,14.98,0.11,-1,-1,-1
167,-1,459.66,1211.60,60.65,58.67,0.10,-1,-1,-1
167,-1,939.61,1091.73,48.07,49.70,0.10,-1,-1,-1
167,-1,1004.23,1228.70,12.83,11.65,0.09,-1,-1,-1
167,-1,1039.57,1192.76,26.18,17.98,0.09,-1,-1,-1
167,-1,725.98,587.82,133.91,65.72,0.08,-1,-1,-1
167,-1,631.58,1203.49,89.03,74.28,0.07,-1,-1,-1
167,-1,894.90,1224.01,24.82,31.34,0.06,-1,-1,-1
167,-1,831.93,1284.29,37.00,26.99,0.06,-1,-1,-1
167,-1,165.91,744.64,142.00,144.79,0.05,-1,-1,-1
167,-1,457.72,1197.51,262.35,91.21,0.05,-1,-1,-1
167,-1,1707.84,1099.96,803.33,336.83,0.05,-1,-1,-1
167,-1,1045.03,908.80,184.54,236.16,0.05,-1,-1,-1
167,-1,483.36,727.35,121.37,109.62,0.05,-1,-1,-1
168,-1,1231.40,861.17,829.58,568.43,0.27,-1,-1,-1
168,-1,503.23,1104.37,58.42,62.81,0.14,-1,-1,-1
168,-1,524.04,1146.08,57.24,22.25,0.12,-1,-1,-1
168,-1,1280.78,308.41,812.57,730.85,0.11,-1,-1,-1
168,-1,1267.70,1213.35,57.51,85.57,0.11,-1,-1,-1
168,-1,2.79,585.79,796.25,841.88,0.09,-1,-1,-1
168,-1,507.23,1104.58,52.14,31.02,0.08,-1,-1,-1
168,-1,499.19,1103.46,87.37,149.92,0.08,-1,-1,-1
168,-1,660.27,612.38,821.42,818.53,0.06,-1,-1,-1
168,-1,521.15,1124.59,69.32,44.36,0.06,-1,-1,-1
168,-1,1334.81,1.74,822.23,801.92,0.06,-1,-1,-1
168,-1,564.87,554.19,826.34,840.71,0.05,-1,-1,-1
168,-1,1204.07,1213.19,121.80,90.32,0.05,-1,-1,-1
169,-1,1855.28,462.99,606.80,798.40,0.30,-1,-1,-1
169,-1,758.24,613.98,753.41,815.46,0.19,-1,-1,-1
169,-1,1855.26,444.14,624.16,792.14,0.17,-1,-1,-1
169,-1,1216.47,1127.57,61.37,63.91,0.15,-1,-1,-1
169,-1,1837.13,494.33,626.83,771.72,0.12,-1,-1,-1
169,-1,1810.69,386.03,22.51,69.63,0.11,-1,-1,-1
169,-1,661.32,587.97,823.88,838.65,0.11,-1,-1,-1
169,-1,693.63,613.76,822.81,815.88,0.08,-1,-1,-1
169,-1,659.67,419.67,824.16,820.18,0.08,-1,-1,-1
169,-1,312.60,582.47,821.35,846.60,0.06,-1,-1,-1
169,-1,1656.00,407.25,819.86,832.44,0.06,-1,-1,-1
169,-1,228.73,607.77,779.56,825.06,0.05,-1,-1,-1
170,-1,1581.63,364.23,583.30,720.10,0.28,-1,-1,-1
170,-1,180.99,614.13,824.92,814.71,0.28,-1,-1,-1
170,-1,219.48,502.49,819.45,834.83,0.24,-1,-1,-1
170,-1,1759.90,1.55,797.58,802.94,0.21,-1,-1,-1
170,-1,1571.45,316.90,598.56,794.92,0.18,-1,-1,-1
170,-1,501.12,613.31,819.15,809.31,0.13,-1,-1,-1
170,-1,310.01,616.69,822.59,807.65,0.12,-1,-1,-1
170,-1,529.56,496.02,822.86,835.20,0.06,-1,-1,-1
170,-1,2366.95,483.25,14.22,18.21,0.06,-1,-1,-1
171,-1,506.39,388.74,690.92,612.46,0.56,-1,-1,-1
171,-1,510.71,392.55,675.73,592.68,0.38,-1,-1,-1
171,-1,497.13,379.20,706.11,619.84,0.25,-1,-1,-1
171,-1,876.27,835.71,319.41,178.46,0.08,-1,-1,-1
171,-1,1111.66,259.03,25.78,12.91,0.07,-1,-1,-1
171,-1,511.22,362.48,702.27,643.73,0.07,-1,-1,-1
172,-1,500.11,379.79,737.61,633.65,0.39,-1,-1,-1
172,-1,503.72,374.60,715.72,664.07,0.34,-1,-1,-1
172,-1,483.45,347.90,767.98,660.81,0.18,-1,-1,-1
172,-1,506.49,345.82,729.51,663.40,0.14,-1,-1,-1
172,-1,1812.04,642.89,9.27,12.44,0.09,-1,-1,-1
172,-1,789.24,630.07,820.99,807.03,0.08,-1,-1,-1
172,-1,1779.27,2.25,777.76,799.49,0.05,-1,-1,-1
173,-1,483.08,391.86,746.72,616.88,0.31,-1,-1,-1
173,-1,500.76,364.99,732.16,651.93,0.29,-1,-1,-1
173,-1,502.79,390.98,717.95,657.15,0.19,-1,-1,-1
173,-1,486.55,390.93,744.00,617.74,0.17,-1,-1,-1
173,-1,450.76,391.48,798.82,636.15,0.07,-1,-1,-1
173,-1,870.89,940.22,185.32,80.74,0.06,-1,-1,-1
173,-1,1758.43,39.40,799.82,849.57,0.06,-1,-1,-1
174,-1,487.59,415.15,738.24,632.56,0.36,-1,-1,-1
174,-1,481.90,414.18,764.73,633.69,0.18,-1,-1,-1
174,-1,501.16,416.44,722.31,660.89,0.18,-1,-1,-1
174,-1,496.56,406.61,734.60,644.23,0.17,-1,-1,-1
174,-1,2.11,3.28,797.91,825.11,0.05,-1,-1,-1
175,-1,501.48,435.35,724.74,644.10,0.49,-1,-1,-1
175,-1,500.84,436.52,715.11,657.85,0.27,-1,-1,-1
175,-1,1067.43,295.87,32.14,21.89,0.26,-1,-1,-1
175,-1,500.45,401.47,726.91,681.80,0.22,-1,-1,-1
175,-1,480.62,409.74,740.55,672.94,0.18,-1,-1,-1
175,-1,1146.00,93.48,26.79,46.60,0.12,-1,-1,-1
175,-1,10.18,521.78,809.21,846.32,0.09,-1,-1,-1
175,-1,859.98,987.75,206.52,89.08,0.09,-1,-1,-1
175,-1,1067.59,295.71,32.38,22.48,0.08,-1,-1,-1
176,-1,485.43,475.56,743.01,669.20,0.37,-1,-1,-1
176,-1,489.61,481.23,736.69,669.35,0.37,-1,-1,-1
176,-1,478.53,478.04,766.34,645.63,0.32,-1,-1,-1
176,-1,1009.98,625.23,828.71,813.21,0.14,-1,-1,-1
176,-1,22.75,612.32,820.64,818.67,0.13,-1,-1,-1
176,-1,3.86,614.12,795.06,816.68,0.11,-1,-1,-1
176,-1,493.59,443.90,786.74,695.94,0.11,-1,-1,-1
176,-1,754.26,0.97,825.98,806.17,0.08,-1,-1,-1
176,-1,1360.83,627.36,831.63,809.80,0.08,-1,-1,-1
176,-1,3.86,555.01,794.39,843.67,0.07,-1,-1,-1
176,-1,1741.31,631.96,812.06,805.08,0.07,-1,-1,-1
176,-1,1802.79,281.07,10.06,14.74,0.06,-1,-1,-1
176,-1,22.47,582.95,822.06,849.07,0.05,-1,-1,-1
176,-1,467.48,481.13,799.62,665.93,0.05,-1,-1,-1
177,-1,474.53,532.66,722.71,678.32,0.48,-1,-1,-1
177,-1,461.44,523.70,747.64,680.42,0.38,-1,-1,-1
177,-1,478.29,529.34,713.88,688.07,0.31,-1,-1,-1
177,-1,1142.85,178.63,24.94,22.07,0.17,-1,-1,-1
177,-1,502.03,498.88,720.34,713.78,0.14,-1,-1,-1
177,-1,23.63,-0.44,821.12,804.51,0.12,-1,-1,-1
177,-1,499.30,0.12,822.98,801.85,0.11,-1,-1,-1
177,-1,2140.17,982.96,10.24,19.79,0.08,-1,-1,-1
177,-1,1554.98,621.84,831.93,817.11,0.06,-1,-1,-1
177,-1,369.09,120.33,19.76,18.01,0.06,-1,-1,-1
177,-1,8.80,633.35,810.92,803.80,0.06,-1,-1,-1
177,-1,1.79,5.15,800.69,824.09,0.06,-1,-1,-1
178,-1,495.52,551.05,734.73,675.76,0.40,-1,-1,-1
178,-1,478.88,531.62,762.31,702.25,0.24,-1,-1,-1
178,-1,501.09,550.32,726.66,706.55,0.23,-1,-1,-1
178,-1,530.96,525.35,720.66,707.05,0.16,-1,-1,-1
178,-1,595.26,4.12,824.67,801.21,0.14,-1,-1,-1
178,-1,877.86,1136.95,213.89,98.49,0.12,-1,-1,-1
178,-1,879.93,1046.59,328.34,193.91,0.11,-1,-1,-1
178,-1,1074.15,624.57,824.13,812.04,0.10,-1,-1,-1
178,-1,9.31,664.85,808.09,769.63,0.09,-1,-1,-1
178,-1,23.69,634.37,822.12,802.74,0.09,-1,-1,-1
178,-1,2.44,39.55,799.68,847.39,0.08,-1,-1,-1
178,-1,2.47,1.83,797.02,801.69,0.07,-1,-1,-1
178,-1,2.54,612.49,796.46,823.11,0.07,-1,-1,-1
178,-1,11.60,612.54,807.33,821.75,0.06,-1,-1,-1
178,-1,529.89,529.94,732.61,709.19,0.06,-1,-1,-1
178,-1,27.22,557.33,818.71,844.26,0.06,-1,-1,-1
178,-1,25.18,610.15,820.19,823.57,0.06,-1,-1,-1
178,-1,1784.25,3.06,772.61,801.44,0.06,-1,-1,-1
178,-1,1554.13,627.31,827.16,809.44,0.05,-1,-1,-1
179,-1,465.17,574.23,764.68,751.38,0.54,-1,-1,-1
179,-1,457.43,562.23,742.69,763.20,0.23,-1,-1,-1
179,-1,402.89,3.41,825.87,770.35,0.21,-1,-1,-1
179,-1,429.51,564.49,795.01,733.85,0.21,-1,-1,-1
179,-1,446.02,557.55,771.70,751.50,0.17,-1,-1,-1
179,-1,1105.83,3.84,827.08,801.24,0.17,-1,-1,-1
179,-1,1.34,43.78,799.98,842.21,0.11,-1,-1,-1
179,-1,23.84,2.38,821.67,801.97,0.07,-1,-1,-1
179,-1,492.27,592.89,800.66,704.04,0.06,-1,-1,-1
179,-1,3.76,591.10,798.15,841.12,0.06,-1,-1,-1
179,-1,916.80,626.01,821.92,807.57,0.05,-1,-1,-1
179,-1,2.83,8.94,799.05,817.49,0.05,-1,-1,-1
179,-1,133.00,305.79,31.39,51.41,0.05,-1,-1,-1
180,-1,494.09,572.16,752.56,759.20,0.54,-1,-1,-1
180,-1,472.26,561.97,786.24,769.55,0.25,-1,-1,-1
180,-1,914.29,258.08,11.17,14.67,0.14,-1,-1,-1
180,-1,499.75,571.77,732.99,731.56,0.13,-1,-1,-1
180,-1,986.16,86.00,15.51,15.35,0.11,-1,-1,-1
180,-1,1011.93,628.08,819.55,806.38,0.10,-1,-1,-1
180,-1,626.15,35.62,14.51,18.46,0.09,-1,-1,-1
180,-1,430.55,589.49,772.33,740.12,0.08,-1,-1,-1
180,-1,27.56,1.68,819.47,804.30,0.07,-1,-1,-1
180,-1,459.70,118.17,33.12,21.17,0.06,-1,-1,-1
181,-1,496.16,558.41,790.09,793.25,0.26,-1,-1,-1
181,-1,510.85,560.91,758.66,771.83,0.21,-1,-1,-1
181,-1,1060.66,486.29,18.58,35.29,0.20,-1,-1,-1
181,-1,533.32,565.19,747.63,763.15,0.20,-1,-1,-1
181,-1,1060.88,485.85,18.43,35.92,0.13,-1,-1,-1
181,-1,447.56,589.97,753.01,767.12,0.11,-1,-1,-1
181,-1,22.83,3.09,824.79,825.32,0.08,-1,-1,-1
181,-1,1022.87,296.48,22.43,27.06,0.08,-1,-1,-1
181,-1,86.69,2.07,821.48,803.38,0.08,-1,-1,-1
181,-1,1136.29,725.23,19.97,19.18,0.07,-1,-1,-1
181,-1,8.49,3.58,811.83,825.46,0.06,-1,-1,-1
181,-1,2.12,614.29,795.72,820.64,0.06,-1,-1,-1
181,-1,528.98,618.09,824.07,715.93,0.05,-1,-1,-1
182,-1,560.63,562.70,727.00,790.48,0.32,-1,-1,-1
182,-1,554.08,591.62,744.43,746.39,0.22,-1,-1,-1
182,-1,559.92,1151.78,817.31,284.05,0.21,-1,-1,-1
182,-1,555.99,539.30,737.43,770.10,0.20,-1,-1,-1
182,-1,1487.52,544.73,17.72,23.34,0.18,-1,-1,-1
182,-1,551.35,557.76,759.59,808.73,0.17,-1,-1,-1
182,-1,1725.24,544.50,12.56,24.39,0.11,-1,-1,-1
182,-1,564.22,618.08,778.34,709.48,0.09,-1,-1,-1
182,-1,2.60,639.53,793.46,795.82,0.08,-1,-1,-1
183,-1,1081.94,245.12,14.25,23.09,0.52,-1,-1,-1
183,-1,572.04,515.28,723.45,823.46,0.35,-1,-1,-1
183,-1,901.98,1223.20,362.35,206.05,0.27,-1,-1,-1
183,-1,570.38,544.95,720.66,820.41,0.24,-1,-1,-1
183,-1,554.94,618.53,752.46,737.14,0.22,-1,-1,-1
183,-1,1314.84,349.43,18.47,25.51,0.17,-1,-1,-1
183,-1,1137.67,608.74,829.76,824.76,0.16,-1,-1,-1
183,-1,558.71,588.19,759.94,787.04,0.16,-1,-1,-1
183,-1,1315.96,351.08,14.25,21.27,0.10,-1,-1,-1
183,-1,552.80,1208.71,797.37,227.80,0.08,-1,-1,-1
183,-1,118.29,1.37,819.47,802.56,0.08,-1,-1,-1
183,-1,20.97,9.68,825.01,847.30,0.07,-1,-1,-1
183,-1,1593.62,464.59,14.06,23.86,0.07,-1,-1,-1
183,-1,1.59,4.57,797.78,824.93,0.07,-1,-1,-1
183,-1,435.95,-0.71,823.19,803.11,0.07,-1,-1,-1
183,-1,320.78,77.55,20.13,20.02,0.06,-1,-1,-1
183,-1,9.13,636.85,810.52,800.38,0.06,-1,-1,-1
184,-1,1237.86,152.80,12.73,22.22,0.29,-1,-1,-1
184,-1,596.06,497.97,730.68,841.06,0.29,-1,-1,-1
184,-1,575.03,617.90,766.94,757.30,0.23,-1,-1,-1
184,-1,591.64,546.43,727.37,821.31,0.23,-1,-1,-1
184,-1,1761.89,1.57,795.78,807.50,0.17,-1,-1,-1
184,-1,582.59,587.87,756.47,804.80,0.14,-1,-1,-1
184,-1,150.05,-1.01,820.72,807.27,0.12,-1,-1,-1
184,-1,684.48,1171.26,704.81,250.02,0.09,-1,-1,-1
184,-1,1344.78,334.88,13.41,10.98,0.08,-1,-1,-1
184,-1,2007.46,386.08,13.11,18.55,0.07,-1,-1,-1
184,-1,1273.22,191.85,20.22,22.29,0.07,-1,-1,-1
184,-1,25.49,8.60,821.17,846.87,0.06,-1,-1,-1
184,-1,1268.64,133.84,12.55,13.71,0.06,-1,-1,-1
184,-1,1393.11,0.37,828.09,807.88,0.05,-1,-1,-1
184,-1,590.54,557.92,737.99,833.99,0.05,-1,-1,-1
185,-1,644.04,615.11,711.41,755.31,0.30,-1,-1,-1
185,-1,867.35,1293.22,400.94,107.37,0.26,-1,-1,-1
185,-1,650.02,532.42,705.67,834.47,0.23,-1,-1,-1
185,-1,849.20,16.17,18.06,20.40,0.21,-1,-1,-1
185,-1,648.02,490.92,709.11,846.46,0.18,-1,-1,-1
185,-1,948.97,233.20,13.76,13.68,0.15,-1,-1,-1
185,-1,1759.83,-0.83,796.52,772.10,0.09,-1,-1,-1
185,-1,1802.40,648.47,43.16,71.81,0.07,-1,-1,-1
185,-1,1804.15,652.76,40.41,66.60,0.06,-1,-1,-1
185,-1,647.11,648.12,686.48,713.27,0.06,-1,-1,-1
185,-1,1311.29,229.83,15.03,21.12,0.05,-1,-1,-1
186,-1,678.02,491.89,691.38,844.62,0.39,-1,-1,-1
186,-1,1760.97,-1.10,797.28,801.03,0.33,-1,-1,-1
186,-1,675.59,490.48,727.03,787.48,0.24,-1,-1,-1
186,-1,1232.16,1143.61,81.57,109.04,0.22,-1,-1,-1
186,-1,781.59,1145.27,558.87,258.04,0.19,-1,-1,-1
186,-1,675.10,616.69,706.91,773.83,0.17,-1,-1,-1
186,-1,802.97,1279.40,465.70,110.71,0.16,-1,-1,-1
186,-1,2059.96,596.26,17.40,19.79,0.13,-1,-1,-1
186,-1,679.16,589.22,703.52,809.17,0.12,-1,-1,-1
186,-1,1189.75,1141.49,124.74,186.13,0.08,-1,-1,-1
186,-1,1390.57,1.69,829.69,798.24,0.08,-1,-1,-1
186,-1,534.17,383.34,10.61,16.04,0.08,-1,-1,-1
186,-1,807.47,1279.01,104.61,71.32,0.06,-1,-1,-1
186,-1,1837.48,310.16,60.11,57.78,0.06,-1,-1,-1
186,-1,852.18,2.67,823.75,825.20,0.05,-1,-1,-1
186,-1,921.89,6.98,19.41,17.10,0.05,-1,-1,-1
187,-1,721.54,643.39,694.31,737.51,0.43,-1,-1,-1
187,-1,1249.32,1175.83,73.38,99.41,0.40,-1,-1,-1
187,-1,696.66,556.49,704.66,835.05,0.28,-1,-1,-1
187,-1,705.81,492.55,709.09,844.33,0.26,-1,-1,-1
187,-1,1757.95,-2.66,798.41,774.59,0.21,-1,-1,-1
187,-1,1553.17,685.93,11.26,14.68,0.21,-1,-1,-1
187,-1,2144.52,666.56,15.51,19.55,0.16,-1,-1,-1
187,-1,1247.70,1175.97,75.08,99.48,0.12,-1,-1,-1
187,-1,710.77,588.59,695.22,814.15,0.12,-1,-1,-1
187,-1,1996.01,577.69,15.80,13.61,0.12,-1,-1,-1
187,-1,1990.93,577.36,22.01,37.81,0.10,-1,-1,-1
187,-1,2200.81,294.44,10.83,23.97,0.10,-1,-1,-1
187,-1,1874.53,41.41,20.96,21.51,0.08,-1,-1,-1
187,-1,1633.89,284.09,11.90,11.29,0.07,-1,-1,-1
187,-1,1553.42,685.94,11.19,14.27,0.07,-1,-1,-1
187,-1,1974.18,362.46,32.98,17.95,0.07,-1,-1,-1
187,-1,1966.90,134.35,32.64,24.21,0.06,-1,-1,-1
187,-1,725.61,1173.68,639.76,242.32,0.06,-1,-1,-1
187,-1,2271.19,867.36,36.50,44.21,0.05,-1,-1,-1
187,-1,1967.28,134.18,32.35,24.19,0.05,-1,-1,-1
188,-1,720.36,526.47,731.63,839.31,0.32,-1,-1,-1
188,-1,734.24,614.57,693.49,799.38,0.26,-1,-1,-1
188,-1,2095.03,415.57,27.49,20.09,0.24,-1,-1,-1
188,-1,1785.52,2.33,770.40,772.54,0.20,-1,-1,-1
188,-1,22.91,632.07,825.16,803.73,0.17,-1,-1,-1
188,-1,1545.79,489.09,18.13,13.48,0.16,-1,-1,-1
188,-1,4.25,643.11,796.24,791.70,0.15,-1,-1,-1
188,-1,741.40,638.78,691.55,766.24,0.15,-1,-1,-1
188,-1,2094.94,415.62,27.80,20.83,0.15,-1,-1,-1
188,-1,1295.40,126.43,11.05,12.28,0.12,-1,-1,-1
188,-1,2083.78,645.83,22.51,16.51,0.11,-1,-1,-1
188,-1,1885.83,800.93,16.04,19.44,0.11,-1,-1,-1
188,-1,2040.02,323.50,11.60,14.45,0.10,-1,-1,-1
188,-1,442.31,1418.61,20.17,13.09,0.09,-1,-1,-1
188,-1,10.20,583.33,811.90,847.93,0.09,-1,-1,-1
188,-1,50.03,629.48,827.64,806.78,0.07,-1,-1,-1
188,-1,986.47,29.63,822.07,864.02,0.06,-1,-1,-1
188,-1,1424.87,-1.01,826.94,808.05,0.06,-1,-1,-1
188,-1,732.02,458.36,782.43,847.73,0.06,-1,-1,-1
188,-1,786.82,1260.06,94.56,77.25,0.06,-1,-1,-1
188,-1,2028.52,84.30,15.75,15.33,0.06,-1,-1,-1
188,-1,2084.53,647.45,20.16,13.81,0.06,-1,-1,-1
188,-1,1950.27,693.66,16.27,37.46,0.05,-1,-1,-1
188,-1,1856.44,637.95,14.87,16.39,0.05,-1,-1,-1
189,-1,735.99,521.43,779.16,842.63,0.32,-1,-1,-1
189,-1,732.47,584.84,757.43,813.07,0.25,-1,-1,-1
189,-1,2139.33,336.69,11.78,9.58,0.22,-1,-1,-1
189,-1,2171.78,449.67,22.53,16.63,0.21,-1,-1,-1
189,-1,1274.53,1207.71,55.61,102.24,0.19,-1,-1,-1
189,-1,2177.63,701.39,17.87,12.14,0.15,-1,-1,-1
189,-1,2133.71,513.54,23.33,36.06,0.14,-1,-1,-1
189,-1,2171.49,439.86,36.61,26.50,0.14,-1,-1,-1
189,-1,2450.07,420.02,17.55,30.62,0.11,-1,-1,-1
189,-1,1140.10,260.45,825.11,847.87,0.09,-1,-1,-1
189,-1,1229.75,1208.65,98.90,115.93,0.08,-1,-1,-1
189,-1,1711.46,-2.33,829.42,781.22,0.08,-1,-1,-1
189,-1,2177.82,701.63,17.70,11.79,0.07,-1,-1,-1
189,-1,2205.15,461.13,30.26,22.89,0.07,-1,-1,-1
189,-1,734.79,491.69,727.24,843.02,0.07,-1,-1,-1
189,-1,753.64,613.04,703.64,783.74,0.06,-1,-1,-1
189,-1,1984.79,1027.80,22.23,21.36,0.06,-1,-1,-1
189,-1,1458.53,151.26,8.71,12.66,0.05,-1,-1,-1
189,-1,1923.28,1042.61,18.23,20.52,0.05,-1,-1,-1
189,-1,130.97,169.72,19.24,19.14,0.05,-1,-1,-1
190,-1,2259.31,481.70,48.33,33.92,0.47,-1,-1,-1
190,-1,763.76,524.59,768.22,835.57,0.37,-1,-1,-1
190,-1,2276.19,122.24,17.28,18.51,0.28,-1,-1,-1
190,-1,2330.21,386.83,10.82,10.61,0.23,-1,-1,-1
190,-1,2259.68,481.95,48.17,33.48,0.21,-1,-1,-1
190,-1,1144.89,67.22,823.25,852.66,0.16,-1,-1,-1
190,-1,84.59,608.02,824.60,825.54,0.15,-1,-1,-1
190,-1,2321.31,514.83,26.53,24.04,0.14,-1,-1,-1
190,-1,2247.61,317.74,19.55,35.73,0.12,-1,-1,-1
190,-1,8.36,520.82,815.28,848.50,0.12,-1,-1,-1
190,-1,712.64,582.43,787.14,823.13,0.11,-1,-1,-1
190,-1,1736.45,238.23,39.60,25.81,0.11,-1,-1,-1
190,-1,2243.62,356.89,26.46,31.21,0.10,-1,-1,-1
190,-1,733.20,460.05,809.93,842.18,0.10,-1,-1,-1
190,-1,1817.76,504.66,12.47,23.31,0.09,-1,-1,-1
190,-1,21.17,583.07,828.07,846.35,0.09,-1,-1,-1
190,-1,11.42,331.85,811.96,845.10,0.09,-1,-1,-1
190,-1,27.50,107.31,819.37,842.38,0.09,-1,-1,-1
190,-1,1759.92,238.43,16.25,9.68,0.08,-1,-1,-1
190,-1,2275.29,115.17,56.02,39.13,0.08,-1,-1,-1
190,-1,2250.62,372.72,19.48,15.22,0.08,-1,-1,-1
190,-1,9.98,11.75,810.12,844.51,0.07,-1,-1,-1
190,-1,2243.28,356.34,26.89,32.05,0.07,-1,-1,-1
190,-1,1273.43,1214.51,53.96,113.21,0.06,-1,-1,-1
190,-1,1676.10,415.37,15.16,29.09,0.05,-1,-1,-1
190,-1,2275.26,117.92,54.42,36.09,0.05,-1,-1,-1
191,-1,2346.16,139.23,28.87,23.79,0.57,-1,-1,-1
191,-1,2309.74,505.96,61.62,43.15,0.38,-1,-1,-1
191,-1,2307.26,213.26,11.84,24.61,0.38,-1,-1,-1
191,-1,2271.46,528.53,11.88,27.44,0.29,-1,-1,-1
191,-1,757.80,554.65,785.91,834.09,0.28,-1,-1,-1
191,-1,2391.68,413.41,12.36,14.15,0.23,-1,-1,-1
191,-1,1793.57,718.54,10.91,14.35,0.22,-1,-1,-1
191,-1,735.44,521.68,798.15,842.00,0.21,-1,-1,-1
191,-1,1168.41,-0.76,830.72,810.65,0.14,-1,-1,-1
191,-1,2309.35,505.62,62.27,43.84,0.13,-1,-1,-1
191,-1,49.13,629.54,827.95,806.50,0.12,-1,-1,-1
191,-1,758.77,1156.52,88.75,78.79,0.11,-1,-1,-1
191,-1,21.09,609.85,826.66,823.45,0.11,-1,-1,-1
191,-1,2309.69,506.03,61.57,43.08,0.11,-1,-1,-1
191,-1,2310.06,797.07,17.44,15.47,0.10,-1,-1,-1
191,-1,738.88,460.20,805.46,842.66,0.09,-1,-1,-1
191,-1,2327.34,406.79,12.38,9.07,0.09,-1,-1,-1
191,-1,2176.73,279.30,9.69,32.12,0.08,-1,-1,-1
191,-1,456.13,1114.42,11.95,12.12,0.08,-1,-1,-1
191,-1,719.73,581.68,792.48,818.71,0.08,-1,-1,-1
191,-1,328.24,1122.08,14.88,10.21,0.08,-1,-1,-1
191,-1,737.21,581.46,724.69,813.42,0.08,-1,-1,-1
191,-1,1.88,579.68,800.90,851.96,0.08,-1,-1,-1
191,-1,1793.94,717.70,22.98,15.81,0.08,-1,-1,-1
191,-1,4.48,664.08,790.48,770.86,0.06,-1,-1,-1
191,-1,2300.06,377.58,14.08,27.02,0.06,-1,-1,-1
191,-1,1650.81,0.14,822.86,812.41,0.06,-1,-1,-1
191,-1,1151.66,185.38,12.66,11.95,0.06,-1,-1,-1
191,-1,2311.44,337.76,15.74,9.02,0.05,-1,-1,-1
192,-1,2059.57,362.12,27.94,14.64,0.42,-1,-1,-1
192,-1,1237.86,161.49,18.78,15.71,0.38,-1,-1,-1
192,-1,793.86,524.29,770.44,839.08,0.29,-1,-1,-1
192,-1,2353.77,790.31,13.77,10.72,0.15,-1,-1,-1
192,-1,2353.44,780.66,32.04,20.71,0.12,-1,-1,-1
192,-1,2416.27,588.40,65.34,46.34,0.11,-1,-1,-1
192,-1,2446.93,480.26,11.25,11.89,0.11,-1,-1,-1
192,-1,1571.61,360.11,22.30,16.95,0.09,-1,-1,-1
192,-1,742.21,1151.87,389.43,244.31,0.08,-1,-1,-1
192,-1,1780.79,515.48,24.59,18.94,0.07,-1,-1,-1
192,-1,821.02,583.80,745.00,828.00,0.06,-1,-1,-1
192,-1,736.40,458.62,813.10,843.55,0.06,-1,-1,-1
192,-1,1415.92,2.97,8.45,26.39,0.06,-1,-1,-1
192,-1,1232.24,196.43,799.11,851.86,0.05,-1,-1,-1
193,-1,793.28,586.05,794.93,827.60,0.27,-1,-1,-1
193,-1,774.25,586.42,801.18,830.11,0.22,-1,-1,-1
193,-1,2410.71,880.01,25.70,29.16,0.12,-1,-1,-1
193,-1,748.47,1209.59,350.65,196.67,0.07,-1,-1,-1
193,-1,790.02,491.42,812.24,844.87,0.07,-1,-1,-1
193,-1,1800.30,96.84,9.90,9.18,0.06,-1,-1,-1
193,-1,1362.73,100.59,827.51,851.42,0.06,-1,-1,-1
193,-1,1217.12,1274.79,77.18,94.49,0.05,-1,-1,-1
194,-1,789.49,616.37,814.13,809.23,0.42,-1,-1,-1
194,-1,750.82,1034.73,114.08,193.20,0.30,-1,-1,-1
194,-1,821.22,586.19,777.27,836.08,0.28,-1,-1,-1
194,-1,1176.70,1052.27,411.49,377.25,0.19,-1,-1,-1
194,-1,746.66,1056.62,57.94,106.33,0.15,-1,-1,-1
194,-1,817.18,634.58,792.89,794.28,0.11,-1,-1,-1
194,-1,1431.31,892.48,114.95,213.05,0.09,-1,-1,-1
194,-1,2255.66,1155.82,17.38,10.45,0.08,-1,-1,-1
194,-1,2010.88,394.93,9.76,10.41,0.07,-1,-1,-1
194,-1,718.76,1204.06,380.91,228.88,0.07,-1,-1,-1
194,-1,747.03,1059.24,43.04,57.33,0.06,-1,-1,-1
194,-1,2255.64,1157.77,17.47,8.84,0.06,-1,-1,-1
194,-1,747.37,1060.52,42.09,56.25,0.06,-1,-1,-1
194,-1,20.37,627.45,824.05,808.88,0.05,-1,-1,-1
194,-1,1080.64,797.01,19.12,20.51,0.05,-1,-1,-1
195,-1,759.80,611.55,822.54,818.45,0.57,-1,-1,-1
195,-1,1394.40,965.11,206.40,264.92,0.39,-1,-1,-1
195,-1,22.62,609.06,824.73,821.80,0.33,-1,-1,-1
195,-1,1376.08,495.91,264.50,679.72,0.26,-1,-1,-1
195,-1,744.30,611.30,779.45,819.31,0.16,-1,-1,-1
195,-1,50.54,630.82,825.28,803.94,0.12,-1,-1,-1
195,-1,719.56,581.95,804.24,847.22,0.12,-1,-1,-1
195,-1,1185.25,977.46,422.38,420.85,0.11,-1,-1,-1
195,-1,1425.98,196.00,828.99,851.19,0.09,-1,-1,-1
195,-1,1588.17,610.45,821.76,822.73,0.08,-1,-1,-1
195,-1,2198.73,842.52,27.72,16.48,0.08,-1,-1,-1
195,-1,248.93,1178.96,12.55,9.77,0.07,-1,-1,-1
195,-1,2199.26,840.24,30.59,17.22,0.05,-1,-1,-1
195,-1,1490.76,548.97,828.87,852.25,0.05,-1,-1,-1
196,-1,758.52,609.64,822.97,820.70,0.71,-1,-1,-1
196,-1,6.45,612.29,811.24,819.89,0.25,-1,-1,-1
196,-1,716.42,584.08,806.08,844.82,0.16,-1,-1,-1
196,-1,7.41,581.24,811.37,846.12,0.15,-1,-1,-1
196,-1,818.57,609.17,809.43,820.28,0.13,-1,-1,-1
196,-1,19.71,632.91,824.21,801.76,0.12,-1,-1,-1
196,-1,1748.20,1135.57,10.50,11.99,0.10,-1,-1,-1
196,-1,22.42,549.17,826.42,848.83,0.09,-1,-1,-1
196,-1,1408.90,957.07,146.39,242.65,0.08,-1,-1,-1
196,-1,2072.02,213.30,10.23,11.37,0.07,-1,-1,-1
196,-1,876.92,394.19,795.44,745.47,0.06,-1,-1,-1
196,-1,1747.98,1135.74,10.11,12.17,0.05,-1,-1,-1
196,-1,1143.41,962.06,456.09,472.11,0.05,-1,-1,-1
197,-1,727.85,633.09,824.48,800.35,0.76,-1,-1,-1
197,-1,461.43,1065.50,125.37,205.30,0.22,-1,-1,-1
197,-1,697.25,586.56,823.65,843.63,0.19,-1,-1,-1
197,-1,702.25,609.43,787.62,823.18,0.15,-1,-1,-1
197,-1,2125.97,13.72,12.25,13.42,0.13,-1,-1,-1
197,-1,2.29,635.55,796.90,800.09,0.13,-1,-1,-1
197,-1,665.20,996.97,123.42,222.01,0.08,-1,-1,-1
197,-1,2100.50,700.09,14.99,16.97,0.08,-1,-1,-1
197,-1,426.04,982.50,203.62,324.46,0.07,-1,-1,-1
197,-1,935.45,424.41,740.85,714.57,0.06,-1,-1,-1
197,-1,2.88,614.14,798.44,816.90,0.06,-1,-1,-1
197,-1,1556.44,611.01,825.14,821.09,0.06,-1,-1,-1
197,-1,905.36,419.16,782.42,718.74,0.06,-1,-1,-1
198,-1,691.81,630.11,826.94,804.43,0.68,-1,-1,-1
198,-1,1711.40,27.19,34.16,29.38,0.33,-1,-1,-1
198,-1,957.52,458.40,734.05,704.45,0.32,-1,-1,-1
198,-1,1314.82,1048.99,237.33,306.23,0.21,-1,-1,-1
198,-1,8.82,634.38,810.71,800.66,0.20,-1,-1,-1
198,-1,644.93,609.55,811.74,824.48,0.16,-1,-1,-1
198,-1,23.82,613.04,819.61,817.73,0.13,-1,-1,-1
198,-1,663.12,588.00,822.20,842.00,0.12,-1,-1,-1
198,-1,1366.58,516.01,732.85,851.15,0.11,-1,-1,-1
198,-1,2.56,613.23,800.44,818.20,0.06,-1,-1,-1
198,-1,1311.97,1220.27,216.12,132.16,0.06,-1,-1,-1
199,-1,660.12,632.55,828.21,801.95,0.63,-1,-1,-1
199,-1,1334.65,1095.72,181.65,285.14,0.24,-1,-1,-1
199,-1,599.24,653.26,762.53,780.96,0.24,-1,-1,-1
199,-1,1.22,614.04,795.04,817.80,0.22,-1,-1,-1
199,-1,1337.11,611.61,759.18,820.69,0.20,-1,-1,-1
199,-1,2175.09,179.17,33.57,11.61,0.19,-1,-1,-1
199,-1,661.33,581.25,826.45,851.86,0.18,-1,-1,-1
199,-1,2214.16,28.36,22.41,16.94,0.16,-1,-1,-1
199,-1,6.72,492.32,813.67,842.35,0.16,-1,-1,-1
199,-1,2163.01,696.27,14.68,13.27,0.08,-1,-1,-1
199,-1,1145.99,1094.90,373.89,340.25,0.07,-1,-1,-1
199,-1,601.46,963.18,89.35,186.59,0.07,-1,-1,-1
199,-1,1523.64,553.61,825.70,842.65,0.06,-1,-1,-1
199,-1,1459.57,611.69,826.24,822.04,0.06,-1,-1,-1
199,-1,969.02,462.15,757.74,711.09,0.06,-1,-1,-1
199,-1,913.66,459.46,813.78,712.52,0.05,-1,-1,-1
200,-1,564.69,637.20,825.64,792.63,0.45,-1,-1,-1
200,-1,531.23,654.97,768.69,777.05,0.26,-1,-1,-1
200,-1,1255.99,1140.45,193.32,292.33,0.19,-1,-1,-1
200,-1,563.78,579.03,828.15,848.97,0.19,-1,-1,-1
200,-1,2.77,612.85,797.73,819.93,0.19,-1,-1,-1
200,-1,9.79,490.78,809.02,845.81,0.12,-1,-1,-1
200,-1,2186.09,112.23,16.15,17.13,0.10,-1,-1,-1
200,-1,2249.18,58.37,17.64,17.00,0.10,-1,-1,-1
200,-1,1269.01,603.52,735.29,829.19,0.08,-1,-1,-1
200,-1,941.09,482.14,762.50,720.34,0.08,-1,-1,-1
200,-1,1333.84,605.43,825.20,829.73,0.07,-1,-1,-1
200,-1,1395.18,606.95,825.04,828.20,0.06,-1,-1,-1
200,-1,552.29,727.23,747.90,709.80,0.05,-1,-1,-1
201,-1,501.35,637.21,828.72,795.46,0.53,-1,-1,-1
201,-1,2128.80,975.33,22.14,16.32,0.50,-1,-1,-1
201,-1,495.10,681.23,769.38,754.26,0.25,-1,-1,-1
201,-1,532.39,580.67,825.53,849.93,0.16,-1,-1,-1
201,-1,3.35,634.89,799.00,799.88,0.16,-1,-1,-1
201,-1,909.57,519.31,763.92,614.23,0.13,-1,-1,-1
201,-1,1252.64,633.65,749.29,804.47,0.11,-1,-1,-1
201,-1,9.41,490.49,811.75,846.39,0.08,-1,-1,-1
201,-1,1.03,534.04,342.79,198.12,0.07,-1,-1,-1
201,-1,497.25,728.19,741.10,709.07,0.06,-1,-1,-1
201,-1,851.13,512.11,817.74,660.74,0.06,-1,-1,-1
201,-1,2189.60,126.72,11.36,10.12,0.05,-1,-1,-1
202,-1,404.62,635.41,828.42,799.09,0.50,-1,-1,-1
202,-1,467.49,632.52,825.05,801.92,0.32,-1,-1,-1
202,-1,2266.86,86.47,18.27,13.88,0.32,-1,-1,-1
202,-1,1809.00,68.44,15.69,17.31,0.26,-1,-1,-1
202,-1,2089.56,306.98,14.66,14.88,0.23,-1,-1,-1
202,-1,876.04,542.42,755.31,606.95,0.17,-1,-1,-1
202,-1,375.38,608.34,826.36,827.82,0.14,-1,-1,-1
202,-1,1363.46,611.56,825.40,822.15,0.12,-1,-1,-1
202,-1,2365.39,71.18,16.41,13.76,0.10,-1,-1,-1
202,-1,1168.07,629.41,769.64,805.23,0.09,-1,-1,-1
202,-1,1809.35,67.98,15.27,17.85,0.08,-1,-1,-1
202,-1,2.15,634.31,799.45,802.66,0.07,-1,-1,-1
202,-1,2432.21,196.82,14.80,12.44,0.07,-1,-1,-1
202,-1,1393.89,628.25,827.78,808.91,0.06,-1,-1,-1
202,-1,1887.04,706.53,10.14,12.47,0.06,-1,-1,-1
202,-1,394.11,731.74,746.62,704.08,0.05,-1,-1,-1
203,-1,307.39,636.32,829.56,798.56,0.54,-1,-1,-1
203,-1,402.11,633.16,825.00,801.57,0.53,-1,-1,-1
203,-1,2311.84,258.15,23.84,16.73,0.34,-1,-1,-1
203,-1,2255.76,262.52,12.44,9.73,0.30,-1,-1,-1
203,-1,2311.83,258.21,24.18,15.83,0.29,-1,-1,-1
203,-1,1953.95,631.50,28.99,25.13,0.22,-1,-1,-1
203,-1,2383.83,96.36,22.41,16.35,0.20,-1,-1,-1
203,-1,371.41,590.52,827.33,841.89,0.17,-1,-1,-1
203,-1,842.96,549.38,761.41,670.75,0.09,-1,-1,-1
203,-1,1520.94,626.42,828.58,810.43,0.09,-1,-1,-1
203,-1,1490.81,627.35,826.22,809.83,0.08,-1,-1,-1
203,-1,2210.07,270.21,16.23,12.80,0.07,-1,-1,-1
203,-1,50.59,606.00,829.91,827.92,0.06,-1,-1,-1
203,-1,725.38,532.54,820.97,767.40,0.06,-1,-1,-1
203,-1,1522.98,582.71,825.50,847.59,0.05,-1,-1,-1
203,-1,2493.49,278.30,15.29,9.17,0.05,-1,-1,-1
203,-1,2493.71,278.40,15.02,9.30,0.05,-1,-1,-1
204,-1,274.91,645.96,829.20,786.38,0.63,-1,-1,-1
204,-1,180.09,641.01,828.77,793.00,0.48,-1,-1,-1
204,-1,1777.42,736.44,29.00,16.72,0.34,-1,-1,-1
204,-1,2096.96,371.90,14.86,13.42,0.33,-1,-1,-1
204,-1,337.90,593.85,826.94,841.48,0.19,-1,-1,-1
204,-1,1230.47,1041.55,70.10,92.77,0.16,-1,-1,-1
204,-1,1777.66,736.40,29.01,16.69,0.14,-1,-1,-1
204,-1,1934.24,243.27,10.94,10.47,0.14,-1,-1,-1
204,-1,1934.15,243.54,10.74,10.03,0.11,-1,-1,-1
204,-1,2027.69,751.95,17.78,9.28,0.08,-1,-1,-1
204,-1,788.78,563.34,792.00,670.91,0.08,-1,-1,-1
204,-1,2330.75,300.94,27.29,19.90,0.08,-1,-1,-1
204,-1,1491.79,608.91,825.84,824.35,0.08,-1,-1,-1
204,-1,14.25,607.52,809.68,827.13,0.07,-1,-1,-1
204,-1,1814.63,448.14,15.81,15.12,0.07,-1,-1,-1
204,-1,787.60,559.75,786.91,719.77,0.07,-1,-1,-1
204,-1,852.11,-2.18,823.46,813.83,0.06,-1,-1,-1
204,-1,2330.12,300.58,28.07,20.78,0.05,-1,-1,-1
204,-1,820.52,-2.55,823.19,815.01,0.05,-1,-1,-1
205,-1,55.01,639.20,825.83,795.38,0.45,-1,-1,-1
205,-1,242.91,641.37,826.57,794.11,0.39,-1,-1,-1
205,-1,2481.04,935.42,27.33,20.95,0.34,-1,-1,-1
205,-1,1162.35,1095.69,71.81,94.02,0.18,-1,-1,-1
205,-1,214.33,646.98,823.71,785.55,0.18,-1,-1,-1
205,-1,2345.53,177.84,25.00,14.35,0.16,-1,-1,-1
205,-1,2345.85,177.76,24.81,14.46,0.15,-1,-1,-1
205,-1,1959.17,732.58,9.32,13.32,0.11,-1,-1,-1
205,-1,2345.16,177.53,25.60,14.74,0.11,-1,-1,-1
205,-1,435.42,612.93,823.77,818.79,0.10,-1,-1,-1
205,-1,2452.16,169.59,18.02,8.76,0.07,-1,-1,-1
205,-1,1164.01,1088.48,41.79,44.86,0.06,-1,-1,-1
205,-1,1754.00,775.18,21.18,23.51,0.06,-1,-1,-1
205,-1,2513.03,310.84,22.61,11.16,0.06,-1,-1,-1
206,-1,115.33,690.11,826.06,744.01,0.51,-1,-1,-1
206,-1,9.11,707.23,814.11,727.84,0.29,-1,-1,-1
206,-1,2478.11,970.13,29.34,43.41,0.21,-1,-1,-1
206,-1,341.86,1153.32,49.01,43.68,0.20,-1,-1,-1
206,-1,371.54,615.04,824.93,816.92,0.19,-1,-1,-1
206,-1,1784.44,506.26,25.09,14.56,0.19,-1,-1,-1
206,-1,2468.72,189.12,17.94,16.19,0.16,-1,-1,-1
206,-1,115.41,617.21,828.21,817.63,0.15,-1,-1,-1
206,-1,2414.69,1041.78,16.09,9.76,0.11,-1,-1,-1
206,-1,1118.86,1120.29,100.43,102.75,0.10,-1,-1,-1
206,-1,658.71,599.68,822.01,739.23,0.10,-1,-1,-1
206,-1,2257.59,290.43,12.03,15.12,0.09,-1,-1,-1
206,-1,2193.98,786.26,12.57,11.55,0.08,-1,-1,-1
206,-1,2409.86,499.61,15.57,10.71,0.08,-1,-1,-1
206,-1,2409.77,499.60,15.43,11.14,0.06,-1,-1,-1
206,-1,1783.50,506.53,25.67,14.51,0.06,-1,-1,-1
206,-1,21.52,8.35,824.40,851.21,0.05,-1,-1,-1
206,-1,0.90,1.84,181.76,520.55,0.05,-1,-1,-1
206,-1,1204.04,-0.96,822.38,777.79,0.05,-1,-1,-1
207,-1,53.25,666.34,825.28,766.65,0.56,-1,-1,-1
207,-1,244.20,644.65,822.46,784.73,0.45,-1,-1,-1
207,-1,2063.81,618.30,24.02,21.05,0.34,-1,-1,-1
207,-1,1965.58,142.83,52.57,12.80,0.32,-1,-1,-1
207,-1,1300.73,632.08,824.49,800.77,0.28,-1,-1,-1
207,-1,1492.30,608.64,825.18,823.03,0.15,-1,-1,-1
207,-1,8.34,622.60,816.38,813.69,0.14,-1,-1,-1
207,-1,6.75,37.77,810.98,852.27,0.10,-1,-1,-1
207,-1,2064.30,618.14,23.52,20.73,0.10,-1,-1,-1
207,-1,1394.03,550.81,831.24,846.93,0.08,-1,-1,-1
207,-1,0.68,101.31,144.55,414.12,0.08,-1,-1,-1
207,-1,1609.87,736.86,11.82,11.65,0.07,-1,-1,-1
207,-1,0.06,770.37,775.43,665.41,0.07,-1,-1,-1
207,-1,563.11,611.23,823.91,802.51,0.06,-1,-1,-1
207,-1,338.35,313.72,84.16,62.10,0.06,-1,-1,-1
207,-1,1010.41,-1.38,823.74,785.79,0.06,-1,-1,-1
207,-1,2.43,4.66,798.35,828.32,0.06,-1,-1,-1
208,-1,23.41,643.28,823.54,793.37,0.67,-1,-1,-1
208,-1,775.51,1180.15,483.85,255.37,0.58,-1,-1,-1
208,-1,1.08,1.92,278.30,410.41,0.34,-1,-1,-1
208,-1,2157.56,205.32,41.56,27.13,0.27,-1,-1,-1
208,-1,905.73,1083.89,151.68,190.97,0.23,-1,-1,-1
208,-1,83.22,1122.23,47.45,44.57,0.22,-1,-1,-1
208,-1,2157.82,205.44,41.70,26.85,0.17,-1,-1,-1
208,-1,3.90,635.87,793.17,798.22,0.17,-1,-1,-1
208,-1,2240.67,563.30,10.64,10.27,0.15,-1,-1,-1
208,-1,340.75,592.66,820.91,836.54,0.13,-1,-1,-1
208,-1,52.11,607.88,826.36,827.57,0.13,-1,-1,-1
208,-1,761.55,1075.91,753.93,354.47,0.11,-1,-1,-1
208,-1,1021.80,1185.64,231.62,123.26,0.11,-1,-1,-1
208,-1,899.82,1082.99,354.55,227.87,0.08,-1,-1,-1
208,-1,1.11,1.26,279.48,406.81,0.08,-1,-1,-1
208,-1,2407.68,689.20,21.19,15.06,0.07,-1,-1,-1
208,-1,1331.07,-0.76,823.24,782.04,0.06,-1,-1,-1
208,-1,85.36,2.72,823.08,825.56,0.05,-1,-1,-1
209,-1,3.26,642.68,818.13,791.34,0.70,-1,-1,-1
209,-1,12.81,1014.59,49.95,45.42,0.35,-1,-1,-1
209,-1,3.81,615.80,795.29,815.70,0.24,-1,-1,-1
209,-1,627.67,568.08,803.07,817.55,0.22,-1,-1,-1
209,-1,-0.23,627.04,771.01,803.05,0.17,-1,-1,-1
209,-1,1332.33,579.39,824.75,849.60,0.11,-1,-1,-1
209,-1,1331.17,636.29,827.45,798.14,0.11,-1,-1,-1
209,-1,1429.78,609.11,820.83,821.86,0.10,-1,-1,-1
209,-1,686.13,591.77,791.93,774.91,0.10,-1,-1,-1
209,-1,0.31,1.70,433.99,293.85,0.09,-1,-1,-1
209,-1,1395.93,637.99,825.81,795.61,0.09,-1,-1,-1
209,-1,2366.80,221.79,13.98,12.16,0.09,-1,-1,-1
209,-1,307.94,611.92,824.61,820.29,0.08,-1,-1,-1
209,-1,66.89,1104.84,35.61,30.66,0.07,-1,-1,-1
209,-1,0.18,1.66,437.36,291.42,0.06,-1,-1,-1
209,-1,1586.62,-2.89,824.41,777.97,0.06,-1,-1,-1
209,-1,172.86,934.00,59.18,44.92,0.06,-1,-1,-1
209,-1,1618.39,-3.03,823.16,781.29,0.06,-1,-1,-1
209,-1,137.68,883.51,73.69,53.54,0.06,-1,-1,-1
209,-1,308.16,586.45,824.85,845.14,0.06,-1,-1,-1
209,-1,656.84,511.55,830.19,825.84,0.05,-1,-1,-1
210,-1,9.52,617.88,809.66,816.55,0.31,-1,-1,-1
210,-1,627.99,625.90,797.38,807.62,0.22,-1,-1,-1
210,-1,0.15,625.17,776.69,809.00,0.13,-1,-1,-1
210,-1,307.53,612.23,825.03,821.99,0.12,-1,-1,-1
210,-1,24.52,588.19,821.62,843.61,0.11,-1,-1,-1
210,-1,2210.78,591.90,9.49,10.67,0.10,-1,-1,-1
210,-1,1299.36,628.00,827.18,809.39,0.10,-1,-1,-1
210,-1,144.44,220.44,158.92,47.41,0.10,-1,-1,-1
210,-1,116.01,580.67,823.77,819.49,0.10,-1,-1,-1
210,-1,657.69,651.32,796.64,781.12,0.09,-1,-1,-1
210,-1,1364.97,609.16,824.14,823.74,0.09,-1,-1,-1
210,-1,1682.88,0.40,824.88,808.76,0.07,-1,-1,-1
210,-1,562.13,640.42,827.05,793.03,0.07,-1,-1,-1
211,-1,-0.57,644.84,795.73,793.54,0.40,-1,-1,-1
211,-1,1763.24,-1.48,794.57,805.44,0.22,-1,-1,-1
211,-1,1902.56,1124.37,14.06,11.10,0.19,-1,-1,-1
211,-1,9.60,648.38,810.87,783.84,0.16,-1,-1,-1
211,-1,21.78,636.94,819.67,799.15,0.12,-1,-1,-1
211,-1,1299.54,634.30,824.70,799.67,0.12,-1,-1,-1
211,-1,656.51,703.90,768.22,731.27,0.09,-1,-1,-1
211,-1,1235.96,577.80,829.07,860.88,0.06,-1,-1,-1
211,-1,625.03,689.79,814.68,744.67,0.05,-1,-1,-1
212,-1,46.71,4.63,767.91,570.52,0.44,-1,-1,-1
212,-1,5.38,3.71,808.66,566.77,0.15,-1,-1,-1
212,-1,44.27,3.95,770.14,570.85,0.11,-1,-1,-1
212,-1,231.59,0.98,732.56,258.86,0.08,-1,-1,-1
213,-1,1776.63,613.91,784.41,816.83,0.60,-1,-1,-1
213,-1,1427.21,627.22,825.65,808.11,0.17,-1,-1,-1
213,-1,209.52,167.58,823.57,844.07,0.14,-1,-1,-1
213,-1,626.86,627.07,825.48,808.91,0.09,-1,-1,-1
213,-1,660.05,516.75,825.35,853.56,0.08,-1,-1,-1
213,-1,145.89,167.85,827.62,845.43,0.08,-1,-1,-1
213,-1,208.52,235.78,815.58,775.26,0.07,-1,-1,-1
213,-1,0.82,229.70,798.29,756.46,0.07,-1,-1,-1
213,-1,238.60,265.97,799.94,749.74,0.07,-1,-1,-1
214,-1,371.02,585.34,823.97,837.62,0.38,-1,-1,-1
214,-1,2389.79,160.36,23.01,14.63,0.37,-1,-1,-1
214,-1,1240.70,366.54,126.85,57.77,0.28,-1,-1,-1
214,-1,57.73,636.80,790.48,757.80,0.17,-1,-1,-1
214,-1,56.64,552.26,821.49,824.92,0.11,-1,-1,-1
214,-1,335.15,632.69,822.60,791.40,0.11,-1,-1,-1
214,-1,2282.44,4.54,27.19,10.45,0.10,-1,-1,-1
214,-1,1240.82,366.44,127.19,58.03,0.08,-1,-1,-1
214,-1,54.37,359.74,823.41,849.06,0.06,-1,-1,-1
215,-1,1456.01,481.50,130.05,56.86,0.30,-1,-1,-1
215,-1,307.21,613.95,826.39,815.37,0.19,-1,-1,-1
215,-1,339.57,631.05,826.76,803.59,0.15,-1,-1,-1
215,-1,1455.68,480.88,131.86,56.90,0.13,-1,-1,-1
215,-1,749.02,1313.42,74.48,125.70,0.13,-1,-1,-1
215,-1,307.99,1217.99,91.26,50.37,0.13,-1,-1,-1
215,-1,217.84,551.09,824.56,845.80,0.12,-1,-1,-1
215,-1,1456.18,481.23,130.01,56.95,0.08,-1,-1,-1
215,-1,468.20,0.80,823.42,805.20,0.06,-1,-1,-1
215,-1,720.31,578.39,828.65,851.99,0.05,-1,-1,-1
215,-1,499.63,609.34,825.88,824.33,0.05,-1,-1,-1
216,-1,1548.74,502.02,100.07,56.49,0.20,-1,-1,-1
216,-1,940.15,848.82,88.88,81.25,0.17,-1,-1,-1
216,-1,339.98,611.63,824.64,819.32,0.16,-1,-1,-1
216,-1,266.37,629.96,806.83,799.21,0.12,-1,-1,-1
216,-1,281.45,610.19,821.85,818.18,0.11,-1,-1,-1
216,-1,278.06,551.57,826.73,844.72,0.08,-1,-1,-1
216,-1,532.94,1.08,823.50,804.74,0.07,-1,-1,-1
216,-1,777.16,1332.02,83.21,107.18,0.07,-1,-1,-1
216,-1,1532.88,502.76,131.32,56.10,0.07,-1,-1,-1
216,-1,85.26,1204.95,14.45,18.68,0.06,-1,-1,-1
216,-1,280.12,627.49,731.92,800.63,0.06,-1,-1,-1
216,-1,1600.51,591.37,81.19,26.16,0.05,-1,-1,-1
216,-1,1533.39,502.82,130.11,55.61,0.05,-1,-1,-1
216,-1,702.10,0.32,41.11,42.29,0.05,-1,-1,-1
217,-1,203.48,631.81,804.54,802.55,0.13,-1,-1,-1
217,-1,1501.54,513.53,139.83,56.63,0.12,-1,-1,-1
217,-1,204.24,614.30,773.92,814.96,0.11,-1,-1,-1
217,-1,189.08,584.52,820.52,841.50,0.10,-1,-1,-1
217,-1,1501.71,513.67,138.25,57.57,0.07,-1,-1,-1
218,-1,213.58,613.59,827.00,816.09,0.14,-1,-1,-1
218,-1,186.41,553.55,822.72,846.08,0.10,-1,-1,-1
218,-1,614.04,0.49,41.51,51.09,0.09,-1,-1,-1
218,-1,848.61,890.80,94.76,90.46,0.06,-1,-1,-1
218,-1,307.46,1.42,827.90,807.93,0.06,-1,-1,-1
219,-1,16.74,1047.56,19.56,14.47,0.23,-1,-1,-1
219,-1,308.99,610.98,826.13,820.22,0.21,-1,-1,-1
219,-1,690.53,0.13,78.58,43.22,0.18,-1,-1,-1
219,-1,287.70,554.84,817.82,841.25,0.10,-1,-1,-1
219,-1,305.76,632.52,770.90,799.52,0.09,-1,-1,-1
219,-1,1880.12,378.34,31.42,10.59,0.06,-1,-1,-1
219,-1,313.51,632.95,734.10,798.61,0.05,-1,-1,-1
220,-1,1887.25,531.85,135.98,63.21,0.38,-1,-1,-1
220,-1,532.56,611.15,824.76,819.69,0.15,-1,-1,-1
220,-1,490.81,555.11,804.92,841.35,0.12,-1,-1,-1
220,-1,503.90,611.49,791.15,816.90,0.11,-1,-1,-1
220,-1,1959.00,634.16,90.35,27.63,0.08,-1,-1,-1
220,-1,509.51,633.07,757.97,798.35,0.07,-1,-1,-1
221,-1,650.30,613.36,776.26,813.28,0.17,-1,-1,-1
221,-1,2079.05,549.43,164.44,68.93,0.10,-1,-1,-1
221,-1,660.62,610.40,826.43,819.24,0.08,-1,-1,-1
221,-1,402.03,942.95,27.24,15.82,0.08,-1,-1,-1
221,-1,2079.18,549.76,164.26,70.09,0.06,-1,-1,-1
221,-1,630.88,490.29,792.82,844.22,0.06,-1,-1,-1
221,-1,2149.11,657.10,97.76,29.86,0.06,-1,-1,-1
221,-1,1269.51,629.95,755.22,807.12,0.05,-1,-1,-1
222,-1,84.02,1024.35,15.35,13.58,0.13,-1,-1,-1
222,-1,579.30,553.12,814.08,844.37,0.09,-1,-1,-1
222,-1,597.51,610.06,826.34,819.53,0.08,-1,-1,-1
222,-1,1222.14,886.12,94.94,98.15,0.08,-1,-1,-1
222,-1,587.68,608.74,804.08,820.80,0.08,-1,-1,-1
223,-1,521.23,632.11,746.21,801.83,0.23,-1,-1,-1
223,-1,503.68,611.20,824.19,819.80,0.13,-1,-1,-1
223,-1,502.31,630.63,826.60,804.81,0.12,-1,-1,-1
223,-1,2077.88,548.36,173.25,74.02,0.10,-1,-1,-1
223,-1,494.94,584.36,800.97,845.15,0.09,-1,-1,-1
223,-1,2077.86,548.29,172.80,73.50,0.07,-1,-1,-1
223,-1,1656.47,317.91,63.72,39.19,0.06,-1,-1,-1
223,-1,1684.83,498.27,823.07,268.98,0.06,-1,-1,-1
223,-1,1347.23,1151.73,34.23,59.91,0.06,-1,-1,-1
224,-1,376.12,627.37,822.69,809.63,0.07,-1,-1,-1
224,-1,1904.27,371.58,21.93,51.56,0.07,-1,-1,-1
225,-1,279.31,612.19,824.09,820.33,0.10,-1,-1,-1
225,-1,1614.29,340.64,51.88,85.07,0.08,-1,-1,-1
225,-1,276.47,552.46,829.51,847.73,0.07,-1,-1,-1
225,-1,1614.01,340.36,52.69,85.32,0.07,-1,-1,-1
226,-1,6.48,-1.07,811.63,809.48,0.18,-1,-1,-1
226,-1,2020.81,1023.40,160.67,75.15,0.10,-1,-1,-1
226,-1,1852.29,689.19,24.82,52.72,0.09,-1,-1,-1
226,-1,1591.48,456.08,52.99,83.95,0.09,-1,-1,-1
227,-1,1.57,0.47,791.66,805.51,0.16,-1,-1,-1
227,-1,1565.49,804.51,58.77,40.69,0.08,-1,-1,-1
227,-1,114.66,627.74,826.83,809.23,0.06,-1,-1,-1
227,-1,1595.42,478.62,56.61,86.66,0.05,-1,-1,-1
228,-1,1573.84,459.04,56.73,88.09,0.13,-1,-1,-1
228,-1,1848.87,702.29,25.73,55.15,0.11,-1,-1,-1
228,-1,1848.13,702.13,43.58,83.42,0.10,-1,-1,-1
228,-1,1400.83,671.32,99.46,172.18,0.07,-1,-1,-1
229,-1,1355.18,293.96,726.04,794.40,0.13,-1,-1,-1
229,-1,6.75,521.76,814.55,846.92,0.09,-1,-1,-1
229,-1,0.83,636.57,774.13,799.42,0.07,-1,-1,-1
230,-1,1476.45,644.38,104.23,188.97,0.42,-1,-1,-1
230,-1,148.59,611.51,821.42,821.48,0.13,-1,-1,-1
230,-1,7.30,587.08,813.60,843.53,0.09,-1,-1,-1
230,-1,1479.06,645.43,74.21,118.92,0.07,-1,-1,-1
230,-1,212.49,611.15,822.10,823.25,0.07,-1,-1,-1
231,-1,51.93,630.91,825.76,805.37,0.08,-1,-1,-1
231,-1,1985.42,677.78,45.22,92.40,0.07,-1,-1,-1
231,-1,7.92,610.15,811.22,824.16,0.06,-1,-1,-1
232,-1,1324.22,1014.07,88.73,91.05,0.15,-1,-1,-1
232,-1,0.22,393.00,801.47,848.51,0.11,-1,-1,-1
232,-1,1491.24,622.36,105.58,187.28,0.06,-1,-1,-1
232,-1,-0.87,609.84,773.66,823.92,0.06,-1,-1,-1
233,-1,977.69,0.39,825.14,810.85,0.08,-1,-1,-1
233,-1,2071.83,148.07,48.13,49.62,0.08,-1,-1,-1
233,-1,1548.56,1260.05,24.41,17.23,0.06,-1,-1,-1
234,-1,1484.23,581.05,108.63,197.65,0.17,-1,-1,-1
234,-1,339.12,582.33,824.65,845.73,0.09,-1,-1,-1
234,-1,2086.81,111.06,48.31,51.73,0.08,-1,-1,-1
234,-1,1703.93,336.60,61.66,96.55,0.07,-1,-1,-1
234,-1,948.15,-0.18,822.87,812.77,0.07,-1,-1,-1
234,-1,1401.15,582.08,109.53,192.80,0.05,-1,-1,-1
235,-1,1464.06,1176.32,23.96,17.61,0.15,-1,-1,-1
235,-1,1447.91,495.91,116.98,210.44,0.13,-1,-1,-1
235,-1,83.42,608.18,824.85,825.58,0.12,-1,-1,-1
235,-1,3.11,107.81,796.87,842.75,0.06,-1,-1,-1
235,-1,1601.49,1018.72,48.62,43.42,0.06,-1,-1,-1
235,-1,1232.34,969.70,828.13,271.58,0.06,-1,-1,-1
236,-1,1577.39,555.16,205.32,221.25,0.20,-1,-1,-1
236,-1,1425.03,1090.51,24.94,17.68,0.18,-1,-1,-1
236,-1,1664.33,141.91,61.66,102.15,0.14,-1,-1,-1
236,-1,1664.55,141.95,61.58,102.17,0.06,-1,-1,-1
236,-1,1297.79,129.33,827.16,831.91,0.06,-1,-1,-1
237,-1,1501.00,473.17,239.93,228.87,0.31,-1,-1,-1
237,-1,1374.36,319.27,119.42,229.64,0.25,-1,-1,-1
237,-1,1266.14,1106.48,65.57,29.02,0.20,-1,-1,-1
237,-1,841.53,3.54,748.80,654.66,0.17,-1,-1,-1
237,-1,1607.00,42.90,367.73,817.31,0.16,-1,-1,-1
237,-1,1127.92,749.66,110.44,101.59,0.13,-1,-1,-1
237,-1,1622.40,42.02,66.99,111.23,0.13,-1,-1,-1
237,-1,1351.29,1022.22,23.90,16.32,0.09,-1,-1,-1
237,-1,1622.26,42.38,67.30,109.92,0.09,-1,-1,-1
237,-1,1267.41,64.34,826.78,814.39,0.06,-1,-1,-1
238,-1,1448.61,425.28,249.78,240.79,0.39,-1,-1,-1
238,-1,734.26,3.73,811.48,546.15,0.17,-1,-1,-1
238,-1,1189.70,1077.78,50.71,33.93,0.15,-1,-1,-1
238,-1,1503.18,429.35,88.97,50.02,0.09,-1,-1,-1
238,-1,1416.15,5.79,743.06,837.05,0.08,-1,-1,-1
238,-1,1502.47,429.74,90.26,49.85,0.07,-1,-1,-1
238,-1,1762.21,-1.45,794.47,805.75,0.06,-1,-1,-1
238,-1,1437.65,430.12,153.15,163.27,0.05,-1,-1,-1
239,-1,1397.23,365.97,248.42,241.47,0.50,-1,-1,-1
239,-1,1502.85,2.36,415.95,774.90,0.21,-1,-1,-1
239,-1,1456.12,367.08,89.00,50.22,0.19,-1,-1,-1
239,-1,1.48,584.11,796.63,844.49,0.13,-1,-1,-1
239,-1,1453.04,367.58,111.72,115.60,0.08,-1,-1,-1
239,-1,1745.44,773.97,64.62,24.32,0.06,-1,-1,-1
239,-1,625.41,1.94,825.15,491.67,0.06,-1,-1,-1
239,-1,1295.91,199.25,61.63,146.49,0.05,-1,-1,-1
240,-1,1348.91,307.69,268.31,258.68,0.11,-1,-1,-1
240,-1,1424.78,311.24,88.30,49.06,0.07,-1,-1,-1
240,-1,1419.56,309.27,92.12,52.04,0.06,-1,-1,-1
240,-1,801.23,696.87,27.66,45.75,0.05,-1,-1,-1
240,-1,530.28,1.32,823.83,811.39,0.05,-1,-1,-1
241,-1,1493.62,269.81,216.85,261.25,0.57,-1,-1,-1
241,-1,1338.17,749.36,49.48,26.51,0.11,-1,-1,-1
241,-1,1468.35,3.08,739.70,663.51,0.10,-1,-1,-1
241,-1,1513.73,270.94,92.54,54.86,0.07,-1,-1,-1
241,-1,1805.19,706.34,70.37,26.33,0.06,-1,-1,-1
241,-1,1050.43,963.96,66.62,34.88,0.05,-1,-1,-1
241,-1,299.56,264.50,55.71,48.84,0.05,-1,-1,-1
241,-1,1050.71,964.05,66.02,35.10,0.05,-1,-1,-1
242,-1,1582.08,216.38,285.82,275.98,0.46,-1,-1,-1
242,-1,1957.17,681.61,73.32,29.22,0.25,-1,-1,-1
242,-1,1664.78,218.77,102.56,55.16,0.22,-1,-1,-1
242,-1,1112.52,923.53,79.12,32.95,0.19,-1,-1,-1
242,-1,1.90,557.93,754.33,837.72,0.19,-1,-1,-1
242,-1,1112.34,923.58,77.98,33.66,0.15,-1,-1,-1
242,-1,1663.70,218.47,103.35,55.43,0.14,-1,-1,-1
242,-1,629.15,609.31,822.74,823.24,0.09,-1,-1,-1
242,-1,596.61,637.07,823.33,797.97,0.07,-1,-1,-1
242,-1,956.84,605.61,42.26,47.99,0.05,-1,-1,-1
242,-1,0.90,360.66,799.25,846.02,0.05,-1,-1,-1
242,-1,1717.87,1.10,237.39,367.66,0.05,-1,-1,-1
243,-1,1461.56,606.49,31.28,34.36,0.21,-1,-1,-1
243,-1,1788.60,191.03,107.24,60.84,0.17,-1,-1,-1
243,-1,1.60,425.45,795.83,844.83,0.17,-1,-1,-1
243,-1,2081.83,683.87,77.23,30.45,0.14,-1,-1,-1
243,-1,1757.97,189.01,243.56,299.51,0.09,-1,-1,-1
244,-1,2122.55,687.54,83.21,32.62,0.26,-1,-1,-1
244,-1,0.37,298.81,796.60,842.57,0.25,-1,-1,-1
244,-1,1089.97,912.28,102.42,41.79,0.16,-1,-1,-1
244,-1,1469.54,595.91,31.76,38.37,0.12,-1,-1,-1
244,-1,1065.80,913.66,128.43,41.71,0.10,-1,-1,-1
244,-1,628.34,626.59,821.49,810.35,0.09,-1,-1,-1
244,-1,1806.38,170.95,242.11,308.37,0.07,-1,-1,-1
244,-1,1088.13,860.42,109.13,93.12,0.07,-1,-1,-1
244,-1,1.17,233.55,797.71,844.90,0.06,-1,-1,-1
244,-1,1418.13,380.94,42.54,28.23,0.06,-1,-1,-1
244,-1,1807.41,651.06,24.01,20.71,0.06,-1,-1,-1
244,-1,1417.96,380.92,45.27,28.86,0.05,-1,-1,-1
245,-1,936.98,916.37,117.29,37.68,0.36,-1,-1,-1
245,-1,2062.95,681.10,84.83,34.79,0.25,-1,-1,-1
245,-1,957.01,915.53,96.10,36.76,0.16,-1,-1,-1
245,-1,1151.66,818.41,50.04,26.03,0.06,-1,-1,-1
245,-1,1388.64,589.52,30.14,37.31,0.06,-1,-1,-1
246,-1,1169.47,819.43,39.05,24.32,0.27,-1,-1,-1
246,-1,1169.65,819.12,39.86,25.29,0.20,-1,-1,-1
246,-1,362.67,154.34,16.48,33.20,0.11,-1,-1,-1
246,-1,2126.10,691.66,87.04,36.54,0.08,-1,-1,-1
246,-1,950.75,819.73,268.55,38.95,0.07,-1,-1,-1
246,-1,945.29,917.87,107.54,39.07,0.07,-1,-1,-1
246,-1,563.21,627.38,824.24,810.09,0.05,-1,-1,-1
247,-1,1716.12,625.54,819.36,808.81,0.28,-1,-1,-1
247,-1,1017.70,816.92,281.26,40.52,0.11,-1,-1,-1
247,-1,1245.33,822.11,44.76,24.92,0.10,-1,-1,-1
247,-1,994.71,918.11,102.98,39.90,0.10,-1,-1,-1
247,-1,1332.75,5.39,821.91,789.05,0.09,-1,-1,-1
247,-1,2307.13,720.17,94.59,41.93,0.08,-1,-1,-1
247,-1,1107.10,4.50,825.27,800.32,0.08,-1,-1,-1
247,-1,1245.64,822.10,45.52,25.01,0.08,-1,-1,-1
247,-1,4.75,359.28,646.27,840.17,0.07,-1,-1,-1
247,-1,1526.95,347.67,43.31,27.99,0.06,-1,-1,-1
247,-1,4.99,327.55,664.22,836.54,0.05,-1,-1,-1
248,-1,1558.99,4.52,817.96,776.76,0.27,-1,-1,-1
248,-1,1265.05,831.85,46.26,24.96,0.26,-1,-1,-1
248,-1,1173.18,4.86,822.48,804.68,0.13,-1,-1,-1
248,-1,1650.63,627.60,825.57,806.16,0.12,-1,-1,-1
248,-1,1621.75,591.34,36.11,42.07,0.12,-1,-1,-1
248,-1,1712.98,626.69,819.50,806.53,0.11,-1,-1,-1
248,-1,1621.02,339.22,44.16,27.02,0.07,-1,-1,-1
249,-1,1492.88,608.99,824.36,825.78,0.39,-1,-1,-1
249,-1,1692.87,341.73,48.83,26.60,0.32,-1,-1,-1
249,-1,1653.78,4.87,818.97,805.16,0.24,-1,-1,-1
249,-1,1262.56,854.24,50.25,29.56,0.16,-1,-1,-1
249,-1,820.31,626.29,822.72,807.81,0.15,-1,-1,-1
249,-1,498.90,613.27,824.19,820.33,0.06,-1,-1,-1
249,-1,1591.58,0.54,821.16,804.86,0.06,-1,-1,-1
249,-1,1262.02,854.27,64.74,47.65,0.06,-1,-1,-1
250,-1,1762.42,343.09,49.98,29.70,0.40,-1,-1,-1
250,-1,1382.49,454.86,205.84,171.32,0.31,-1,-1,-1
250,-1,818.16,624.97,823.03,806.67,0.23,-1,-1,-1
250,-1,1762.35,343.25,49.79,29.41,0.18,-1,-1,-1
250,-1,1247.88,881.98,51.10,28.39,0.18,-1,-1,-1
250,-1,1621.38,42.76,823.54,812.58,0.15,-1,-1,-1
250,-1,1247.35,882.03,51.09,28.77,0.07,-1,-1,-1
250,-1,1730.24,623.24,34.40,37.52,0.07,-1,-1,-1
250,-1,1622.01,2.84,823.07,825.94,0.06,-1,-1,-1
250,-1,1764.33,13.20,790.11,832.34,0.06,-1,-1,-1
250,-1,1392.55,14.20,822.82,830.33,0.05,-1,-1,-1
250,-1,1763.12,342.57,49.33,30.59,0.05,-1,-1,-1
250,-1,1744.18,12.75,805.06,837.48,0.05,-1,-1,-1
251,-1,1012.26,622.45,827.25,808.39,0.61,-1,-1,-1
251,-1,1839.46,351.51,52.06,29.16,0.43,-1,-1,-1
251,-1,1728.13,645.32,213.48,145.55,0.18,-1,-1,-1
251,-1,1647.40,634.55,832.87,805.89,0.15,-1,-1,-1
251,-1,1331.14,626.58,822.90,812.03,0.14,-1,-1,-1
251,-1,1838.63,351.48,53.15,29.01,0.12,-1,-1,-1
251,-1,1743.48,10.98,806.84,841.27,0.11,-1,-1,-1
251,-1,1838.74,351.02,53.12,29.54,0.11,-1,-1,-1
251,-1,689.93,626.91,827.98,806.31,0.10,-1,-1,-1
251,-1,1230.12,913.03,66.78,57.82,0.05,-1,-1,-1
252,-1,981.29,1000.22,140.49,71.93,0.60,-1,-1,-1
252,-1,984.02,892.23,108.58,52.64,0.33,-1,-1,-1
252,-1,1046.10,608.25,821.87,823.79,0.32,-1,-1,-1
252,-1,1886.12,355.21,54.55,30.52,0.25,-1,-1,-1
252,-1,590.32,844.92,20.94,46.27,0.24,-1,-1,-1
252,-1,1885.96,355.14,54.47,29.86,0.20,-1,-1,-1
252,-1,1170.91,539.52,186.03,117.28,0.17,-1,-1,-1
252,-1,786.96,905.84,820.40,527.00,0.12,-1,-1,-1
252,-1,1886.61,355.10,53.77,29.73,0.11,-1,-1,-1
252,-1,592.88,629.07,827.25,803.91,0.11,-1,-1,-1
252,-1,984.35,886.40,308.52,138.60,0.11,-1,-1,-1
252,-1,1361.37,627.46,827.99,810.19,0.09,-1,-1,-1
252,-1,1886.94,355.12,53.15,30.35,0.09,-1,-1,-1
252,-1,2443.94,0.47,115.54,137.05,0.07,-1,-1,-1
252,-1,1299.42,611.09,824.79,822.16,0.06,-1,-1,-1
252,-1,2439.64,110.23,119.80,305.93,0.05,-1,-1,-1
252,-1,2442.33,109.75,116.49,329.49,0.05,-1,-1,-1
252,-1,1760.52,39.73,795.20,845.48,0.05,-1,-1,-1
253,-1,1200.51,547.37,193.55,123.57,0.62,-1,-1,-1
253,-1,556.15,856.50,21.34,43.57,0.30,-1,-1,-1
253,-1,1967.87,360.93,60.63,32.35,0.28,-1,-1,-1
253,-1,338.05,668.73,824.02,745.31,0.14,-1,-1,-1
253,-1,1042.87,626.99,827.32,808.65,0.12,-1,-1,-1
253,-1,724.17,628.19,823.88,805.89,0.11,-1,-1,-1
253,-1,1949.79,343.03,79.55,51.11,0.09,-1,-1,-1
253,-1,1180.80,965.83,80.85,59.73,0.08,-1,-1,-1
253,-1,1967.91,360.83,60.42,32.13,0.08,-1,-1,-1
253,-1,1180.02,965.80,81.28,59.26,0.07,-1,-1,-1
253,-1,1083.95,965.21,178.56,88.77,0.07,-1,-1,-1
253,-1,1611.84,179.85,55.84,40.87,0.06,-1,-1,-1
254,-1,504.93,867.33,19.56,46.00,0.55,-1,-1,-1
254,-1,116.53,203.79,814.27,805.97,0.27,-1,-1,-1
254,-1,687.89,628.85,828.54,806.33,0.19,-1,-1,-1
254,-1,688.97,1047.96,13.54,24.66,0.18,-1,-1,-1
254,-1,1027.88,1006.03,187.81,83.25,0.16,-1,-1,-1
254,-1,1152.55,1006.88,61.04,33.38,0.11,-1,-1,-1
254,-1,2049.14,370.16,65.94,35.47,0.09,-1,-1,-1
254,-1,2049.80,370.44,65.19,35.11,0.08,-1,-1,-1
254,-1,1152.65,1006.89,61.01,33.39,0.08,-1,-1,-1
254,-1,1219.24,554.00,203.52,132.49,0.05,-1,-1,-1
254,-1,523.72,882.92,10.61,21.69,0.05,-1,-1,-1
255,-1,595.38,632.58,825.10,802.80,0.45,-1,-1,-1
255,-1,2092.32,380.69,70.46,36.84,0.36,-1,-1,-1
255,-1,2092.15,379.86,70.02,38.03,0.25,-1,-1,-1
255,-1,22.27,236.53,822.08,789.88,0.23,-1,-1,-1
255,-1,405.09,886.98,29.79,50.75,0.21,-1,-1,-1
255,-1,2199.86,444.99,60.39,19.05,0.13,-1,-1,-1
255,-1,1840.08,738.09,282.43,217.35,0.07,-1,-1,-1
255,-1,461.96,975.52,829.97,460.15,0.06,-1,-1,-1
255,-1,915.22,610.64,826.40,821.74,0.06,-1,-1,-1
255,-1,371.29,659.13,824.34,774.17,0.06,-1,-1,-1
255,-1,2199.58,446.86,30.05,16.15,0.06,-1,-1,-1
255,-1,2092.01,379.03,68.78,38.39,0.06,-1,-1,-1
255,-1,2075.46,358.79,19.94,21.17,0.05,-1,-1,-1
256,-1,250.00,936.68,28.43,53.89,0.58,-1,-1,-1
256,-1,499.85,650.67,824.32,783.10,0.34,-1,-1,-1
256,-1,478.75,1124.69,666.31,311.77,0.33,-1,-1,-1
256,-1,276.06,746.44,823.46,678.97,0.18,-1,-1,-1
256,-1,2074.38,400.99,79.43,39.57,0.13,-1,-1,-1
256,-1,1387.05,402.65,74.83,48.46,0.09,-1,-1,-1
256,-1,256.50,1232.06,264.53,128.39,0.05,-1,-1,-1
257,-1,2084.72,396.55,96.65,66.55,0.40,-1,-1,-1
257,-1,2084.54,396.55,96.78,66.32,0.31,-1,-1,-1
257,-1,1626.31,775.72,161.37,68.17,0.13,-1,-1,-1
257,-1,1626.01,775.55,161.79,68.04,0.11,-1,-1,-1
257,-1,2084.38,395.57,97.43,68.16,0.08,-1,-1,-1
257,-1,1194.95,682.95,157.53,88.56,0.08,-1,-1,-1
257,-1,146.15,1292.26,279.26,144.13,0.08,-1,-1,-1
257,-1,146.99,1293.58,278.25,141.10,0.07,-1,-1,-1
257,-1,415.17,1264.70,159.86,169.12,0.07,-1,-1,-1
258,-1,1667.64,849.78,182.08,78.01,0.51,-1,-1,-1
258,-1,1438.54,441.39,78.73,58.64,0.38,-1,-1,-1
258,-1,1764.00,521.76,791.87,832.57,0.10,-1,-1,-1
258,-1,2202.18,464.26,89.73,59.80,0.09,-1,-1,-1
258,-1,886.18,635.88,758.12,802.07,0.07,-1,-1,-1
259,-1,1732.87,950.02,185.38,90.84,0.16,-1,-1,-1
259,-1,961.37,53.92,28.22,16.30,0.15,-1,-1,-1
259,-1,1495.24,463.60,92.25,79.30,0.15,-1,-1,-1
259,-1,1493.68,470.23,94.45,73.23,0.13,-1,-1,-1
259,-1,960.37,28.79,29.60,41.97,0.13,-1,-1,-1
259,-1,3.14,499.79,470.13,715.97,0.12,-1,-1,-1
259,-1,1733.36,961.68,182.67,79.35,0.07,-1,-1,-1
259,-1,48.94,322.17,805.74,827.30,0.06,-1,-1,-1
259,-1,1349.43,548.15,18.80,25.38,0.05,-1,-1,-1
260,-1,1811.04,1160.08,227.84,134.94,0.36,-1,-1,-1
260,-1,1561.41,453.95,821.93,836.39,0.18,-1,-1,-1
260,-1,0.61,668.24,386.06,767.79,0.13,-1,-1,-1
260,-1,1555.35,626.34,70.43,64.19,0.12,-1,-1,-1
260,-1,24.57,549.86,789.56,826.72,0.12,-1,-1,-1
260,-1,1020.95,177.13,41.89,9.09,0.08,-1,-1,-1
260,-1,1684.54,488.22,823.02,844.50,0.07,-1,-1,-1
261,-1,1742.84,615.23,808.73,803.30,0.33,-1,-1,-1
261,-1,2453.19,321.95,106.24,300.69,0.13,-1,-1,-1
261,-1,1714.05,550.26,828.16,847.79,0.12,-1,-1,-1
261,-1,1304.28,896.49,62.57,51.58,0.10,-1,-1,-1
261,-1,1628.83,806.26,98.59,89.67,0.07,-1,-1,-1
261,-1,1106.76,332.27,33.65,13.76,0.07,-1,-1,-1
261,-1,1332.66,583.51,823.81,837.65,0.05,-1,-1,-1
262,-1,1679.86,886.22,105.50,105.99,0.37,-1,-1,-1
262,-1,1618.42,632.72,826.15,802.16,0.33,-1,-1,-1
262,-1,1152.14,403.65,30.74,17.10,0.18,-1,-1,-1
262,-1,974.72,0.66,834.02,431.41,0.16,-1,-1,-1
262,-1,2203.19,608.70,113.28,59.16,0.07,-1,-1,-1
262,-1,1151.68,412.91,31.77,8.48,0.06,-1,-1,-1
262,-1,2207.07,608.70,108.85,57.58,0.05,-1,-1,-1
263,-1,1493.02,632.44,822.03,796.66,0.24,-1,-1,-1
263,-1,1217.72,402.14,29.67,20.28,0.16,-1,-1,-1
263,-1,1762.86,618.96,791.22,808.86,0.14,-1,-1,-1
263,-1,1217.48,413.48,30.53,9.54,0.09,-1,-1,-1
263,-1,1460.54,585.40,824.54,844.62,0.08,-1,-1,-1
263,-1,1837.76,1293.14,194.96,144.02,0.06,-1,-1,-1
264,-1,1763.73,615.14,789.34,815.47,0.23,-1,-1,-1
264,-1,1714.03,630.51,824.39,801.75,0.16,-1,-1,-1
264,-1,1285.21,420.06,32.53,14.39,0.14,-1,-1,-1
264,-1,1716.92,584.91,820.90,842.74,0.11,-1,-1,-1
264,-1,339.65,608.53,823.54,825.14,0.10,-1,-1,-1
264,-1,339.85,583.71,824.25,847.14,0.10,-1,-1,-1
264,-1,1265.34,629.79,826.36,805.20,0.09,-1,-1,-1
264,-1,1395.35,627.75,827.16,805.87,0.07,-1,-1,-1
264,-1,1180.16,848.19,19.26,11.66,0.05,-1,-1,-1
265,-1,1766.26,617.44,787.42,812.56,0.55,-1,-1,-1
265,-1,3.04,614.76,794.82,818.47,0.18,-1,-1,-1
265,-1,2416.43,1203.57,142.97,234.01,0.18,-1,-1,-1
265,-1,1475.60,987.20,91.89,78.70,0.16,-1,-1,-1
265,-1,24.72,395.35,820.50,841.40,0.15,-1,-1,-1
265,-1,1653.87,613.33,823.90,816.57,0.13,-1,-1,-1
265,-1,1716.12,551.67,827.08,848.36,0.12,-1,-1,-1
265,-1,180.36,609.68,821.89,822.85,0.10,-1,-1,-1
265,-1,1346.51,436.99,35.29,8.98,0.08,-1,-1,-1
265,-1,10.07,332.19,809.06,840.00,0.07,-1,-1,-1
265,-1,2433.90,687.77,31.67,22.02,0.07,-1,-1,-1
265,-1,11.39,396.77,806.06,840.01,0.07,-1,-1,-1
265,-1,242.50,608.06,825.43,826.13,0.05,-1,-1,-1
266,-1,1764.90,617.73,788.33,813.69,0.35,-1,-1,-1
266,-1,909.43,1015.08,282.23,353.21,0.13,-1,-1,-1
266,-1,1687.66,612.50,820.52,817.59,0.09,-1,-1,-1
266,-1,1719.82,612.44,821.91,817.98,0.09,-1,-1,-1
266,-1,175.42,1.86,830.08,249.49,0.06,-1,-1,-1
266,-1,1411.16,446.85,38.25,8.50,0.06,-1,-1,-1
266,-1,1177.12,1170.48,36.01,34.98,0.05,-1,-1,-1
266,-1,1231.81,626.65,829.35,809.14,0.05,-1,-1,-1
267,-1,1551.66,450.79,41.23,12.43,0.42,-1,-1,-1
267,-1,1273.20,849.18,18.65,10.85,0.20,-1,-1,-1
267,-1,1214.29,1158.89,71.78,94.69,0.12,-1,-1,-1
267,-1,1187.61,1218.68,42.59,38.68,0.07,-1,-1,-1
267,-1,1267.20,631.95,821.91,802.75,0.07,-1,-1,-1
267,-1,1468.84,1016.19,117.76,100.23,0.06,-1,-1,-1
267,-1,1468.78,1016.63,117.92,99.69,0.06,-1,-1,-1
268,-1,1602.99,1096.08,156.05,123.46,0.68,-1,-1,-1
268,-1,1859.85,468.56,46.05,10.30,0.38,-1,-1,-1
268,-1,1859.19,448.86,47.77,30.32,0.11,-1,-1,-1
268,-1,1564.73,1205.31,60.31,48.09,0.07,-1,-1,-1
269,-1,1236.94,979.40,39.73,20.46,0.57,-1,-1,-1
269,-1,546.48,1106.82,155.03,74.10,0.50,-1,-1,-1
269,-1,81.57,561.47,47.66,16.79,0.30,-1,-1,-1
269,-1,547.56,1107.25,153.92,73.97,0.22,-1,-1,-1
269,-1,1636.26,904.57,36.42,17.11,0.17,-1,-1,-1
269,-1,2510.85,531.18,48.62,28.55,0.08,-1,-1,-1
269,-1,1236.95,979.29,39.68,20.30,0.07,-1,-1,-1
270,-1,522.93,1194.76,178.03,80.31,0.43,-1,-1,-1
270,-1,1803.15,972.25,32.74,16.43,0.18,-1,-1,-1
270,-1,2360.28,509.62,40.21,8.95,0.14,-1,-1,-1
270,-1,249.27,576.95,66.36,18.13,0.14,-1,-1,-1
270,-1,522.69,1194.82,178.23,79.64,0.07,-1,-1,-1
270,-1,1340.87,1049.34,44.14,24.10,0.05,-1,-1,-1
271,-1,1396.70,1131.74,84.22,29.35,0.36,-1,-1,-1
271,-1,392.18,597.29,46.74,14.33,0.33,-1,-1,-1
271,-1,417.68,1170.82,24.29,9.97,0.16,-1,-1,-1
271,-1,417.13,1170.77,35.77,11.43,0.13,-1,-1,-1
271,-1,2455.64,803.11,103.68,61.64,0.08,-1,-1,-1
272,-1,1405.80,1189.82,64.69,28.14,0.13,-1,-1,-1
272,-1,1406.38,1189.87,63.59,28.82,0.10,-1,-1,-1
273,-1,834.81,708.86,17.67,37.31,0.05,-1,-1,-1
274,-1,346.71,657.29,55.40,19.44,0.38,-1,-1,-1
274,-1,122.08,1012.12,20.29,11.97,0.17,-1,-1,-1
274,-1,207.50,1115.33,18.40,20.58,0.11,-1,-1,-1
274,-1,171.71,1344.55,14.05,44.45,0.10,-1,-1,-1
274,-1,0.49,1140.14,14.05,20.42,0.09,-1,-1,-1
274,-1,2026.57,1286.62,53.51,27.24,0.09,-1,-1,-1
274,-1,240.24,1122.98,16.38,15.06,0.08,-1,-1,-1
274,-1,91.25,1041.58,21.67,17.89,0.08,-1,-1,-1
274,-1,188.92,1072.59,24.34,22.66,0.07,-1,-1,-1
275,-1,2480.74,828.97,15.84,16.70,0.09,-1,-1,-1
276,-1,96.67,1110.69,34.24,38.28,0.26,-1,-1,-1
276,-1,113.99,1111.09,17.92,23.00,0.19,-1,-1,-1
276,-1,143.80,1106.43,18.52,17.43,0.15,-1,-1,-1
276,-1,2413.49,146.99,145.89,469.65,0.15,-1,-1,-1
276,-1,95.88,1128.10,21.82,22.22,0.14,-1,-1,-1
276,-1,96.27,1125.10,21.78,24.60,0.14,-1,-1,-1
276,-1,179.87,1111.72,13.64,21.44,0.08,-1,-1,-1
276,-1,14.89,976.56,17.25,14.00,0.06,-1,-1,-1
277,-1,1438.58,0.24,49.57,22.80,0.74,-1,-1,-1
277,-1,297.60,723.54,48.97,16.36,0.31,-1,-1,-1
277,-1,2419.53,113.30,139.93,516.12,0.10,-1,-1,-1
277,-1,330.44,723.15,16.95,15.41,0.07,-1,-1,-1
278,-1,2392.43,102.46,166.69,538.88,0.25,-1,-1,-1
279,-1,2253.89,637.67,45.93,14.62,0.34,-1,-1,-1
279,-1,2159.00,1287.16,10.24,9.89,0.06,-1,-1,-1
280,-1,2174.72,677.70,62.50,31.21,0.28,-1,-1,-1
280,-1,2238.11,690.19,57.62,19.46,0.10,-1,-1,-1
280,-1,2174.16,674.98,121.08,35.83,0.07,-1,-1,-1
280,-1,1365.02,543.51,280.49,86.31,0.06,-1,-1,-1
280,-1,639.01,733.54,15.54,31.80,0.06,-1,-1,-1
281,-1,1760.02,7.35,797.49,767.18,0.12,-1,-1,-1
281,-1,1424.99,383.27,44.63,34.52,0.10,-1,-1,-1
281,-1,1856.89,969.76,190.79,61.92,0.07,-1,-1,-1
281,-1,1622.62,688.74,46.09,14.59,0.06,-1,-1,-1
281,-1,1063.06,639.04,36.87,8.81,0.06,-1,-1,-1
281,-1,276.38,1033.32,93.75,24.75,0.06,-1,-1,-1
281,-1,1857.21,969.39,190.07,62.19,0.05,-1,-1,-1
282,-1,694.54,881.85,33.89,59.99,0.88,-1,-1,-1
282,-1,1600.59,972.85,172.53,59.54,0.08,-1,-1,-1
282,-1,1772.63,1297.34,24.02,16.94,0.07,-1,-1,-1
282,-1,728.10,618.17,42.31,31.51,0.07,-1,-1,-1
282,-1,728.41,640.58,43.40,10.14,0.07,-1,-1,-1
283,-1,2133.16,987.32,103.94,121.23,0.27,-1,-1,-1
283,-1,1487.66,1.73,766.48,363.47,0.27,-1,-1,-1
283,-1,1021.56,843.36,81.84,34.84,0.22,-1,-1,-1
283,-1,939.75,1210.92,28.31,20.18,0.20,-1,-1,-1
283,-1,1223.13,44.20,47.51,56.06,0.11,-1,-1,-1
283,-1,1557.35,1108.87,53.87,34.01,0.09,-1,-1,-1
284,-1,1410.67,268.60,102.37,178.74,0.93,-1,-1,-1
284,-1,1790.51,592.27,74.18,66.06,0.45,-1,-1,-1
284,-1,1057.94,1144.04,53.85,36.76,0.09,-1,-1,-1
284,-1,1565.27,989.53,89.32,110.17,0.07,-1,-1,-1
284,-1,840.48,3.05,746.60,389.54,0.05,-1,-1,-1
285,-1,1780.22,1022.43,92.92,114.52,0.18,-1,-1,-1
285,-1,1628.33,1014.75,256.76,127.72,0.06,-1,-1,-1
286,-1,2236.97,1281.74,53.44,32.61,0.27,-1,-1,-1
286,-1,2069.63,1055.86,101.20,119.79,0.11,-1,-1,-1
286,-1,1910.18,1042.75,266.94,137.55,0.09,-1,-1,-1
287,-1,2141.31,1070.76,102.98,120.72,0.45,-1,-1,-1
287,-1,2141.48,1070.81,102.87,120.79,0.34,-1,-1,-1
287,-1,1982.23,1068.21,265.32,126.62,0.21,-1,-1,-1
287,-1,309.86,1145.77,25.95,10.51,0.13,-1,-1,-1
287,-1,1983.46,1070.54,259.93,126.25,0.10,-1,-1,-1
287,-1,1979.61,1068.73,268.56,124.21,0.07,-1,-1,-1
287,-1,1989.36,1068.38,259.48,125.01,0.06,-1,-1,-1
288,-1,2297.15,1079.17,105.50,119.11,0.53,-1,-1,-1
288,-1,492.33,753.08,50.43,30.91,0.22,-1,-1,-1
288,-1,2133.92,1075.44,271.19,126.69,0.20,-1,-1,-1
289,-1,2114.40,1177.62,121.27,68.46,0.10,-1,-1,-1
289,-1,2356.04,257.71,40.90,108.30,0.08,-1,-1,-1
289,-1,1918.12,1249.93,28.64,17.61,0.08,-1,-1,-1
289,-1,2469.82,1061.76,89.58,124.33,0.07,-1,-1,-1
289,-1,1931.59,1146.99,99.96,63.38,0.05,-1,-1,-1
290,-1,467.01,1094.47,24.65,18.22,0.07,-1,-1,-1
292,-1,1179.39,237.90,21.78,34.19,0.13,-1,-1,-1
294,-1,1382.42,132.04,37.17,23.18,0.11,-1,-1,-1
294,-1,1510.13,604.35,37.18,117.27,0.06,-1,-1,-1
295,-1,1986.68,696.01,40.02,40.13,0.49,-1,-1,-1
295,-1,1929.18,653.43,30.40,28.42,0.06,-1,-1,-1
296,-1,591.18,717.96,52.71,32.02,0.18,-1,-1,-1
296,-1,794.04,1077.64,37.69,18.44,0.14,-1,-1,-1
296,-1,2055.53,686.55,43.52,44.08,0.08,-1,-1,-1
296,-1,793.85,1078.42,37.42,18.10,0.06,-1,-1,-1
297,-1,584.05,716.64,56.71,33.49,0.42,-1,-1,-1
298,-1,570.45,713.50,54.31,33.15,0.10,-1,-1,-1
298,-1,570.38,713.23,54.78,33.46,0.06,-1,-1,-1
300,-1,2376.62,1153.77,59.48,41.10,0.24,-1,-1,-1
300,-1,1044.59,328.77,823.07,804.22,0.08,-1,-1,-1
301,-1,257.98,1124.52,28.99,11.69,0.11,-1,-1,-1
301,-1,1813.64,266.15,53.42,51.37,0.10,-1,-1,-1
301,-1,1813.66,266.92,52.90,50.22,0.09,-1,-1,-1
301,-1,628.68,12.53,824.53,835.73,0.06,-1,-1,-1
301,-1,661.51,5.28,822.30,823.10,0.06,-1,-1,-1
302,-1,691.89,3.54,825.31,822.52,0.11,-1,-1,-1
302,-1,696.81,475.71,709.04,213.35,0.10,-1,-1,-1
302,-1,712.62,487.59,336.82,196.82,0.09,-1,-1,-1
302,-1,2047.02,599.55,16.60,53.04,0.07,-1,-1,-1
302,-1,2066.39,801.46,21.81,11.80,0.05,-1,-1,-1
303,-1,2143.50,612.98,17.42,43.51,0.14,-1,-1,-1
303,-1,691.64,4.35,825.39,823.85,0.11,-1,-1,-1
303,-1,734.26,484.06,333.80,205.95,0.11,-1,-1,-1
303,-1,682.73,462.15,716.23,242.01,0.07,-1,-1,-1
303,-1,659.40,9.09,825.18,840.95,0.06,-1,-1,-1
303,-1,479.52,702.59,73.79,39.71,0.06,-1,-1,-1
303,-1,658.40,64.77,826.49,856.12,0.05,-1,-1,-1
304,-1,638.58,703.35,76.39,42.64,0.56,-1,-1,-1
304,-1,1670.02,1074.02,135.07,68.87,0.27,-1,-1,-1
304,-1,496.68,1155.97,25.25,8.73,0.14,-1,-1,-1
304,-1,1669.58,1073.88,135.39,69.15,0.11,-1,-1,-1
304,-1,1332.47,40.43,824.56,846.70,0.10,-1,-1,-1
304,-1,250.28,1293.07,69.06,29.74,0.08,-1,-1,-1
304,-1,1459.43,104.01,820.97,839.74,0.06,-1,-1,-1
305,-1,1227.68,895.39,212.87,68.84,0.19,-1,-1,-1
305,-1,1039.69,462.68,692.91,245.29,0.18,-1,-1,-1
305,-1,1745.38,613.71,804.71,817.07,0.15,-1,-1,-1
305,-1,1524.69,105.75,825.23,847.01,0.11,-1,-1,-1
305,-1,2044.19,1097.59,99.59,41.28,0.10,-1,-1,-1
305,-1,703.66,975.76,20.44,12.57,0.09,-1,-1,-1
305,-1,1686.23,610.19,822.57,818.98,0.08,-1,-1,-1
305,-1,801.76,705.90,76.40,43.64,0.05,-1,-1,-1
305,-1,1011.70,65.57,826.74,853.15,0.05,-1,-1,-1
306,-1,1198.27,458.34,734.06,250.97,0.29,-1,-1,-1
306,-1,2230.79,1333.40,170.68,105.28,0.18,-1,-1,-1
306,-1,263.48,672.41,65.22,9.58,0.12,-1,-1,-1
306,-1,1764.56,173.52,787.63,837.49,0.07,-1,-1,-1
306,-1,1142.09,0.91,820.08,804.48,0.05,-1,-1,-1
307,-1,1281.04,445.67,714.01,271.45,0.24,-1,-1,-1
307,-1,1429.85,424.18,820.95,711.57,0.13,-1,-1,-1
307,-1,2031.46,397.54,17.52,26.86,0.10,-1,-1,-1
307,-1,208.80,320.41,38.35,58.82,0.09,-1,-1,-1
307,-1,1761.46,332.00,790.76,832.08,0.07,-1,-1,-1
307,-1,622.49,694.31,96.15,46.43,0.07,-1,-1,-1
307,-1,1646.50,282.03,16.14,32.06,0.07,-1,-1,-1
307,-1,1235.27,59.27,826.26,863.62,0.06,-1,-1,-1
307,-1,1237.82,1.66,819.21,803.58,0.06,-1,-1,-1
307,-1,719.42,709.05,79.84,28.95,0.05,-1,-1,-1
308,-1,1765.21,383.42,788.32,812.92,0.55,-1,-1,-1
308,-1,2241.36,734.93,67.43,47.45,0.17,-1,-1,-1
308,-1,2278.14,378.69,19.74,30.23,0.11,-1,-1,-1
308,-1,1650.43,393.93,824.65,706.85,0.06,-1,-1,-1
308,-1,1587.33,1.95,823.95,826.50,0.06,-1,-1,-1
309,-1,1766.11,328.96,787.07,812.03,0.21,-1,-1,-1
309,-1,1844.13,343.29,21.24,36.37,0.18,-1,-1,-1
309,-1,1607.73,433.66,667.43,320.97,0.08,-1,-1,-1
309,-1,1717.15,193.52,822.57,858.44,0.07,-1,-1,-1
309,-1,1338.98,733.80,57.06,46.61,0.07,-1,-1,-1
310,-1,310.44,639.65,60.31,8.97,0.24,-1,-1,-1
310,-1,1959.44,326.33,25.98,39.83,0.16,-1,-1,-1
310,-1,309.18,615.48,61.14,32.41,0.11,-1,-1,-1
310,-1,1019.74,1245.16,164.17,76.25,0.11,-1,-1,-1
310,-1,756.35,675.27,56.69,9.14,0.10,-1,-1,-1
310,-1,755.36,675.07,58.20,9.25,0.08,-1,-1,-1
310,-1,1599.97,1200.42,15.84,14.19,0.06,-1,-1,-1
310,-1,1763.66,349.45,789.32,790.45,0.06,-1,-1,-1
310,-1,1654.81,402.14,821.34,693.87,0.06,-1,-1,-1
310,-1,1746.89,2.64,801.79,804.61,0.05,-1,-1,-1
310,-1,1978.55,292.66,13.94,22.52,0.05,-1,-1,-1
310,-1,1744.19,11.63,804.65,844.05,0.05,-1,-1,-1
311,-1,1762.99,386.72,789.82,718.39,0.15,-1,-1,-1
311,-1,967.86,1195.13,37.82,21.97,0.14,-1,-1,-1
311,-1,967.88,1195.09,37.96,22.11,0.14,-1,-1,-1
311,-1,810.60,678.63,55.12,7.73,0.08,-1,-1,-1
311,-1,967.66,1195.14,37.96,22.19,0.07,-1,-1,-1
312,-1,2125.35,303.16,27.43,40.70,0.29,-1,-1,-1
312,-1,2058.45,349.90,56.77,49.42,0.28,-1,-1,-1
312,-1,2048.68,1037.21,77.21,28.74,0.19,-1,-1,-1
312,-1,369.44,601.06,54.22,49.20,0.18,-1,-1,-1
312,-1,370.34,639.54,53.87,10.96,0.14,-1,-1,-1
312,-1,2162.75,279.11,16.94,23.06,0.12,-1,-1,-1
312,-1,1763.55,369.18,790.26,833.42,0.11,-1,-1,-1
312,-1,2378.95,465.83,85.74,49.42,0.11,-1,-1,-1
312,-1,1762.94,363.58,791.99,783.67,0.10,-1,-1,-1
312,-1,403.85,598.98,14.77,43.49,0.06,-1,-1,-1
313,-1,2214.39,287.94,28.80,43.86,0.32,-1,-1,-1
313,-1,368.12,639.42,61.79,9.70,0.17,-1,-1,-1
313,-1,1629.25,743.97,89.85,66.20,0.11,-1,-1,-1
313,-1,835.40,676.98,67.31,9.74,0.09,-1,-1,-1
313,-1,1978.43,404.39,577.59,367.38,0.09,-1,-1,-1
313,-1,368.29,625.89,61.10,22.70,0.06,-1,-1,-1
313,-1,1760.97,5.23,792.82,820.49,0.05,-1,-1,-1
314,-1,838.78,680.92,74.78,9.44,0.13,-1,-1,-1
315,-1,1744.97,773.76,85.44,77.95,0.33,-1,-1,-1
315,-1,259.39,1300.45,13.66,19.01,0.31,-1,-1,-1
316,-1,383.24,600.98,15.66,53.97,0.10,-1,-1,-1
316,-1,2428.90,253.02,33.73,49.06,0.08,-1,-1,-1
316,-1,2266.55,532.68,12.04,12.96,0.07,-1,-1,-1
316,-1,1774.71,777.61,88.44,82.22,0.07,-1,-1,-1
316,-1,832.30,694.15,72.17,8.99,0.07,-1,-1,-1
317,-1,1777.70,777.84,89.93,83.04,0.13,-1,-1,-1
317,-1,378.40,613.57,16.15,39.05,0.11,-1,-1,-1
317,-1,1777.76,777.77,89.78,83.22,0.10,-1,-1,-1
317,-1,824.12,693.36,83.83,8.94,0.07,-1,-1,-1
317,-1,336.88,614.23,59.40,46.08,0.05,-1,-1,-1
318,-1,2111.93,417.23,446.61,391.33,0.18,-1,-1,-1
318,-1,1266.46,1357.49,95.16,64.41,0.17,-1,-1,-1
318,-1,348.51,603.51,41.36,44.88,0.15,-1,-1,-1
318,-1,822.93,682.11,82.20,8.83,0.11,-1,-1,-1
319,-1,329.29,604.90,57.68,44.26,0.23,-1,-1,-1
319,-1,1781.65,762.12,89.79,83.18,0.21,-1,-1,-1
319,-1,2280.36,512.31,12.79,13.38,0.18,-1,-1,-1
319,-1,369.36,605.01,16.51,37.50,0.18,-1,-1,-1
319,-1,2447.38,226.75,33.84,51.01,0.15,-1,-1,-1
319,-1,328.81,639.29,57.45,9.18,0.12,-1,-1,-1
319,-1,2492.14,196.38,23.51,33.79,0.11,-1,-1,-1
319,-1,2469.95,180.99,19.74,29.41,0.08,-1,-1,-1
319,-1,1008.51,1203.34,31.34,11.78,0.07,-1,-1,-1
319,-1,742.17,1329.47,13.23,12.91,0.07,-1,-1,-1
319,-1,1008.05,1202.83,32.03,12.45,0.07,-1,-1,-1
319,-1,2280.23,512.27,12.59,13.31,0.06,-1,-1,-1
320,-1,818.55,680.32,77.73,9.54,0.18,-1,-1,-1
320,-1,2475.70,215.27,23.11,51.02,0.16,-1,-1,-1
320,-1,2498.11,168.61,20.01,29.78,0.10,-1,-1,-1
320,-1,2520.74,183.05,21.35,36.90,0.09,-1,-1,-1
320,-1,2304.26,508.58,13.48,12.86,0.08,-1,-1,-1
321,-1,308.71,639.94,52.73,10.43,0.11,-1,-1,-1
321,-1,2522.02,203.56,34.79,56.06,0.08,-1,-1,-1
323,-1,2194.97,854.18,150.28,191.04,0.55,-1,-1,-1
323,-1,1763.52,43.70,790.14,837.52,0.11,-1,-1,-1
323,-1,2194.04,854.65,150.51,190.58,0.08,-1,-1,-1
324,-1,1761.03,14.37,793.57,838.28,0.07,-1,-1,-1
325,-1,1891.36,990.36,101.78,41.04,0.16,-1,-1,-1
325,-1,1933.47,913.08,39.97,17.47,0.13,-1,-1,-1
325,-1,1762.86,3.99,793.42,822.14,0.10,-1,-1,-1
325,-1,1893.51,990.60,88.77,17.70,0.08,-1,-1,-1
326,-1,285.00,642.63,58.33,9.48,0.05,-1,-1,-1
327,-1,2029.06,687.27,36.62,30.10,0.08,-1,-1,-1
328,-1,2191.07,1076.07,118.06,44.02,0.22,-1,-1,-1
328,-1,1592.04,787.69,151.98,44.34,0.15,-1,-1,-1
328,-1,2165.43,848.89,150.01,103.70,0.14,-1,-1,-1
328,-1,2229.28,1076.97,68.52,22.73,0.09,-1,-1,-1
328,-1,2189.45,691.37,37.99,32.84,0.07,-1,-1,-1
328,-1,2147.39,818.53,95.67,37.36,0.06,-1,-1,-1
328,-1,2194.68,970.05,57.97,26.15,0.06,-1,-1,-1
328,-1,2190.64,1076.75,119.43,48.64,0.05,-1,-1,-1
328,-1,2516.60,697.37,35.58,74.98,0.05,-1,-1,-1
329,-1,2302.34,255.52,11.12,16.01,0.18,-1,-1,-1
329,-1,112.29,1278.79,17.67,12.00,0.11,-1,-1,-1
329,-1,2415.20,701.72,66.62,17.78,0.06,-1,-1,-1
329,-1,2029.85,1135.84,18.67,9.94,0.05,-1,-1,-1
329,-1,2029.87,1135.81,18.48,10.06,0.05,-1,-1,-1
329,-1,2303.48,1341.56,17.33,9.48,0.05,-1,-1,-1
330,-1,891.08,1316.49,20.74,14.36,0.18,-1,-1,-1
331,-1,468.30,1413.54,17.72,15.00,0.07,-1,-1,-1
331,-1,1074.53,1178.22,14.39,9.29,0.06,-1,-1,-1
333,-1,2005.64,940.14,92.97,20.07,0.11,-1,-1,-1
337,-1,478.01,1029.26,71.55,13.04,0.11,-1,-1,-1
339,-1,673.32,1171.49,29.62,23.33,0.10,-1,-1,-1
339,-1,255.31,629.13,14.19,12.90,0.05,-1,-1,-1
340,-1,1041.61,1403.66,11.48,10.28,0.08,-1,-1,-1
342,-1,624.27,1391.41,16.16,15.94,0.11,-1,-1,-1
354,-1,761.98,1222.46,16.98,16.72,0.58,-1,-1,-1
356,-1,1105.47,1204.83,10.95,8.42,0.06,-1,-1,-1
357,-1,758.88,1223.37,22.92,19.36,0.12,-1,-1,-1
357,-1,1361.18,626.31,828.92,808.64,0.09,-1,-1,-1
359,-1,1171.72,629.65,828.49,802.02,0.14,-1,-1,-1
359,-1,1091.84,1308.78,11.41,10.99,0.08,-1,-1,-1
364,-1,2029.50,939.59,60.01,85.44,0.76,-1,-1,-1
364,-1,293.15,1259.78,42.54,16.55,0.07,-1,-1,-1
364,-1,293.24,1259.70,42.79,17.10,0.07,-1,-1,-1
365,-1,757.73,1220.00,18.91,18.30,0.11,-1,-1,-1
369,-1,755.22,1219.28,24.91,28.90,0.25,-1,-1,-1
369,-1,2498.84,1260.55,15.01,14.32,0.06,-1,-1,-1
373,-1,757.49,1219.09,21.68,17.45,0.61,-1,-1,-1
376,-1,212.46,607.67,823.07,826.86,0.09,-1,-1,-1
376,-1,532.55,609.43,822.28,824.11,0.09,-1,-1,-1
376,-1,1043.76,628.93,824.24,805.51,0.08,-1,-1,-1
376,-1,338.48,625.96,825.89,809.48,0.07,-1,-1,-1
376,-1,339.91,611.25,824.58,819.96,0.06,-1,-1,-1
376,-1,1364.66,628.60,823.50,806.70,0.06,-1,-1,-1
376,-1,1299.60,630.20,826.38,803.83,0.05,-1,-1,-1
376,-1,723.67,625.76,825.27,810.17,0.05,-1,-1,-1
377,-1,1725.74,526.77,49.72,36.26,0.80,-1,-1,-1
377,-1,2274.78,976.31,23.08,14.99,0.57,-1,-1,-1
377,-1,1580.14,0.57,397.97,156.50,0.36,-1,-1,-1
377,-1,578.91,1.16,727.10,288.98,0.21,-1,-1,-1
377,-1,550.63,1.26,773.06,286.82,0.16,-1,-1,-1
377,-1,7.14,631.71,813.77,803.13,0.15,-1,-1,-1
377,-1,2538.76,718.77,12.49,24.59,0.15,-1,-1,-1
377,-1,1579.17,0.33,399.81,156.27,0.12,-1,-1,-1
377,-1,113.06,1.41,824.63,307.77,0.12,-1,-1,-1
377,-1,62.93,1.45,815.17,315.38,0.10,-1,-1,-1
377,-1,858.71,1389.50,21.07,19.46,0.08,-1,-1,-1
377,-1,2.74,609.32,797.49,823.88,0.06,-1,-1,-1
377,-1,8.04,582.60,812.77,850.02,0.06,-1,-1,-1
378,-1,666.55,2.45,817.72,504.91,0.70,-1,-1,-1
378,-1,324.64,3.47,780.06,507.66,0.65,-1,-1,-1
378,-1,1947.39,769.79,54.65,41.72,0.60,-1,-1,-1
378,-1,1791.19,31.53,408.35,368.24,0.39,-1,-1,-1
378,-1,1791.86,31.12,406.76,369.22,0.15,-1,-1,-1
378,-1,3.04,397.26,795.18,842.38,0.13,-1,-1,-1
378,-1,1757.36,554.03,800.37,845.13,0.07,-1,-1,-1
379,-1,2022.68,908.49,42.56,39.21,0.77,-1,-1,-1
379,-1,404.97,5.40,822.73,655.57,0.41,-1,-1,-1
379,-1,1859.07,169.06,415.59,361.14,0.16,-1,-1,-1
379,-1,2021.78,908.03,64.28,40.13,0.12,-1,-1,-1
380,-1,2025.70,900.28,43.37,39.19,0.74,-1,-1,-1
380,-1,374.42,3.61,793.34,628.53,0.49,-1,-1,-1
380,-1,1854.70,162.61,416.71,360.22,0.35,-1,-1,-1
380,-1,2026.93,897.40,43.27,41.03,0.22,-1,-1,-1
380,-1,2032.45,899.69,19.59,20.38,0.22,-1,-1,-1
380,-1,1696.09,694.63,10.51,11.81,0.12,-1,-1,-1
380,-1,726.82,6.97,824.65,624.90,0.10,-1,-1,-1
380,-1,613.70,1254.26,17.54,18.29,0.07,-1,-1,-1
380,-1,1713.98,688.58,22.72,9.26,0.05,-1,-1,-1
381,-1,2033.77,885.72,42.41,42.77,0.86,-1,-1,-1
381,-1,389.87,5.63,746.99,605.37,0.41,-1,-1,-1
381,-1,1858.08,153.55,410.91,360.36,0.13,-1,-1,-1
381,-1,1671.07,672.39,24.46,18.83,0.10,-1,-1,-1
381,-1,2037.49,886.58,20.95,18.76,0.07,-1,-1,-1
381,-1,2114.49,1253.22,16.85,12.69,0.06,-1,-1,-1
381,-1,2114.35,1255.49,17.75,10.24,0.05,-1,-1,-1
382,-1,2025.19,871.39,38.23,41.75,0.89,-1,-1,-1
382,-1,1838.52,144.26,419.00,360.52,0.36,-1,-1,-1
382,-1,731.54,4.32,816.57,597.48,0.16,-1,-1,-1
382,-1,2143.09,1111.61,16.29,9.24,0.13,-1,-1,-1
382,-1,2033.84,875.68,15.34,12.11,0.05,-1,-1,-1
383,-1,2012.52,864.72,40.44,44.96,0.89,-1,-1,-1
383,-1,466.61,4.22,822.63,596.01,0.62,-1,-1,-1
383,-1,2157.69,796.97,9.26,12.77,0.08,-1,-1,-1
383,-1,2112.34,1088.84,25.03,21.14,0.05,-1,-1,-1
383,-1,1831.38,138.10,415.11,359.91,0.05,-1,-1,-1
384,-1,1976.56,847.48,38.61,38.14,0.85,-1,-1,-1
384,-1,330.78,6.94,772.75,560.61,0.49,-1,-1,-1
384,-1,672.40,5.43,814.15,568.99,0.36,-1,-1,-1
384,-1,1811.84,126.85,413.37,358.12,0.23,-1,-1,-1
384,-1,2229.42,1223.90,21.76,9.18,0.22,-1,-1,-1
384,-1,2229.40,1224.15,21.51,9.01,0.07,-1,-1,-1
384,-1,1584.82,635.72,14.80,9.17,0.07,-1,-1,-1
385,-1,1931.32,825.56,36.62,38.36,0.88,-1,-1,-1
385,-1,668.99,2.88,813.07,552.46,0.59,-1,-1,-1
385,-1,269.73,4.30,800.59,546.49,0.22,-1,-1,-1
385,-1,2197.10,896.96,17.07,18.68,0.12,-1,-1,-1
385,-1,560.24,886.52,40.56,19.99,0.08,-1,-1,-1
386,-1,1884.52,799.11,45.06,43.13,0.76,-1,-1,-1
386,-1,497.52,3.20,825.34,535.04,0.58,-1,-1,-1
386,-1,1774.96,101.07,401.28,357.24,0.16,-1,-1,-1
386,-1,1763.26,627.17,795.68,810.25,0.09,-1,-1,-1
387,-1,594.67,5.14,822.53,519.48,0.57,-1,-1,-1
387,-1,1838.86,778.72,37.33,40.39,0.50,-1,-1,-1
387,-1,1838.00,778.45,59.52,43.45,0.32,-1,-1,-1
387,-1,216.18,2.01,789.94,507.96,0.26,-1,-1,-1
387,-1,1773.50,920.05,9.89,10.51,0.20,-1,-1,-1
387,-1,712.90,2.40,728.02,520.18,0.15,-1,-1,-1
387,-1,1737.87,87.10,418.16,356.39,0.11,-1,-1,-1
388,-1,1815.15,766.06,36.29,33.88,0.78,-1,-1,-1
388,-1,244.12,4.59,822.48,507.53,0.20,-1,-1,-1
389,-1,1773.58,734.75,34.88,41.74,0.82,-1,-1,-1
389,-1,1763.23,1024.98,18.10,14.10,0.53,-1,-1,-1
389,-1,215.07,3.54,818.80,488.17,0.52,-1,-1,-1
389,-1,530.21,3.45,823.04,487.52,0.18,-1,-1,-1
389,-1,433.18,3.00,825.56,489.65,0.16,-1,-1,-1
389,-1,1714.08,63.98,410.47,353.49,0.08,-1,-1,-1
389,-1,1392.87,371.44,13.97,31.95,0.07,-1,-1,-1
389,-1,2222.68,1311.76,15.27,18.12,0.06,-1,-1,-1
390,-1,1725.65,719.43,51.77,46.20,0.56,-1,-1,-1
390,-1,1681.69,627.78,826.77,802.62,0.18,-1,-1,-1
390,-1,1724.44,720.35,52.91,44.67,0.14,-1,-1,-1
390,-1,1712.84,49.12,405.13,354.51,0.08,-1,-1,-1
390,-1,1672.12,1252.83,25.93,19.46,0.06,-1,-1,-1
391,-1,1725.41,706.92,36.30,34.64,0.56,-1,-1,-1
391,-1,1780.69,716.57,23.32,11.60,0.15,-1,-1,-1
391,-1,1741.57,627.70,810.43,807.58,0.13,-1,-1,-1
391,-1,1781.56,716.65,22.10,11.96,0.13,-1,-1,-1
391,-1,1725.20,706.77,36.52,34.97,0.11,-1,-1,-1
391,-1,1725.01,707.46,35.81,34.96,0.08,-1,-1,-1
391,-1,148.36,2.33,822.33,454.08,0.06,-1,-1,-1
391,-1,1695.63,32.01,417.46,356.10,0.05,-1,-1,-1
392,-1,1696.79,688.93,56.73,44.62,0.76,-1,-1,-1
393,-1,1704.09,748.71,48.51,41.56,0.88,-1,-1,-1
393,-1,1713.53,626.07,826.57,810.73,0.11,-1,-1,-1
393,-1,1645.51,615.11,839.31,820.54,0.05,-1,-1,-1
394,-1,1703.50,777.95,49.46,45.48,0.86,-1,-1,-1
394,-1,2464.84,970.63,37.18,27.56,0.08,-1,-1,-1
394,-1,2464.79,970.33,37.45,27.88,0.07,-1,-1,-1
394,-1,591.56,1.19,816.21,525.11,0.06,-1,-1,-1
394,-1,0.55,754.92,21.68,46.99,0.05,-1,-1,-1
395,-1,1706.35,820.45,55.64,45.53,0.84,-1,-1,-1
395,-1,2360.36,1017.44,46.59,30.00,0.18,-1,-1,-1
395,-1,2304.04,1124.91,14.80,13.44,0.14,-1,-1,-1
396,-1,1719.56,799.13,87.42,56.10,0.80,-1,-1,-1
396,-1,410.87,901.15,17.39,12.00,0.09,-1,-1,-1
397,-1,1718.37,783.80,60.83,48.51,0.83,-1,-1,-1
397,-1,2297.76,694.82,18.88,18.92,0.24,-1,-1,-1
397,-1,332.96,4.50,831.25,529.12,0.23,-1,-1,-1
397,-1,1714.49,623.08,827.07,813.70,0.07,-1,-1,-1
398,-1,1678.38,751.79,57.35,55.77,0.84,-1,-1,-1
398,-1,1393.84,627.06,828.39,810.09,0.17,-1,-1,-1
399,-1,1639.72,736.76,49.27,52.54,0.86,-1,-1,-1
399,-1,1247.90,669.59,80.72,29.84,0.39,-1,-1,-1
399,-1,1624.99,736.90,100.15,57.41,0.12,-1,-1,-1
400,-1,1540.82,704.93,46.84,53.98,0.90,-1,-1,-1
400,-1,1970.83,838.91,75.96,31.11,0.23,-1,-1,-1
400,-1,1620.62,1319.38,21.42,18.41,0.07,-1,-1,-1
401,-1,1420.15,656.84,46.40,54.14,0.90,-1,-1,-1
401,-1,1771.18,794.43,59.35,23.59,0.26,-1,-1,-1
401,-1,1853.91,718.73,46.77,20.40,0.06,-1,-1,-1
401,-1,1770.28,794.53,83.86,23.63,0.05,-1,-1,-1
402,-1,1347.35,642.56,58.24,53.83,0.81,-1,-1,-1
402,-1,1159.14,374.92,22.38,31.69,0.27,-1,-1,-1
402,-1,1981.17,786.87,17.56,17.21,0.16,-1,-1,-1
402,-1,2021.22,921.63,26.57,14.14,0.11,-1,-1,-1
403,-1,1304.75,657.84,49.13,59.39,0.87,-1,-1,-1
403,-1,1554.78,692.22,15.38,10.19,0.25,-1,-1,-1
404,-1,1329.98,640.51,52.77,55.75,0.88,-1,-1,-1
404,-1,2085.40,362.45,21.29,21.17,0.24,-1,-1,-1
404,-1,2059.92,368.77,16.19,17.20,0.15,-1,-1,-1
404,-1,2004.32,972.23,51.81,21.32,0.12,-1,-1,-1
404,-1,1798.89,838.51,25.31,22.05,0.10,-1,-1,-1
404,-1,2002.88,971.98,113.61,35.97,0.05,-1,-1,-1
405,-1,1247.18,622.84,61.89,61.68,0.87,-1,-1,-1
405,-1,1287.07,642.70,11.81,13.66,0.23,-1,-1,-1
405,-1,1591.12,500.13,92.24,23.33,0.22,-1,-1,-1
405,-1,1263.66,651.58,12.64,11.40,0.09,-1,-1,-1
406,-1,1239.07,631.61,74.73,71.91,0.87,-1,-1,-1
406,-1,1288.35,657.81,11.93,16.96,0.39,-1,-1,-1
406,-1,1624.99,646.92,27.30,15.12,0.20,-1,-1,-1
406,-1,1624.45,646.31,27.99,15.19,0.18,-1,-1,-1
406,-1,1612.41,1056.89,32.37,11.60,0.15,-1,-1,-1
406,-1,1247.38,389.59,24.93,39.80,0.14,-1,-1,-1
406,-1,2139.30,399.83,20.38,22.16,0.12,-1,-1,-1
406,-1,1611.95,1056.85,32.51,11.76,0.12,-1,-1,-1
406,-1,282.20,1180.88,28.89,9.94,0.10,-1,-1,-1
406,-1,2115.30,408.22,11.98,15.09,0.07,-1,-1,-1
406,-1,1265.03,657.19,12.11,16.01,0.07,-1,-1,-1
407,-1,1256.06,724.97,70.71,70.41,0.86,-1,-1,-1
407,-1,1297.91,747.56,13.06,16.75,0.39,-1,-1,-1
407,-1,2186.47,496.18,15.85,14.47,0.20,-1,-1,-1
407,-1,2213.46,487.53,22.84,21.73,0.13,-1,-1,-1
408,-1,1347.39,756.87,96.42,83.02,0.88,-1,-1,-1
408,-1,1410.15,783.10,16.72,23.72,0.35,-1,-1,-1
408,-1,1384.89,794.84,12.82,15.13,0.06,-1,-1,-1
408,-1,1416.30,786.96,13.22,16.06,0.06,-1,-1,-1
408,-1,1397.82,779.29,11.73,12.53,0.06,-1,-1,-1
409,-1,1440.91,739.17,104.45,73.00,0.87,-1,-1,-1
409,-1,1508.89,764.77,15.61,15.08,0.43,-1,-1,-1
409,-1,1614.13,460.13,27.98,45.42,0.34,-1,-1,-1
409,-1,1885.32,744.41,43.65,11.96,0.06,-1,-1,-1
410,-1,1484.45,731.28,126.39,104.54,0.88,-1,-1,-1
410,-1,1566.04,755.41,28.88,43.98,0.60,-1,-1,-1
410,-1,1553.85,759.72,18.13,15.64,0.08,-1,-1,-1
410,-1,1566.13,755.04,14.74,23.28,0.07,-1,-1,-1
410,-1,1742.55,17.59,76.07,106.02,0.07,-1,-1,-1
410,-1,2368.62,1012.94,16.63,14.92,0.05,-1,-1,-1
411,-1,1447.90,770.74,150.83,100.82,0.90,-1,-1,-1
411,-1,1509.10,811.13,21.81,23.65,0.55,-1,-1,-1
411,-1,1546.19,796.56,24.97,33.45,0.41,-1,-1,-1
411,-1,1545.03,804.68,16.55,26.26,0.11,-1,-1,-1
411,-1,683.39,506.55,19.96,9.73,0.06,-1,-1,-1
411,-1,1563.47,810.23,18.63,16.87,0.05,-1,-1,-1
412,-1,1486.67,799.10,184.69,110.35,0.86,-1,-1,-1
412,-1,1602.37,825.18,24.18,41.46,0.62,-1,-1,-1
412,-1,402.95,363.11,19.72,44.15,0.45,-1,-1,-1
412,-1,309.90,1317.52,62.83,24.62,0.43,-1,-1,-1
412,-1,1145.84,440.81,10.83,38.87,0.41,-1,-1,-1
412,-1,1565.25,827.16,45.14,42.80,0.24,-1,-1,-1
412,-1,1623.09,840.91,27.05,22.19,0.11,-1,-1,-1
412,-1,963.95,895.87,33.24,16.35,0.11,-1,-1,-1
412,-1,266.42,220.51,23.64,12.58,0.08,-1,-1,-1
412,-1,1565.26,843.28,22.13,24.24,0.06,-1,-1,-1
412,-1,266.96,220.80,22.94,12.47,0.06,-1,-1,-1
413,-1,1137.23,803.40,195.00,122.28,0.91,-1,-1,-1
413,-1,1265.68,826.83,34.94,44.35,0.75,-1,-1,-1
413,-1,1231.97,853.52,17.31,25.22,0.62,-1,-1,-1
413,-1,331.93,362.57,22.89,45.46,0.59,-1,-1,-1
413,-1,1093.88,439.78,11.63,39.18,0.11,-1,-1,-1
413,-1,0.41,503.28,50.26,55.78,0.07,-1,-1,-1
413,-1,238.51,484.88,16.29,14.28,0.07,-1,-1,-1
414,-1,964.59,804.45,213.40,126.93,0.87,-1,-1,-1
414,-1,1109.72,826.97,35.62,51.68,0.73,-1,-1,-1
414,-1,300.57,359.93,23.39,45.25,0.66,-1,-1,-1
414,-1,206.00,481.71,15.39,13.90,0.10,-1,-1,-1
414,-1,1757.39,2.59,782.03,514.23,0.10,-1,-1,-1
414,-1,1069.96,437.60,10.84,38.05,0.08,-1,-1,-1
414,-1,1072.34,841.03,40.52,44.55,0.05,-1,-1,-1
415,-1,1129.58,829.07,232.35,122.49,0.90,-1,-1,-1
415,-1,1284.50,852.06,33.42,45.42,0.74,-1,-1,-1
415,-1,654.58,368.07,22.37,46.45,0.59,-1,-1,-1
415,-1,1247.90,881.87,16.30,21.46,0.25,-1,-1,-1
415,-1,1238.71,505.75,19.61,10.12,0.11,-1,-1,-1
416,-1,1203.20,833.63,237.40,131.86,0.90,-1,-1,-1
416,-1,1362.20,858.55,34.70,46.02,0.81,-1,-1,-1
416,-1,830.75,369.09,21.29,44.04,0.70,-1,-1,-1
416,-1,310.11,442.33,35.50,54.26,0.58,-1,-1,-1
416,-1,1545.65,440.04,11.12,38.73,0.11,-1,-1,-1
416,-1,1398.25,504.63,20.32,9.45,0.11,-1,-1,-1
416,-1,1405.66,883.37,24.01,14.18,0.11,-1,-1,-1
416,-1,731.80,235.74,21.35,12.82,0.10,-1,-1,-1
416,-1,579.78,1156.52,44.98,14.85,0.09,-1,-1,-1
416,-1,743.00,481.97,15.19,13.99,0.07,-1,-1,-1
416,-1,731.85,236.12,20.70,12.26,0.06,-1,-1,-1
416,-1,1970.04,1179.52,46.99,13.46,0.06,-1,-1,-1
416,-1,1347.54,508.19,16.96,8.59,0.06,-1,-1,-1
417,-1,1178.30,835.23,248.80,147.41,0.92,-1,-1,-1
417,-1,1344.57,862.94,38.13,52.86,0.61,-1,-1,-1
417,-1,1609.65,440.27,11.35,38.34,0.38,-1,-1,-1
417,-1,1460.69,504.41,21.43,10.94,0.18,-1,-1,-1
417,-1,895.79,369.40,21.47,45.33,0.17,-1,-1,-1
417,-1,798.56,237.08,21.08,11.72,0.10,-1,-1,-1
417,-1,1410.20,508.21,16.95,8.46,0.06,-1,-1,-1
417,-1,383.27,442.43,33.84,55.63,0.06,-1,-1,-1
418,-1,1086.52,868.19,265.17,148.37,0.91,-1,-1,-1
418,-1,1267.14,889.14,40.42,61.57,0.76,-1,-1,-1
418,-1,895.46,370.27,20.13,43.35,0.47,-1,-1,-1
418,-1,1238.36,514.09,13.17,9.92,0.13,-1,-1,-1
418,-1,1610.24,440.99,11.44,37.13,0.11,-1,-1,-1
418,-1,1846.66,858.97,128.75,16.76,0.11,-1,-1,-1
418,-1,1289.59,866.19,57.20,68.74,0.08,-1,-1,-1
418,-1,808.43,482.34,12.99,13.88,0.07,-1,-1,-1
418,-1,1224.89,283.50,15.23,22.74,0.06,-1,-1,-1
419,-1,1041.78,874.86,275.52,145.91,0.90,-1,-1,-1
419,-1,1232.51,901.11,39.66,54.18,0.77,-1,-1,-1
419,-1,895.32,369.53,20.33,43.00,0.47,-1,-1,-1
419,-1,1610.69,439.61,11.53,37.94,0.17,-1,-1,-1
419,-1,1225.02,282.76,14.02,21.46,0.06,-1,-1,-1
419,-1,1275.90,924.22,32.10,22.70,0.05,-1,-1,-1
420,-1,987.79,863.00,283.86,158.76,0.91,-1,-1,-1
420,-1,901.70,364.85,21.06,44.19,0.60,-1,-1,-1
420,-1,1185.00,896.83,39.82,56.40,0.19,-1,-1,-1
420,-1,1186.61,881.76,79.42,70.38,0.15,-1,-1,-1
420,-1,512.69,287.28,9.88,14.90,0.10,-1,-1,-1
420,-1,430.32,303.52,52.78,33.90,0.06,-1,-1,-1
420,-1,816.42,476.18,13.00,14.66,0.06,-1,-1,-1
421,-1,956.84,861.80,291.98,165.64,0.92,-1,-1,-1
421,-1,913.65,363.33,21.00,43.79,0.71,-1,-1,-1
421,-1,1159.59,895.96,45.73,54.21,0.71,-1,-1,-1
421,-1,403.47,434.35,35.45,53.35,0.28,-1,-1,-1
421,-1,1126.35,908.10,38.48,60.22,0.12,-1,-1,-1
421,-1,445.36,302.86,53.37,32.97,0.09,-1,-1,-1
421,-1,1101.60,177.80,50.49,92.83,0.09,-1,-1,-1
421,-1,526.18,286.52,9.25,14.65,0.06,-1,-1,-1
422,-1,928.04,879.89,305.64,161.75,0.92,-1,-1,-1
422,-1,1139.66,907.24,45.25,59.33,0.77,-1,-1,-1
422,-1,422.57,429.68,35.64,53.34,0.73,-1,-1,-1
422,-1,928.31,362.27,20.62,42.14,0.21,-1,-1,-1
422,-1,1107.18,176.05,48.59,83.96,0.16,-1,-1,-1
422,-1,1637.40,432.96,11.30,37.46,0.16,-1,-1,-1
422,-1,1107.33,176.00,39.68,45.10,0.14,-1,-1,-1
422,-1,931.47,287.87,32.03,26.27,0.10,-1,-1,-1
422,-1,580.63,250.69,29.02,25.20,0.10,-1,-1,-1
422,-1,1226.02,278.46,17.23,26.05,0.10,-1,-1,-1
422,-1,464.30,299.28,49.47,31.98,0.08,-1,-1,-1
422,-1,464.00,298.86,49.71,32.59,0.08,-1,-1,-1
422,-1,543.10,285.36,8.85,12.73,0.05,-1,-1,-1
423,-1,910.84,873.19,314.44,178.69,0.93,-1,-1,-1
423,-1,1128.63,902.80,50.85,70.93,0.74,-1,-1,-1
423,-1,946.51,359.14,18.89,41.48,0.62,-1,-1,-1
423,-1,1650.29,428.95,10.86,39.62,0.15,-1,-1,-1
423,-1,1115.66,174.83,41.05,66.89,0.08,-1,-1,-1
423,-1,598.76,249.43,29.16,24.85,0.06,-1,-1,-1
424,-1,909.52,886.01,320.60,164.43,0.92,-1,-1,-1
424,-1,1128.23,919.01,47.46,64.23,0.72,-1,-1,-1
424,-1,955.54,358.70,19.26,41.46,0.69,-1,-1,-1
424,-1,1657.27,428.57,11.09,39.43,0.15,-1,-1,-1
424,-1,609.32,249.57,29.81,24.52,0.13,-1,-1,-1
424,-1,1119.36,175.81,42.99,65.54,0.09,-1,-1,-1
424,-1,967.54,975.82,43.53,22.47,0.07,-1,-1,-1
424,-1,456.25,426.58,37.41,55.34,0.07,-1,-1,-1
424,-1,1515.48,492.70,19.54,9.13,0.07,-1,-1,-1
424,-1,1119.14,175.78,41.14,64.84,0.06,-1,-1,-1
424,-1,642.39,306.39,10.00,14.95,0.05,-1,-1,-1
425,-1,900.02,868.46,323.19,183.86,0.93,-1,-1,-1
425,-1,1122.25,901.27,49.38,70.25,0.75,-1,-1,-1
425,-1,971.29,356.80,19.25,42.61,0.71,-1,-1,-1
425,-1,1668.68,426.00,10.87,39.96,0.18,-1,-1,-1
425,-1,627.47,246.32,29.52,26.59,0.08,-1,-1,-1
426,-1,883.32,865.69,323.69,185.67,0.93,-1,-1,-1
426,-1,987.52,355.66,18.60,41.47,0.72,-1,-1,-1
426,-1,1108.44,900.36,44.69,71.06,0.44,-1,-1,-1
426,-1,1108.93,893.83,89.46,76.85,0.33,-1,-1,-1
426,-1,1707.60,932.32,35.40,14.49,0.12,-1,-1,-1
426,-1,1679.02,425.65,11.06,37.88,0.10,-1,-1,-1
426,-1,1.25,423.71,168.61,122.44,0.08,-1,-1,-1
426,-1,611.51,278.18,9.25,13.58,0.06,-1,-1,-1
426,-1,501.81,420.80,35.56,53.29,0.06,-1,-1,-1
427,-1,860.62,873.67,327.89,176.13,0.93,-1,-1,-1
427,-1,1089.94,904.56,48.36,71.21,0.83,-1,-1,-1
427,-1,1003.46,355.07,17.47,40.51,0.59,-1,-1,-1
427,-1,1688.72,424.57,11.52,37.25,0.25,-1,-1,-1
428,-1,840.21,855.19,333.54,165.32,0.92,-1,-1,-1
428,-1,1074.62,896.86,45.89,54.27,0.84,-1,-1,-1
428,-1,1018.62,353.34,17.86,41.09,0.39,-1,-1,-1
428,-1,1699.17,420.87,11.05,39.44,0.21,-1,-1,-1
428,-1,1018.74,928.41,24.22,31.55,0.10,-1,-1,-1
429,-1,834.76,843.18,339.42,170.50,0.93,-1,-1,-1
429,-1,1075.46,873.95,48.50,65.16,0.83,-1,-1,-1
429,-1,1027.71,352.44,17.80,41.14,0.57,-1,-1,-1
429,-1,904.71,930.48,37.93,23.45,0.11,-1,-1,-1
429,-1,323.42,837.70,27.42,11.37,0.05,-1,-1,-1
430,-1,891.75,856.13,330.91,177.59,0.92,-1,-1,-1
430,-1,1053.36,352.21,16.87,38.38,0.59,-1,-1,-1
430,-1,1123.73,886.17,44.41,66.39,0.52,-1,-1,-1
430,-1,1124.39,865.57,86.25,85.79,0.14,-1,-1,-1
430,-1,1722.09,418.77,11.36,39.27,0.07,-1,-1,-1
430,-1,1053.59,355.27,16.01,36.89,0.06,-1,-1,-1
431,-1,944.78,831.63,321.52,156.70,0.92,-1,-1,-1
431,-1,1166.93,860.74,46.27,59.69,0.79,-1,-1,-1
431,-1,1020.72,351.50,14.48,36.85,0.31,-1,-1,-1
432,-1,937.48,819.33,304.17,180.43,0.93,-1,-1,-1
432,-1,1148.22,849.36,43.90,62.11,0.78,-1,-1,-1
432,-1,0.54,416.34,35.19,90.81,0.09,-1,-1,-1
432,-1,876.49,350.50,13.95,39.23,0.06,-1,-1,-1
433,-1,919.36,823.01,282.52,144.26,0.92,-1,-1,-1
433,-1,1113.97,849.17,39.12,54.57,0.85,-1,-1,-1
433,-1,253.44,420.32,41.38,53.11,0.32,-1,-1,-1
433,-1,715.21,355.04,12.62,40.42,0.24,-1,-1,-1
433,-1,1066.08,879.87,21.04,28.64,0.10,-1,-1,-1
433,-1,283.58,309.13,16.96,14.68,0.05,-1,-1,-1
434,-1,874.75,823.68,301.71,177.35,0.92,-1,-1,-1
434,-1,1086.47,858.60,41.47,71.78,0.82,-1,-1,-1
434,-1,1041.77,899.33,22.25,33.03,0.34,-1,-1,-1
434,-1,613.07,377.53,12.47,40.97,0.14,-1,-1,-1
434,-1,177.14,306.97,34.84,41.28,0.06,-1,-1,-1
435,-1,875.02,870.19,242.04,158.85,0.92,-1,-1,-1
435,-1,1030.57,901.21,37.15,60.81,0.80,-1,-1,-1
435,-1,900.65,965.02,45.77,16.72,0.23,-1,-1,-1
435,-1,901.17,965.96,40.81,15.01,0.09,-1,-1,-1
435,-1,988.33,937.07,22.47,33.29,0.06,-1,-1,-1
436,-1,801.95,885.31,252.01,179.36,0.87,-1,-1,-1
436,-1,967.52,914.01,32.15,74.99,0.70,-1,-1,-1
436,-1,923.92,953.18,23.13,35.41,0.46,-1,-1,-1
436,-1,884.59,530.31,9.99,23.74,0.17,-1,-1,-1
436,-1,1914.41,132.01,73.30,101.34,0.09,-1,-1,-1
437,-1,757.37,921.51,234.09,122.74,0.88,-1,-1,-1
437,-1,913.23,952.90,25.48,19.72,0.06,-1,-1,-1
438,-1,739.93,899.74,226.64,158.65,0.90,-1,-1,-1
438,-1,884.84,918.98,37.95,69.94,0.73,-1,-1,-1
438,-1,1725.62,1112.45,96.24,26.90,0.12,-1,-1,-1
439,-1,771.20,900.98,196.79,154.13,0.92,-1,-1,-1
439,-1,896.29,934.95,26.01,45.92,0.78,-1,-1,-1
439,-1,857.94,961.84,23.05,30.80,0.57,-1,-1,-1
440,-1,841.12,884.40,166.64,146.27,0.92,-1,-1,-1
440,-1,941.59,917.17,26.46,51.38,0.60,-1,-1,-1
440,-1,1439.52,999.27,38.26,17.66,0.31,-1,-1,-1
440,-1,908.75,946.65,22.58,28.98,0.19,-1,-1,-1
440,-1,929.16,920.87,17.29,22.99,0.08,-1,-1,-1
440,-1,174.25,607.68,61.79,11.54,0.06,-1,-1,-1
441,-1,938.54,884.00,137.82,137.64,0.87,-1,-1,-1
441,-1,1448.57,968.63,43.76,26.39,0.50,-1,-1,-1
441,-1,990.34,944.99,22.47,26.07,0.43,-1,-1,-1
441,-1,1031.65,932.96,18.49,24.41,0.28,-1,-1,-1
441,-1,1009.16,915.00,28.53,28.97,0.20,-1,-1,-1
441,-1,456.84,969.25,32.05,10.98,0.08,-1,-1,-1
441,-1,1446.13,964.21,24.10,16.74,0.07,-1,-1,-1
441,-1,1449.42,982.01,42.69,15.02,0.06,-1,-1,-1
442,-1,1060.88,874.38,127.86,154.81,0.89,-1,-1,-1
442,-1,1101.12,933.85,25.71,34.65,0.69,-1,-1,-1
442,-1,1118.11,905.83,24.69,33.75,0.47,-1,-1,-1
442,-1,1471.49,899.99,34.49,38.72,0.17,-1,-1,-1
442,-1,1117.14,905.21,38.39,60.15,0.15,-1,-1,-1
442,-1,1144.41,925.41,11.64,23.66,0.14,-1,-1,-1
442,-1,2337.38,1159.30,46.83,32.84,0.09,-1,-1,-1
442,-1,1460.08,1154.06,70.42,26.72,0.05,-1,-1,-1
443,-1,1184.81,870.73,111.52,118.61,0.90,-1,-1,-1
443,-1,2324.19,791.92,15.60,11.48,0.32,-1,-1,-1
443,-1,1531.95,888.73,20.93,20.78,0.12,-1,-1,-1
443,-1,2189.68,874.04,20.21,15.70,0.11,-1,-1,-1
443,-1,2356.47,927.04,37.67,15.24,0.10,-1,-1,-1
443,-1,1576.83,1051.48,38.54,29.85,0.08,-1,-1,-1
443,-1,2353.27,925.93,103.19,35.24,0.08,-1,-1,-1
443,-1,1594.38,1050.82,19.02,15.35,0.08,-1,-1,-1
443,-1,365.90,1002.73,62.93,20.07,0.07,-1,-1,-1
443,-1,1238.41,901.21,13.28,15.69,0.05,-1,-1,-1
444,-1,1245.94,866.74,107.95,149.46,0.91,-1,-1,-1
444,-1,1291.75,897.36,25.27,31.02,0.69,-1,-1,-1
444,-1,1514.94,884.79,32.71,24.74,0.52,-1,-1,-1
444,-1,1279.30,925.70,21.39,29.50,0.27,-1,-1,-1
444,-1,2531.18,576.33,11.58,14.22,0.20,-1,-1,-1
444,-1,937.60,565.31,22.68,34.16,0.19,-1,-1,-1
444,-1,1314.63,931.57,28.35,36.99,0.12,-1,-1,-1
444,-1,1264.73,924.38,17.54,27.74,0.10,-1,-1,-1
444,-1,1595.50,848.48,23.49,20.12,0.08,-1,-1,-1
444,-1,968.22,564.29,21.66,25.78,0.06,-1,-1,-1
444,-1,1845.76,1034.50,38.19,22.36,0.06,-1,-1,-1
444,-1,1514.95,885.11,32.91,24.75,0.06,-1,-1,-1
445,-1,1349.42,903.35,107.84,131.11,0.90,-1,-1,-1
445,-1,1383.39,930.46,20.77,27.25,0.58,-1,-1,-1
445,-1,1378.75,957.80,22.84,29.70,0.41,-1,-1,-1
445,-1,1530.66,580.23,17.12,16.38,0.08,-1,-1,-1
445,-1,1513.34,586.55,10.05,11.90,0.08,-1,-1,-1
445,-1,1365.41,968.23,18.36,23.12,0.07,-1,-1,-1
445,-1,2149.75,912.89,20.97,11.72,0.06,-1,-1,-1
446,-1,1427.38,940.59,107.06,124.66,0.91,-1,-1,-1
446,-1,1453.69,972.98,25.30,45.08,0.29,-1,-1,-1
446,-1,1463.90,972.74,16.62,19.63,0.15,-1,-1,-1
446,-1,2341.08,1257.76,25.21,21.74,0.15,-1,-1,-1
446,-1,1454.20,968.78,20.18,29.16,0.07,-1,-1,-1
446,-1,1454.32,996.67,24.25,21.11,0.06,-1,-1,-1
447,-1,1473.28,957.21,115.59,127.91,0.91,-1,-1,-1
447,-1,656.65,1025.75,73.42,35.50,0.24,-1,-1,-1
447,-1,1497.83,983.05,27.90,34.36,0.22,-1,-1,-1
447,-1,523.95,579.64,14.00,32.39,0.21,-1,-1,-1
447,-1,656.95,1025.43,73.13,36.16,0.20,-1,-1,-1
447,-1,1968.35,902.65,37.48,16.28,0.17,-1,-1,-1
447,-1,1503.22,1005.41,26.58,30.83,0.16,-1,-1,-1
447,-1,1761.37,1337.18,15.93,16.45,0.08,-1,-1,-1
447,-1,783.99,1010.85,16.13,9.78,0.07,-1,-1,-1
447,-1,1511.27,983.87,16.59,25.41,0.07,-1,-1,-1
448,-1,1499.64,973.00,118.41,121.16,0.89,-1,-1,-1
448,-1,1333.63,868.80,24.39,26.71,0.39,-1,-1,-1
448,-1,1532.25,1023.48,30.01,31.02,0.37,-1,-1,-1
448,-1,1522.46,998.51,25.78,35.25,0.30,-1,-1,-1
448,-1,2213.30,1146.71,39.63,22.23,0.23,-1,-1,-1
448,-1,1522.81,998.54,39.10,53.67,0.21,-1,-1,-1
448,-1,1678.27,1256.64,23.23,36.38,0.16,-1,-1,-1
448,-1,1652.60,1204.62,34.74,27.54,0.14,-1,-1,-1
448,-1,1678.47,1250.64,19.26,11.40,0.09,-1,-1,-1
448,-1,2209.92,1146.32,43.87,23.22,0.08,-1,-1,-1
448,-1,1815.98,906.19,48.91,23.75,0.07,-1,-1,-1
448,-1,1652.08,1204.37,58.65,46.48,0.06,-1,-1,-1
448,-1,645.04,1055.35,17.21,14.54,0.06,-1,-1,-1
448,-1,1816.11,906.27,47.19,23.45,0.06,-1,-1,-1
448,-1,645.51,1036.54,60.08,31.25,0.06,-1,-1,-1
448,-1,644.56,1036.16,60.64,36.51,0.06,-1,-1,-1
449,-1,1496.52,962.90,119.04,127.05,0.91,-1,-1,-1
449,-1,1519.25,988.62,35.66,52.56,0.66,-1,-1,-1
449,-1,2132.80,1135.07,54.47,18.35,0.21,-1,-1,-1
449,-1,1588.68,1191.79,48.48,24.35,0.15,-1,-1,-1
449,-1,1264.10,867.74,31.87,14.81,0.10,-1,-1,-1
449,-1,685.46,1163.12,27.08,14.44,0.09,-1,-1,-1
449,-1,1531.64,989.31,19.81,26.90,0.06,-1,-1,-1
450,-1,1480.30,970.13,126.72,110.31,0.90,-1,-1,-1
450,-1,1503.65,992.74,38.94,47.69,0.32,-1,-1,-1
450,-1,1617.04,1165.14,23.14,16.56,0.25,-1,-1,-1
450,-1,1514.23,1013.90,28.63,27.47,0.14,-1,-1,-1
450,-1,1430.26,672.29,29.84,10.89,0.08,-1,-1,-1
451,-1,1464.29,960.26,133.37,100.54,0.89,-1,-1,-1
451,-1,1494.68,982.02,18.02,43.11,0.27,-1,-1,-1
451,-1,1497.67,992.18,30.50,35.44,0.11,-1,-1,-1
451,-1,534.44,1014.34,50.34,17.51,0.10,-1,-1,-1
451,-1,725.85,967.11,47.26,16.91,0.08,-1,-1,-1
451,-1,534.46,1014.57,49.91,17.25,0.07,-1,-1,-1
451,-1,186.40,1411.69,21.65,20.55,0.07,-1,-1,-1
451,-1,534.58,1014.72,49.74,17.06,0.06,-1,-1,-1
452,-1,1437.61,953.27,146.47,108.49,0.89,-1,-1,-1
452,-1,1468.83,974.39,20.77,34.12,0.60,-1,-1,-1
452,-1,1451.58,986.59,15.52,16.34,0.49,-1,-1,-1
452,-1,1485.84,994.78,21.29,23.58,0.27,-1,-1,-1
452,-1,441.19,1019.82,66.76,28.71,0.24,-1,-1,-1
452,-1,441.32,1019.59,64.94,28.87,0.17,-1,-1,-1
452,-1,441.51,1019.72,68.29,29.34,0.13,-1,-1,-1
452,-1,1164.79,797.83,24.47,11.50,0.12,-1,-1,-1
452,-1,912.78,865.03,26.00,12.03,0.08,-1,-1,-1
452,-1,1516.96,993.48,13.32,18.61,0.08,-1,-1,-1
452,-1,1989.67,879.95,27.18,11.90,0.07,-1,-1,-1
452,-1,442.65,1020.64,67.19,27.90,0.06,-1,-1,-1
452,-1,1948.38,912.74,25.06,12.23,0.06,-1,-1,-1
452,-1,1475.17,993.54,14.80,16.89,0.06,-1,-1,-1
452,-1,890.69,864.51,48.83,27.66,0.06,-1,-1,-1
452,-1,489.21,1034.95,19.72,11.68,0.05,-1,-1,-1
453,-1,1440.72,948.97,149.41,87.92,0.89,-1,-1,-1
453,-1,1468.83,969.48,23.66,38.86,0.51,-1,-1,-1
453,-1,1491.14,974.30,26.13,36.16,0.13,-1,-1,-1
453,-1,1476.50,989.04,16.16,20.23,0.12,-1,-1,-1
453,-1,1804.53,1029.42,16.09,21.73,0.09,-1,-1,-1
453,-1,975.02,751.82,25.85,10.02,0.07,-1,-1,-1
453,-1,654.03,1311.04,23.58,10.57,0.06,-1,-1,-1
454,-1,1443.70,939.65,153.80,88.78,0.87,-1,-1,-1
454,-1,1471.65,957.88,22.60,32.77,0.56,-1,-1,-1
454,-1,1453.60,971.77,12.16,13.56,0.23,-1,-1,-1
454,-1,1494.96,961.97,18.63,32.27,0.11,-1,-1,-1
454,-1,1478.61,968.88,16.68,22.73,0.09,-1,-1,-1
454,-1,1484.45,975.84,11.73,15.84,0.07,-1,-1,-1
454,-1,1446.27,941.17,45.95,45.19,0.05,-1,-1,-1
455,-1,1460.30,943.37,155.56,77.57,0.88,-1,-1,-1
455,-1,1508.91,964.34,20.07,31.14,0.67,-1,-1,-1
455,-1,1484.77,959.66,15.50,31.18,0.45,-1,-1,-1
455,-1,1498.80,1031.51,18.67,17.41,0.11,-1,-1,-1
455,-1,1497.89,976.40,14.01,16.71,0.09,-1,-1,-1
455,-1,1487.81,963.37,22.06,29.38,0.07,-1,-1,-1
455,-1,1468.97,974.15,12.69,13.28,0.06,-1,-1,-1
456,-1,1476.10,953.26,157.69,59.86,0.82,-1,-1,-1
456,-1,1502.00,950.61,12.40,26.96,0.53,-1,-1,-1
456,-1,1527.08,955.80,14.95,25.59,0.12,-1,-1,-1
456,-1,1517.53,966.96,12.11,12.96,0.11,-1,-1,-1
456,-1,1504.52,954.12,24.44,25.76,0.06,-1,-1,-1
456,-1,1322.98,1066.00,27.76,17.41,0.06,-1,-1,-1
457,-1,1494.27,944.03,159.87,61.27,0.87,-1,-1,-1
457,-1,1521.51,961.52,11.84,21.69,0.15,-1,-1,-1
457,-1,1539.54,970.89,11.40,13.68,0.09,-1,-1,-1
457,-1,415.39,1055.63,64.71,27.07,0.06,-1,-1,-1
457,-1,1544.36,963.09,14.53,23.58,0.05,-1,-1,-1
458,-1,1672.63,929.26,163.48,58.54,0.75,-1,-1,-1
458,-1,1702.95,938.39,11.77,24.13,0.58,-1,-1,-1
458,-1,1729.61,938.72,14.34,27.38,0.21,-1,-1,-1
458,-1,1672.10,949.24,19.26,24.63,0.08,-1,-1,-1
458,-1,1719.28,950.20,12.05,13.90,0.07,-1,-1,-1
459,-1,1784.19,925.51,169.64,65.24,0.81,-1,-1,-1
459,-1,1814.75,938.83,12.52,21.79,0.40,-1,-1,-1
459,-1,1834.73,951.34,12.02,11.62,0.16,-1,-1,-1
459,-1,2166.13,1313.70,11.14,9.98,0.08,-1,-1,-1
459,-1,1355.89,1201.45,179.06,43.26,0.07,-1,-1,-1
460,-1,1899.47,939.20,171.52,65.20,0.85,-1,-1,-1
460,-1,1929.53,953.60,14.99,22.00,0.53,-1,-1,-1
460,-1,1930.03,953.37,29.18,24.06,0.13,-1,-1,-1
460,-1,1951.66,966.99,10.28,11.19,0.12,-1,-1,-1
460,-1,1961.62,954.55,13.53,26.15,0.11,-1,-1,-1
461,-1,1966.21,950.57,175.37,59.28,0.80,-1,-1,-1
461,-1,1998.43,963.50,22.29,26.29,0.59,-1,-1,-1
461,-1,2019.93,973.86,10.25,15.97,0.18,-1,-1,-1
461,-1,2024.50,963.46,18.68,27.88,0.07,-1,-1,-1
461,-1,1601.36,1070.47,19.34,9.30,0.05,-1,-1,-1
462,-1,2020.36,973.88,184.30,41.17,0.86,-1,-1,-1
462,-1,2059.08,954.72,17.71,29.84,0.65,-1,-1,-1
462,-1,2077.91,975.47,11.16,14.63,0.12,-1,-1,-1
462,-1,2033.52,947.06,17.63,32.01,0.07,-1,-1,-1
462,-1,2087.72,965.26,14.32,26.47,0.07,-1,-1,-1
463,-1,2080.89,986.35,187.12,40.10,0.80,-1,-1,-1
463,-1,2120.10,962.14,23.46,36.31,0.78,-1,-1,-1
464,-1,2144.63,967.26,190.48,54.86,0.80,-1,-1,-1
464,-1,2182.89,957.31,23.29,38.24,0.75,-1,-1,-1
464,-1,2205.24,972.09,18.35,24.63,0.12,-1,-1,-1
464,-1,591.49,992.91,24.63,9.86,0.09,-1,-1,-1
464,-1,591.17,993.19,24.55,9.69,0.07,-1,-1,-1
464,-1,1259.48,1025.22,150.84,63.13,0.05,-1,-1,-1
465,-1,2188.83,992.24,196.64,39.72,0.83,-1,-1,-1
465,-1,2237.05,967.90,15.98,41.08,0.72,-1,-1,-1
465,-1,2249.50,989.32,16.35,19.53,0.06,-1,-1,-1
466,-1,2334.79,1009.19,19.72,42.59,0.83,-1,-1,-1
466,-1,2290.31,1042.06,204.36,34.34,0.80,-1,-1,-1
467,-1,2309.90,1033.46,196.91,46.35,0.82,-1,-1,-1
467,-1,2355.76,1013.76,20.41,45.30,0.78,-1,-1,-1
467,-1,2375.54,1034.56,17.89,23.58,0.10,-1,-1,-1
467,-1,1865.12,1071.33,59.08,17.05,0.10,-1,-1,-1
468,-1,1586.03,984.67,151.18,40.45,0.84,-1,-1,-1
468,-1,1621.77,962.74,16.46,31.63,0.51,-1,-1,-1
468,-1,1620.13,961.35,34.82,38.88,0.11,-1,-1,-1
468,-1,1218.05,1141.03,13.93,17.22,0.07,-1,-1,-1
468,-1,287.12,753.22,19.07,11.19,0.06,-1,-1,-1
469,-1,1647.64,971.92,145.06,58.35,0.84,-1,-1,-1
469,-1,1674.77,962.55,23.41,28.02,0.58,-1,-1,-1
470,-1,1690.05,988.07,145.37,51.08,0.84,-1,-1,-1
470,-1,1720.51,976.68,22.49,37.91,0.71,-1,-1,-1
471,-1,1772.11,1024.78,143.69,56.73,0.86,-1,-1,-1
471,-1,1808.20,1013.65,19.41,46.38,0.65,-1,-1,-1
471,-1,1809.84,1013.49,16.78,24.29,0.08,-1,-1,-1
471,-1,1837.37,1018.96,16.79,20.95,0.06,-1,-1,-1
472,-1,1877.43,1061.43,139.60,79.89,0.91,-1,-1,-1
472,-1,1914.22,1062.41,20.16,54.31,0.69,-1,-1,-1
473,-1,2003.44,1148.31,148.83,61.28,0.87,-1,-1,-1
473,-1,2046.67,1123.71,22.38,58.21,0.73,-1,-1,-1
474,-1,2120.33,1201.42,154.44,107.11,0.91,-1,-1,-1
474,-1,2165.64,1208.20,28.42,66.06,0.71,-1,-1,-1
475,-1,2149.57,1257.96,158.30,91.65,0.89,-1,-1,-1
475,-1,2196.47,1248.68,29.11,68.58,0.80,-1,-1,-1
476,-1,1246.56,1130.52,134.36,115.70,0.84,-1,-1,-1
476,-1,1278.74,1146.30,29.98,39.60,0.32,-1,-1,-1
476,-1,338.06,1317.83,12.46,13.23,0.06,-1,-1,-1
476,-1,1278.51,1146.43,30.12,38.87,0.05,-1,-1,-1
477,-1,1061.29,1146.77,142.43,85.87,0.90,-1,-1,-1
477,-1,1097.33,1144.01,28.64,63.33,0.56,-1,-1,-1
477,-1,2309.08,18.65,250.23,581.25,0.07,-1,-1,-1
478,-1,1272.12,1088.79,24.14,13.23,0.25,-1,-1,-1
478,-1,479.83,1147.64,51.64,16.17,0.25,-1,-1,-1
478,-1,1311.17,1056.08,42.03,15.69,0.23,-1,-1,-1
478,-1,1311.15,1055.90,42.06,16.07,0.22,-1,-1,-1
478,-1,479.81,1147.77,51.48,16.29,0.16,-1,-1,-1
478,-1,1391.46,1046.78,21.82,8.98,0.15,-1,-1,-1
478,-1,718.02,656.09,75.42,26.54,0.12,-1,-1,-1
478,-1,1662.13,1229.04,19.09,17.65,0.11,-1,-1,-1
478,-1,1662.26,1227.88,20.26,18.07,0.11,-1,-1,-1
478,-1,718.85,654.84,74.38,28.20,0.09,-1,-1,-1
478,-1,2097.29,400.87,460.88,400.88,0.08,-1,-1,-1
478,-1,21.95,0.02,821.77,736.83,0.06,-1,-1,-1
478,-1,719.04,671.87,73.74,11.36,0.05,-1,-1,-1
479,-1,1039.53,1025.20,346.07,186.62,0.38,-1,-1,-1
479,-1,830.52,761.38,103.27,77.70,0.36,-1,-1,-1
479,-1,212.31,775.03,131.92,47.10,0.34,-1,-1,-1
479,-1,599.30,805.84,36.49,10.82,0.23,-1,-1,-1
479,-1,2219.29,591.52,84.35,13.11,0.17,-1,-1,-1
479,-1,829.95,760.92,107.18,78.13,0.16,-1,-1,-1
479,-1,1761.79,271.65,793.13,810.77,0.14,-1,-1,-1
479,-1,395.38,781.06,85.38,15.92,0.10,-1,-1,-1
479,-1,830.32,761.25,103.92,77.54,0.09,-1,-1,-1
479,-1,583.31,754.63,29.70,10.74,0.08,-1,-1,-1
479,-1,385.75,758.05,123.49,40.30,0.07,-1,-1,-1
479,-1,857.19,2.22,295.18,487.87,0.06,-1,-1,-1
479,-1,830.19,760.70,97.30,77.88,0.05,-1,-1,-1
480,-1,1700.70,506.80,11.62,12.75,0.26,-1,-1,-1
480,-1,1849.09,233.70,29.65,48.56,0.19,-1,-1,-1
480,-1,1889.58,206.03,17.73,26.57,0.12,-1,-1,-1
480,-1,1869.79,191.23,16.54,27.28,0.07,-1,-1,-1
