1,-1,3730.70,1889.58,108.63,134.31,0.83,-1,-1,-1
1,-1,1748.37,1219.10,66.16,47.34,0.76,-1,-1,-1
1,-1,2765.53,2108.96,58.28,50.25,0.53,-1,-1,-1
1,-1,1216.27,0.20,340.47,153.45,0.35,-1,-1,-1
1,-1,3699.42,1905.07,139.13,202.08,0.33,-1,-1,-1
1,-1,1.64,2.96,793.02,801.90,0.31,-1,-1,-1
1,-1,3552.58,1903.01,249.74,195.32,0.28,-1,-1,-1
1,-1,1221.27,0.31,334.97,152.02,0.28,-1,-1,-1
1,-1,3341.06,1709.22,171.99,154.77,0.24,-1,-1,-1
1,-1,1742.80,1957.77,14.60,16.75,0.21,-1,-1,-1
1,-1,1743.80,1203.74,31.07,56.89,0.20,-1,-1,-1
1,-1,2875.15,1803.36,233.78,204.71,0.17,-1,-1,-1
1,-1,2766.03,2108.86,57.52,50.39,0.17,-1,-1,-1
1,-1,1679.07,0.06,127.21,139.54,0.16,-1,-1,-1
1,-1,1866.03,1062.65,68.64,48.63,0.16,-1,-1,-1
1,-1,2002.06,1365.12,828.08,803.43,0.16,-1,-1,-1
1,-1,2316.95,1353.64,22.85,50.14,0.16,-1,-1,-1
1,-1,1752.76,1061.04,183.54,167.63,0.15,-1,-1,-1
1,-1,2269.42,659.63,35.61,21.06,0.15,-1,-1,-1
1,-1,3558.37,1918.56,146.27,140.21,0.14,-1,-1,-1
1,-1,2773.71,1344.86,820.07,807.23,0.14,-1,-1,-1
1,-1,2802.15,1289.79,823.25,835.45,0.14,-1,-1,-1
1,-1,1743.33,1206.48,25.78,53.27,0.13,-1,-1,-1
1,-1,1621.91,1050.67,313.64,375.44,0.13,-1,-1,-1
1,-1,1622.04,1050.99,315.92,375.38,0.13,-1,-1,-1
1,-1,523.42,1347.34,179.29,246.59,0.13,-1,-1,-1
1,-1,1743.30,1203.80,32.09,56.69,0.12,-1,-1,-1
1,-1,180.98,278.15,90.11,63.11,0.12,-1,-1,-1
1,-1,603.63,1351.98,90.13,110.04,0.11,-1,-1,-1
1,-1,603.57,1352.04,90.43,110.13,0.10,-1,-1,-1
1,-1,2548.29,810.19,823.85,842.43,0.09,-1,-1,-1
1,-1,837.70,940.10,30.31,19.90,0.09,-1,-1,-1
1,-1,2998.66,1066.80,813.74,842.82,0.09,-1,-1,-1
1,-1,1678.78,0.13,127.68,140.06,0.08,-1,-1,-1
1,-1,1745.85,1203.94,39.70,30.47,0.08,-1,-1,-1
1,-1,522.77,1349.20,176.86,246.90,0.08,-1,-1,-1
1,-1,1033.76,812.19,22.97,15.51,0.08,-1,-1,-1
1,-1,1378.41,1527.46,29.19,15.46,0.07,-1,-1,-1
1,-1,1752.08,1062.53,183.53,164.30,0.07,-1,-1,-1
1,-1,1711.30,1798.22,14.66,15.95,0.07,-1,-1,-1
1,-1,1064.15,808.75,12.38,16.86,0.07,-1,-1,-1
1,-1,2899.81,1284.04,821.76,842.57,0.07,-1,-1,-1
1,-1,3341.04,1709.58,169.60,155.62,0.07,-1,-1,-1
1,-1,1607.14,1755.79,95.26,35.17,0.07,-1,-1,-1
1,-1,2517.02,1127.28,824.81,846.04,0.07,-1,-1,-1
1,-1,2995.99,1158.32,806.02,848.20,0.06,-1,-1,-1
1,-1,523.08,1456.32,117.86,136.50,0.06,-1,-1,-1
1,-1,1378.58,1527.43,29.39,15.56,0.06,-1,-1,-1
1,-1,3192.55,1385.25,111.25,137.95,0.06,-1,-1,-1
1,-1,1315.40,1499.53,17.29,17.85,0.06,-1,-1,-1
1,-1,3038.31,1034.90,795.44,841.24,0.06,-1,-1,-1
1,-1,1738.53,1206.20,40.90,90.93,0.06,-1,-1,-1
1,-1,2222.88,1364.21,16.56,26.76,0.06,-1,-1,-1
1,-1,2676.55,1125.64,822.82,848.63,0.06,-1,-1,-1
1,-1,1208.35,0.56,349.69,153.76,0.06,-1,-1,-1
1,-1,3042.00,745.26,792.18,844.28,0.05,-1,-1,-1
1,-1,2194.40,1366.66,825.63,797.15,0.05,-1,-1,-1
1,-1,2483.97,743.57,827.89,848.11,0.05,-1,-1,-1
1,-1,2480.54,1313.83,830.16,837.41,0.05,-1,-1,-1
1,-1,2368.63,1484.53,21.75,19.35,0.05,-1,-1,-1
2,-1,3727.52,1888.54,111.78,134.50,0.84,-1,-1,-1
2,-1,1791.13,1091.44,160.31,184.89,0.75,-1,-1,-1
2,-1,2762.04,2108.03,114.14,50.84,0.68,-1,-1,-1
2,-1,3559.45,1901.27,220.10,185.41,0.64,-1,-1,-1
2,-1,686.30,1469.48,39.30,17.61,0.53,-1,-1,-1
2,-1,1328.86,0.46,235.62,157.92,0.49,-1,-1,-1
2,-1,1789.93,1252.56,63.07,54.60,0.36,-1,-1,-1
2,-1,2076.88,1522.53,18.37,42.02,0.28,-1,-1,-1
2,-1,3191.83,1386.17,92.42,115.09,0.22,-1,-1,-1
2,-1,3694.42,1901.59,144.72,199.74,0.21,-1,-1,-1
2,-1,2069.17,1491.89,24.39,30.01,0.21,-1,-1,-1
2,-1,1680.62,-0.03,124.06,139.64,0.16,-1,-1,-1
2,-1,2643.49,2074.68,233.71,82.21,0.16,-1,-1,-1
2,-1,1680.65,0.05,124.00,139.67,0.14,-1,-1,-1
2,-1,3342.62,1709.72,165.01,155.01,0.14,-1,-1,-1
2,-1,2802.91,1288.08,822.91,842.87,0.13,-1,-1,-1
2,-1,1678.28,-0.24,128.61,149.02,0.13,-1,-1,-1
2,-1,1789.87,1247.57,63.77,58.25,0.13,-1,-1,-1
2,-1,2771.44,1344.10,822.49,812.21,0.13,-1,-1,-1
2,-1,3342.75,1710.06,165.39,155.26,0.10,-1,-1,-1
2,-1,3342.52,1710.01,165.31,156.31,0.10,-1,-1,-1
2,-1,2088.76,1485.74,14.74,23.80,0.09,-1,-1,-1
2,-1,564.72,1.84,821.89,804.02,0.09,-1,-1,-1
2,-1,1789.69,1249.70,31.75,54.72,0.08,-1,-1,-1
2,-1,643.76,1354.46,42.32,75.41,0.08,-1,-1,-1
2,-1,221.48,291.20,58.24,63.05,0.07,-1,-1,-1
2,-1,2734.44,2075.90,27.15,36.45,0.07,-1,-1,-1
2,-1,644.75,1355.00,41.57,74.17,0.07,-1,-1,-1
2,-1,1791.09,1250.66,104.65,54.74,0.07,-1,-1,-1
2,-1,979.76,233.61,825.37,843.43,0.07,-1,-1,-1
2,-1,221.13,291.12,58.98,63.10,0.07,-1,-1,-1
2,-1,2434.57,293.03,22.53,14.44,0.07,-1,-1,-1
2,-1,2225.45,1344.44,824.96,810.69,0.06,-1,-1,-1
2,-1,2898.60,1284.45,824.36,843.39,0.06,-1,-1,-1
2,-1,1220.01,0.23,341.57,164.29,0.06,-1,-1,-1
2,-1,526.51,1355.87,204.63,230.08,0.06,-1,-1,-1
2,-1,244.18,0.83,822.28,805.21,0.05,-1,-1,-1
2,-1,2725.65,2076.02,50.87,61.25,0.05,-1,-1,-1
2,-1,3343.53,1709.62,165.82,146.47,0.05,-1,-1,-1
2,-1,1715.43,231.22,825.27,848.66,0.05,-1,-1,-1
3,-1,1654.12,442.99,203.46,109.77,0.94,-1,-1,-1
3,-1,2182.28,132.36,169.93,185.72,0.87,-1,-1,-1
3,-1,1543.02,866.15,214.59,79.38,0.85,-1,-1,-1
3,-1,900.08,772.52,197.81,123.35,0.81,-1,-1,-1
3,-1,1692.93,489.53,63.45,89.47,0.76,-1,-1,-1
3,-1,1720.17,493.96,146.87,221.08,0.72,-1,-1,-1
3,-1,2604.80,447.60,57.40,42.24,0.65,-1,-1,-1
3,-1,2251.89,308.77,88.49,160.38,0.61,-1,-1,-1
3,-1,2235.05,227.50,90.52,149.95,0.50,-1,-1,-1
3,-1,901.76,732.97,287.40,168.34,0.44,-1,-1,-1
3,-1,1513.47,64.06,211.53,264.64,0.43,-1,-1,-1
3,-1,1719.98,493.73,146.95,220.64,0.41,-1,-1,-1
3,-1,1670.28,914.65,129.43,214.44,0.37,-1,-1,-1
3,-1,1515.76,62.78,208.34,273.66,0.34,-1,-1,-1
3,-1,2085.18,0.63,264.55,319.07,0.32,-1,-1,-1
3,-1,2247.66,213.67,367.37,163.84,0.32,-1,-1,-1
3,-1,1262.70,983.43,46.35,33.54,0.31,-1,-1,-1
3,-1,1657.23,85.23,66.56,259.56,0.30,-1,-1,-1
3,-1,1570.14,377.69,38.04,36.71,0.27,-1,-1,-1
3,-1,1669.64,914.50,130.25,216.20,0.27,-1,-1,-1
3,-1,1207.76,849.78,334.42,296.24,0.24,-1,-1,-1
3,-1,1513.80,203.41,165.41,115.87,0.24,-1,-1,-1
3,-1,2618.31,472.28,31.88,17.23,0.22,-1,-1,-1
3,-1,2453.53,-0.51,823.09,804.88,0.22,-1,-1,-1
3,-1,260.36,968.96,23.68,19.41,0.21,-1,-1,-1
3,-1,1569.95,378.18,38.23,36.39,0.21,-1,-1,-1
3,-1,1207.87,848.42,334.30,298.29,0.17,-1,-1,-1
3,-1,1314.82,920.18,227.28,226.53,0.17,-1,-1,-1
3,-1,3572.98,694.69,265.71,836.28,0.16,-1,-1,-1
3,-1,2900.04,1.89,807.67,798.98,0.16,-1,-1,-1
3,-1,2772.42,395.93,823.69,842.25,0.16,-1,-1,-1
3,-1,1719.21,497.20,148.58,217.99,0.15,-1,-1,-1
3,-1,1207.22,848.49,163.74,207.77,0.14,-1,-1,-1
3,-1,2772.91,2.78,825.73,826.18,0.14,-1,-1,-1
3,-1,2069.99,690.44,76.58,71.55,0.12,-1,-1,-1
3,-1,832.02,1942.84,18.30,14.67,0.12,-1,-1,-1
3,-1,1204.10,848.24,336.15,303.07,0.12,-1,-1,-1
3,-1,2085.69,0.31,265.85,317.31,0.12,-1,-1,-1
3,-1,1630.61,860.86,63.93,83.48,0.10,-1,-1,-1
3,-1,950.22,1347.40,822.75,818.21,0.10,-1,-1,-1
3,-1,387.39,960.36,18.83,21.54,0.09,-1,-1,-1
3,-1,1299.33,1318.91,825.26,847.71,0.09,-1,-1,-1
3,-1,2252.55,309.99,87.90,159.00,0.09,-1,-1,-1
3,-1,1909.93,1347.55,821.81,818.81,0.09,-1,-1,-1
3,-1,2580.69,170.19,826.78,846.04,0.08,-1,-1,-1
3,-1,2173.90,213.00,439.86,291.07,0.08,-1,-1,-1
3,-1,1599.36,1913.83,15.60,24.65,0.08,-1,-1,-1
3,-1,1876.66,1287.04,825.13,849.07,0.08,-1,-1,-1
3,-1,1492.91,1348.44,821.98,817.78,0.07,-1,-1,-1
3,-1,2929.45,10.35,796.78,841.22,0.07,-1,-1,-1
3,-1,1207.58,848.51,164.64,207.00,0.07,-1,-1,-1
3,-1,982.09,1320.91,822.34,843.05,0.07,-1,-1,-1
3,-1,2708.76,459.77,825.24,842.68,0.07,-1,-1,-1
3,-1,2605.53,448.19,56.77,41.72,0.07,-1,-1,-1
3,-1,725.18,1030.91,821.84,844.27,0.07,-1,-1,-1
3,-1,3017.84,263.63,813.14,846.44,0.07,-1,-1,-1
3,-1,3036.63,395.24,801.60,843.87,0.07,-1,-1,-1
3,-1,1555.89,1223.81,824.43,845.27,0.06,-1,-1,-1
3,-1,1020.65,817.31,41.87,41.19,0.06,-1,-1,-1
3,-1,427.34,1749.15,13.35,13.01,0.06,-1,-1,-1
3,-1,498.97,711.53,824.99,848.89,0.05,-1,-1,-1
3,-1,2695.96,589.42,18.99,18.02,0.05,-1,-1,-1
3,-1,3056.67,684.76,781.75,840.39,0.05,-1,-1,-1
4,-1,1644.45,1082.82,202.50,112.91,0.93,-1,-1,-1
4,-1,1537.46,1505.35,215.64,82.62,0.91,-1,-1,-1
4,-1,888.58,1412.52,199.34,124.08,0.90,-1,-1,-1
4,-1,1972.19,-1.35,173.18,262.14,0.89,-1,-1,-1
4,-1,1711.97,1148.35,145.33,204.31,0.81,-1,-1,-1
4,-1,1640.69,517.26,182.97,103.03,0.78,-1,-1,-1
4,-1,2178.63,768.27,170.25,187.29,0.77,-1,-1,-1
4,-1,2248.69,942.85,88.19,168.16,0.70,-1,-1,-1
4,-1,1664.06,1556.35,129.88,205.47,0.62,-1,-1,-1
4,-1,2231.82,869.97,90.59,152.53,0.60,-1,-1,-1
4,-1,2051.19,549.18,297.00,408.67,0.50,-1,-1,-1
4,-1,1554.99,258.44,267.30,347.09,0.50,-1,-1,-1
4,-1,1666.95,1145.43,76.44,50.66,0.47,-1,-1,-1
4,-1,1519.54,699.74,219.33,285.49,0.33,-1,-1,-1
4,-1,1519.78,698.93,219.09,287.55,0.33,-1,-1,-1
4,-1,981.04,1371.35,195.39,170.40,0.31,-1,-1,-1
4,-1,1666.45,540.92,63.17,50.00,0.31,-1,-1,-1
4,-1,1664.27,1556.30,130.09,203.13,0.28,-1,-1,-1
4,-1,1629.86,699.03,108.40,165.65,0.23,-1,-1,-1
4,-1,1629.30,698.24,109.25,166.14,0.23,-1,-1,-1
4,-1,1197.37,1501.88,176.05,200.47,0.22,-1,-1,-1
4,-1,2021.57,1902.26,14.57,22.85,0.20,-1,-1,-1
4,-1,1294.34,1559.01,238.06,219.27,0.19,-1,-1,-1
4,-1,2867.49,2.20,772.77,799.17,0.18,-1,-1,-1
4,-1,1199.84,1503.13,170.91,196.77,0.15,-1,-1,-1
4,-1,1258.42,1637.99,43.41,35.39,0.15,-1,-1,-1
4,-1,2743.14,2.98,820.33,801.18,0.14,-1,-1,-1
4,-1,3040.86,1293.77,796.49,837.03,0.13,-1,-1,-1
4,-1,853.41,3.73,820.17,797.31,0.13,-1,-1,-1
4,-1,2594.60,1103.80,56.17,33.41,0.13,-1,-1,-1
4,-1,2612.76,201.34,825.05,845.37,0.11,-1,-1,-1
4,-1,2594.16,1103.51,56.15,33.73,0.10,-1,-1,-1
4,-1,1180.63,1502.79,354.23,291.86,0.09,-1,-1,-1
4,-1,24.10,297.74,822.28,844.78,0.09,-1,-1,-1
4,-1,355.98,67.74,18.39,12.25,0.09,-1,-1,-1
4,-1,2112.39,1329.29,24.88,31.50,0.09,-1,-1,-1
4,-1,2803.53,1319.74,823.17,842.62,0.08,-1,-1,-1
4,-1,2868.27,713.16,820.08,843.84,0.08,-1,-1,-1
4,-1,498.60,1344.57,823.36,822.94,0.08,-1,-1,-1
4,-1,1520.94,702.17,218.07,282.81,0.08,-1,-1,-1
4,-1,1289.66,1552.80,49.78,59.52,0.08,-1,-1,-1
4,-1,1257.80,1642.91,20.31,23.41,0.08,-1,-1,-1
4,-1,2772.90,3.56,823.95,825.30,0.08,-1,-1,-1
4,-1,2930.59,1253.48,825.66,847.77,0.07,-1,-1,-1
4,-1,1008.32,1467.52,43.06,37.71,0.07,-1,-1,-1
4,-1,2708.61,1033.40,824.79,845.67,0.07,-1,-1,-1
4,-1,2741.44,650.88,824.28,840.97,0.07,-1,-1,-1
4,-1,436.89,1865.60,20.79,17.47,0.07,-1,-1,-1
4,-1,1519.72,836.49,176.55,115.39,0.07,-1,-1,-1
4,-1,2594.44,1103.67,56.30,33.61,0.07,-1,-1,-1
4,-1,755.53,4.45,827.17,823.36,0.07,-1,-1,-1
4,-1,1559.88,1034.09,40.04,29.61,0.06,-1,-1,-1
4,-1,412.85,1865.80,44.61,22.44,0.06,-1,-1,-1
4,-1,158.45,1904.00,105.13,59.11,0.05,-1,-1,-1
4,-1,2387.31,40.32,825.93,847.70,0.05,-1,-1,-1
4,-1,3567.40,1328.75,271.34,827.61,0.05,-1,-1,-1
4,-1,3059.47,1322.74,778.27,834.50,0.05,-1,-1,-1
4,-1,339.24,1344.62,824.58,822.53,0.05,-1,-1,-1
4,-1,1254.84,1594.28,55.16,78.86,0.05,-1,-1,-1
5,-1,879.21,1854.79,199.38,125.95,0.92,-1,-1,-1
5,-1,1633.15,1535.39,206.11,98.77,0.91,-1,-1,-1
5,-1,1970.18,385.20,186.03,306.89,0.91,-1,-1,-1
5,-1,2588.52,1554.78,53.96,38.38,0.84,-1,-1,-1
5,-1,1551.65,700.15,267.46,362.14,0.78,-1,-1,-1
5,-1,1534.04,1949.93,215.99,82.58,0.78,-1,-1,-1
5,-1,2244.89,1388.64,88.63,168.92,0.75,-1,-1,-1
5,-1,1533.21,1949.42,216.65,83.36,0.67,-1,-1,-1
5,-1,2228.75,1328.64,90.26,136.65,0.62,-1,-1,-1
5,-1,1633.91,965.13,185.51,98.64,0.58,-1,-1,-1
5,-1,1640.02,1142.29,109.30,282.89,0.56,-1,-1,-1
5,-1,1708.70,1597.92,142.79,203.44,0.52,-1,-1,-1
5,-1,1660.70,2001.57,129.64,155.85,0.47,-1,-1,-1
5,-1,1208.12,1946.80,314.94,208.42,0.46,-1,-1,-1
5,-1,1268.04,1952.84,57.25,95.00,0.42,-1,-1,-1
5,-1,1661.02,983.68,58.57,60.77,0.34,-1,-1,-1
5,-1,2626.60,357.85,87.17,101.31,0.33,-1,-1,-1
5,-1,2174.14,1212.11,168.85,189.58,0.32,-1,-1,-1
5,-1,2044.85,990.35,298.21,413.44,0.32,-1,-1,-1
5,-1,1708.64,1597.94,142.23,203.52,0.30,-1,-1,-1
5,-1,2045.02,990.50,298.01,414.49,0.26,-1,-1,-1
5,-1,2803.11,1347.90,823.28,816.57,0.25,-1,-1,-1
5,-1,1214.07,1947.56,155.32,199.10,0.23,-1,-1,-1
5,-1,1520.82,1276.84,186.04,116.56,0.22,-1,-1,-1
5,-1,2773.56,3.66,817.87,799.08,0.22,-1,-1,-1
5,-1,1708.41,1597.21,142.52,204.32,0.21,-1,-1,-1
5,-1,970.63,1813.27,197.14,172.43,0.20,-1,-1,-1
5,-1,1660.40,2002.06,129.95,155.17,0.17,-1,-1,-1
5,-1,1636.21,1142.48,113.19,286.43,0.15,-1,-1,-1
5,-1,2039.10,991.66,573.35,484.18,0.14,-1,-1,-1
5,-1,2518.76,43.36,822.69,845.11,0.14,-1,-1,-1
5,-1,1681.58,1172.45,63.73,256.17,0.13,-1,-1,-1
5,-1,2644.74,1319.60,824.11,841.34,0.12,-1,-1,-1
5,-1,3233.98,1044.07,17.54,23.48,0.12,-1,-1,-1
5,-1,971.77,1813.11,194.25,173.47,0.11,-1,-1,-1
5,-1,970.24,1813.72,197.67,171.46,0.11,-1,-1,-1
5,-1,999.60,1915.67,42.22,38.65,0.11,-1,-1,-1
5,-1,2421.33,425.78,823.03,843.61,0.11,-1,-1,-1
5,-1,1292.88,2002.48,229.43,153.66,0.10,-1,-1,-1
5,-1,1247.88,2099.58,28.74,32.40,0.10,-1,-1,-1
5,-1,430.64,120.05,9.23,9.83,0.10,-1,-1,-1
5,-1,1646.86,1587.64,87.90,48.07,0.09,-1,-1,-1
5,-1,2229.04,199.53,824.61,849.02,0.09,-1,-1,-1
5,-1,1319.19,1993.93,50.78,55.81,0.08,-1,-1,-1
5,-1,1551.92,1484.36,40.23,33.63,0.08,-1,-1,-1
5,-1,1517.37,1146.48,228.60,275.41,0.08,-1,-1,-1
5,-1,2708.48,233.07,822.23,843.14,0.08,-1,-1,-1
5,-1,2055.60,1777.52,104.42,69.60,0.07,-1,-1,-1
5,-1,2259.73,1832.39,32.01,32.46,0.07,-1,-1,-1
5,-1,2834.40,1063.65,825.54,847.44,0.07,-1,-1,-1
5,-1,597.81,21.61,10.56,10.75,0.07,-1,-1,-1
5,-1,1295.82,1949.83,73.57,120.08,0.07,-1,-1,-1
5,-1,1954.88,2017.03,55.62,44.21,0.07,-1,-1,-1
5,-1,2740.46,552.85,823.52,844.58,0.06,-1,-1,-1
5,-1,1632.53,967.51,183.74,98.71,0.06,-1,-1,-1
5,-1,7.34,488.16,811.32,847.19,0.06,-1,-1,-1
5,-1,2834.97,492.89,807.00,840.84,0.06,-1,-1,-1
5,-1,2677.56,968.03,822.90,843.47,0.06,-1,-1,-1
5,-1,2.00,555.74,795.55,842.87,0.06,-1,-1,-1
5,-1,1518.81,1145.37,230.57,279.90,0.06,-1,-1,-1
5,-1,662.21,0.42,823.05,808.72,0.06,-1,-1,-1
5,-1,2390.59,0.89,821.44,809.05,0.06,-1,-1,-1
5,-1,2547.79,935.03,825.26,848.06,0.05,-1,-1,-1
5,-1,1665.14,1608.75,44.80,23.37,0.05,-1,-1,-1
5,-1,235.82,2047.95,29.68,19.68,0.05,-1,-1,-1
5,-1,2027.34,482.38,28.85,45.46,0.05,-1,-1,-1
6,-1,1970.34,589.30,181.66,302.86,0.92,-1,-1,-1
6,-1,1626.13,1747.28,205.93,99.04,0.88,-1,-1,-1
6,-1,2585.08,1770.12,54.85,43.43,0.85,-1,-1,-1
6,-1,2241.84,1605.31,90.27,166.09,0.82,-1,-1,-1
6,-1,878.82,2025.13,285.23,132.34,0.78,-1,-1,-1
6,-1,1631.43,1179.42,186.17,102.94,0.72,-1,-1,-1
6,-1,1648.67,1357.03,101.76,285.51,0.62,-1,-1,-1
6,-1,1631.12,1806.33,89.52,48.88,0.59,-1,-1,-1
6,-1,2041.64,1198.97,298.13,420.70,0.57,-1,-1,-1
6,-1,2241.83,1602.34,89.98,169.25,0.54,-1,-1,-1
6,-1,2040.59,1197.85,299.04,421.06,0.53,-1,-1,-1
6,-1,2224.58,1534.00,90.30,144.25,0.53,-1,-1,-1
6,-1,1702.22,1811.46,142.48,201.42,0.49,-1,-1,-1
6,-1,2742.30,1350.65,820.83,809.55,0.43,-1,-1,-1
6,-1,2040.98,1199.81,299.62,420.20,0.42,-1,-1,-1
6,-1,1701.12,1810.99,143.20,201.79,0.42,-1,-1,-1
6,-1,2870.72,466.24,706.73,829.12,0.38,-1,-1,-1
6,-1,1530.41,1490.73,177.87,116.84,0.26,-1,-1,-1
6,-1,1982.81,835.58,56.34,57.02,0.24,-1,-1,-1
6,-1,1549.24,913.17,260.47,350.62,0.22,-1,-1,-1
6,-1,1630.46,1179.60,187.30,102.96,0.20,-1,-1,-1
6,-1,2453.29,651.35,823.97,841.58,0.16,-1,-1,-1
6,-1,2741.19,1289.98,823.48,840.56,0.15,-1,-1,-1
6,-1,874.58,2066.05,132.57,91.73,0.15,-1,-1,-1
6,-1,2518.24,364.61,822.25,841.76,0.15,-1,-1,-1
6,-1,1659.38,1200.17,59.84,62.08,0.14,-1,-1,-1
6,-1,2742.17,236.70,822.80,840.98,0.13,-1,-1,-1
6,-1,2622.22,564.37,86.68,68.72,0.13,-1,-1,-1
6,-1,2195.38,234.48,827.38,845.29,0.12,-1,-1,-1
6,-1,2708.67,554.91,823.98,841.36,0.12,-1,-1,-1
6,-1,2708.69,905.71,822.99,844.17,0.12,-1,-1,-1
6,-1,874.49,2066.52,130.89,91.01,0.11,-1,-1,-1
6,-1,2170.84,1424.37,167.65,193.59,0.10,-1,-1,-1
6,-1,1528.71,1359.35,220.19,279.25,0.10,-1,-1,-1
6,-1,2037.55,457.73,822.94,844.72,0.09,-1,-1,-1
6,-1,1979.94,748.15,63.34,144.13,0.09,-1,-1,-1
6,-1,2387.26,8.14,827.75,849.61,0.09,-1,-1,-1
6,-1,2187.08,1531.80,143.28,278.75,0.08,-1,-1,-1
6,-1,2835.79,1034.52,821.80,842.62,0.08,-1,-1,-1
6,-1,1547.15,1696.16,39.50,41.41,0.07,-1,-1,-1
6,-1,373.01,711.35,823.46,844.97,0.07,-1,-1,-1
6,-1,1531.59,1358.64,219.41,278.40,0.07,-1,-1,-1
6,-1,1644.64,1355.55,104.19,173.61,0.07,-1,-1,-1
6,-1,2622.09,564.47,88.45,67.26,0.07,-1,-1,-1
6,-1,2865.76,779.82,809.32,842.57,0.06,-1,-1,-1
6,-1,3172.45,1917.42,94.72,62.70,0.06,-1,-1,-1
6,-1,2386.88,1031.34,826.97,850.08,0.06,-1,-1,-1
6,-1,561.73,1315.98,827.00,841.76,0.06,-1,-1,-1
6,-1,2621.88,563.99,90.73,109.00,0.06,-1,-1,-1
6,-1,1680.45,1457.43,57.64,69.00,0.06,-1,-1,-1
6,-1,2197.66,745.25,824.28,845.62,0.06,-1,-1,-1
6,-1,3223.50,1923.34,43.65,55.10,0.05,-1,-1,-1
6,-1,20.88,806.54,825.78,849.36,0.05,-1,-1,-1
6,-1,1710.15,1579.29,12.08,23.74,0.05,-1,-1,-1
6,-1,2929.72,1095.01,819.65,848.11,0.05,-1,-1,-1
7,-1,384.19,158.98,175.25,272.00,0.33,-1,-1,-1
7,-1,384.58,158.91,175.12,271.47,0.26,-1,-1,-1
7,-1,1300.10,1966.78,10.31,14.95,0.22,-1,-1,-1
7,-1,2576.45,1.08,825.30,803.07,0.16,-1,-1,-1
7,-1,3058.95,383.93,12.08,19.53,0.10,-1,-1,-1
7,-1,1339.86,1985.41,15.62,15.22,0.08,-1,-1,-1
7,-1,17.06,580.15,830.98,851.11,0.08,-1,-1,-1
7,-1,831.91,909.21,10.45,19.60,0.07,-1,-1,-1
7,-1,3058.91,383.56,12.65,19.81,0.07,-1,-1,-1
7,-1,22.53,903.62,822.50,846.80,0.06,-1,-1,-1
7,-1,869.00,1328.08,17.58,40.24,0.05,-1,-1,-1
8,-1,485.67,503.10,89.13,231.23,0.52,-1,-1,-1
8,-1,399.34,502.53,176.25,227.92,0.44,-1,-1,-1
8,-1,501.60,1836.42,28.63,24.71,0.13,-1,-1,-1
8,-1,2549.12,3.67,819.87,799.43,0.13,-1,-1,-1
8,-1,1859.30,337.05,9.70,13.71,0.10,-1,-1,-1
8,-1,1162.62,325.01,11.15,26.47,0.09,-1,-1,-1
8,-1,1859.61,337.09,9.45,13.50,0.06,-1,-1,-1
8,-1,399.76,501.52,180.55,231.94,0.06,-1,-1,-1
8,-1,3044.79,4.05,790.82,803.36,0.06,-1,-1,-1
8,-1,1780.14,0.54,821.88,806.37,0.05,-1,-1,-1
8,-1,22.66,1096.52,823.82,847.39,0.05,-1,-1,-1
9,-1,509.07,799.99,88.30,213.02,0.67,-1,-1,-1
9,-1,420.52,796.88,164.43,219.79,0.31,-1,-1,-1
9,-1,421.11,796.79,168.99,219.94,0.23,-1,-1,-1
9,-1,549.44,881.13,18.36,64.98,0.13,-1,-1,-1
9,-1,8.33,1370.38,810.43,798.98,0.08,-1,-1,-1
9,-1,8.35,1258.08,812.67,845.43,0.07,-1,-1,-1
9,-1,118.37,970.11,821.13,846.38,0.06,-1,-1,-1
9,-1,630.07,11.27,822.46,845.59,0.06,-1,-1,-1
9,-1,1331.99,1673.75,11.30,13.03,0.06,-1,-1,-1
9,-1,1.87,799.82,798.20,823.68,0.05,-1,-1,-1
10,-1,2901.63,140.55,83.14,256.54,0.91,-1,-1,-1
10,-1,1506.02,344.20,173.22,254.04,0.76,-1,-1,-1
10,-1,2921.26,139.11,228.15,158.99,0.68,-1,-1,-1
10,-1,2088.01,352.88,234.20,233.67,0.52,-1,-1,-1
10,-1,1507.04,347.08,171.98,249.25,0.38,-1,-1,-1
10,-1,524.67,1921.48,162.19,230.47,0.27,-1,-1,-1
10,-1,2093.86,450.13,67.18,136.12,0.26,-1,-1,-1
10,-1,523.65,1923.60,161.74,233.50,0.21,-1,-1,-1
10,-1,2088.27,351.34,233.32,232.71,0.17,-1,-1,-1
10,-1,2088.49,349.59,233.72,234.98,0.12,-1,-1,-1
10,-1,523.69,1922.70,163.46,232.64,0.10,-1,-1,-1
10,-1,523.84,1922.08,161.73,232.07,0.10,-1,-1,-1
10,-1,609.00,1923.91,78.24,213.01,0.08,-1,-1,-1
10,-1,2088.50,351.93,75.06,233.79,0.07,-1,-1,-1
10,-1,914.80,483.48,826.48,852.91,0.06,-1,-1,-1
11,-1,2912.26,420.02,85.91,255.02,0.91,-1,-1,-1
11,-1,1547.14,860.87,82.19,235.68,0.76,-1,-1,-1
11,-1,2936.42,433.05,222.22,147.99,0.57,-1,-1,-1
11,-1,2124.63,848.04,201.05,226.00,0.41,-1,-1,-1
11,-1,1548.19,877.54,211.56,143.49,0.40,-1,-1,-1
11,-1,2132.94,872.66,194.76,182.15,0.26,-1,-1,-1
11,-1,1559.90,860.45,68.98,101.14,0.25,-1,-1,-1
11,-1,829.63,1847.82,11.94,22.81,0.17,-1,-1,-1
11,-1,1551.83,935.54,65.77,78.86,0.14,-1,-1,-1
11,-1,1782.21,2.89,819.83,802.92,0.14,-1,-1,-1
11,-1,1546.43,869.64,213.87,225.82,0.11,-1,-1,-1
11,-1,2550.21,1347.69,821.08,812.41,0.10,-1,-1,-1
11,-1,2124.93,852.32,74.81,225.93,0.09,-1,-1,-1
11,-1,2899.10,1344.99,824.98,814.11,0.08,-1,-1,-1
11,-1,2124.57,851.05,72.63,227.86,0.08,-1,-1,-1
11,-1,2936.27,432.17,222.90,149.50,0.07,-1,-1,-1
11,-1,2113.54,1904.55,11.06,22.16,0.07,-1,-1,-1
11,-1,3.18,1160.28,795.66,846.44,0.05,-1,-1,-1
11,-1,1937.87,542.52,9.99,21.41,0.05,-1,-1,-1
12,-1,2360.36,317.53,88.28,251.23,0.94,-1,-1,-1
12,-1,2929.04,836.38,84.82,253.17,0.92,-1,-1,-1
12,-1,2182.28,1581.22,265.33,243.16,0.79,-1,-1,-1
12,-1,994.53,609.76,70.16,145.86,0.67,-1,-1,-1
12,-1,949.73,503.42,143.53,254.62,0.60,-1,-1,-1
12,-1,1560.34,1628.71,91.91,233.38,0.52,-1,-1,-1
12,-1,2953.00,856.96,199.50,148.55,0.36,-1,-1,-1
12,-1,1559.13,1664.98,201.97,159.94,0.34,-1,-1,-1
12,-1,1580.74,1627.40,71.47,110.20,0.29,-1,-1,-1
12,-1,1557.76,1663.71,201.53,162.68,0.25,-1,-1,-1
12,-1,996.20,614.05,61.60,72.54,0.21,-1,-1,-1
12,-1,1559.96,1758.52,67.87,104.13,0.20,-1,-1,-1
12,-1,1558.11,1710.10,85.78,95.62,0.15,-1,-1,-1
12,-1,2950.19,856.75,202.22,149.46,0.15,-1,-1,-1
12,-1,1041.50,1742.46,11.69,32.77,0.09,-1,-1,-1
12,-1,2183.13,1579.86,80.75,218.82,0.08,-1,-1,-1
12,-1,2952.41,885.25,198.18,118.94,0.07,-1,-1,-1
12,-1,950.10,501.74,142.50,256.71,0.06,-1,-1,-1
12,-1,2376.33,307.72,174.04,169.23,0.06,-1,-1,-1
12,-1,1558.62,1630.80,94.94,234.38,0.06,-1,-1,-1
12,-1,2950.87,855.62,201.15,150.55,0.06,-1,-1,-1
12,-1,524.44,1311.86,834.86,858.02,0.06,-1,-1,-1
12,-1,21.37,613.53,825.96,851.88,0.05,-1,-1,-1
12,-1,2947.64,931.62,58.05,51.81,0.05,-1,-1,-1
13,-1,2950.66,1247.24,84.01,248.27,0.90,-1,-1,-1
13,-1,1048.97,1296.61,94.57,235.07,0.86,-1,-1,-1
13,-1,2418.88,1057.63,93.72,249.46,0.83,-1,-1,-1
13,-1,1008.77,1374.62,87.49,75.91,0.49,-1,-1,-1
13,-1,1006.27,1297.25,103.32,152.16,0.42,-1,-1,-1
13,-1,1995.24,190.50,221.17,235.46,0.36,-1,-1,-1
13,-1,2975.14,1326.27,207.43,114.32,0.35,-1,-1,-1
13,-1,1998.23,192.15,94.56,233.61,0.32,-1,-1,-1
13,-1,1996.00,189.88,220.10,236.18,0.14,-1,-1,-1
13,-1,737.81,1957.53,20.75,17.61,0.10,-1,-1,-1
13,-1,1997.86,189.37,216.72,234.91,0.10,-1,-1,-1
13,-1,1685.77,1348.16,822.97,815.41,0.09,-1,-1,-1
13,-1,1926.66,1241.52,13.35,19.92,0.07,-1,-1,-1
13,-1,2037.54,2.38,818.74,806.66,0.05,-1,-1,-1
14,-1,1085.12,1823.01,96.34,219.96,0.88,-1,-1,-1
14,-1,2457.32,1546.43,101.58,247.79,0.84,-1,-1,-1
14,-1,2968.64,1514.75,82.99,250.77,0.82,-1,-1,-1
14,-1,1042.78,1894.87,87.34,88.39,0.80,-1,-1,-1
14,-1,2532.06,1606.12,125.62,193.50,0.42,-1,-1,-1
14,-1,1685.40,3.15,821.13,803.14,0.28,-1,-1,-1
14,-1,2969.90,1515.34,243.78,220.22,0.26,-1,-1,-1
14,-1,1084.33,1816.18,62.80,105.47,0.26,-1,-1,-1
14,-1,2009.60,732.05,95.78,233.63,0.23,-1,-1,-1
14,-1,634.70,1545.41,9.36,13.66,0.14,-1,-1,-1
14,-1,2532.75,1605.38,124.84,194.23,0.14,-1,-1,-1
14,-1,2072.75,757.69,126.08,111.52,0.09,-1,-1,-1
14,-1,211.69,1253.89,825.15,845.67,0.07,-1,-1,-1
14,-1,2460.06,1544.82,199.42,255.60,0.06,-1,-1,-1
14,-1,10.17,1224.12,809.48,846.85,0.06,-1,-1,-1
14,-1,2006.15,2.67,817.94,808.31,0.06,-1,-1,-1
14,-1,2991.68,1622.70,219.43,86.91,0.06,-1,-1,-1
14,-1,4.45,1225.44,796.38,843.23,0.05,-1,-1,-1
14,-1,2004.70,732.02,195.36,239.20,0.05,-1,-1,-1
15,-1,2560.54,338.73,184.52,336.17,0.82,-1,-1,-1
15,-1,2564.97,468.20,92.92,207.29,0.43,-1,-1,-1
15,-1,241.95,898.64,13.53,22.11,0.14,-1,-1,-1
15,-1,699.69,1813.90,10.34,16.80,0.14,-1,-1,-1
15,-1,820.88,148.42,8.70,14.86,0.11,-1,-1,-1
15,-1,595.57,91.73,11.16,12.37,0.10,-1,-1,-1
15,-1,703.43,1977.69,12.69,18.29,0.09,-1,-1,-1
15,-1,932.27,380.64,15.86,27.11,0.08,-1,-1,-1
15,-1,344.74,243.39,11.55,13.90,0.08,-1,-1,-1
15,-1,703.57,1977.04,12.54,18.70,0.08,-1,-1,-1
15,-1,946.62,1960.85,13.47,19.97,0.08,-1,-1,-1
15,-1,3015.99,1801.30,15.03,20.89,0.07,-1,-1,-1
15,-1,149.99,1732.27,10.84,14.64,0.07,-1,-1,-1
15,-1,699.66,1813.95,9.90,16.56,0.06,-1,-1,-1
15,-1,868.19,1694.62,17.58,25.20,0.06,-1,-1,-1
15,-1,886.72,291.28,8.78,10.48,0.06,-1,-1,-1
15,-1,1263.49,118.01,9.79,15.70,0.06,-1,-1,-1
15,-1,476.97,53.16,11.62,13.32,0.06,-1,-1,-1
15,-1,478.97,16.73,10.03,13.18,0.05,-1,-1,-1
15,-1,820.76,176.57,9.03,11.65,0.05,-1,-1,-1
16,-1,2373.56,233.12,164.50,352.84,0.88,-1,-1,-1
16,-1,2396.52,405.34,141.49,178.85,0.23,-1,-1,-1
16,-1,260.14,871.10,13.86,18.63,0.07,-1,-1,-1
16,-1,258.86,872.29,13.98,35.71,0.06,-1,-1,-1
17,-1,1007.75,1409.26,218.23,329.83,0.78,-1,-1,-1
17,-1,1009.56,1468.18,214.23,273.59,0.43,-1,-1,-1
17,-1,692.53,2.28,822.78,803.31,0.16,-1,-1,-1
17,-1,779.34,329.27,20.57,18.29,0.14,-1,-1,-1
17,-1,1141.67,1409.24,82.94,237.49,0.10,-1,-1,-1
17,-1,2561.54,1927.29,17.87,17.18,0.09,-1,-1,-1
17,-1,1760.35,874.20,24.75,24.28,0.08,-1,-1,-1
17,-1,3172.42,299.34,19.37,22.64,0.08,-1,-1,-1
17,-1,1845.35,1343.74,820.79,820.10,0.07,-1,-1,-1
17,-1,3199.69,1869.34,10.41,18.01,0.07,-1,-1,-1
17,-1,3540.24,1140.59,19.11,16.59,0.07,-1,-1,-1
17,-1,2560.69,1926.65,20.43,17.99,0.07,-1,-1,-1
17,-1,9.36,2.62,811.20,829.01,0.06,-1,-1,-1
17,-1,2712.85,808.36,11.32,9.38,0.06,-1,-1,-1
17,-1,1536.48,1043.83,14.20,10.55,0.06,-1,-1,-1
18,-1,569.32,548.70,99.75,241.46,0.84,-1,-1,-1
18,-1,566.90,627.87,67.92,70.77,0.33,-1,-1,-1
18,-1,26.02,0.72,819.45,799.53,0.25,-1,-1,-1
18,-1,1074.75,2123.87,63.13,35.44,0.20,-1,-1,-1
18,-1,428.34,668.77,152.22,37.56,0.19,-1,-1,-1
18,-1,1075.18,2131.02,60.47,27.88,0.17,-1,-1,-1
18,-1,428.10,669.10,152.05,37.83,0.12,-1,-1,-1
18,-1,3443.39,606.72,26.92,78.44,0.09,-1,-1,-1
18,-1,428.15,627.60,211.98,79.42,0.08,-1,-1,-1
18,-1,1444.13,485.22,26.50,17.60,0.08,-1,-1,-1
18,-1,3146.00,1039.93,13.96,27.55,0.08,-1,-1,-1
18,-1,1447.69,487.08,20.35,13.94,0.07,-1,-1,-1
18,-1,1978.07,0.35,16.27,29.78,0.07,-1,-1,-1
19,-1,607.38,1756.36,111.60,236.70,0.93,-1,-1,-1
19,-1,371.92,1.46,823.80,804.65,0.23,-1,-1,-1
19,-1,10.25,1.78,809.43,803.31,0.22,-1,-1,-1
19,-1,2983.60,895.44,13.59,21.49,0.14,-1,-1,-1
19,-1,823.28,2.07,818.70,802.88,0.12,-1,-1,-1
19,-1,3140.40,1666.33,18.93,28.95,0.08,-1,-1,-1
19,-1,1798.36,1360.31,36.85,71.48,0.08,-1,-1,-1
20,-1,629.18,51.48,90.18,244.32,0.88,-1,-1,-1
20,-1,501.13,37.01,189.07,166.82,0.73,-1,-1,-1
20,-1,744.60,57.71,210.25,174.88,0.35,-1,-1,-1
20,-1,930.84,58.47,123.15,236.77,0.27,-1,-1,-1
20,-1,744.53,57.20,212.83,176.25,0.24,-1,-1,-1
20,-1,952.91,155.00,78.60,138.84,0.20,-1,-1,-1
20,-1,693.39,1348.40,820.23,814.80,0.11,-1,-1,-1
20,-1,2779.11,931.10,36.26,31.69,0.10,-1,-1,-1
20,-1,3072.69,1406.18,33.99,36.36,0.08,-1,-1,-1
20,-1,2778.79,930.91,36.66,31.86,0.08,-1,-1,-1
20,-1,920.51,59.09,134.27,235.47,0.08,-1,-1,-1
20,-1,2649.28,1087.11,46.37,33.15,0.07,-1,-1,-1
20,-1,3458.93,601.46,10.18,19.36,0.07,-1,-1,-1
20,-1,952.00,2.62,818.15,802.75,0.07,-1,-1,-1
20,-1,2153.48,993.85,13.13,25.35,0.07,-1,-1,-1
20,-1,2689.23,1042.32,29.37,32.84,0.06,-1,-1,-1
20,-1,2400.23,795.73,17.79,41.11,0.05,-1,-1,-1
21,-1,708.83,1504.35,82.42,242.97,0.92,-1,-1,-1
21,-1,1122.48,1356.00,91.41,227.45,0.87,-1,-1,-1
21,-1,1741.14,189.83,107.33,206.93,0.86,-1,-1,-1
21,-1,1650.37,188.72,141.77,183.37,0.68,-1,-1,-1
21,-1,1772.12,265.12,57.98,60.54,0.63,-1,-1,-1
21,-1,559.03,1609.97,198.87,118.68,0.63,-1,-1,-1
21,-1,1742.60,189.80,105.73,205.79,0.62,-1,-1,-1
21,-1,1743.25,298.63,74.75,95.70,0.43,-1,-1,-1
21,-1,923.68,1455.92,230.79,130.13,0.43,-1,-1,-1
21,-1,1650.25,188.87,144.05,183.17,0.22,-1,-1,-1
21,-1,922.76,1358.48,295.06,233.23,0.12,-1,-1,-1
21,-1,3487.05,337.02,18.83,27.47,0.10,-1,-1,-1
21,-1,2388.88,1319.71,823.11,829.29,0.09,-1,-1,-1
21,-1,2486.30,1776.81,10.06,16.18,0.09,-1,-1,-1
21,-1,1376.60,1956.33,9.77,25.13,0.09,-1,-1,-1
21,-1,1780.31,189.34,67.72,98.05,0.09,-1,-1,-1
21,-1,2581.02,1288.56,822.89,842.90,0.08,-1,-1,-1
21,-1,2485.83,232.98,823.54,847.99,0.08,-1,-1,-1
21,-1,1092.82,1450.27,97.93,58.27,0.08,-1,-1,-1
21,-1,8.13,4.02,810.92,826.90,0.08,-1,-1,-1
21,-1,2742.49,1001.89,822.53,843.76,0.07,-1,-1,-1
21,-1,921.39,1456.30,205.43,130.89,0.07,-1,-1,-1
21,-1,2262.27,392.54,823.42,846.64,0.06,-1,-1,-1
21,-1,559.29,1611.37,199.11,116.73,0.06,-1,-1,-1
21,-1,2196.86,102.84,826.09,853.74,0.06,-1,-1,-1
21,-1,2388.33,904.11,825.21,847.93,0.06,-1,-1,-1
21,-1,2639.40,640.90,835.18,862.46,0.06,-1,-1,-1
21,-1,2899.79,1316.37,822.85,842.60,0.06,-1,-1,-1
21,-1,2996.92,1095.94,823.19,848.42,0.06,-1,-1,-1
21,-1,2260.53,1221.38,824.85,850.94,0.05,-1,-1,-1
21,-1,1091.59,1447.34,100.23,127.99,0.05,-1,-1,-1
21,-1,2805.87,1.72,820.79,804.40,0.05,-1,-1,-1
21,-1,2968.66,941.84,9.01,23.88,0.05,-1,-1,-1
22,-1,2004.50,479.58,143.50,158.66,0.89,-1,-1,-1
22,-1,2084.50,768.47,120.03,209.91,0.63,-1,-1,-1
22,-1,1870.01,1295.96,108.36,204.56,0.63,-1,-1,-1
22,-1,159.85,1048.17,355.86,127.84,0.58,-1,-1,-1
22,-1,2087.11,896.02,74.13,81.95,0.56,-1,-1,-1
22,-1,474.82,1019.90,62.98,220.41,0.53,-1,-1,-1
22,-1,1897.32,1371.49,67.50,74.65,0.29,-1,-1,-1
22,-1,2134.57,765.21,69.53,107.77,0.28,-1,-1,-1
22,-1,1970.07,406.16,154.70,178.61,0.25,-1,-1,-1
22,-1,2131.16,858.57,56.93,52.81,0.23,-1,-1,-1
22,-1,167.80,1049.81,338.60,125.43,0.20,-1,-1,-1
22,-1,1874.77,1427.08,67.41,70.15,0.18,-1,-1,-1
22,-1,2017.90,767.89,188.54,213.63,0.18,-1,-1,-1
22,-1,1300.15,1363.55,823.36,807.82,0.16,-1,-1,-1
22,-1,1799.00,1370.96,168.76,127.47,0.16,-1,-1,-1
22,-1,1896.93,1296.20,80.77,110.41,0.14,-1,-1,-1
22,-1,2580.76,1254.35,824.83,848.93,0.13,-1,-1,-1
22,-1,1798.14,1369.64,170.72,129.45,0.12,-1,-1,-1
22,-1,1706.63,821.74,16.77,24.41,0.10,-1,-1,-1
22,-1,1874.74,1427.30,68.04,70.08,0.09,-1,-1,-1
22,-1,1706.52,821.93,16.63,23.78,0.09,-1,-1,-1
22,-1,3491.50,1345.32,15.37,14.62,0.08,-1,-1,-1
22,-1,2094.70,480.12,52.66,74.87,0.08,-1,-1,-1
22,-1,2677.66,1345.60,819.87,818.14,0.08,-1,-1,-1
22,-1,2899.62,1255.82,824.14,846.35,0.07,-1,-1,-1
22,-1,1970.24,405.71,157.30,177.72,0.07,-1,-1,-1
22,-1,2962.91,934.76,825.00,851.80,0.06,-1,-1,-1
22,-1,2357.44,1320.67,824.27,841.44,0.05,-1,-1,-1
22,-1,2326.09,1348.70,821.30,815.68,0.05,-1,-1,-1
22,-1,3690.91,1959.48,10.06,11.40,0.05,-1,-1,-1
23,-1,2076.86,877.45,71.50,99.40,0.84,-1,-1,-1
23,-1,1943.90,1468.00,143.58,210.11,0.82,-1,-1,-1
23,-1,2272.26,994.52,60.41,134.20,0.74,-1,-1,-1
23,-1,2222.62,1100.66,74.25,103.15,0.69,-1,-1,-1
23,-1,224.14,1226.51,348.96,111.86,0.64,-1,-1,-1
23,-1,3540.53,1764.34,11.49,15.43,0.55,-1,-1,-1
23,-1,521.97,1176.34,68.45,215.57,0.55,-1,-1,-1
23,-1,2090.70,826.20,86.04,87.92,0.51,-1,-1,-1
23,-1,2218.77,1043.47,101.63,108.53,0.44,-1,-1,-1
23,-1,2171.43,1001.32,111.84,142.68,0.32,-1,-1,-1
23,-1,2181.39,1005.57,100.32,135.42,0.26,-1,-1,-1
23,-1,1999.47,1601.94,69.53,76.38,0.25,-1,-1,-1
23,-1,2004.44,757.22,172.91,219.01,0.20,-1,-1,-1
23,-1,1943.67,1467.62,144.35,212.06,0.18,-1,-1,-1
23,-1,2005.76,758.91,166.10,156.17,0.17,-1,-1,-1
23,-1,1761.11,1245.41,19.10,24.16,0.13,-1,-1,-1
23,-1,3408.85,69.10,14.63,15.77,0.13,-1,-1,-1
23,-1,2021.96,1544.44,62.39,66.67,0.10,-1,-1,-1
23,-1,222.13,1226.73,349.97,112.22,0.09,-1,-1,-1
23,-1,3059.84,601.57,12.27,12.83,0.09,-1,-1,-1
23,-1,2196.98,1068.89,85.96,77.40,0.08,-1,-1,-1
23,-1,2128.67,785.70,38.73,71.66,0.07,-1,-1,-1
23,-1,2387.82,136.83,825.97,847.82,0.07,-1,-1,-1
23,-1,2281.10,1099.67,44.69,35.75,0.06,-1,-1,-1
23,-1,1618.21,1360.98,823.89,809.97,0.06,-1,-1,-1
23,-1,2611.79,1315.32,823.53,850.76,0.05,-1,-1,-1
24,-1,2321.46,1080.04,73.97,104.25,0.84,-1,-1,-1
24,-1,161.82,1068.04,284.08,135.17,0.79,-1,-1,-1
24,-1,2036.03,1394.21,73.51,223.06,0.76,-1,-1,-1
24,-1,2068.88,893.69,63.29,103.41,0.66,-1,-1,-1
24,-1,2072.36,843.09,91.64,106.94,0.56,-1,-1,-1
24,-1,2336.42,1041.96,80.06,70.28,0.47,-1,-1,-1
24,-1,1945.23,1460.10,117.86,127.22,0.40,-1,-1,-1
24,-1,2035.96,1509.17,69.50,104.90,0.35,-1,-1,-1
24,-1,2042.26,1469.84,58.44,70.89,0.32,-1,-1,-1
24,-1,1992.54,787.57,166.46,178.68,0.31,-1,-1,-1
24,-1,407.56,1043.20,138.48,143.93,0.25,-1,-1,-1
24,-1,2219.29,959.07,202.97,181.04,0.23,-1,-1,-1
24,-1,3475.95,1129.69,12.18,17.49,0.18,-1,-1,-1
24,-1,1992.05,787.10,171.32,189.50,0.17,-1,-1,-1
24,-1,2336.59,958.82,82.54,149.87,0.16,-1,-1,-1
24,-1,1992.46,806.65,147.49,159.48,0.14,-1,-1,-1
24,-1,2036.47,1396.33,73.84,218.79,0.14,-1,-1,-1
24,-1,2072.10,788.51,91.01,167.86,0.11,-1,-1,-1
24,-1,2035.62,1391.79,74.05,223.65,0.11,-1,-1,-1
24,-1,440.80,1146.00,74.70,38.02,0.10,-1,-1,-1
24,-1,1617.30,1092.96,10.62,19.36,0.09,-1,-1,-1
24,-1,2220.70,959.81,200.35,187.80,0.08,-1,-1,-1
24,-1,2317.46,965.15,105.88,220.39,0.07,-1,-1,-1
24,-1,2039.83,1394.08,64.59,98.52,0.07,-1,-1,-1
24,-1,2322.46,1038.99,101.39,142.39,0.06,-1,-1,-1
24,-1,1992.03,787.26,170.41,180.08,0.06,-1,-1,-1
24,-1,2088.65,787.16,57.33,74.35,0.06,-1,-1,-1
24,-1,2219.04,1036.17,152.82,96.17,0.06,-1,-1,-1
24,-1,1944.35,1395.91,167.54,204.45,0.05,-1,-1,-1
24,-1,2772.24,1221.47,826.00,853.28,0.05,-1,-1,-1
25,-1,1213.43,919.55,234.62,169.62,0.64,-1,-1,-1
25,-1,1242.91,919.81,204.94,103.74,0.57,-1,-1,-1
25,-1,1241.74,920.13,205.71,103.02,0.48,-1,-1,-1
25,-1,2734.89,823.53,46.08,29.51,0.19,-1,-1,-1
25,-1,2735.19,823.80,45.76,29.37,0.15,-1,-1,-1
25,-1,1065.85,1478.81,46.62,20.46,0.13,-1,-1,-1
25,-1,1313.11,944.10,35.30,25.67,0.12,-1,-1,-1
25,-1,2735.04,823.40,45.79,29.69,0.11,-1,-1,-1
25,-1,1214.94,920.20,233.56,168.98,0.10,-1,-1,-1
25,-1,627.96,1819.55,10.54,9.24,0.08,-1,-1,-1
25,-1,670.00,1145.14,35.88,24.99,0.07,-1,-1,-1
25,-1,25.07,38.50,822.01,851.44,0.07,-1,-1,-1
25,-1,1900.34,727.13,31.36,11.81,0.06,-1,-1,-1
25,-1,1219.27,989.92,163.08,98.95,0.06,-1,-1,-1
25,-1,3447.44,928.02,16.62,11.89,0.05,-1,-1,-1
25,-1,1091.53,1488.60,19.41,10.25,0.05,-1,-1,-1
26,-1,1834.56,953.98,342.53,274.43,0.44,-1,-1,-1
26,-1,2994.16,2035.02,9.58,20.69,0.35,-1,-1,-1
26,-1,2825.18,1543.91,11.41,26.15,0.29,-1,-1,-1
26,-1,1897.20,986.63,72.92,93.50,0.28,-1,-1,-1
26,-1,3133.50,2018.95,9.78,23.90,0.26,-1,-1,-1
26,-1,3031.52,2028.50,9.09,14.44,0.26,-1,-1,-1
26,-1,1050.84,1528.78,8.68,21.82,0.20,-1,-1,-1
26,-1,1841.90,953.68,341.55,270.16,0.12,-1,-1,-1
26,-1,3083.23,2051.88,8.73,11.37,0.12,-1,-1,-1
26,-1,1051.06,832.14,9.66,23.52,0.12,-1,-1,-1
26,-1,2514.36,1834.74,8.68,19.33,0.10,-1,-1,-1
26,-1,1237.71,494.69,417.06,396.64,0.10,-1,-1,-1
26,-1,1836.22,954.34,348.32,273.57,0.08,-1,-1,-1
26,-1,2970.80,1594.48,9.24,21.63,0.08,-1,-1,-1
26,-1,2250.86,1664.75,9.27,12.50,0.08,-1,-1,-1
26,-1,1050.98,832.16,9.85,23.55,0.08,-1,-1,-1
26,-1,3450.77,925.40,9.94,19.04,0.08,-1,-1,-1
26,-1,1548.27,368.05,10.93,13.92,0.08,-1,-1,-1
26,-1,1553.81,128.45,14.26,14.60,0.07,-1,-1,-1
26,-1,2844.42,1172.17,8.57,13.08,0.07,-1,-1,-1
26,-1,2770.76,1521.27,9.81,27.91,0.07,-1,-1,-1
26,-1,3206.81,2033.82,8.76,11.46,0.07,-1,-1,-1
26,-1,2192.85,1879.15,8.64,10.38,0.06,-1,-1,-1
26,-1,1938.09,382.92,9.58,11.73,0.06,-1,-1,-1
26,-1,2324.49,1742.44,9.11,14.25,0.06,-1,-1,-1
26,-1,2150.87,1857.63,8.31,13.66,0.06,-1,-1,-1
26,-1,2943.30,1603.23,13.82,20.34,0.06,-1,-1,-1
26,-1,1831.44,933.34,42.50,46.90,0.05,-1,-1,-1
26,-1,2326.77,647.62,11.68,22.52,0.05,-1,-1,-1
26,-1,1586.74,1979.44,11.67,19.04,0.05,-1,-1,-1
26,-1,2250.01,450.05,14.84,11.31,0.05,-1,-1,-1
26,-1,2580.90,113.85,16.53,23.91,0.05,-1,-1,-1
27,-1,335.59,5.97,64.17,150.35,0.80,-1,-1,-1
27,-1,2193.66,1888.97,8.62,14.97,0.27,-1,-1,-1
27,-1,1883.30,1382.57,373.84,295.90,0.21,-1,-1,-1
27,-1,1896.21,1364.84,43.23,46.77,0.19,-1,-1,-1
27,-1,288.10,0.51,115.65,156.63,0.18,-1,-1,-1
27,-1,1890.74,1383.93,365.46,292.90,0.16,-1,-1,-1
27,-1,1460.12,231.83,826.22,847.65,0.12,-1,-1,-1
27,-1,1913.52,1385.77,347.03,291.73,0.11,-1,-1,-1
27,-1,662.11,1222.12,821.94,849.80,0.10,-1,-1,-1
27,-1,2174.13,2009.55,12.16,22.58,0.09,-1,-1,-1
27,-1,286.65,0.67,117.09,156.31,0.07,-1,-1,-1
27,-1,1903.95,1384.92,358.18,294.98,0.07,-1,-1,-1
27,-1,3059.76,1.33,777.45,800.55,0.07,-1,-1,-1
27,-1,628.98,1317.27,822.06,836.11,0.07,-1,-1,-1
27,-1,2737.06,1834.37,8.31,16.67,0.07,-1,-1,-1
27,-1,2243.75,1895.81,8.67,21.31,0.07,-1,-1,-1
27,-1,2153.37,1906.68,8.18,12.13,0.06,-1,-1,-1
27,-1,2301.21,1742.19,9.22,17.12,0.06,-1,-1,-1
27,-1,1140.80,259.47,823.80,855.27,0.05,-1,-1,-1
27,-1,3039.01,295.71,796.39,846.99,0.05,-1,-1,-1
28,-1,2196.13,1721.47,324.69,350.16,0.82,-1,-1,-1
28,-1,2195.82,1726.67,324.48,338.48,0.19,-1,-1,-1
28,-1,1333.62,1344.65,821.54,821.12,0.13,-1,-1,-1
28,-1,3043.57,332.45,788.64,841.36,0.11,-1,-1,-1
28,-1,3042.01,494.23,790.29,838.72,0.10,-1,-1,-1
28,-1,2742.16,709.24,824.91,849.22,0.09,-1,-1,-1
28,-1,3025.24,780.04,804.02,838.56,0.08,-1,-1,-1
28,-1,1365.69,1345.21,822.90,820.86,0.08,-1,-1,-1
28,-1,3042.49,781.91,790.12,835.73,0.08,-1,-1,-1
28,-1,2196.81,1722.47,295.62,349.85,0.08,-1,-1,-1
28,-1,2133.42,902.58,823.66,848.78,0.07,-1,-1,-1
28,-1,1395.56,1316.16,825.03,852.14,0.06,-1,-1,-1
28,-1,3046.11,2.53,789.22,799.61,0.06,-1,-1,-1
28,-1,2676.23,322.21,827.89,856.96,0.06,-1,-1,-1
28,-1,2996.32,808.60,824.21,844.03,0.05,-1,-1,-1
28,-1,3025.92,1.95,804.14,802.71,0.05,-1,-1,-1
28,-1,2964.54,196.40,825.87,852.59,0.05,-1,-1,-1
29,-1,1499.69,0.01,78.13,214.84,0.92,-1,-1,-1
29,-1,1546.28,1110.27,121.10,211.91,0.77,-1,-1,-1
29,-1,1768.43,1475.87,58.05,145.03,0.77,-1,-1,-1
29,-1,1510.89,51.30,48.85,73.00,0.75,-1,-1,-1
29,-1,1754.13,1548.29,59.98,77.42,0.53,-1,-1,-1
29,-1,1731.27,1541.87,85.03,152.59,0.51,-1,-1,-1
29,-1,1546.17,1110.75,120.84,212.18,0.43,-1,-1,-1
29,-1,1710.31,1471.86,115.08,281.08,0.24,-1,-1,-1
29,-1,1716.28,1609.09,74.90,133.95,0.24,-1,-1,-1
29,-1,1714.28,1577.03,57.82,175.29,0.23,-1,-1,-1
29,-1,3301.40,267.80,37.43,31.21,0.22,-1,-1,-1
29,-1,2291.46,1345.12,822.32,811.96,0.22,-1,-1,-1
29,-1,1736.01,1609.22,60.01,66.79,0.15,-1,-1,-1
29,-1,3445.44,117.06,15.48,15.02,0.14,-1,-1,-1
29,-1,3269.73,387.78,20.54,18.77,0.11,-1,-1,-1
29,-1,3005.46,1157.54,30.21,13.76,0.11,-1,-1,-1
29,-1,2964.84,994.21,40.16,14.36,0.10,-1,-1,-1
29,-1,790.23,1227.07,824.62,844.59,0.10,-1,-1,-1
29,-1,820.71,1347.95,821.69,810.53,0.10,-1,-1,-1
29,-1,1588.17,1366.19,824.39,804.76,0.10,-1,-1,-1
29,-1,3474.85,854.16,24.47,26.19,0.09,-1,-1,-1
29,-1,1688.02,1315.44,818.49,848.43,0.09,-1,-1,-1
29,-1,1.36,1.57,792.76,802.49,0.09,-1,-1,-1
29,-1,2484.12,280.81,18.68,22.28,0.08,-1,-1,-1
29,-1,3150.30,135.43,16.54,13.52,0.08,-1,-1,-1
29,-1,2195.05,1286.67,824.47,844.57,0.08,-1,-1,-1
29,-1,1742.58,1542.58,53.90,46.47,0.08,-1,-1,-1
29,-1,1930.41,747.46,25.40,16.98,0.08,-1,-1,-1
29,-1,3661.55,66.48,9.90,12.46,0.07,-1,-1,-1
29,-1,1713.86,1576.23,60.34,176.61,0.07,-1,-1,-1
29,-1,3314.67,1245.92,10.74,12.94,0.07,-1,-1,-1
29,-1,1236.04,137.22,824.27,846.04,0.07,-1,-1,-1
29,-1,2307.01,781.33,18.09,14.82,0.06,-1,-1,-1
29,-1,2279.39,196.96,14.77,15.10,0.06,-1,-1,-1
29,-1,1841.97,379.65,19.65,14.37,0.06,-1,-1,-1
29,-1,2260.39,105.01,825.29,847.45,0.06,-1,-1,-1
29,-1,3192.65,1350.86,15.95,11.93,0.06,-1,-1,-1
29,-1,3344.59,582.11,23.89,14.11,0.06,-1,-1,-1
29,-1,1198.89,9.89,678.33,241.70,0.05,-1,-1,-1
29,-1,3301.84,267.75,36.81,31.14,0.05,-1,-1,-1
29,-1,2473.45,485.27,20.66,13.84,0.05,-1,-1,-1
30,-1,1898.32,1688.24,83.98,74.14,0.78,-1,-1,-1
30,-1,1874.10,1601.61,112.13,283.91,0.69,-1,-1,-1
30,-1,1626.69,156.69,96.61,224.32,0.66,-1,-1,-1
30,-1,1683.22,1293.21,127.02,214.78,0.62,-1,-1,-1
30,-1,1903.00,1770.78,40.13,56.90,0.51,-1,-1,-1
30,-1,1890.74,1605.51,92.92,183.25,0.41,-1,-1,-1
30,-1,1683.06,1291.77,127.35,216.63,0.36,-1,-1,-1
30,-1,3014.27,134.59,19.68,13.19,0.29,-1,-1,-1
30,-1,3503.82,327.59,35.76,42.10,0.26,-1,-1,-1
30,-1,2106.02,632.75,39.23,57.56,0.26,-1,-1,-1
30,-1,3368.89,610.60,38.41,25.55,0.24,-1,-1,-1
30,-1,2878.41,1738.83,23.05,21.83,0.21,-1,-1,-1
30,-1,1625.96,157.03,71.49,112.09,0.21,-1,-1,-1
30,-1,1638.98,207.94,60.73,121.43,0.20,-1,-1,-1
30,-1,1178.67,1953.48,8.82,10.86,0.20,-1,-1,-1
30,-1,2639.17,432.20,15.13,18.35,0.20,-1,-1,-1
30,-1,2639.22,431.54,15.05,19.71,0.18,-1,-1,-1
30,-1,1883.77,1814.24,41.69,31.08,0.17,-1,-1,-1
30,-1,2284.23,613.64,17.84,16.15,0.16,-1,-1,-1
30,-1,3603.21,548.87,17.87,19.03,0.16,-1,-1,-1
30,-1,1640.73,211.59,58.26,70.48,0.15,-1,-1,-1
30,-1,2636.52,429.39,18.74,20.13,0.15,-1,-1,-1
30,-1,3431.44,1597.92,20.51,20.92,0.14,-1,-1,-1
30,-1,2432.42,345.42,12.98,17.22,0.13,-1,-1,-1
30,-1,2432.45,345.06,13.02,17.43,0.13,-1,-1,-1
30,-1,2612.84,926.02,14.90,17.74,0.11,-1,-1,-1
30,-1,22.63,1.11,821.35,807.66,0.11,-1,-1,-1
30,-1,1697.24,1338.60,63.22,65.47,0.11,-1,-1,-1
30,-1,2579.37,1252.24,19.87,11.53,0.11,-1,-1,-1
30,-1,3437.95,541.70,14.20,13.68,0.11,-1,-1,-1
30,-1,3434.50,1599.93,14.93,16.62,0.11,-1,-1,-1
30,-1,3166.19,1317.42,26.66,16.11,0.10,-1,-1,-1
30,-1,2127.60,668.85,16.92,22.99,0.09,-1,-1,-1
30,-1,1875.93,1695.94,69.60,186.57,0.09,-1,-1,-1
30,-1,1548.90,196.56,174.78,180.55,0.09,-1,-1,-1
30,-1,1178.38,1953.36,9.13,11.08,0.09,-1,-1,-1
30,-1,2253.73,579.73,838.62,847.95,0.09,-1,-1,-1
30,-1,3071.68,1434.61,18.19,18.55,0.09,-1,-1,-1
30,-1,1907.61,0.65,823.19,808.61,0.08,-1,-1,-1
30,-1,1920.78,1772.51,22.92,46.10,0.08,-1,-1,-1
30,-1,3520.88,326.97,18.14,31.25,0.08,-1,-1,-1
30,-1,2281.84,1195.19,38.03,79.53,0.07,-1,-1,-1
30,-1,1843.73,269.43,822.30,842.52,0.07,-1,-1,-1
30,-1,1491.40,326.22,826.61,850.84,0.07,-1,-1,-1
30,-1,3712.28,1138.51,61.46,63.23,0.07,-1,-1,-1
30,-1,2225.58,1343.16,825.98,823.43,0.07,-1,-1,-1
30,-1,3480.25,693.22,20.19,25.73,0.06,-1,-1,-1
30,-1,2865.24,324.79,13.66,12.55,0.06,-1,-1,-1
30,-1,3104.41,135.08,15.13,16.04,0.06,-1,-1,-1
30,-1,1890.92,1763.10,13.06,44.63,0.06,-1,-1,-1
30,-1,1140.34,422.91,823.65,848.02,0.06,-1,-1,-1
30,-1,3335.28,130.02,44.43,15.29,0.06,-1,-1,-1
30,-1,1709.04,1351.42,100.43,155.53,0.06,-1,-1,-1
30,-1,1622.30,389.39,818.93,847.69,0.06,-1,-1,-1
30,-1,2453.74,629.41,26.33,13.30,0.05,-1,-1,-1
30,-1,3527.44,1395.79,13.66,12.19,0.05,-1,-1,-1
30,-1,265.30,1769.70,20.58,10.99,0.05,-1,-1,-1
30,-1,3462.12,419.05,39.99,26.10,0.05,-1,-1,-1
31,-1,1654.71,1002.31,96.86,231.68,0.92,-1,-1,-1
31,-1,1192.22,348.47,192.17,126.10,0.91,-1,-1,-1
31,-1,885.61,446.73,41.80,71.53,0.62,-1,-1,-1
31,-1,761.24,398.21,208.60,96.77,0.58,-1,-1,-1
31,-1,1273.37,345.90,67.46,66.55,0.48,-1,-1,-1
31,-1,762.86,286.60,373.08,186.49,0.40,-1,-1,-1
31,-1,2421.41,1350.39,823.86,815.03,0.26,-1,-1,-1
31,-1,1243.01,443.58,56.65,69.41,0.22,-1,-1,-1
31,-1,1243.13,443.66,56.41,69.33,0.22,-1,-1,-1
31,-1,663.24,1909.58,9.93,9.73,0.22,-1,-1,-1
31,-1,2854.43,568.55,17.03,18.67,0.21,-1,-1,-1
31,-1,2745.86,1445.60,25.03,32.82,0.18,-1,-1,-1
31,-1,544.72,1906.54,15.27,14.12,0.16,-1,-1,-1
31,-1,3525.85,1496.29,16.87,20.97,0.16,-1,-1,-1
31,-1,2758.43,466.13,10.18,12.38,0.16,-1,-1,-1
31,-1,2097.42,472.24,16.28,20.91,0.15,-1,-1,-1
31,-1,595.12,1909.30,9.86,13.65,0.14,-1,-1,-1
31,-1,1039.15,1873.17,21.77,28.74,0.13,-1,-1,-1
31,-1,1243.58,269.61,63.34,71.99,0.13,-1,-1,-1
31,-1,1683.74,1346.83,822.75,821.41,0.13,-1,-1,-1
31,-1,3229.00,1774.46,48.19,42.15,0.13,-1,-1,-1
31,-1,2097.19,472.28,16.44,20.80,0.12,-1,-1,-1
31,-1,1108.56,1224.22,823.43,845.28,0.12,-1,-1,-1
31,-1,663.25,1909.45,9.84,9.74,0.11,-1,-1,-1
31,-1,1207.91,200.74,157.63,172.49,0.11,-1,-1,-1
31,-1,3647.03,215.04,11.16,12.01,0.10,-1,-1,-1
31,-1,3475.62,628.12,16.70,20.16,0.10,-1,-1,-1
31,-1,1648.20,1074.53,72.45,65.89,0.10,-1,-1,-1
31,-1,1208.05,200.08,157.79,172.79,0.10,-1,-1,-1
31,-1,3475.43,627.79,16.81,20.15,0.10,-1,-1,-1
31,-1,3538.25,443.52,39.34,17.64,0.10,-1,-1,-1
31,-1,2580.68,1225.36,824.45,849.09,0.10,-1,-1,-1
31,-1,1052.40,1873.06,8.93,11.05,0.10,-1,-1,-1
31,-1,819.91,0.05,65.50,20.12,0.10,-1,-1,-1
31,-1,3565.54,1104.28,73.30,45.43,0.09,-1,-1,-1
31,-1,2848.07,615.07,14.23,13.35,0.09,-1,-1,-1
31,-1,3565.69,1115.76,13.38,18.63,0.09,-1,-1,-1
31,-1,1684.03,1286.87,823.74,846.81,0.08,-1,-1,-1
31,-1,3031.99,40.29,17.58,21.89,0.08,-1,-1,-1
31,-1,1109.00,1291.80,823.33,837.41,0.08,-1,-1,-1
31,-1,3398.02,811.87,17.63,14.09,0.08,-1,-1,-1
31,-1,2228.32,1321.55,823.26,845.01,0.08,-1,-1,-1
31,-1,3614.93,348.49,13.30,9.88,0.08,-1,-1,-1
31,-1,608.77,1901.79,10.25,11.97,0.08,-1,-1,-1
31,-1,544.69,1906.37,15.62,13.79,0.08,-1,-1,-1
31,-1,2449.35,1464.65,23.47,32.05,0.07,-1,-1,-1
31,-1,59.86,1731.73,14.13,34.00,0.07,-1,-1,-1
31,-1,1052.53,1873.33,8.67,10.64,0.07,-1,-1,-1
31,-1,2004.45,1130.27,824.09,842.65,0.07,-1,-1,-1
31,-1,3058.48,918.38,11.98,14.24,0.06,-1,-1,-1
31,-1,907.47,449.60,21.63,60.04,0.06,-1,-1,-1
31,-1,1428.75,1158.78,822.03,847.26,0.06,-1,-1,-1
31,-1,951.19,1702.95,9.57,8.80,0.06,-1,-1,-1
31,-1,3277.42,792.38,16.83,19.64,0.06,-1,-1,-1
31,-1,326.71,1688.17,13.52,9.95,0.06,-1,-1,-1
31,-1,1585.59,1093.43,130.31,135.56,0.06,-1,-1,-1
31,-1,1393.00,9.21,828.33,847.77,0.06,-1,-1,-1
31,-1,2320.38,265.50,29.35,15.68,0.06,-1,-1,-1
31,-1,946.76,966.79,827.33,850.10,0.05,-1,-1,-1
31,-1,950.76,1702.65,10.26,8.96,0.05,-1,-1,-1
31,-1,1492.40,1032.86,823.97,849.07,0.05,-1,-1,-1
31,-1,3318.02,793.77,15.31,18.69,0.05,-1,-1,-1
31,-1,3302.85,461.31,77.42,40.35,0.05,-1,-1,-1
31,-1,3300.21,488.74,30.68,11.71,0.05,-1,-1,-1
32,-1,1657.61,389.82,181.52,140.80,0.95,-1,-1,-1
32,-1,2039.79,405.93,151.19,208.14,0.87,-1,-1,-1
32,-1,1214.66,61.19,126.86,183.83,0.87,-1,-1,-1
32,-1,1535.11,208.13,200.43,112.70,0.84,-1,-1,-1
32,-1,1008.55,1574.91,367.16,218.85,0.84,-1,-1,-1
32,-1,997.59,1124.87,222.87,270.43,0.79,-1,-1,-1
32,-1,2694.96,308.87,90.07,64.62,0.74,-1,-1,-1
32,-1,2735.10,320.67,56.01,62.34,0.62,-1,-1,-1
32,-1,1000.31,351.94,140.77,316.09,0.58,-1,-1,-1
32,-1,1430.00,1719.44,192.32,123.62,0.52,-1,-1,-1
32,-1,1509.76,1695.53,78.97,91.58,0.51,-1,-1,-1
32,-1,1003.61,1693.44,209.42,99.20,0.41,-1,-1,-1
32,-1,669.45,817.54,49.38,52.71,0.40,-1,-1,-1
32,-1,1702.13,514.52,45.14,47.47,0.36,-1,-1,-1
32,-1,2309.95,1462.85,22.27,26.53,0.35,-1,-1,-1
32,-1,104.77,86.75,206.69,347.08,0.33,-1,-1,-1
32,-1,458.92,750.49,283.84,195.06,0.33,-1,-1,-1
32,-1,1003.18,1694.07,208.49,101.41,0.33,-1,-1,-1
32,-1,3099.36,725.75,21.71,27.37,0.31,-1,-1,-1
32,-1,3470.24,642.14,14.94,19.58,0.30,-1,-1,-1
32,-1,3541.76,1016.36,18.05,11.16,0.30,-1,-1,-1
32,-1,2323.26,539.78,21.05,37.73,0.29,-1,-1,-1
32,-1,105.25,86.78,206.00,347.22,0.28,-1,-1,-1
32,-1,683.11,858.27,56.83,84.49,0.28,-1,-1,-1
32,-1,1510.42,1695.65,78.67,92.01,0.27,-1,-1,-1
32,-1,1531.60,87.39,208.77,236.39,0.26,-1,-1,-1
32,-1,3302.30,223.03,28.44,23.28,0.25,-1,-1,-1
32,-1,1429.99,1567.84,190.71,277.95,0.24,-1,-1,-1
32,-1,166.04,164.86,145.28,269.09,0.24,-1,-1,-1
32,-1,3302.12,223.04,28.65,23.00,0.22,-1,-1,-1
32,-1,2609.82,983.27,16.85,15.14,0.21,-1,-1,-1
32,-1,1696.78,513.87,82.50,124.22,0.21,-1,-1,-1
32,-1,980.54,567.37,59.29,53.54,0.21,-1,-1,-1
32,-1,3539.50,205.99,44.96,35.91,0.20,-1,-1,-1
32,-1,1117.80,1347.01,31.94,30.12,0.19,-1,-1,-1
32,-1,3133.67,900.47,11.65,18.01,0.18,-1,-1,-1
32,-1,105.05,86.89,206.21,346.55,0.18,-1,-1,-1
32,-1,1026.06,1701.02,186.02,92.41,0.17,-1,-1,-1
32,-1,457.56,750.74,285.24,195.64,0.16,-1,-1,-1
32,-1,3741.47,659.66,24.02,21.70,0.15,-1,-1,-1
32,-1,2711.80,492.26,13.54,16.73,0.15,-1,-1,-1
32,-1,3470.38,642.55,15.02,20.03,0.14,-1,-1,-1
32,-1,2853.67,224.47,86.89,55.87,0.13,-1,-1,-1
32,-1,1604.24,265.34,35.75,56.20,0.13,-1,-1,-1
32,-1,2854.56,224.41,28.10,49.53,0.13,-1,-1,-1
32,-1,648.16,752.42,92.47,191.60,0.12,-1,-1,-1
32,-1,2520.52,961.42,34.81,37.39,0.12,-1,-1,-1
32,-1,851.32,358.06,827.35,835.20,0.11,-1,-1,-1
32,-1,2728.34,319.35,84.25,61.23,0.11,-1,-1,-1
32,-1,3446.24,680.09,17.92,13.32,0.11,-1,-1,-1
32,-1,1032.07,474.56,68.96,192.50,0.10,-1,-1,-1
32,-1,3317.99,1145.59,12.27,17.82,0.10,-1,-1,-1
32,-1,1432.95,1566.31,183.92,287.93,0.09,-1,-1,-1
32,-1,1551.93,1723.52,35.35,62.52,0.09,-1,-1,-1
32,-1,3541.52,1016.44,18.21,10.94,0.09,-1,-1,-1
32,-1,1185.22,0.10,169.00,156.49,0.09,-1,-1,-1
32,-1,1002.81,1692.69,121.18,61.37,0.09,-1,-1,-1
32,-1,3317.88,1145.79,12.75,17.59,0.08,-1,-1,-1
32,-1,3100.45,725.68,20.32,11.84,0.08,-1,-1,-1
32,-1,2328.75,492.71,14.47,24.11,0.08,-1,-1,-1
32,-1,2400.39,1153.22,22.59,17.45,0.08,-1,-1,-1
32,-1,2943.26,837.24,15.60,12.49,0.08,-1,-1,-1
32,-1,1218.38,155.44,32.74,56.16,0.07,-1,-1,-1
32,-1,624.36,1677.22,23.03,20.15,0.07,-1,-1,-1
32,-1,2610.11,983.22,15.92,15.12,0.07,-1,-1,-1
32,-1,3200.32,422.77,12.80,10.92,0.07,-1,-1,-1
32,-1,2510.40,1135.08,60.69,54.56,0.07,-1,-1,-1
32,-1,1002.47,352.15,139.37,316.63,0.07,-1,-1,-1
32,-1,1620.53,1346.42,825.45,822.14,0.06,-1,-1,-1
32,-1,3262.41,931.07,11.63,10.41,0.06,-1,-1,-1
32,-1,3346.32,389.17,10.40,12.71,0.06,-1,-1,-1
32,-1,1130.81,1750.31,41.24,57.18,0.06,-1,-1,-1
32,-1,2788.29,1062.61,10.38,10.55,0.06,-1,-1,-1
32,-1,828.80,0.15,60.03,19.42,0.06,-1,-1,-1
32,-1,2734.21,320.25,57.28,62.96,0.06,-1,-1,-1
32,-1,1492.87,1817.26,49.83,67.48,0.06,-1,-1,-1
32,-1,1119.53,1347.14,71.47,39.28,0.06,-1,-1,-1
32,-1,642.44,752.00,98.66,192.43,0.05,-1,-1,-1
32,-1,3251.59,1978.44,42.32,30.84,0.05,-1,-1,-1
33,-1,1531.92,516.94,236.80,58.70,0.92,-1,-1,-1
33,-1,2776.61,1291.67,145.58,203.64,0.91,-1,-1,-1
33,-1,3459.31,1258.23,78.03,49.54,0.91,-1,-1,-1
33,-1,808.07,995.98,159.53,102.18,0.91,-1,-1,-1
33,-1,1522.77,553.89,147.73,344.11,0.88,-1,-1,-1
33,-1,2310.55,1306.21,203.69,96.18,0.88,-1,-1,-1
33,-1,3455.29,1222.78,74.11,64.36,0.78,-1,-1,-1
33,-1,1968.19,966.48,138.46,176.09,0.74,-1,-1,-1
33,-1,2262.55,1098.53,203.34,103.81,0.69,-1,-1,-1
33,-1,1382.21,1855.25,61.22,196.90,0.64,-1,-1,-1
33,-1,856.44,997.50,147.72,344.54,0.60,-1,-1,-1
33,-1,1378.72,1936.99,55.94,85.56,0.58,-1,-1,-1
33,-1,1752.30,1149.27,155.00,321.26,0.56,-1,-1,-1
33,-1,2310.39,1305.99,203.96,96.21,0.56,-1,-1,-1
33,-1,1811.15,1414.28,44.00,75.86,0.55,-1,-1,-1
33,-1,2391.74,1417.69,101.48,38.22,0.51,-1,-1,-1
33,-1,2438.14,607.60,45.20,52.35,0.49,-1,-1,-1
33,-1,2258.54,963.37,210.58,241.38,0.44,-1,-1,-1
33,-1,1753.40,1154.73,153.75,314.21,0.44,-1,-1,-1
33,-1,1949.19,712.43,160.91,428.49,0.43,-1,-1,-1
33,-1,3457.50,1222.80,253.91,85.22,0.39,-1,-1,-1
33,-1,1729.02,1486.46,66.41,59.61,0.37,-1,-1,-1
33,-1,2334.69,1160.90,35.89,44.47,0.33,-1,-1,-1
33,-1,1249.34,1855.45,194.37,282.32,0.33,-1,-1,-1
33,-1,3575.00,1230.54,52.10,33.52,0.27,-1,-1,-1
33,-1,2470.43,1529.48,42.98,54.08,0.26,-1,-1,-1
33,-1,1991.21,1010.78,97.06,85.83,0.26,-1,-1,-1
33,-1,1524.25,1344.86,822.80,816.03,0.18,-1,-1,-1
33,-1,3494.47,1925.16,12.29,14.94,0.18,-1,-1,-1
33,-1,2470.29,1529.10,43.09,53.80,0.18,-1,-1,-1
33,-1,2470.70,1529.40,42.96,53.59,0.17,-1,-1,-1
33,-1,863.89,1062.09,140.44,278.57,0.16,-1,-1,-1
33,-1,2453.91,371.41,15.36,15.54,0.15,-1,-1,-1
33,-1,2259.83,963.07,200.68,241.74,0.15,-1,-1,-1
33,-1,2037.53,1343.99,822.66,824.29,0.15,-1,-1,-1
33,-1,879.18,994.74,88.15,78.54,0.13,-1,-1,-1
33,-1,1728.36,1413.15,127.34,134.09,0.13,-1,-1,-1
33,-1,1248.11,1916.10,186.43,222.22,0.12,-1,-1,-1
33,-1,2025.74,1043.76,82.63,95.41,0.12,-1,-1,-1
33,-1,716.79,642.31,73.25,85.34,0.11,-1,-1,-1
33,-1,3678.12,1716.96,18.84,16.46,0.10,-1,-1,-1
33,-1,853.76,2102.40,14.71,15.28,0.10,-1,-1,-1
33,-1,2132.36,1368.39,824.53,802.88,0.09,-1,-1,-1
33,-1,1836.92,2108.18,79.70,50.62,0.09,-1,-1,-1
33,-1,2470.10,1528.91,43.40,54.61,0.08,-1,-1,-1
33,-1,1940.43,1319.32,824.92,840.60,0.08,-1,-1,-1
33,-1,213.36,1.23,820.24,806.85,0.08,-1,-1,-1
33,-1,717.06,643.42,72.87,84.00,0.08,-1,-1,-1
33,-1,532.26,-0.11,821.89,805.21,0.07,-1,-1,-1
33,-1,724.91,166.89,823.49,848.71,0.07,-1,-1,-1
33,-1,1397.57,1319.77,824.37,842.62,0.07,-1,-1,-1
33,-1,1305.65,1984.77,13.93,23.10,0.07,-1,-1,-1
33,-1,3249.27,158.72,18.70,24.55,0.07,-1,-1,-1
33,-1,2436.42,607.19,80.14,89.70,0.06,-1,-1,-1
33,-1,2033.62,1016.26,55.48,67.38,0.06,-1,-1,-1
33,-1,723.54,1317.45,825.24,840.90,0.06,-1,-1,-1
33,-1,119.04,2.21,818.74,804.88,0.06,-1,-1,-1
33,-1,2611.32,1285.28,827.15,849.35,0.05,-1,-1,-1
33,-1,2333.90,472.91,9.22,18.98,0.05,-1,-1,-1
34,-1,2808.47,1195.81,146.61,198.81,0.93,-1,-1,-1
34,-1,2267.86,1209.09,207.51,87.33,0.92,-1,-1,-1
34,-1,1576.02,420.62,239.08,55.87,0.90,-1,-1,-1
34,-1,810.82,923.11,151.54,117.08,0.90,-1,-1,-1
34,-1,1560.30,452.65,149.51,344.97,0.84,-1,-1,-1
34,-1,1713.76,1445.56,33.60,40.74,0.78,-1,-1,-1
34,-1,2294.05,993.63,202.45,108.58,0.74,-1,-1,-1
34,-1,846.33,951.30,150.30,327.16,0.71,-1,-1,-1
34,-1,2001.17,605.17,185.39,421.12,0.68,-1,-1,-1
34,-1,1718.98,1424.03,32.70,48.20,0.67,-1,-1,-1
34,-1,1862.77,1200.29,186.61,303.10,0.64,-1,-1,-1
34,-1,2526.39,1442.85,78.34,53.07,0.57,-1,-1,-1
34,-1,2341.33,1293.52,45.20,44.23,0.56,-1,-1,-1
34,-1,1357.42,2050.23,53.60,108.45,0.47,-1,-1,-1
34,-1,2283.00,860.88,216.40,243.63,0.35,-1,-1,-1
34,-1,1728.06,1460.99,20.09,17.22,0.34,-1,-1,-1
34,-1,2366.58,1060.77,35.00,43.35,0.33,-1,-1,-1
34,-1,2026.58,864.90,158.58,158.97,0.27,-1,-1,-1
34,-1,1863.27,1202.42,187.71,297.58,0.25,-1,-1,-1
34,-1,579.03,1861.48,13.40,12.10,0.25,-1,-1,-1
34,-1,2555.90,1458.13,37.19,36.50,0.23,-1,-1,-1
34,-1,551.66,1729.07,11.86,10.26,0.22,-1,-1,-1
34,-1,2478.45,508.15,31.22,54.04,0.21,-1,-1,-1
34,-1,3558.01,1104.57,64.08,59.14,0.21,-1,-1,-1
34,-1,2490.21,270.43,14.33,14.86,0.20,-1,-1,-1
34,-1,615.74,1849.25,10.28,10.38,0.20,-1,-1,-1
34,-1,2775.41,371.60,11.00,22.17,0.19,-1,-1,-1
34,-1,734.02,531.05,69.33,100.71,0.17,-1,-1,-1
34,-1,734.05,532.71,67.93,97.33,0.17,-1,-1,-1
34,-1,820.64,1346.82,822.65,815.30,0.16,-1,-1,-1
34,-1,3501.96,1104.27,123.68,73.32,0.16,-1,-1,-1
34,-1,212.97,0.97,820.55,801.01,0.16,-1,-1,-1
34,-1,1990.56,2107.56,77.78,51.41,0.16,-1,-1,-1
34,-1,640.39,1856.40,8.78,9.63,0.15,-1,-1,-1
34,-1,628.05,1344.68,824.88,810.12,0.15,-1,-1,-1
34,-1,3501.31,1103.79,149.05,74.97,0.15,-1,-1,-1
34,-1,2490.10,270.55,14.04,14.92,0.14,-1,-1,-1
34,-1,2072.19,909.37,78.12,78.32,0.14,-1,-1,-1
34,-1,1331.60,1345.71,826.11,821.59,0.14,-1,-1,-1
34,-1,3273.00,1921.77,57.12,63.47,0.14,-1,-1,-1
34,-1,2098.70,903.21,85.95,121.91,0.13,-1,-1,-1
34,-1,1141.00,1348.36,822.05,816.02,0.13,-1,-1,-1
34,-1,2207.47,308.34,11.30,23.75,0.12,-1,-1,-1
34,-1,1813.12,1344.23,823.47,818.25,0.12,-1,-1,-1
34,-1,733.42,536.76,69.97,94.82,0.11,-1,-1,-1
34,-1,2341.32,1293.68,45.24,43.67,0.10,-1,-1,-1
34,-1,3501.75,1103.97,126.39,73.31,0.10,-1,-1,-1
34,-1,3076.37,1948.09,17.47,38.66,0.10,-1,-1,-1
34,-1,1939.70,1320.21,825.38,843.31,0.09,-1,-1,-1
34,-1,947.96,1289.69,824.61,843.74,0.09,-1,-1,-1
34,-1,627.89,1252.35,825.15,853.07,0.09,-1,-1,-1
34,-1,1652.47,1342.94,823.19,820.77,0.08,-1,-1,-1
34,-1,2790.16,230.50,21.86,10.51,0.08,-1,-1,-1
34,-1,808.67,995.25,51.12,43.03,0.08,-1,-1,-1
34,-1,1267.37,1316.86,826.70,850.80,0.07,-1,-1,-1
34,-1,2526.49,1443.18,78.37,52.46,0.07,-1,-1,-1
34,-1,533.49,1.50,819.79,802.85,0.07,-1,-1,-1
34,-1,754.93,2.34,825.71,826.83,0.07,-1,-1,-1
34,-1,2644.13,1346.85,823.44,820.55,0.07,-1,-1,-1
34,-1,761.91,1944.85,10.42,13.43,0.06,-1,-1,-1
34,-1,1705.85,420.96,59.08,50.29,0.06,-1,-1,-1
34,-1,3534.24,297.51,23.26,11.70,0.06,-1,-1,-1
34,-1,2942.71,1932.04,19.48,28.00,0.06,-1,-1,-1
34,-1,3470.43,295.64,88.20,84.85,0.06,-1,-1,-1
34,-1,2942.60,1932.42,19.25,27.66,0.06,-1,-1,-1
34,-1,885.98,1.35,817.74,807.08,0.06,-1,-1,-1
34,-1,3572.21,167.69,12.58,12.11,0.05,-1,-1,-1
34,-1,2282.60,861.34,184.05,183.86,0.05,-1,-1,-1
34,-1,500.99,1318.93,824.54,827.45,0.05,-1,-1,-1
34,-1,853.00,550.80,824.15,849.89,0.05,-1,-1,-1
34,-1,3075.38,1966.66,13.26,20.60,0.05,-1,-1,-1
34,-1,2527.17,1443.56,59.72,27.98,0.05,-1,-1,-1
34,-1,2767.41,364.51,19.26,30.16,0.05,-1,-1,-1
35,-1,1575.09,29.04,150.47,349.54,0.91,-1,-1,-1
35,-1,2816.58,768.57,148.75,198.82,0.91,-1,-1,-1
35,-1,2030.44,1697.96,189.89,275.34,0.90,-1,-1,-1
35,-1,2047.60,470.72,157.01,160.34,0.89,-1,-1,-1
35,-1,2259.98,766.70,205.39,91.44,0.89,-1,-1,-1
35,-1,802.14,515.26,154.91,111.86,0.88,-1,-1,-1
35,-1,1588.51,0.55,239.98,51.94,0.87,-1,-1,-1
35,-1,3497.90,688.50,108.89,57.50,0.83,-1,-1,-1
35,-1,2300.35,567.36,203.87,105.17,0.81,-1,-1,-1
35,-1,3520.92,716.79,108.80,38.25,0.76,-1,-1,-1
35,-1,848.53,589.59,145.03,270.98,0.71,-1,-1,-1
35,-1,2300.94,567.35,203.24,105.33,0.55,-1,-1,-1
35,-1,1973.58,901.40,202.58,285.74,0.48,-1,-1,-1
35,-1,1771.24,1929.11,402.90,208.55,0.44,-1,-1,-1
35,-1,2614.21,984.05,78.42,54.58,0.42,-1,-1,-1
35,-1,1972.49,893.85,203.63,289.38,0.41,-1,-1,-1
35,-1,1346.44,1864.28,65.80,88.78,0.40,-1,-1,-1
35,-1,1793.33,995.63,49.38,52.27,0.37,-1,-1,-1
35,-1,1216.94,1788.11,206.33,242.87,0.33,-1,-1,-1
35,-1,2615.29,983.81,76.71,54.98,0.33,-1,-1,-1
35,-1,807.36,537.78,82.53,89.69,0.29,-1,-1,-1
35,-1,2614.42,984.20,78.17,54.95,0.27,-1,-1,-1
35,-1,2289.59,434.59,217.21,240.01,0.25,-1,-1,-1
35,-1,1213.38,1788.52,207.19,243.35,0.24,-1,-1,-1
35,-1,1770.97,2059.44,212.87,77.03,0.22,-1,-1,-1
35,-1,1793.79,1009.40,33.00,38.56,0.22,-1,-1,-1
35,-1,1770.44,1929.45,404.92,206.31,0.21,-1,-1,-1
35,-1,3085.71,1811.18,20.19,35.25,0.20,-1,-1,-1
35,-1,1357.58,1289.85,830.46,808.84,0.20,-1,-1,-1
35,-1,2023.10,217.50,169.49,369.01,0.19,-1,-1,-1
35,-1,3237.31,1619.33,17.78,24.19,0.18,-1,-1,-1
35,-1,2515.70,1348.18,824.45,816.56,0.18,-1,-1,-1
35,-1,1216.59,1839.75,153.69,191.57,0.17,-1,-1,-1
35,-1,1903.50,2096.02,47.88,63.33,0.15,-1,-1,-1
35,-1,3277.79,1490.91,53.60,50.72,0.15,-1,-1,-1
35,-1,1787.07,1689.74,435.65,443.43,0.14,-1,-1,-1
35,-1,1368.76,1898.36,49.54,84.72,0.14,-1,-1,-1
35,-1,1491.87,916.83,12.96,20.00,0.13,-1,-1,-1
35,-1,2290.23,436.18,182.39,176.84,0.13,-1,-1,-1
35,-1,1350.79,1788.19,68.39,193.26,0.12,-1,-1,-1
35,-1,2049.04,1050.71,58.73,66.67,0.12,-1,-1,-1
35,-1,3344.75,1908.24,9.39,12.43,0.11,-1,-1,-1
35,-1,1919.59,2110.41,28.45,39.21,0.11,-1,-1,-1
35,-1,1974.23,895.12,115.18,177.88,0.11,-1,-1,-1
35,-1,1216.81,1788.89,207.11,242.16,0.11,-1,-1,-1
35,-1,1803.17,1014.09,23.62,17.34,0.10,-1,-1,-1
35,-1,847.09,583.93,147.45,281.54,0.10,-1,-1,-1
35,-1,2046.82,1042.15,127.40,140.37,0.10,-1,-1,-1
35,-1,2268.54,814.59,40.74,54.76,0.10,-1,-1,-1
35,-1,2269.08,814.63,39.88,54.33,0.10,-1,-1,-1
35,-1,2290.19,436.15,182.94,176.81,0.09,-1,-1,-1
35,-1,3277.62,1490.85,55.30,51.01,0.09,-1,-1,-1
35,-1,2268.42,814.55,40.80,54.36,0.09,-1,-1,-1
35,-1,1353.18,1789.50,49.30,103.95,0.09,-1,-1,-1
35,-1,885.72,903.94,824.46,848.00,0.08,-1,-1,-1
35,-1,3553.72,908.85,12.77,14.61,0.08,-1,-1,-1
35,-1,3424.04,1134.81,68.99,86.07,0.07,-1,-1,-1
35,-1,1069.24,1705.25,16.08,19.85,0.07,-1,-1,-1
35,-1,1347.94,1788.05,70.88,195.42,0.07,-1,-1,-1
35,-1,3549.57,1165.82,14.56,10.61,0.07,-1,-1,-1
35,-1,1218.16,1839.86,162.76,191.11,0.07,-1,-1,-1
35,-1,1271.89,1898.25,13.81,19.96,0.07,-1,-1,-1
35,-1,2120.63,1939.14,55.07,49.62,0.06,-1,-1,-1
35,-1,1352.78,1789.28,49.81,107.74,0.06,-1,-1,-1
35,-1,507.83,1740.65,12.58,15.08,0.06,-1,-1,-1
35,-1,3277.11,1490.60,64.79,51.41,0.06,-1,-1,-1
35,-1,1216.77,1839.78,157.97,191.34,0.06,-1,-1,-1
35,-1,3084.63,1518.46,19.14,34.46,0.06,-1,-1,-1
35,-1,2548.16,1224.28,825.15,846.23,0.06,-1,-1,-1
35,-1,1802.95,1014.19,23.39,16.78,0.06,-1,-1,-1
35,-1,312.26,2067.81,17.87,12.19,0.06,-1,-1,-1
35,-1,2707.58,677.70,826.23,850.23,0.06,-1,-1,-1
35,-1,885.77,-0.64,822.54,813.13,0.06,-1,-1,-1
35,-1,1768.18,2057.70,218.38,77.21,0.06,-1,-1,-1
35,-1,3719.57,1188.67,17.20,12.56,0.05,-1,-1,-1
35,-1,802.95,574.48,52.57,49.69,0.05,-1,-1,-1
35,-1,428.62,2059.22,15.07,37.21,0.05,-1,-1,-1
35,-1,3316.77,1611.24,19.80,11.85,0.05,-1,-1,-1
36,-1,2218.14,517.44,185.66,130.29,0.93,-1,-1,-1
36,-1,1819.50,275.99,208.66,73.38,0.86,-1,-1,-1
36,-1,2860.08,1935.05,88.54,77.27,0.77,-1,-1,-1
36,-1,1948.50,286.80,49.39,104.02,0.75,-1,-1,-1
36,-1,2146.12,0.52,176.34,273.38,0.71,-1,-1,-1
36,-1,1856.85,277.48,52.05,85.66,0.68,-1,-1,-1
36,-1,1931.96,145.15,242.08,162.48,0.62,-1,-1,-1
36,-1,2296.30,528.14,78.75,59.69,0.61,-1,-1,-1
36,-1,2145.66,-0.88,176.21,274.52,0.59,-1,-1,-1
36,-1,1835.11,778.72,70.30,62.48,0.58,-1,-1,-1
36,-1,1726.68,676.06,260.83,198.93,0.53,-1,-1,-1
36,-1,2831.87,1831.57,114.12,219.32,0.52,-1,-1,-1
36,-1,2832.17,1831.50,112.74,219.27,0.49,-1,-1,-1
36,-1,1230.54,282.36,214.36,206.15,0.43,-1,-1,-1
36,-1,1761.09,768.34,225.53,105.49,0.42,-1,-1,-1
36,-1,3667.97,395.65,29.15,29.08,0.37,-1,-1,-1
36,-1,1230.40,279.77,212.63,204.14,0.36,-1,-1,-1
36,-1,1373.01,287.24,71.70,201.16,0.24,-1,-1,-1
36,-1,1372.27,286.47,72.23,201.42,0.18,-1,-1,-1
36,-1,2287.59,703.31,45.71,45.12,0.17,-1,-1,-1
36,-1,2964.04,398.03,48.30,37.55,0.16,-1,-1,-1
36,-1,1833.47,778.69,71.90,62.58,0.14,-1,-1,-1
36,-1,1835.59,781.35,69.66,59.56,0.14,-1,-1,-1
36,-1,2212.86,213.84,42.58,25.20,0.14,-1,-1,-1
36,-1,1889.96,207.84,51.73,53.96,0.14,-1,-1,-1
36,-1,2968.29,398.08,33.07,23.57,0.11,-1,-1,-1
36,-1,1889.76,208.14,51.58,47.88,0.10,-1,-1,-1
36,-1,1391.16,348.52,52.21,59.71,0.10,-1,-1,-1
36,-1,1930.04,143.73,244.41,164.11,0.10,-1,-1,-1
36,-1,3052.58,1501.05,23.20,13.08,0.09,-1,-1,-1
36,-1,2911.23,331.81,13.66,14.58,0.09,-1,-1,-1
36,-1,3269.26,1521.91,13.28,23.92,0.08,-1,-1,-1
36,-1,1342.06,1938.57,11.99,12.32,0.08,-1,-1,-1
36,-1,2832.47,1830.29,116.04,223.90,0.08,-1,-1,-1
36,-1,1686.02,808.59,823.44,849.80,0.08,-1,-1,-1
36,-1,2248.15,382.23,179.37,175.37,0.08,-1,-1,-1
36,-1,8.35,7.76,809.62,823.94,0.07,-1,-1,-1
36,-1,2800.08,219.88,10.46,13.08,0.07,-1,-1,-1
36,-1,2771.38,1222.17,826.04,848.55,0.07,-1,-1,-1
36,-1,2772.00,1284.43,827.88,849.52,0.07,-1,-1,-1
36,-1,3136.55,464.52,11.73,13.98,0.07,-1,-1,-1
36,-1,1889.63,207.76,52.12,51.47,0.06,-1,-1,-1
36,-1,3365.63,126.36,16.58,15.20,0.06,-1,-1,-1
36,-1,2067.62,999.78,823.85,848.31,0.06,-1,-1,-1
36,-1,1230.52,282.81,164.93,123.75,0.06,-1,-1,-1
36,-1,3162.29,1528.15,15.08,9.87,0.06,-1,-1,-1
36,-1,2067.45,1064.43,823.83,845.41,0.05,-1,-1,-1
36,-1,1383.52,288.32,51.12,70.30,0.05,-1,-1,-1
37,-1,3326.98,1554.78,278.78,112.20,0.88,-1,-1,-1
37,-1,3423.20,1594.00,137.52,86.41,0.80,-1,-1,-1
37,-1,1725.14,0.25,173.92,44.36,0.73,-1,-1,-1
37,-1,2875.17,1127.50,74.55,64.44,0.69,-1,-1,-1
37,-1,862.50,1548.72,97.47,268.18,0.59,-1,-1,-1
37,-1,878.91,1477.06,94.70,190.02,0.59,-1,-1,-1
37,-1,2805.65,1048.01,159.23,185.38,0.48,-1,-1,-1
37,-1,2805.49,1047.30,156.37,191.61,0.42,-1,-1,-1
37,-1,3337.14,595.12,26.10,21.17,0.28,-1,-1,-1
37,-1,677.75,1341.79,32.31,12.83,0.27,-1,-1,-1
37,-1,3102.62,1452.74,56.39,59.51,0.27,-1,-1,-1
37,-1,2805.86,1048.09,156.42,185.75,0.25,-1,-1,-1
37,-1,1354.08,2018.07,100.37,139.85,0.25,-1,-1,-1
37,-1,2132.22,1347.29,823.54,814.56,0.23,-1,-1,-1
37,-1,906.53,1478.67,66.02,121.49,0.22,-1,-1,-1
37,-1,863.00,1477.41,105.14,339.34,0.21,-1,-1,-1
37,-1,2004.62,1321.94,827.16,835.45,0.21,-1,-1,-1
37,-1,3544.96,196.33,14.05,17.66,0.19,-1,-1,-1
37,-1,1569.66,1933.77,53.39,90.65,0.19,-1,-1,-1
37,-1,1846.50,937.69,824.11,845.49,0.16,-1,-1,-1
37,-1,2888.93,1167.93,75.27,63.29,0.16,-1,-1,-1
37,-1,3455.25,957.36,37.41,48.08,0.16,-1,-1,-1
37,-1,1357.66,2098.17,59.21,60.57,0.15,-1,-1,-1
37,-1,1748.61,1193.45,826.52,845.83,0.15,-1,-1,-1
37,-1,3101.09,1453.01,58.46,59.27,0.15,-1,-1,-1
37,-1,2101.15,1031.67,824.97,848.45,0.13,-1,-1,-1
37,-1,880.11,1549.88,68.20,109.11,0.12,-1,-1,-1
37,-1,2293.19,1257.14,822.31,843.75,0.11,-1,-1,-1
37,-1,1718.26,1348.60,821.62,812.73,0.11,-1,-1,-1
37,-1,2196.70,392.35,821.97,838.40,0.11,-1,-1,-1
37,-1,2325.43,1346.34,820.98,817.77,0.10,-1,-1,-1
37,-1,2037.01,105.06,823.05,844.57,0.10,-1,-1,-1
37,-1,2805.34,1048.03,159.03,190.04,0.10,-1,-1,-1
37,-1,3748.21,284.04,15.82,14.74,0.09,-1,-1,-1
37,-1,2005.70,1349.29,824.59,807.88,0.09,-1,-1,-1
37,-1,1751.40,330.28,820.79,843.33,0.09,-1,-1,-1
37,-1,1525.51,1318.77,824.01,839.60,0.08,-1,-1,-1
37,-1,1524.91,1366.17,823.48,800.06,0.08,-1,-1,-1
37,-1,2517.77,1346.45,820.55,818.65,0.08,-1,-1,-1
37,-1,2228.72,327.76,822.50,847.82,0.08,-1,-1,-1
37,-1,1781.29,4.82,822.66,824.39,0.08,-1,-1,-1
37,-1,1622.02,807.48,822.08,851.19,0.06,-1,-1,-1
37,-1,6.45,1.20,811.00,807.31,0.06,-1,-1,-1
37,-1,3091.43,1453.23,67.98,59.38,0.06,-1,-1,-1
37,-1,1368.48,1350.25,819.02,815.29,0.06,-1,-1,-1
37,-1,3090.43,1453.18,68.60,59.97,0.06,-1,-1,-1
37,-1,1812.46,614.40,823.10,849.56,0.05,-1,-1,-1
38,-1,1581.89,-0.03,196.21,102.97,0.95,-1,-1,-1
38,-1,3192.27,1642.34,75.17,66.34,0.84,-1,-1,-1
38,-1,2301.49,0.11,133.02,45.37,0.76,-1,-1,-1
38,-1,2885.35,1269.23,74.50,71.45,0.75,-1,-1,-1
38,-1,1251.43,-0.25,222.33,215.01,0.71,-1,-1,-1
38,-1,2792.08,1222.93,199.91,139.39,0.67,-1,-1,-1
38,-1,3550.09,1790.25,276.77,162.99,0.60,-1,-1,-1
38,-1,2287.16,129.73,48.31,47.46,0.52,-1,-1,-1
38,-1,3232.65,1673.80,18.81,15.70,0.45,-1,-1,-1
38,-1,3548.58,1790.50,281.88,162.95,0.43,-1,-1,-1
38,-1,3311.65,62.05,11.68,14.17,0.34,-1,-1,-1
38,-1,2287.22,130.05,48.28,47.24,0.31,-1,-1,-1
38,-1,949.42,1422.56,89.95,337.78,0.29,-1,-1,-1
38,-1,3548.74,1789.87,268.46,165.49,0.23,-1,-1,-1
38,-1,1601.66,-0.35,112.60,54.48,0.23,-1,-1,-1
38,-1,2419.83,1368.23,825.45,798.89,0.22,-1,-1,-1
38,-1,2791.69,1224.28,199.28,137.26,0.21,-1,-1,-1
38,-1,2803.49,1354.44,825.80,809.85,0.20,-1,-1,-1
38,-1,2452.51,1348.29,822.36,816.99,0.16,-1,-1,-1
38,-1,949.23,1448.93,84.69,311.81,0.15,-1,-1,-1
38,-1,1400.54,1.58,70.24,199.20,0.14,-1,-1,-1
38,-1,3550.13,1791.47,276.06,160.87,0.14,-1,-1,-1
38,-1,7.45,1.35,809.54,807.87,0.12,-1,-1,-1
38,-1,1684.95,1.35,821.95,809.73,0.12,-1,-1,-1
38,-1,2356.57,1320.28,827.82,846.24,0.11,-1,-1,-1
38,-1,949.29,1424.33,86.82,337.40,0.11,-1,-1,-1
38,-1,3241.80,898.73,27.39,15.04,0.11,-1,-1,-1
38,-1,1748.99,1341.79,822.82,809.49,0.10,-1,-1,-1
38,-1,1942.68,1254.54,824.93,849.87,0.10,-1,-1,-1
38,-1,1749.52,1315.86,823.83,830.02,0.09,-1,-1,-1
38,-1,65.50,1925.95,10.36,9.85,0.09,-1,-1,-1
38,-1,1431.92,2065.52,89.84,92.46,0.08,-1,-1,-1
38,-1,1606.68,2094.14,41.68,64.56,0.08,-1,-1,-1
38,-1,2102.14,1.83,820.72,804.11,0.08,-1,-1,-1
38,-1,1605.84,0.22,97.27,50.02,0.08,-1,-1,-1
38,-1,1683.65,37.56,825.27,851.19,0.07,-1,-1,-1
38,-1,2165.00,390.66,822.76,853.25,0.07,-1,-1,-1
38,-1,3192.61,1642.00,69.77,67.79,0.07,-1,-1,-1
38,-1,3191.98,1643.10,75.72,66.13,0.06,-1,-1,-1
38,-1,1399.15,1.16,71.96,199.01,0.06,-1,-1,-1
38,-1,2101.52,1344.36,823.64,821.17,0.06,-1,-1,-1
38,-1,2287.25,130.09,47.92,47.11,0.06,-1,-1,-1
38,-1,3774.82,607.38,19.82,17.95,0.06,-1,-1,-1
38,-1,2003.64,968.66,826.20,849.52,0.05,-1,-1,-1
38,-1,2915.43,1305.73,76.01,55.20,0.05,-1,-1,-1
38,-1,1621.12,1283.53,824.20,853.65,0.05,-1,-1,-1
38,-1,3146.50,522.26,23.24,23.17,0.05,-1,-1,-1
39,-1,293.10,1493.82,128.39,188.67,0.93,-1,-1,-1
39,-1,1448.60,1536.16,84.98,207.35,0.93,-1,-1,-1
39,-1,3171.27,1214.99,95.07,114.39,0.92,-1,-1,-1
39,-1,2702.80,905.87,231.39,73.25,0.77,-1,-1,-1
39,-1,2807.91,904.18,75.09,77.71,0.72,-1,-1,-1
39,-1,966.90,761.11,113.84,129.77,0.68,-1,-1,-1
39,-1,1604.22,1724.72,51.23,88.26,0.57,-1,-1,-1
39,-1,2702.86,905.71,231.10,73.16,0.46,-1,-1,-1
39,-1,972.81,671.32,113.10,146.44,0.42,-1,-1,-1
39,-1,1302.07,1623.18,202.62,56.93,0.35,-1,-1,-1
39,-1,620.06,1838.48,39.37,32.32,0.26,-1,-1,-1
39,-1,1304.43,1622.20,199.90,57.98,0.23,-1,-1,-1
39,-1,1214.71,1.69,185.95,201.28,0.21,-1,-1,-1
39,-1,3812.96,1674.66,26.58,177.71,0.16,-1,-1,-1
39,-1,1876.41,1318.20,825.14,835.52,0.16,-1,-1,-1
39,-1,84.34,1497.14,336.03,179.19,0.15,-1,-1,-1
39,-1,2740.59,1322.14,824.50,837.66,0.15,-1,-1,-1
39,-1,1973.43,874.08,824.35,846.87,0.14,-1,-1,-1
39,-1,2804.97,1348.28,823.00,814.11,0.13,-1,-1,-1
39,-1,2260.68,969.11,826.12,848.42,0.13,-1,-1,-1
39,-1,975.17,726.65,86.38,75.92,0.12,-1,-1,-1
39,-1,1214.42,1.49,187.99,202.01,0.12,-1,-1,-1
39,-1,1655.56,1348.39,819.83,808.47,0.11,-1,-1,-1
39,-1,3043.82,1292.84,789.50,838.07,0.11,-1,-1,-1
39,-1,1750.36,1345.77,821.97,808.27,0.11,-1,-1,-1
39,-1,1557.48,1322.97,824.05,835.58,0.11,-1,-1,-1
39,-1,2326.44,1289.24,822.94,842.66,0.11,-1,-1,-1
39,-1,620.19,1838.73,38.95,31.87,0.11,-1,-1,-1
39,-1,1941.33,520.79,825.70,848.44,0.10,-1,-1,-1
39,-1,2068.63,1321.49,823.95,833.95,0.09,-1,-1,-1
39,-1,1748.50,1031.31,827.34,850.07,0.09,-1,-1,-1
39,-1,1335.93,71.91,64.81,130.51,0.09,-1,-1,-1
39,-1,1087.72,1750.69,40.00,88.65,0.09,-1,-1,-1
39,-1,2388.12,1348.42,824.23,815.70,0.09,-1,-1,-1
39,-1,2582.42,1368.39,821.00,797.25,0.08,-1,-1,-1
39,-1,2702.41,905.79,233.39,73.36,0.08,-1,-1,-1
39,-1,3039.26,1223.63,794.74,845.97,0.07,-1,-1,-1
39,-1,2164.40,678.88,823.59,849.97,0.07,-1,-1,-1
39,-1,3328.24,295.45,15.29,26.60,0.07,-1,-1,-1
39,-1,1847.13,0.33,820.60,807.12,0.06,-1,-1,-1
39,-1,2195.22,101.02,823.44,846.51,0.06,-1,-1,-1
39,-1,1302.43,1603.97,207.13,78.79,0.06,-1,-1,-1
39,-1,1430.14,1349.68,822.42,813.98,0.06,-1,-1,-1
39,-1,2003.81,8.26,824.17,850.07,0.06,-1,-1,-1
39,-1,902.66,1600.86,42.23,70.25,0.06,-1,-1,-1
39,-1,2515.58,1094.89,825.28,848.72,0.06,-1,-1,-1
39,-1,84.82,1548.47,264.49,98.10,0.05,-1,-1,-1
39,-1,3094.57,302.81,13.63,14.92,0.05,-1,-1,-1
39,-1,3318.40,821.88,27.44,23.20,0.05,-1,-1,-1
40,-1,1072.46,169.76,100.04,198.67,0.93,-1,-1,-1
40,-1,1911.43,450.36,248.86,174.32,0.89,-1,-1,-1
40,-1,1317.10,1418.92,328.45,167.64,0.70,-1,-1,-1
40,-1,3367.03,0.36,160.49,59.41,0.63,-1,-1,-1
40,-1,935.13,83.94,211.86,199.78,0.63,-1,-1,-1
40,-1,2039.41,501.91,50.74,59.58,0.58,-1,-1,-1
40,-1,1316.95,1418.97,329.21,167.56,0.45,-1,-1,-1
40,-1,1510.39,1518.79,59.01,69.01,0.32,-1,-1,-1
40,-1,1428.74,1502.41,214.50,82.70,0.30,-1,-1,-1
40,-1,1909.06,1509.89,21.29,22.34,0.30,-1,-1,-1
40,-1,3774.06,212.28,65.28,80.48,0.27,-1,-1,-1
40,-1,3408.58,-0.08,85.35,42.70,0.24,-1,-1,-1
40,-1,3366.89,0.48,159.92,59.01,0.23,-1,-1,-1
40,-1,2324.86,779.41,825.51,842.98,0.21,-1,-1,-1
40,-1,2742.06,1349.70,822.76,811.06,0.20,-1,-1,-1
40,-1,2005.38,778.14,826.80,845.92,0.19,-1,-1,-1
40,-1,1972.85,1096.94,826.39,846.14,0.18,-1,-1,-1
40,-1,2581.49,1323.04,825.19,836.64,0.18,-1,-1,-1
40,-1,1093.64,225.35,50.83,67.78,0.17,-1,-1,-1
40,-1,2453.36,0.61,825.55,830.45,0.17,-1,-1,-1
40,-1,3772.79,225.88,48.21,37.04,0.17,-1,-1,-1
40,-1,2166.06,556.17,824.42,843.13,0.16,-1,-1,-1
40,-1,3046.66,9.22,786.15,817.93,0.16,-1,-1,-1
40,-1,3024.61,1348.05,803.83,816.87,0.16,-1,-1,-1
40,-1,2900.14,1320.56,824.08,833.58,0.15,-1,-1,-1
40,-1,2293.32,1100.63,824.02,840.64,0.15,-1,-1,-1
40,-1,1782.78,1322.76,823.21,839.42,0.15,-1,-1,-1
40,-1,3047.38,688.01,784.98,835.75,0.15,-1,-1,-1
40,-1,2132.18,1321.42,824.88,834.92,0.15,-1,-1,-1
40,-1,2644.65,999.21,824.92,847.89,0.15,-1,-1,-1
40,-1,1782.57,907.70,823.31,841.70,0.13,-1,-1,-1
40,-1,3368.79,-0.27,158.23,60.23,0.13,-1,-1,-1
40,-1,2741.00,38.85,824.91,849.32,0.13,-1,-1,-1
40,-1,978.75,817.13,18.31,30.32,0.12,-1,-1,-1
40,-1,3772.58,214.89,66.81,79.07,0.12,-1,-1,-1
40,-1,2293.67,201.72,826.22,846.86,0.12,-1,-1,-1
40,-1,2261.70,1349.76,821.39,813.68,0.12,-1,-1,-1
40,-1,3023.51,365.29,806.49,841.12,0.11,-1,-1,-1
40,-1,2048.79,1650.65,9.68,12.44,0.11,-1,-1,-1
40,-1,1911.29,1347.47,821.97,814.02,0.11,-1,-1,-1
40,-1,2515.62,520.64,826.52,847.39,0.10,-1,-1,-1
40,-1,2996.27,999.63,825.22,845.96,0.10,-1,-1,-1
40,-1,2901.58,680.36,823.59,847.00,0.10,-1,-1,-1
40,-1,1110.47,0.26,816.90,798.63,0.10,-1,-1,-1
40,-1,1845.55,553.11,823.66,846.68,0.09,-1,-1,-1
40,-1,2387.19,1503.01,9.03,13.42,0.09,-1,-1,-1
40,-1,532.63,1290.07,825.03,842.79,0.08,-1,-1,-1
40,-1,352.57,1543.68,17.40,14.51,0.08,-1,-1,-1
40,-1,53.08,1320.42,822.50,840.41,0.08,-1,-1,-1
40,-1,2218.34,728.87,49.33,93.55,0.07,-1,-1,-1
40,-1,2071.09,73.05,824.00,845.98,0.07,-1,-1,-1
40,-1,275.83,1191.29,825.83,848.13,0.07,-1,-1,-1
40,-1,3047.02,336.77,785.54,834.16,0.07,-1,-1,-1
40,-1,2613.10,264.97,823.26,845.39,0.07,-1,-1,-1
40,-1,852.88,1316.83,820.46,845.45,0.06,-1,-1,-1
40,-1,1783.12,1372.37,820.58,789.70,0.06,-1,-1,-1
40,-1,2048.95,1650.70,9.40,12.31,0.05,-1,-1,-1
41,-1,1751.45,1528.22,171.14,174.01,0.95,-1,-1,-1
41,-1,1070.33,770.95,164.57,159.39,0.93,-1,-1,-1
41,-1,3329.01,1063.34,227.12,105.00,0.68,-1,-1,-1
41,-1,922.80,785.42,274.24,135.51,0.60,-1,-1,-1
41,-1,1615.68,919.51,98.62,194.79,0.58,-1,-1,-1
41,-1,3329.09,1063.30,225.48,105.19,0.55,-1,-1,-1
41,-1,3329.07,1062.66,224.89,105.33,0.42,-1,-1,-1
41,-1,1615.25,918.70,98.71,195.12,0.40,-1,-1,-1
41,-1,3740.47,1204.29,99.27,54.31,0.35,-1,-1,-1
41,-1,1618.97,1020.08,68.80,89.33,0.29,-1,-1,-1
41,-1,1514.17,907.21,203.29,212.40,0.28,-1,-1,-1
41,-1,576.68,1713.03,9.19,11.63,0.28,-1,-1,-1
41,-1,861.51,1821.62,18.28,31.11,0.28,-1,-1,-1
41,-1,3440.00,1060.49,88.02,77.90,0.22,-1,-1,-1
41,-1,3046.29,1355.92,786.00,809.93,0.18,-1,-1,-1
41,-1,2421.07,1287.20,825.78,846.93,0.18,-1,-1,-1
41,-1,1077.96,806.06,106.06,66.08,0.18,-1,-1,-1
41,-1,1690.97,1515.16,176.14,172.05,0.18,-1,-1,-1
41,-1,2420.01,1346.85,825.99,814.86,0.18,-1,-1,-1
41,-1,2773.33,1321.24,824.80,844.88,0.17,-1,-1,-1
41,-1,1600.04,983.32,59.97,93.59,0.16,-1,-1,-1
41,-1,2100.87,1322.87,824.73,830.03,0.16,-1,-1,-1
41,-1,2549.08,808.62,825.95,848.16,0.15,-1,-1,-1
41,-1,975.94,795.11,211.42,120.56,0.14,-1,-1,-1
41,-1,2357.80,1000.45,824.52,848.42,0.13,-1,-1,-1
41,-1,3572.51,174.11,16.85,13.74,0.12,-1,-1,-1
41,-1,3746.70,1221.22,22.37,22.33,0.12,-1,-1,-1
41,-1,2454.19,552.58,824.39,847.81,0.12,-1,-1,-1
41,-1,2388.12,1346.48,826.70,814.31,0.11,-1,-1,-1
41,-1,3739.51,1209.20,52.70,49.61,0.11,-1,-1,-1
41,-1,2995.96,1065.07,825.12,850.09,0.10,-1,-1,-1
41,-1,2069.73,1349.41,821.62,808.08,0.10,-1,-1,-1
41,-1,447.61,1493.65,15.95,14.51,0.10,-1,-1,-1
41,-1,2346.34,529.75,9.67,12.84,0.10,-1,-1,-1
41,-1,2933.33,1347.56,822.18,816.48,0.10,-1,-1,-1
41,-1,1606.68,973.88,44.25,70.16,0.09,-1,-1,-1
41,-1,2293.62,36.15,822.45,854.28,0.09,-1,-1,-1
41,-1,2612.86,1096.10,824.07,846.49,0.08,-1,-1,-1
41,-1,2133.53,807.74,823.70,849.46,0.08,-1,-1,-1
41,-1,70.05,1852.48,12.19,15.24,0.08,-1,-1,-1
41,-1,2964.19,4.00,821.40,825.02,0.07,-1,-1,-1
41,-1,1041.49,-0.57,826.11,808.33,0.07,-1,-1,-1
41,-1,2261.12,358.25,823.87,851.92,0.07,-1,-1,-1
41,-1,3228.58,221.39,57.14,45.96,0.07,-1,-1,-1
41,-1,1071.00,864.87,85.61,64.23,0.07,-1,-1,-1
41,-1,476.57,1453.38,14.95,22.61,0.07,-1,-1,-1
41,-1,3739.97,1117.70,98.95,474.28,0.07,-1,-1,-1
41,-1,1604.06,1015.21,51.44,33.91,0.07,-1,-1,-1
41,-1,3740.21,1212.91,51.15,46.04,0.06,-1,-1,-1
41,-1,968.33,1704.84,26.85,16.87,0.06,-1,-1,-1
41,-1,1.69,5.90,792.94,824.24,0.06,-1,-1,-1
41,-1,2644.23,358.99,824.23,848.84,0.06,-1,-1,-1
41,-1,2422.51,-0.93,818.80,813.28,0.06,-1,-1,-1
41,-1,1820.54,1596.71,38.57,49.09,0.06,-1,-1,-1
41,-1,1614.49,974.11,27.17,49.54,0.05,-1,-1,-1
41,-1,2801.88,900.42,825.73,855.09,0.05,-1,-1,-1
41,-1,1123.94,821.42,62.55,49.61,0.05,-1,-1,-1
41,-1,3740.28,1212.78,50.54,45.66,0.05,-1,-1,-1
42,-1,2546.16,1519.09,156.40,300.62,0.88,-1,-1,-1
42,-1,0.32,666.52,283.35,103.97,0.81,-1,-1,-1
42,-1,2815.01,1119.13,221.67,288.51,0.78,-1,-1,-1
42,-1,3339.03,319.51,68.06,71.64,0.77,-1,-1,-1
42,-1,1339.96,761.07,170.84,144.31,0.75,-1,-1,-1
42,-1,1340.09,761.30,171.30,144.38,0.74,-1,-1,-1
42,-1,2951.69,678.63,19.30,23.97,0.72,-1,-1,-1
42,-1,2693.86,1515.73,153.75,179.37,0.70,-1,-1,-1
42,-1,2344.17,975.68,220.93,337.45,0.59,-1,-1,-1
42,-1,2344.26,1198.64,203.85,114.78,0.55,-1,-1,-1
42,-1,2343.64,975.85,220.49,338.63,0.52,-1,-1,-1
42,-1,63.78,669.94,90.01,68.80,0.48,-1,-1,-1
42,-1,1393.62,815.60,55.63,44.78,0.45,-1,-1,-1
42,-1,2694.34,1443.61,275.59,253.48,0.44,-1,-1,-1
42,-1,2389.15,1196.79,159.50,104.66,0.44,-1,-1,-1
42,-1,1146.48,737.42,305.38,117.78,0.35,-1,-1,-1
42,-1,3247.53,1573.40,29.22,58.13,0.32,-1,-1,-1
42,-1,2698.54,1443.65,272.27,228.27,0.27,-1,-1,-1
42,-1,2595.28,1680.17,73.48,147.35,0.22,-1,-1,-1
42,-1,2825.44,1569.18,42.06,48.81,0.19,-1,-1,-1
42,-1,3002.49,1898.52,62.61,50.16,0.15,-1,-1,-1
42,-1,2693.35,1516.50,77.55,96.34,0.14,-1,-1,-1
42,-1,2740.34,1584.88,107.11,110.99,0.13,-1,-1,-1
42,-1,2351.25,1137.15,53.27,33.67,0.13,-1,-1,-1
42,-1,2914.29,663.72,55.03,38.35,0.11,-1,-1,-1
42,-1,3621.73,708.43,35.35,23.49,0.10,-1,-1,-1
42,-1,2798.58,1337.90,829.15,834.82,0.09,-1,-1,-1
42,-1,2388.95,1196.84,159.10,106.75,0.09,-1,-1,-1
42,-1,3001.10,1898.63,64.22,52.44,0.09,-1,-1,-1
42,-1,21.05,1.58,821.55,803.78,0.08,-1,-1,-1
42,-1,1814.44,1.33,820.78,801.65,0.08,-1,-1,-1
42,-1,3346.46,837.99,23.35,14.63,0.08,-1,-1,-1
42,-1,1020.48,1752.50,10.55,12.59,0.08,-1,-1,-1
42,-1,2863.91,1267.76,55.58,64.76,0.08,-1,-1,-1
42,-1,2577.56,1760.61,43.19,41.40,0.08,-1,-1,-1
42,-1,1858.83,1482.97,9.31,14.27,0.08,-1,-1,-1
42,-1,3239.88,1724.20,23.76,24.62,0.07,-1,-1,-1
42,-1,2577.73,1760.80,42.21,41.16,0.07,-1,-1,-1
42,-1,1117.04,1941.49,13.04,10.12,0.07,-1,-1,-1
42,-1,1427.32,227.79,825.53,848.35,0.07,-1,-1,-1
42,-1,2913.64,664.22,55.62,37.83,0.07,-1,-1,-1
42,-1,3412.52,1241.82,21.12,13.79,0.07,-1,-1,-1
42,-1,1945.42,1285.55,9.85,13.63,0.06,-1,-1,-1
42,-1,1718.03,1286.95,822.55,850.45,0.06,-1,-1,-1
42,-1,3320.32,1636.99,36.29,13.79,0.06,-1,-1,-1
42,-1,3694.72,1320.83,16.74,13.56,0.06,-1,-1,-1
42,-1,1653.55,1366.83,822.66,801.81,0.06,-1,-1,-1
42,-1,1493.59,517.24,823.20,852.76,0.06,-1,-1,-1
42,-1,2708.42,1363.99,823.26,807.94,0.06,-1,-1,-1
42,-1,1098.88,1675.49,10.78,10.76,0.05,-1,-1,-1
42,-1,1523.70,836.20,825.17,851.85,0.05,-1,-1,-1
42,-1,3622.77,397.88,26.39,14.12,0.05,-1,-1,-1
42,-1,1945.74,1285.44,9.66,13.80,0.05,-1,-1,-1
43,-1,2918.26,1287.85,155.97,179.77,0.95,-1,-1,-1
43,-1,2322.78,520.22,259.10,282.23,0.93,-1,-1,-1
43,-1,945.28,1134.00,100.50,160.98,0.92,-1,-1,-1
43,-1,2458.93,484.96,241.46,66.29,0.91,-1,-1,-1
43,-1,3185.59,1325.99,146.45,202.72,0.88,-1,-1,-1
43,-1,2769.73,1178.48,35.95,44.00,0.84,-1,-1,-1
43,-1,2659.61,965.18,251.73,248.23,0.79,-1,-1,-1
43,-1,710.44,1089.71,274.71,144.16,0.73,-1,-1,-1
43,-1,2418.53,1011.36,200.92,424.81,0.72,-1,-1,-1
43,-1,2469.07,1294.71,148.78,142.57,0.49,-1,-1,-1
43,-1,952.99,1229.57,77.26,42.33,0.46,-1,-1,-1
43,-1,3095.33,2003.74,72.51,44.05,0.44,-1,-1,-1
43,-1,3089.20,1994.22,255.92,82.53,0.21,-1,-1,-1
43,-1,442.14,1873.45,16.90,12.38,0.20,-1,-1,-1
43,-1,2596.58,490.78,47.16,73.63,0.18,-1,-1,-1
43,-1,1833.70,1931.84,26.95,63.64,0.17,-1,-1,-1
43,-1,1390.52,1984.80,10.69,13.64,0.16,-1,-1,-1
43,-1,630.00,1289.54,825.75,842.23,0.16,-1,-1,-1
43,-1,2581.49,1431.68,86.35,55.81,0.15,-1,-1,-1
43,-1,1044.60,1321.16,824.71,842.45,0.15,-1,-1,-1
43,-1,3037.15,1235.77,82.88,68.58,0.14,-1,-1,-1
43,-1,2699.16,1129.23,211.38,82.34,0.14,-1,-1,-1
43,-1,949.32,1347.76,821.57,815.31,0.14,-1,-1,-1
43,-1,949.84,10.61,821.65,842.99,0.14,-1,-1,-1
43,-1,1365.88,1257.80,823.90,842.84,0.13,-1,-1,-1
43,-1,1332.40,1320.69,823.50,825.53,0.12,-1,-1,-1
43,-1,2932.27,1347.42,823.63,818.26,0.12,-1,-1,-1
43,-1,598.17,1345.45,822.41,811.37,0.11,-1,-1,-1
43,-1,628.66,41.10,823.15,846.49,0.11,-1,-1,-1
43,-1,375.59,4.18,817.72,801.49,0.11,-1,-1,-1
43,-1,629.73,1320.75,824.89,829.77,0.10,-1,-1,-1
43,-1,1172.59,169.62,823.84,843.26,0.09,-1,-1,-1
43,-1,1390.10,-1.03,839.87,837.55,0.09,-1,-1,-1
43,-1,1115.18,620.02,105.30,106.88,0.09,-1,-1,-1
43,-1,214.58,2.30,822.79,826.58,0.09,-1,-1,-1
43,-1,3124.71,2009.57,41.65,37.29,0.08,-1,-1,-1
43,-1,2964.20,1319.55,826.69,845.61,0.08,-1,-1,-1
43,-1,1168.89,2117.46,26.58,17.77,0.07,-1,-1,-1
43,-1,1013.19,455.66,823.82,849.62,0.07,-1,-1,-1
43,-1,1394.27,899.17,826.78,853.96,0.07,-1,-1,-1
43,-1,946.22,1063.38,825.97,849.31,0.07,-1,-1,-1
43,-1,1114.97,625.40,104.60,102.61,0.07,-1,-1,-1
43,-1,1116.48,640.39,76.21,85.11,0.07,-1,-1,-1
43,-1,3124.28,2008.33,42.95,38.63,0.07,-1,-1,-1
43,-1,3185.53,1326.21,146.48,203.20,0.06,-1,-1,-1
43,-1,714.32,1088.83,275.19,145.79,0.06,-1,-1,-1
43,-1,1650.25,1320.11,826.77,840.57,0.06,-1,-1,-1
43,-1,2994.84,1365.02,826.26,801.24,0.06,-1,-1,-1
43,-1,1138.42,804.50,825.86,854.56,0.06,-1,-1,-1
43,-1,511.96,1951.44,10.60,11.71,0.06,-1,-1,-1
43,-1,2175.96,68.03,46.73,40.57,0.06,-1,-1,-1
43,-1,1525.61,0.26,817.63,782.55,0.06,-1,-1,-1
43,-1,1831.44,1932.13,51.21,69.50,0.06,-1,-1,-1
43,-1,2099.21,28.55,124.31,79.68,0.06,-1,-1,-1
43,-1,3045.97,1236.37,71.72,67.78,0.06,-1,-1,-1
43,-1,2974.91,45.98,30.69,17.34,0.06,-1,-1,-1
43,-1,530.75,294.83,826.54,847.13,0.06,-1,-1,-1
43,-1,353.28,1856.11,24.50,12.11,0.05,-1,-1,-1
43,-1,3070.43,190.97,12.07,11.66,0.05,-1,-1,-1
44,-1,1738.09,1889.73,275.03,264.92,0.89,-1,-1,-1
44,-1,1897.29,1863.42,231.04,85.37,0.88,-1,-1,-1
44,-1,1835.38,1401.32,21.29,33.37,0.59,-1,-1,-1
44,-1,2822.03,1066.39,18.80,17.38,0.43,-1,-1,-1
44,-1,3042.74,2.78,794.13,796.45,0.33,-1,-1,-1
44,-1,3059.48,0.39,777.88,771.03,0.24,-1,-1,-1
44,-1,2685.39,1248.73,29.56,20.76,0.21,-1,-1,-1
44,-1,3082.20,794.21,62.48,66.43,0.18,-1,-1,-1
44,-1,2854.02,1825.66,35.77,20.58,0.17,-1,-1,-1
44,-1,2605.42,852.44,14.68,22.70,0.17,-1,-1,-1
44,-1,3176.19,1441.17,13.32,10.72,0.16,-1,-1,-1
44,-1,3032.30,1551.20,31.78,19.16,0.14,-1,-1,-1
44,-1,1358.79,1433.67,63.81,41.66,0.14,-1,-1,-1
44,-1,2931.68,4.93,823.97,592.47,0.14,-1,-1,-1
44,-1,2779.39,1672.98,32.66,37.33,0.14,-1,-1,-1
44,-1,2962.26,3.98,825.04,602.35,0.11,-1,-1,-1
44,-1,1836.90,1421.53,22.26,13.93,0.11,-1,-1,-1
44,-1,3042.06,1859.76,15.01,19.85,0.10,-1,-1,-1
44,-1,1359.02,1433.27,125.72,81.33,0.10,-1,-1,-1
44,-1,3102.17,1874.27,59.16,52.15,0.10,-1,-1,-1
44,-1,0.24,-0.02,17.01,9.21,0.10,-1,-1,-1
44,-1,3038.25,1416.40,25.38,18.06,0.09,-1,-1,-1
44,-1,3104.29,1899.83,21.61,17.54,0.09,-1,-1,-1
44,-1,2768.70,6.40,826.18,573.27,0.09,-1,-1,-1
44,-1,2919.78,1697.67,31.51,22.11,0.09,-1,-1,-1
44,-1,3024.71,1968.27,32.34,17.52,0.09,-1,-1,-1
44,-1,20.93,1319.98,822.49,844.38,0.09,-1,-1,-1
44,-1,2.84,492.50,791.83,839.92,0.09,-1,-1,-1
44,-1,242.81,1095.25,827.15,850.97,0.08,-1,-1,-1
44,-1,2210.77,1326.63,18.16,10.97,0.08,-1,-1,-1
44,-1,2923.39,1868.99,18.35,17.47,0.07,-1,-1,-1
44,-1,3594.46,1544.89,12.98,14.63,0.07,-1,-1,-1
44,-1,1.41,1290.34,797.18,842.56,0.07,-1,-1,-1
44,-1,820.00,1285.45,824.35,850.19,0.07,-1,-1,-1
44,-1,1585.37,1487.92,24.88,26.57,0.06,-1,-1,-1
44,-1,2882.27,1869.30,59.03,33.24,0.06,-1,-1,-1
44,-1,1754.31,1436.19,44.90,36.31,0.06,-1,-1,-1
44,-1,2950.46,1678.26,23.66,12.91,0.06,-1,-1,-1
44,-1,1897.23,1861.61,229.26,87.32,0.06,-1,-1,-1
44,-1,501.61,937.19,822.61,846.43,0.06,-1,-1,-1
44,-1,2481.53,800.15,17.32,22.55,0.06,-1,-1,-1
44,-1,3182.23,1981.75,18.86,13.52,0.06,-1,-1,-1
44,-1,2341.63,1176.02,22.69,17.44,0.06,-1,-1,-1
44,-1,3173.14,1829.89,24.79,12.21,0.06,-1,-1,-1
44,-1,3107.40,2004.17,12.31,14.41,0.06,-1,-1,-1
44,-1,1011.85,902.25,825.77,848.95,0.06,-1,-1,-1
44,-1,3143.85,1853.60,21.92,13.09,0.06,-1,-1,-1
44,-1,785.68,744.36,828.94,850.04,0.05,-1,-1,-1
44,-1,1233.99,615.70,824.10,847.70,0.05,-1,-1,-1
44,-1,2877.04,1567.19,15.59,14.54,0.05,-1,-1,-1
44,-1,2355.58,1348.54,824.38,820.19,0.05,-1,-1,-1
44,-1,2991.35,1677.44,17.11,25.41,0.05,-1,-1,-1
44,-1,3132.47,1882.81,26.63,27.04,0.05,-1,-1,-1
44,-1,2676.56,1.89,822.29,420.70,0.05,-1,-1,-1
44,-1,2739.62,2.02,819.87,551.45,0.05,-1,-1,-1
44,-1,422.65,258.40,263.98,208.23,0.05,-1,-1,-1
45,-1,1754.87,1848.86,397.56,284.87,0.92,-1,-1,-1
45,-1,1713.12,882.35,37.56,35.28,0.52,-1,-1,-1
45,-1,3042.55,3.15,793.53,795.56,0.29,-1,-1,-1
45,-1,1838.26,1402.95,16.83,21.44,0.28,-1,-1,-1
45,-1,1713.04,902.62,35.90,23.11,0.24,-1,-1,-1
45,-1,2999.42,4.23,819.25,651.58,0.21,-1,-1,-1
45,-1,1925.41,1849.15,225.36,85.34,0.20,-1,-1,-1
45,-1,3407.29,1577.43,13.05,19.57,0.20,-1,-1,-1
45,-1,2475.43,804.73,13.86,23.06,0.20,-1,-1,-1
45,-1,3058.25,2.32,779.40,795.04,0.18,-1,-1,-1
45,-1,1925.66,1849.56,226.03,84.67,0.17,-1,-1,-1
45,-1,2563.28,1268.32,26.30,37.85,0.13,-1,-1,-1
45,-1,994.18,1311.07,59.79,23.82,0.13,-1,-1,-1
45,-1,2640.14,1209.36,11.30,16.61,0.12,-1,-1,-1
45,-1,693.03,1349.48,821.88,816.83,0.11,-1,-1,-1
45,-1,2771.77,1.22,821.87,745.90,0.10,-1,-1,-1
45,-1,3078.09,1886.71,56.71,27.46,0.10,-1,-1,-1
45,-1,2448.92,904.28,14.75,26.75,0.10,-1,-1,-1
45,-1,2205.54,1320.16,17.87,13.01,0.10,-1,-1,-1
45,-1,3405.37,1575.44,15.68,22.03,0.10,-1,-1,-1
45,-1,2308.19,1113.93,11.26,11.54,0.10,-1,-1,-1
45,-1,2452.05,2.34,820.41,750.87,0.09,-1,-1,-1
45,-1,2324.29,3.90,819.34,757.13,0.09,-1,-1,-1
45,-1,754.44,1159.08,825.25,848.68,0.09,-1,-1,-1
45,-1,2475.80,804.56,13.13,22.78,0.09,-1,-1,-1
45,-1,19.95,1321.19,826.50,842.78,0.09,-1,-1,-1
45,-1,3151.36,1437.03,17.26,10.71,0.08,-1,-1,-1
45,-1,2593.91,860.85,14.57,15.91,0.07,-1,-1,-1
45,-1,1068.07,1695.36,65.54,56.89,0.07,-1,-1,-1
45,-1,1.07,1256.76,798.36,843.36,0.07,-1,-1,-1
45,-1,1832.26,1547.80,14.91,11.89,0.07,-1,-1,-1
45,-1,372.16,1287.58,823.45,849.11,0.07,-1,-1,-1
45,-1,863.33,1319.56,33.41,27.97,0.06,-1,-1,-1
45,-1,1442.17,1459.75,47.28,43.17,0.06,-1,-1,-1
45,-1,948.37,934.91,823.77,847.63,0.06,-1,-1,-1
45,-1,1021.83,1228.57,24.36,15.03,0.06,-1,-1,-1
45,-1,3.00,493.04,792.43,839.56,0.06,-1,-1,-1
45,-1,863.08,1319.87,33.68,28.59,0.06,-1,-1,-1
45,-1,2353.21,695.27,15.65,10.18,0.06,-1,-1,-1
45,-1,3631.09,1211.16,77.99,93.53,0.06,-1,-1,-1
45,-1,1783.00,1429.13,15.74,14.09,0.06,-1,-1,-1
45,-1,2242.50,839.14,20.48,12.68,0.06,-1,-1,-1
45,-1,3018.07,1417.82,21.40,12.77,0.05,-1,-1,-1
45,-1,1.25,1096.62,796.20,846.21,0.05,-1,-1,-1
45,-1,1719.83,1425.97,20.30,10.89,0.05,-1,-1,-1
45,-1,3077.78,1.30,736.64,244.51,0.05,-1,-1,-1
45,-1,1364.06,1418.23,125.37,85.87,0.05,-1,-1,-1
45,-1,908.77,1182.31,20.48,24.24,0.05,-1,-1,-1
45,-1,1903.20,1562.55,10.61,10.76,0.05,-1,-1,-1
45,-1,1724.69,902.57,22.33,14.50,0.05,-1,-1,-1
45,-1,2670.94,1242.89,29.04,27.98,0.05,-1,-1,-1
46,-1,1784.94,1787.28,378.13,250.16,0.91,-1,-1,-1
46,-1,1.43,0.36,369.38,161.33,0.47,-1,-1,-1
46,-1,1823.71,1368.72,21.80,26.83,0.34,-1,-1,-1
46,-1,3044.36,6.99,790.80,821.01,0.32,-1,-1,-1
46,-1,3530.03,1219.34,25.48,20.36,0.32,-1,-1,-1
46,-1,2902.46,2.16,822.34,790.56,0.21,-1,-1,-1
46,-1,2964.26,2.68,821.34,765.16,0.17,-1,-1,-1
46,-1,3445.51,1918.35,12.88,14.22,0.15,-1,-1,-1
46,-1,3666.13,1444.93,31.06,69.57,0.14,-1,-1,-1
46,-1,3633.89,1079.40,52.46,50.03,0.14,-1,-1,-1
46,-1,3212.03,1882.99,26.11,15.62,0.13,-1,-1,-1
46,-1,3329.17,1365.39,91.61,33.94,0.13,-1,-1,-1
46,-1,1823.65,1368.93,21.91,27.16,0.12,-1,-1,-1
46,-1,2168.19,1303.87,19.80,13.87,0.10,-1,-1,-1
46,-1,491.40,1911.05,91.87,82.17,0.10,-1,-1,-1
46,-1,2168.02,1303.96,20.16,14.07,0.10,-1,-1,-1
46,-1,1043.48,1033.01,824.67,846.58,0.10,-1,-1,-1
46,-1,2914.82,1.43,746.16,307.25,0.09,-1,-1,-1
46,-1,1471.81,1426.49,32.88,33.32,0.08,-1,-1,-1
46,-1,3511.62,1219.68,44.25,25.53,0.08,-1,-1,-1
46,-1,1683.65,1435.44,21.72,16.02,0.08,-1,-1,-1
46,-1,2421.82,830.97,14.17,22.37,0.08,-1,-1,-1
46,-1,1497.31,1052.05,64.06,54.00,0.08,-1,-1,-1
46,-1,212.13,1222.04,824.63,850.57,0.07,-1,-1,-1
46,-1,274.69,1284.61,825.53,849.05,0.07,-1,-1,-1
46,-1,2810.91,1.91,819.99,719.16,0.07,-1,-1,-1
46,-1,2642.33,6.90,822.85,792.35,0.07,-1,-1,-1
46,-1,1153.32,1234.18,23.26,25.48,0.07,-1,-1,-1
46,-1,3563.52,1920.98,19.14,23.98,0.07,-1,-1,-1
46,-1,1364.22,329.75,825.59,844.32,0.06,-1,-1,-1
46,-1,2902.30,1.51,816.42,314.19,0.06,-1,-1,-1
46,-1,1716.75,1396.40,16.22,13.20,0.06,-1,-1,-1
46,-1,2580.56,4.66,823.13,800.48,0.06,-1,-1,-1
46,-1,3060.95,2.15,777.39,774.01,0.06,-1,-1,-1
46,-1,2.56,684.74,794.81,833.81,0.06,-1,-1,-1
46,-1,2725.04,1076.08,17.17,16.11,0.05,-1,-1,-1
46,-1,787.01,743.80,827.60,849.51,0.05,-1,-1,-1
46,-1,2357.62,136.67,822.30,844.81,0.05,-1,-1,-1
47,-1,2974.92,0.22,113.18,55.77,0.89,-1,-1,-1
47,-1,1800.07,1743.02,354.22,224.12,0.74,-1,-1,-1
47,-1,2844.25,1.84,816.78,758.07,0.42,-1,-1,-1
47,-1,2839.96,0.86,821.58,792.94,0.41,-1,-1,-1
47,-1,2981.48,7.48,111.89,161.50,0.30,-1,-1,-1
47,-1,3362.70,1417.11,27.36,31.33,0.28,-1,-1,-1
47,-1,3423.17,1878.12,14.84,19.36,0.28,-1,-1,-1
47,-1,3256.78,1360.77,39.84,52.36,0.24,-1,-1,-1
47,-1,404.15,111.69,29.20,20.58,0.22,-1,-1,-1
47,-1,3499.58,1107.14,40.46,40.20,0.18,-1,-1,-1
47,-1,3023.65,139.20,807.62,841.94,0.18,-1,-1,-1
47,-1,1823.10,1354.15,14.59,23.54,0.16,-1,-1,-1
47,-1,3232.16,1359.75,65.15,54.14,0.15,-1,-1,-1
47,-1,2137.63,1287.12,19.57,20.63,0.15,-1,-1,-1
47,-1,2991.66,32.57,93.65,64.11,0.14,-1,-1,-1
47,-1,3207.41,1363.08,23.73,24.11,0.13,-1,-1,-1
47,-1,3.84,653.60,792.46,828.56,0.11,-1,-1,-1
47,-1,2357.01,945.64,11.02,18.61,0.11,-1,-1,-1
47,-1,3532.15,1479.60,19.03,22.93,0.10,-1,-1,-1
47,-1,3326.90,1226.78,94.06,85.90,0.10,-1,-1,-1
47,-1,2419.41,315.29,823.74,822.43,0.10,-1,-1,-1
47,-1,2805.60,1844.65,30.76,21.29,0.10,-1,-1,-1
47,-1,3099.19,1832.01,23.85,21.99,0.10,-1,-1,-1
47,-1,2533.31,1236.55,24.41,21.09,0.10,-1,-1,-1
47,-1,3258.50,1360.52,37.41,32.96,0.09,-1,-1,-1
47,-1,588.48,1844.63,58.21,80.23,0.09,-1,-1,-1
47,-1,3294.19,1295.95,27.44,22.19,0.09,-1,-1,-1
47,-1,1798.87,1745.57,283.36,222.96,0.09,-1,-1,-1
47,-1,2574.77,4.03,833.99,599.99,0.09,-1,-1,-1
47,-1,3038.06,361.70,798.52,842.50,0.08,-1,-1,-1
47,-1,669.03,377.87,215.11,179.04,0.07,-1,-1,-1
47,-1,211.92,1127.41,824.00,846.82,0.07,-1,-1,-1
47,-1,1975.98,1745.04,178.35,101.82,0.07,-1,-1,-1
47,-1,1799.35,1755.94,279.79,211.60,0.07,-1,-1,-1
47,-1,2672.93,0.76,826.53,763.16,0.07,-1,-1,-1
47,-1,2389.90,5.36,821.47,836.24,0.06,-1,-1,-1
47,-1,276.88,1317.91,822.33,837.91,0.06,-1,-1,-1
47,-1,3044.42,6.77,49.52,79.88,0.06,-1,-1,-1
47,-1,2357.45,945.14,10.58,18.91,0.06,-1,-1,-1
47,-1,2513.98,328.42,824.35,845.49,0.06,-1,-1,-1
47,-1,435.51,1286.67,825.32,846.13,0.06,-1,-1,-1
47,-1,2450.45,328.87,826.39,846.37,0.06,-1,-1,-1
47,-1,562.84,1341.93,824.20,824.45,0.06,-1,-1,-1
47,-1,2175.08,887.81,18.85,10.20,0.05,-1,-1,-1
47,-1,754.88,1316.71,824.55,850.31,0.05,-1,-1,-1
47,-1,2824.28,1501.09,22.83,11.30,0.05,-1,-1,-1
47,-1,0.30,48.06,223.43,230.88,0.05,-1,-1,-1
48,-1,2172.44,2051.43,94.12,106.75,0.94,-1,-1,-1
48,-1,749.69,52.99,466.99,228.05,0.93,-1,-1,-1
48,-1,3648.36,1172.65,122.64,63.31,0.90,-1,-1,-1
48,-1,3658.28,1122.78,76.94,47.16,0.80,-1,-1,-1
48,-1,1232.44,0.39,128.86,46.10,0.78,-1,-1,-1
48,-1,201.13,311.56,424.71,248.03,0.76,-1,-1,-1
48,-1,2246.85,2023.86,28.62,43.63,0.76,-1,-1,-1
48,-1,2284.16,29.16,32.08,55.83,0.69,-1,-1,-1
48,-1,1892.91,2012.79,130.84,62.61,0.66,-1,-1,-1
48,-1,1893.66,1591.35,257.90,164.22,0.57,-1,-1,-1
48,-1,2688.50,1597.58,47.08,29.76,0.56,-1,-1,-1
48,-1,2493.83,5.14,36.78,32.12,0.55,-1,-1,-1
48,-1,3705.44,993.09,16.65,17.29,0.47,-1,-1,-1
48,-1,3535.01,1159.23,87.83,51.88,0.46,-1,-1,-1
48,-1,1893.82,1591.94,267.91,164.03,0.44,-1,-1,-1
48,-1,2155.94,145.62,80.09,56.02,0.43,-1,-1,-1
48,-1,3656.45,424.00,68.20,34.71,0.43,-1,-1,-1
48,-1,3558.90,982.11,15.66,17.71,0.43,-1,-1,-1
48,-1,2207.61,88.32,24.85,43.68,0.42,-1,-1,-1
48,-1,1864.75,1916.53,160.74,161.40,0.41,-1,-1,-1
48,-1,2240.12,99.04,39.04,46.39,0.37,-1,-1,-1
48,-1,3674.96,1023.96,40.70,53.10,0.28,-1,-1,-1
48,-1,490.89,1995.42,12.20,10.05,0.27,-1,-1,-1
48,-1,1271.83,0.12,211.03,102.08,0.27,-1,-1,-1
48,-1,3087.45,491.83,148.68,219.00,0.25,-1,-1,-1
48,-1,3656.08,424.09,68.55,34.08,0.24,-1,-1,-1
48,-1,2165.65,1149.00,15.70,15.80,0.21,-1,-1,-1
48,-1,3511.22,1014.90,25.18,34.33,0.21,-1,-1,-1
48,-1,3461.52,668.21,11.75,13.68,0.20,-1,-1,-1
48,-1,3655.94,423.46,179.99,90.52,0.20,-1,-1,-1
48,-1,1637.88,0.05,76.28,25.93,0.19,-1,-1,-1
48,-1,2219.45,99.08,26.69,33.08,0.18,-1,-1,-1
48,-1,3037.30,685.88,798.16,836.99,0.18,-1,-1,-1
48,-1,3713.07,324.66,126.23,78.15,0.17,-1,-1,-1
48,-1,3592.44,763.41,20.39,20.15,0.16,-1,-1,-1
48,-1,3713.67,324.35,65.74,39.39,0.16,-1,-1,-1
48,-1,1940.10,2054.61,21.01,24.88,0.16,-1,-1,-1
48,-1,3180.11,491.09,40.78,44.97,0.16,-1,-1,-1
48,-1,2589.34,4.92,817.74,820.32,0.16,-1,-1,-1
48,-1,2606.13,1599.03,23.83,12.33,0.16,-1,-1,-1
48,-1,3714.45,324.51,64.75,39.49,0.15,-1,-1,-1
48,-1,3529.32,624.18,15.01,13.02,0.15,-1,-1,-1
48,-1,1904.76,198.69,31.15,37.47,0.14,-1,-1,-1
48,-1,3372.06,730.49,18.94,18.24,0.13,-1,-1,-1
48,-1,435.62,1191.44,824.14,844.36,0.13,-1,-1,-1
48,-1,475.09,1996.18,9.21,9.73,0.13,-1,-1,-1
48,-1,2035.32,1592.10,130.17,83.79,0.13,-1,-1,-1
48,-1,3569.89,1111.54,12.73,10.26,0.13,-1,-1,-1
48,-1,2318.83,1223.81,14.12,24.80,0.12,-1,-1,-1
48,-1,2585.33,41.55,822.79,830.22,0.12,-1,-1,-1
48,-1,276.73,615.91,821.42,835.87,0.12,-1,-1,-1
48,-1,3485.30,665.62,13.81,11.93,0.12,-1,-1,-1
48,-1,1684.41,13.56,821.85,792.90,0.12,-1,-1,-1
48,-1,3393.12,515.32,25.68,22.42,0.12,-1,-1,-1
48,-1,3446.73,1588.27,13.43,11.40,0.11,-1,-1,-1
48,-1,3134.12,643.64,84.92,70.38,0.11,-1,-1,-1
48,-1,3394.45,517.50,21.00,17.87,0.10,-1,-1,-1
48,-1,2035.29,1592.44,130.23,83.54,0.10,-1,-1,-1
48,-1,2362.11,1184.64,15.30,16.25,0.10,-1,-1,-1
48,-1,436.92,1161.55,821.62,840.50,0.10,-1,-1,-1
48,-1,2.25,283.69,739.12,545.19,0.09,-1,-1,-1
48,-1,3371.28,552.39,23.01,33.44,0.09,-1,-1,-1
48,-1,0.46,781.46,794.99,833.32,0.09,-1,-1,-1
48,-1,2208.28,99.90,44.85,54.37,0.08,-1,-1,-1
48,-1,3510.98,688.46,13.17,9.14,0.08,-1,-1,-1
48,-1,114.89,633.52,31.01,55.81,0.08,-1,-1,-1
48,-1,1182.28,508.96,108.46,90.77,0.08,-1,-1,-1
48,-1,2.50,273.19,748.73,654.72,0.08,-1,-1,-1
48,-1,154.88,131.60,815.41,564.05,0.08,-1,-1,-1
48,-1,2054.21,1128.46,19.97,12.52,0.08,-1,-1,-1
48,-1,2384.28,1208.06,20.94,12.28,0.08,-1,-1,-1
48,-1,3131.02,1349.93,27.90,56.96,0.08,-1,-1,-1
48,-1,3085.64,610.42,95.82,100.36,0.08,-1,-1,-1
48,-1,1785.52,147.49,332.11,201.21,0.08,-1,-1,-1
48,-1,3153.41,796.99,14.94,13.54,0.08,-1,-1,-1
48,-1,817.93,133.97,60.10,99.45,0.07,-1,-1,-1
48,-1,8.46,722.32,806.42,517.51,0.07,-1,-1,-1
48,-1,1841.34,1290.46,13.07,24.52,0.07,-1,-1,-1
48,-1,2223.26,142.12,805.50,825.76,0.07,-1,-1,-1
48,-1,2.91,756.84,790.59,489.64,0.06,-1,-1,-1
48,-1,3567.19,763.48,45.48,35.16,0.06,-1,-1,-1
48,-1,2203.62,67.11,178.52,94.25,0.06,-1,-1,-1
48,-1,3517.01,1014.43,18.82,16.54,0.06,-1,-1,-1
48,-1,1783.94,148.24,335.42,200.44,0.06,-1,-1,-1
48,-1,3063.97,936.20,773.18,841.46,0.05,-1,-1,-1
48,-1,113.97,1188.06,826.73,851.18,0.05,-1,-1,-1
49,-1,2167.73,1968.27,104.06,97.07,0.92,-1,-1,-1
49,-1,827.58,122.76,436.38,211.46,0.88,-1,-1,-1
49,-1,3429.55,1153.59,78.52,52.96,0.76,-1,-1,-1
49,-1,2259.80,103.61,31.43,41.95,0.70,-1,-1,-1
49,-1,3543.83,1118.75,74.11,45.79,0.65,-1,-1,-1
49,-1,1912.25,1554.57,250.20,156.93,0.64,-1,-1,-1
49,-1,3536.83,1165.15,118.47,62.55,0.58,-1,-1,-1
49,-1,1257.47,0.10,187.56,115.10,0.57,-1,-1,-1
49,-1,3573.64,419.07,166.03,85.79,0.51,-1,-1,-1
49,-1,2244.03,1946.59,152.06,65.25,0.47,-1,-1,-1
49,-1,1870.08,1861.33,148.91,152.36,0.47,-1,-1,-1
49,-1,3452.56,987.84,14.39,16.24,0.45,-1,-1,-1
49,-1,3571.62,417.62,71.19,49.48,0.44,-1,-1,-1
49,-1,3458.74,782.18,44.16,31.53,0.44,-1,-1,-1
49,-1,3382.00,691.70,15.15,13.44,0.43,-1,-1,-1
49,-1,3589.56,998.21,15.43,16.33,0.41,-1,-1,-1
49,-1,3360.99,694.33,13.10,15.71,0.41,-1,-1,-1
49,-1,1895.33,1949.97,122.86,63.23,0.38,-1,-1,-1
49,-1,314.48,361.61,393.67,232.68,0.37,-1,-1,-1
49,-1,2453.91,77.61,35.45,30.19,0.35,-1,-1,-1
49,-1,2182.88,2083.79,88.91,75.08,0.35,-1,-1,-1
49,-1,3499.74,519.11,162.36,83.24,0.33,-1,-1,-1
49,-1,1913.36,1554.62,249.10,157.26,0.32,-1,-1,-1
49,-1,1986.87,751.60,39.40,35.57,0.32,-1,-1,-1
49,-1,3499.90,519.26,161.99,83.16,0.30,-1,-1,-1
49,-1,3424.20,654.40,15.44,11.72,0.29,-1,-1,-1
49,-1,2754.74,1620.76,20.69,16.69,0.28,-1,-1,-1
49,-1,3483.25,782.52,19.94,20.91,0.27,-1,-1,-1
49,-1,3537.05,1165.32,118.42,61.87,0.25,-1,-1,-1
49,-1,1906.36,257.08,29.45,40.06,0.22,-1,-1,-1
49,-1,3544.49,1118.52,73.01,45.74,0.19,-1,-1,-1
49,-1,1257.46,0.18,187.59,114.88,0.19,-1,-1,-1
49,-1,21.50,821.45,821.65,430.22,0.18,-1,-1,-1
49,-1,2243.95,1948.02,36.12,38.24,0.17,-1,-1,-1
49,-1,0.63,330.93,768.95,648.11,0.16,-1,-1,-1
49,-1,3369.86,1155.63,62.81,47.68,0.16,-1,-1,-1
49,-1,3271.59,554.18,47.14,67.13,0.14,-1,-1,-1
49,-1,2551.77,2.22,818.60,825.18,0.14,-1,-1,-1
49,-1,3407.91,1017.29,24.79,36.32,0.14,-1,-1,-1
49,-1,3273.27,585.96,24.37,32.20,0.14,-1,-1,-1
49,-1,1846.15,9.73,820.10,785.14,0.13,-1,-1,-1
49,-1,3499.73,519.37,60.54,31.86,0.13,-1,-1,-1
49,-1,1034.47,595.54,152.28,129.49,0.12,-1,-1,-1
49,-1,3806.05,1436.20,33.49,48.27,0.12,-1,-1,-1
49,-1,1940.71,1991.11,18.60,23.93,0.12,-1,-1,-1
49,-1,2046.67,1554.44,118.72,81.64,0.12,-1,-1,-1
49,-1,3561.79,1025.96,35.57,51.51,0.12,-1,-1,-1
49,-1,2799.97,1617.30,11.89,11.59,0.12,-1,-1,-1
49,-1,2044.10,1554.18,120.89,81.06,0.12,-1,-1,-1
49,-1,1313.77,39.63,210.10,127.54,0.11,-1,-1,-1
49,-1,3537.31,1165.41,117.97,62.26,0.11,-1,-1,-1
49,-1,179.48,1132.77,825.83,847.21,0.11,-1,-1,-1
49,-1,2551.05,36.89,820.16,836.50,0.11,-1,-1,-1
49,-1,1839.90,312.51,97.95,44.33,0.10,-1,-1,-1
49,-1,3292.84,553.63,24.94,19.07,0.10,-1,-1,-1
49,-1,3806.19,1436.38,33.12,47.68,0.10,-1,-1,-1
49,-1,3321.03,903.44,516.76,838.74,0.09,-1,-1,-1
49,-1,372.27,1097.86,824.40,846.73,0.09,-1,-1,-1
49,-1,1673.09,1251.62,14.29,19.20,0.09,-1,-1,-1
49,-1,3544.01,1118.47,73.42,45.58,0.09,-1,-1,-1
49,-1,2879.80,1857.26,15.62,18.60,0.09,-1,-1,-1
49,-1,2800.08,1617.27,11.72,11.03,0.09,-1,-1,-1
49,-1,287.96,316.49,744.78,297.49,0.09,-1,-1,-1
49,-1,19.58,698.88,823.06,833.11,0.08,-1,-1,-1
49,-1,563.75,1031.67,822.92,850.29,0.08,-1,-1,-1
49,-1,3277.94,752.82,17.78,17.31,0.08,-1,-1,-1
49,-1,2577.71,2080.65,45.76,42.27,0.08,-1,-1,-1
49,-1,2322.80,-1.01,823.61,792.30,0.08,-1,-1,-1
49,-1,3412.76,1017.79,19.51,15.87,0.07,-1,-1,-1
49,-1,3009.40,638.40,92.69,98.74,0.07,-1,-1,-1
49,-1,0.95,530.29,273.23,270.36,0.07,-1,-1,-1
49,-1,276.09,1130.47,822.88,847.10,0.07,-1,-1,-1
49,-1,3414.00,1018.12,17.74,15.39,0.07,-1,-1,-1
49,-1,3096.59,528.68,40.55,41.26,0.07,-1,-1,-1
49,-1,608.06,1956.01,8.90,10.89,0.07,-1,-1,-1
49,-1,2736.41,294.62,45.49,38.07,0.07,-1,-1,-1
49,-1,3500.79,519.96,61.64,31.59,0.07,-1,-1,-1
49,-1,1140.05,260.68,822.71,740.97,0.06,-1,-1,-1
49,-1,402.87,1287.22,826.95,847.23,0.06,-1,-1,-1
49,-1,3514.25,1600.47,201.03,108.67,0.06,-1,-1,-1
49,-1,3278.23,752.75,17.68,17.28,0.06,-1,-1,-1
49,-1,2516.38,-0.88,821.95,789.77,0.06,-1,-1,-1
49,-1,2182.65,2083.93,88.80,76.11,0.06,-1,-1,-1
49,-1,3500.41,519.82,161.86,81.94,0.06,-1,-1,-1
49,-1,2901.75,1859.53,11.29,13.86,0.06,-1,-1,-1
49,-1,953.95,215.44,31.09,42.20,0.06,-1,-1,-1
49,-1,0.21,1962.67,38.95,74.87,0.06,-1,-1,-1
49,-1,3354.03,1083.03,25.47,19.04,0.06,-1,-1,-1
49,-1,1848.41,1278.62,11.78,23.88,0.05,-1,-1,-1
49,-1,3514.42,1600.82,201.32,108.85,0.05,-1,-1,-1
49,-1,972.82,1640.19,56.47,51.88,0.05,-1,-1,-1
49,-1,0.78,530.02,272.73,262.62,0.05,-1,-1,-1
49,-1,3407.51,711.50,12.77,8.89,0.05,-1,-1,-1
49,-1,2880.42,1725.90,16.79,16.24,0.05,-1,-1,-1
49,-1,2817.00,1739.54,21.61,12.53,0.05,-1,-1,-1
50,-1,2202.88,1604.51,82.34,107.31,0.92,-1,-1,-1
50,-1,2385.97,1287.72,57.33,110.96,0.91,-1,-1,-1
50,-1,1424.91,1788.63,190.72,92.64,0.88,-1,-1,-1
50,-1,2216.35,1115.58,125.74,51.41,0.88,-1,-1,-1
50,-1,474.43,35.08,361.19,211.80,0.87,-1,-1,-1
50,-1,1990.48,1921.69,88.66,234.17,0.87,-1,-1,-1
50,-1,2113.17,1116.28,170.78,148.53,0.80,-1,-1,-1
50,-1,3616.26,1289.88,204.98,113.11,0.70,-1,-1,-1
50,-1,3689.19,997.81,55.56,38.69,0.70,-1,-1,-1
50,-1,131.58,1343.13,240.55,82.29,0.68,-1,-1,-1
50,-1,3448.48,709.25,68.25,41.45,0.59,-1,-1,-1
50,-1,3443.49,753.21,107.18,54.45,0.57,-1,-1,-1
50,-1,1908.78,1404.67,138.27,140.83,0.51,-1,-1,-1
50,-1,3508.14,1135.67,91.49,54.40,0.48,-1,-1,-1
50,-1,1978.23,1519.87,18.89,23.96,0.46,-1,-1,-1
50,-1,3508.02,1135.25,91.80,55.19,0.43,-1,-1,-1
50,-1,3489.00,598.42,14.82,15.10,0.43,-1,-1,-1
50,-1,263.23,1733.67,108.10,80.48,0.39,-1,-1,-1
50,-1,3344.19,743.30,21.08,15.22,0.39,-1,-1,-1
50,-1,1908.79,1405.22,139.94,139.67,0.36,-1,-1,-1
50,-1,3442.58,753.73,107.04,54.12,0.35,-1,-1,-1
50,-1,3376.76,726.68,103.59,42.43,0.31,-1,-1,-1
50,-1,3195.43,192.17,43.08,77.68,0.29,-1,-1,-1
50,-1,3363.51,589.91,13.38,15.17,0.28,-1,-1,-1
50,-1,3336.26,283.04,12.18,12.21,0.28,-1,-1,-1
50,-1,3272.80,677.53,23.70,18.79,0.28,-1,-1,-1
50,-1,2582.90,1605.51,43.79,39.86,0.27,-1,-1,-1
50,-1,3464.44,624.81,33.71,46.39,0.25,-1,-1,-1
50,-1,2582.05,1605.28,44.77,40.15,0.24,-1,-1,-1
50,-1,10.39,189.72,429.41,225.38,0.24,-1,-1,-1
50,-1,2164.05,2124.59,83.07,34.37,0.24,-1,-1,-1
50,-1,271.80,1348.27,97.27,74.63,0.23,-1,-1,-1
50,-1,2634.68,0.01,133.09,95.26,0.23,-1,-1,-1
50,-1,3322.99,617.45,22.41,32.43,0.21,-1,-1,-1
50,-1,3253.20,388.46,141.10,58.64,0.21,-1,-1,-1
50,-1,96.16,1732.50,276.76,82.90,0.20,-1,-1,-1
50,-1,3611.90,1323.12,78.54,37.34,0.20,-1,-1,-1
50,-1,2221.49,1117.62,39.67,27.91,0.18,-1,-1,-1
50,-1,3580.01,940.28,13.42,12.90,0.18,-1,-1,-1
50,-1,2015.37,2043.22,43.20,78.13,0.17,-1,-1,-1
50,-1,3391.67,402.71,17.70,18.21,0.17,-1,-1,-1
50,-1,2954.64,277.12,91.16,87.10,0.17,-1,-1,-1
50,-1,96.48,1732.71,277.03,81.69,0.15,-1,-1,-1
50,-1,2337.15,1707.66,36.32,56.35,0.15,-1,-1,-1
50,-1,11.85,190.66,427.28,223.69,0.15,-1,-1,-1
50,-1,3296.34,319.67,12.52,11.00,0.15,-1,-1,-1
50,-1,2464.49,1744.70,10.85,23.88,0.15,-1,-1,-1
50,-1,2582.84,1605.43,43.78,39.15,0.15,-1,-1,-1
50,-1,96.39,1732.96,277.04,83.22,0.14,-1,-1,-1
50,-1,2723.28,1177.50,19.96,14.04,0.14,-1,-1,-1
50,-1,2462.78,1744.80,15.19,41.90,0.14,-1,-1,-1
50,-1,3240.06,367.78,43.22,47.86,0.14,-1,-1,-1
50,-1,3026.25,1032.72,11.52,14.23,0.13,-1,-1,-1
50,-1,3773.20,1332.84,48.96,67.53,0.13,-1,-1,-1
50,-1,272.21,1348.08,98.04,75.19,0.12,-1,-1,-1
50,-1,1562.86,1862.07,22.80,24.81,0.11,-1,-1,-1
50,-1,2330.94,2018.03,11.20,21.14,0.11,-1,-1,-1
50,-1,3363.81,588.68,15.10,16.63,0.11,-1,-1,-1
50,-1,2655.50,0.30,113.13,50.68,0.10,-1,-1,-1
50,-1,3034.10,170.56,35.71,39.09,0.10,-1,-1,-1
50,-1,2278.37,1156.57,23.60,16.00,0.10,-1,-1,-1
50,-1,9.95,190.00,430.56,226.26,0.09,-1,-1,-1
50,-1,3310.49,668.02,22.92,26.73,0.09,-1,-1,-1
50,-1,2924.52,170.53,156.95,193.50,0.09,-1,-1,-1
50,-1,2577.13,1956.86,25.30,11.61,0.09,-1,-1,-1
50,-1,501.66,681.85,823.42,847.43,0.09,-1,-1,-1
50,-1,3622.15,951.60,9.26,10.24,0.09,-1,-1,-1
50,-1,3449.15,709.21,67.35,41.12,0.09,-1,-1,-1
50,-1,2240.72,1120.17,21.13,24.15,0.08,-1,-1,-1
50,-1,3391.50,401.52,17.90,18.92,0.08,-1,-1,-1
50,-1,1936.04,1478.16,110.22,66.37,0.08,-1,-1,-1
50,-1,1317.93,195.64,92.03,76.77,0.08,-1,-1,-1
50,-1,3278.07,322.16,10.41,11.16,0.08,-1,-1,-1
50,-1,3448.78,709.23,67.66,41.01,0.08,-1,-1,-1
50,-1,626.73,236.58,820.48,760.01,0.08,-1,-1,-1
50,-1,3376.48,726.18,103.14,43.23,0.07,-1,-1,-1
50,-1,3489.44,598.24,14.47,15.10,0.07,-1,-1,-1
50,-1,3021.11,0.89,808.41,809.68,0.07,-1,-1,-1
50,-1,2582.89,1605.36,43.95,40.47,0.07,-1,-1,-1
50,-1,3039.94,452.32,32.56,29.09,0.07,-1,-1,-1
50,-1,2237.52,2053.57,11.04,23.44,0.07,-1,-1,-1
50,-1,531.97,742.57,823.45,849.40,0.07,-1,-1,-1
50,-1,1938.01,1480.20,107.01,64.16,0.07,-1,-1,-1
50,-1,3720.04,1015.75,114.65,44.47,0.07,-1,-1,-1
50,-1,2620.72,1577.61,54.84,25.27,0.07,-1,-1,-1
50,-1,2603.99,1607.50,22.24,21.72,0.06,-1,-1,-1
50,-1,3375.45,724.60,31.91,18.03,0.06,-1,-1,-1
50,-1,3773.01,1333.36,52.99,73.19,0.06,-1,-1,-1
50,-1,1247.03,969.49,26.65,24.27,0.06,-1,-1,-1
50,-1,3197.60,375.75,20.32,17.27,0.06,-1,-1,-1
50,-1,3688.83,998.16,147.81,61.44,0.06,-1,-1,-1
50,-1,31.47,27.47,808.48,425.46,0.06,-1,-1,-1
50,-1,93.10,1730.99,279.78,85.01,0.06,-1,-1,-1
50,-1,2013.56,2068.90,49.44,88.97,0.06,-1,-1,-1
50,-1,1.06,585.34,799.04,843.70,0.06,-1,-1,-1
50,-1,1138.03,241.22,140.33,114.90,0.06,-1,-1,-1
50,-1,2013.39,2071.49,51.04,85.84,0.06,-1,-1,-1
50,-1,2437.16,1749.51,12.56,18.83,0.06,-1,-1,-1
50,-1,3240.37,368.34,42.28,29.76,0.05,-1,-1,-1
50,-1,2295.36,1131.77,28.53,28.33,0.05,-1,-1,-1
50,-1,2016.89,2044.08,26.48,33.01,0.05,-1,-1,-1
50,-1,2953.32,337.77,93.83,75.50,0.05,-1,-1,-1
50,-1,3290.64,744.81,56.19,48.20,0.05,-1,-1,-1
50,-1,3240.88,368.56,41.83,28.13,0.05,-1,-1,-1
50,-1,2013.85,2071.73,48.82,86.22,0.05,-1,-1,-1
51,-1,2206.59,327.62,155.51,158.67,0.92,-1,-1,-1
51,-1,2449.02,443.15,69.92,108.27,0.91,-1,-1,-1
51,-1,2230.13,819.47,82.12,106.43,0.90,-1,-1,-1
51,-1,2296.39,323.96,125.75,45.87,0.89,-1,-1,-1
51,-1,2058.01,1291.00,58.71,81.12,0.89,-1,-1,-1
51,-1,2022.94,1991.72,138.06,114.12,0.87,-1,-1,-1
51,-1,1658.81,1641.67,111.25,60.71,0.84,-1,-1,-1
51,-1,1520.37,1046.42,185.90,106.57,0.83,-1,-1,-1
51,-1,1697.71,1750.96,66.39,43.06,0.80,-1,-1,-1
51,-1,182.19,539.28,231.97,93.86,0.79,-1,-1,-1
51,-1,2029.27,1139.38,86.39,228.56,0.76,-1,-1,-1
51,-1,1598.88,1776.83,134.85,133.12,0.72,-1,-1,-1
51,-1,323.93,545.68,90.02,86.72,0.72,-1,-1,-1
51,-1,1935.03,623.83,138.15,134.67,0.70,-1,-1,-1
51,-1,241.22,913.80,271.63,44.71,0.66,-1,-1,-1
51,-1,2639.05,784.78,69.44,34.58,0.58,-1,-1,-1
51,-1,1597.56,1831.21,136.98,76.24,0.43,-1,-1,-1
51,-1,2005.11,729.27,18.97,26.96,0.43,-1,-1,-1
51,-1,2056.38,1259.29,30.10,33.83,0.39,-1,-1,-1
51,-1,1966.21,694.25,104.31,62.44,0.37,-1,-1,-1
51,-1,3246.96,2.67,589.65,728.02,0.30,-1,-1,-1
51,-1,2629.17,809.99,41.97,40.52,0.27,-1,-1,-1
51,-1,2639.80,815.73,30.65,35.05,0.27,-1,-1,-1
51,-1,1861.76,1740.05,131.42,144.65,0.26,-1,-1,-1
51,-1,2656.74,1594.84,9.17,10.43,0.24,-1,-1,-1
51,-1,3196.98,0.71,637.68,749.72,0.24,-1,-1,-1
51,-1,1967.96,691.22,105.18,65.79,0.22,-1,-1,-1
51,-1,1863.26,1804.28,95.84,79.89,0.22,-1,-1,-1
51,-1,3702.73,193.29,52.88,48.63,0.19,-1,-1,-1
51,-1,1863.04,1740.62,129.31,145.28,0.18,-1,-1,-1
51,-1,3786.05,539.32,52.91,75.85,0.18,-1,-1,-1
51,-1,2050.07,1256.93,51.43,74.75,0.17,-1,-1,-1
51,-1,1659.92,1515.65,106.74,136.44,0.15,-1,-1,-1
51,-1,3523.60,328.80,64.50,44.15,0.15,-1,-1,-1
51,-1,2628.79,809.91,42.36,38.29,0.15,-1,-1,-1
51,-1,1862.83,1740.12,129.58,145.46,0.14,-1,-1,-1
51,-1,3152.75,1557.93,16.80,11.02,0.14,-1,-1,-1
51,-1,3458.56,0.06,112.58,19.07,0.14,-1,-1,-1
51,-1,1650.95,1515.05,116.00,136.89,0.13,-1,-1,-1
51,-1,470.74,1.13,819.98,807.07,0.13,-1,-1,-1
51,-1,3153.07,1557.94,16.80,11.10,0.13,-1,-1,-1
51,-1,3418.73,1898.57,16.77,10.49,0.12,-1,-1,-1
51,-1,1651.88,1777.69,78.40,87.22,0.12,-1,-1,-1
51,-1,3044.92,907.85,16.86,13.14,0.12,-1,-1,-1
51,-1,3458.13,-0.02,113.52,19.79,0.11,-1,-1,-1
51,-1,1682.38,1649.40,87.74,53.24,0.11,-1,-1,-1
51,-1,2499.80,415.06,25.06,42.36,0.11,-1,-1,-1
51,-1,1637.81,1514.42,130.83,141.71,0.10,-1,-1,-1
51,-1,2631.02,810.76,39.95,39.79,0.10,-1,-1,-1
51,-1,2639.84,785.56,21.49,15.21,0.10,-1,-1,-1
51,-1,3513.98,1956.36,10.81,11.40,0.10,-1,-1,-1
51,-1,3118.11,1972.53,21.20,13.68,0.09,-1,-1,-1
51,-1,3593.80,150.65,14.81,14.11,0.09,-1,-1,-1
51,-1,1738.07,1676.98,12.90,30.00,0.09,-1,-1,-1
51,-1,2881.34,1061.35,38.55,13.53,0.09,-1,-1,-1
51,-1,3166.56,1587.33,22.91,13.00,0.08,-1,-1,-1
51,-1,402.15,912.04,110.90,46.55,0.08,-1,-1,-1
51,-1,3488.58,1919.56,9.96,10.17,0.08,-1,-1,-1
51,-1,3146.97,1918.39,43.61,23.73,0.08,-1,-1,-1
51,-1,3478.29,2040.11,9.55,11.32,0.07,-1,-1,-1
51,-1,3524.00,328.99,63.98,43.47,0.07,-1,-1,-1
51,-1,3513.92,1956.65,10.68,11.06,0.07,-1,-1,-1
51,-1,3357.97,1663.48,10.15,12.20,0.07,-1,-1,-1
51,-1,3013.10,733.37,22.31,16.79,0.07,-1,-1,-1
51,-1,2944.11,735.48,11.06,11.61,0.07,-1,-1,-1
51,-1,242.16,930.32,190.76,22.69,0.07,-1,-1,-1
51,-1,1487.49,262.36,43.42,31.85,0.07,-1,-1,-1
51,-1,565.25,2.99,823.71,823.89,0.07,-1,-1,-1
51,-1,1915.54,93.98,12.09,16.83,0.07,-1,-1,-1
51,-1,2821.63,1876.59,12.87,19.54,0.07,-1,-1,-1
51,-1,1915.05,93.99,12.23,17.13,0.06,-1,-1,-1
51,-1,2059.86,444.34,26.64,23.28,0.06,-1,-1,-1
51,-1,1862.66,1741.34,128.74,144.47,0.06,-1,-1,-1
51,-1,3523.85,1848.71,16.39,11.09,0.06,-1,-1,-1
51,-1,2100.75,2044.52,26.37,81.51,0.06,-1,-1,-1
51,-1,1646.21,1072.71,60.21,83.63,0.06,-1,-1,-1
51,-1,3637.01,161.45,9.64,10.42,0.06,-1,-1,-1
51,-1,1726.08,30.11,22.48,15.88,0.06,-1,-1,-1
51,-1,3559.42,1510.66,32.48,16.64,0.06,-1,-1,-1
51,-1,2382.23,350.47,39.03,17.47,0.06,-1,-1,-1
51,-1,467.67,2.93,824.15,826.01,0.06,-1,-1,-1
51,-1,1672.77,23.74,19.01,22.33,0.06,-1,-1,-1
51,-1,3277.57,1675.03,17.13,20.69,0.05,-1,-1,-1
51,-1,3392.03,1340.68,21.54,21.97,0.05,-1,-1,-1
51,-1,2822.09,1877.08,12.08,18.85,0.05,-1,-1,-1
51,-1,1915.73,94.07,11.56,16.79,0.05,-1,-1,-1
51,-1,3152.98,1558.42,16.83,10.55,0.05,-1,-1,-1
51,-1,1158.17,157.18,37.37,31.62,0.05,-1,-1,-1
52,-1,1918.12,160.62,102.16,71.12,0.92,-1,-1,-1
52,-1,2867.72,850.69,149.17,83.56,0.89,-1,-1,-1
52,-1,909.54,1587.36,84.40,96.75,0.87,-1,-1,-1
52,-1,2116.86,354.83,135.41,125.09,0.86,-1,-1,-1
52,-1,1709.01,1.18,114.17,42.31,0.82,-1,-1,-1
52,-1,2433.30,695.20,87.26,67.40,0.80,-1,-1,-1
52,-1,504.49,1977.19,218.85,100.55,0.79,-1,-1,-1
52,-1,765.89,1062.94,135.67,61.03,0.78,-1,-1,-1
52,-1,2390.64,694.82,99.44,87.49,0.77,-1,-1,-1
52,-1,1778.12,1.82,25.85,67.13,0.75,-1,-1,-1
52,-1,950.18,1591.12,86.46,90.45,0.75,-1,-1,-1
52,-1,1749.41,136.63,117.17,97.12,0.72,-1,-1,-1
52,-1,115.18,1930.28,106.58,78.72,0.72,-1,-1,-1
52,-1,954.90,1593.71,78.55,72.41,0.62,-1,-1,-1
52,-1,1749.02,136.82,118.50,95.44,0.60,-1,-1,-1
52,-1,114.90,1931.26,106.49,77.25,0.56,-1,-1,-1
52,-1,1942.77,96.06,95.43,94.50,0.51,-1,-1,-1
52,-1,1770.28,91.48,77.06,88.45,0.44,-1,-1,-1
52,-1,18.12,2.66,77.91,112.95,0.42,-1,-1,-1
52,-1,907.88,1103.18,100.70,65.39,0.36,-1,-1,-1
52,-1,2894.76,844.09,66.35,48.90,0.35,-1,-1,-1
52,-1,3158.14,325.55,25.05,13.14,0.30,-1,-1,-1
52,-1,1002.07,1142.51,34.55,68.32,0.28,-1,-1,-1
52,-1,999.40,1109.67,52.98,104.81,0.28,-1,-1,-1
52,-1,3186.16,273.32,45.07,21.44,0.27,-1,-1,-1
52,-1,18.09,3.20,78.00,112.24,0.23,-1,-1,-1
52,-1,2389.98,695.72,102.06,85.87,0.20,-1,-1,-1
52,-1,17.01,2.86,78.48,114.04,0.20,-1,-1,-1
52,-1,2868.76,231.30,10.45,15.01,0.19,-1,-1,-1
52,-1,907.63,1100.75,146.51,114.15,0.19,-1,-1,-1
52,-1,2921.01,846.09,38.29,28.97,0.16,-1,-1,-1
52,-1,3360.30,347.28,13.79,19.51,0.16,-1,-1,-1
52,-1,294.39,1542.82,18.85,15.06,0.16,-1,-1,-1
52,-1,3120.26,293.99,20.15,13.42,0.15,-1,-1,-1
52,-1,3185.01,273.40,45.89,22.47,0.15,-1,-1,-1
52,-1,637.88,1975.78,84.15,104.46,0.15,-1,-1,-1
52,-1,998.68,1109.50,53.43,104.23,0.15,-1,-1,-1
52,-1,3297.03,524.99,20.11,16.87,0.14,-1,-1,-1
52,-1,908.00,1106.86,61.30,38.83,0.11,-1,-1,-1
52,-1,1525.96,1255.78,823.88,846.50,0.11,-1,-1,-1
52,-1,0.45,39.47,47.38,60.80,0.10,-1,-1,-1
52,-1,3105.42,341.12,13.67,15.58,0.10,-1,-1,-1
52,-1,3287.93,350.70,13.67,13.75,0.10,-1,-1,-1
52,-1,1139.11,1365.49,827.53,800.56,0.09,-1,-1,-1
52,-1,1848.38,92.77,20.97,28.08,0.09,-1,-1,-1
52,-1,637.09,1976.10,85.13,104.11,0.09,-1,-1,-1
52,-1,1013.24,1143.14,21.53,29.87,0.09,-1,-1,-1
52,-1,44.34,1909.27,120.71,71.86,0.09,-1,-1,-1
52,-1,2886.71,309.13,10.82,19.21,0.08,-1,-1,-1
52,-1,1238.85,1347.79,820.18,817.02,0.08,-1,-1,-1
52,-1,3349.43,207.65,12.99,9.91,0.08,-1,-1,-1
52,-1,3109.37,426.68,15.66,13.66,0.08,-1,-1,-1
52,-1,997.67,1111.04,53.75,104.40,0.08,-1,-1,-1
52,-1,908.80,1101.35,144.15,112.58,0.08,-1,-1,-1
52,-1,1848.73,93.02,20.41,25.45,0.07,-1,-1,-1
52,-1,949.10,1614.95,75.60,64.69,0.07,-1,-1,-1
52,-1,1237.89,1321.74,822.42,843.03,0.07,-1,-1,-1
52,-1,3327.51,343.02,12.73,11.03,0.07,-1,-1,-1
52,-1,1737.51,0.24,85.87,34.82,0.07,-1,-1,-1
52,-1,1733.00,-0.61,18.51,45.57,0.07,-1,-1,-1
52,-1,3062.80,111.03,16.06,20.91,0.07,-1,-1,-1
52,-1,1730.51,-0.02,40.85,45.13,0.07,-1,-1,-1
52,-1,1769.49,99.63,26.97,31.26,0.06,-1,-1,-1
52,-1,1590.33,1347.04,820.65,818.42,0.06,-1,-1,-1
52,-1,3326.28,207.54,10.69,13.55,0.06,-1,-1,-1
52,-1,3341.22,485.08,10.72,12.33,0.06,-1,-1,-1
52,-1,1840.87,92.52,28.74,33.19,0.06,-1,-1,-1
52,-1,2686.53,415.78,13.19,10.42,0.06,-1,-1,-1
52,-1,1813.27,1319.76,822.61,844.06,0.06,-1,-1,-1
52,-1,908.49,1103.88,99.14,64.00,0.06,-1,-1,-1
52,-1,3507.63,348.48,21.43,15.22,0.06,-1,-1,-1
52,-1,3318.03,331.90,13.88,11.59,0.06,-1,-1,-1
52,-1,1769.56,99.72,27.02,32.13,0.06,-1,-1,-1
52,-1,3041.33,95.74,28.90,11.98,0.06,-1,-1,-1
52,-1,3108.63,103.85,20.18,10.81,0.05,-1,-1,-1
52,-1,1770.68,91.20,77.10,86.06,0.05,-1,-1,-1
52,-1,2199.64,427.51,49.16,51.35,0.05,-1,-1,-1
52,-1,2005.76,1029.53,824.21,851.75,0.05,-1,-1,-1
52,-1,43.84,1908.06,178.07,101.29,0.05,-1,-1,-1
52,-1,2749.17,439.53,15.22,10.42,0.05,-1,-1,-1
53,-1,429.79,226.11,96.86,91.25,0.92,-1,-1,-1
53,-1,2435.56,1485.87,176.97,179.21,0.72,-1,-1,-1
53,-1,0.51,0.38,113.27,44.23,0.68,-1,-1,-1
53,-1,327.78,180.34,160.45,97.30,0.45,-1,-1,-1
53,-1,2434.73,1485.68,178.18,179.91,0.23,-1,-1,-1
53,-1,0.38,0.04,113.12,45.34,0.16,-1,-1,-1
53,-1,406.56,2.15,820.87,801.79,0.14,-1,-1,-1
53,-1,330.47,180.05,162.66,99.75,0.13,-1,-1,-1
53,-1,2582.82,1689.46,26.99,25.69,0.12,-1,-1,-1
53,-1,413.09,187.87,79.69,89.69,0.11,-1,-1,-1
53,-1,2739.09,1343.34,825.91,824.62,0.08,-1,-1,-1
53,-1,1630.94,1942.06,14.98,10.90,0.08,-1,-1,-1
53,-1,2484.20,1347.67,825.13,811.18,0.07,-1,-1,-1
53,-1,422.66,232.35,67.63,45.30,0.05,-1,-1,-1
53,-1,2647.73,1760.44,283.42,278.37,0.05,-1,-1,-1
54,-1,2478.20,1079.27,175.05,181.22,0.80,-1,-1,-1
54,-1,2429.23,1708.97,87.55,91.29,0.23,-1,-1,-1
54,-1,10.27,3.72,809.97,803.48,0.20,-1,-1,-1
54,-1,2068.06,1368.70,826.55,800.06,0.16,-1,-1,-1
54,-1,2068.02,1348.98,825.73,816.11,0.15,-1,-1,-1
54,-1,2478.53,1078.93,175.10,182.97,0.12,-1,-1,-1
54,-1,2165.88,1347.59,821.76,819.19,0.08,-1,-1,-1
54,-1,2693.50,1357.60,261.39,270.36,0.07,-1,-1,-1
54,-1,2696.33,1357.26,264.09,272.28,0.07,-1,-1,-1
54,-1,2429.38,1710.42,83.38,85.09,0.07,-1,-1,-1
54,-1,2478.48,1078.49,229.02,215.28,0.07,-1,-1,-1
54,-1,1844.17,1365.07,822.24,803.43,0.06,-1,-1,-1
54,-1,1746.88,1316.38,825.62,853.02,0.06,-1,-1,-1
54,-1,1132.11,1816.57,36.77,27.39,0.05,-1,-1,-1
54,-1,2246.56,762.22,18.55,10.33,0.05,-1,-1,-1
55,-1,2634.92,871.71,176.09,181.88,0.79,-1,-1,-1
55,-1,1476.98,111.12,29.00,18.92,0.63,-1,-1,-1
55,-1,3044.48,5.76,791.13,826.37,0.09,-1,-1,-1
55,-1,8.34,1.64,810.60,806.97,0.09,-1,-1,-1
55,-1,595.17,2.65,823.74,799.32,0.08,-1,-1,-1
55,-1,2.27,392.55,792.59,846.05,0.07,-1,-1,-1
55,-1,180.39,2.53,822.79,800.62,0.07,-1,-1,-1
55,-1,2804.27,678.43,826.46,849.96,0.07,-1,-1,-1
55,-1,2919.00,511.44,27.60,13.31,0.06,-1,-1,-1
55,-1,2778.16,1063.18,29.20,24.94,0.06,-1,-1,-1
55,-1,2273.66,466.49,28.67,45.06,0.05,-1,-1,-1
56,-1,3275.40,827.29,28.52,25.14,0.40,-1,-1,-1
56,-1,0.57,137.73,103.13,134.11,0.37,-1,-1,-1
56,-1,3127.89,645.38,177.18,182.48,0.22,-1,-1,-1
56,-1,3127.94,645.07,177.87,183.07,0.21,-1,-1,-1
56,-1,3128.08,644.17,235.80,215.93,0.19,-1,-1,-1
56,-1,3408.85,280.67,26.75,11.59,0.14,-1,-1,-1
56,-1,244.15,3.33,822.29,801.88,0.13,-1,-1,-1
56,-1,3408.37,279.97,26.75,11.95,0.10,-1,-1,-1
56,-1,1107.05,0.51,820.24,804.31,0.07,-1,-1,-1
56,-1,3.77,3.23,791.73,799.16,0.07,-1,-1,-1
56,-1,3384.11,149.42,24.19,15.75,0.07,-1,-1,-1
56,-1,2325.76,199.13,823.34,851.37,0.06,-1,-1,-1
56,-1,1046.02,1922.49,12.81,12.11,0.05,-1,-1,-1
57,-1,1814.43,595.79,27.53,23.88,0.69,-1,-1,-1
57,-1,1949.09,1814.04,69.70,83.33,0.60,-1,-1,-1
57,-1,1914.34,1772.18,110.99,127.46,0.55,-1,-1,-1
57,-1,332.02,111.15,208.74,84.69,0.53,-1,-1,-1
57,-1,3745.66,745.75,32.16,26.02,0.25,-1,-1,-1
57,-1,330.06,109.49,228.81,145.05,0.20,-1,-1,-1
57,-1,3595.73,565.25,198.74,191.81,0.19,-1,-1,-1
57,-1,3594.43,566.04,235.87,218.97,0.13,-1,-1,-1
57,-1,1915.09,1770.87,110.68,128.29,0.11,-1,-1,-1
57,-1,3593.53,563.80,231.09,217.14,0.11,-1,-1,-1
57,-1,3596.15,565.94,184.58,185.54,0.10,-1,-1,-1
57,-1,2838.47,1345.83,820.45,819.39,0.10,-1,-1,-1
57,-1,1543.10,1996.86,11.05,10.62,0.09,-1,-1,-1
57,-1,1915.58,1771.37,110.02,128.00,0.09,-1,-1,-1
57,-1,331.28,110.67,209.33,84.74,0.09,-1,-1,-1
57,-1,2488.92,1661.88,11.26,13.12,0.08,-1,-1,-1
57,-1,3593.87,566.19,235.37,218.55,0.08,-1,-1,-1
57,-1,2899.45,1318.15,824.84,847.71,0.07,-1,-1,-1
57,-1,2837.39,932.17,825.96,852.07,0.06,-1,-1,-1
57,-1,1951.00,1819.36,25.63,32.08,0.06,-1,-1,-1
57,-1,469.26,1.96,821.72,803.59,0.06,-1,-1,-1
58,-1,594.42,119.21,206.14,128.37,0.76,-1,-1,-1
58,-1,2046.75,1572.41,114.80,126.36,0.63,-1,-1,-1
58,-1,2080.77,1610.20,71.41,85.77,0.51,-1,-1,-1
58,-1,2080.14,1610.48,32.46,42.11,0.25,-1,-1,-1
58,-1,2047.35,1571.89,114.34,126.64,0.19,-1,-1,-1
58,-1,1918.51,720.70,29.80,20.00,0.18,-1,-1,-1
58,-1,756.26,131.34,42.95,116.89,0.16,-1,-1,-1
58,-1,661.19,2.28,821.40,802.36,0.12,-1,-1,-1
58,-1,2119.18,1670.21,39.16,26.11,0.10,-1,-1,-1
58,-1,1918.35,720.47,30.02,20.67,0.07,-1,-1,-1
58,-1,2118.86,1665.79,40.85,30.73,0.07,-1,-1,-1
58,-1,2899.68,1342.61,822.56,825.57,0.06,-1,-1,-1
58,-1,2109.33,1645.54,41.47,47.84,0.06,-1,-1,-1
58,-1,757.41,2.51,820.76,802.14,0.06,-1,-1,-1
58,-1,2774.58,10.76,822.17,846.40,0.06,-1,-1,-1
58,-1,932.89,1821.18,27.10,28.93,0.06,-1,-1,-1
58,-1,1556.79,1813.29,10.65,11.12,0.06,-1,-1,-1
58,-1,2869.33,1342.13,821.94,826.47,0.05,-1,-1,-1
58,-1,1218.54,1920.99,11.97,15.38,0.05,-1,-1,-1
59,-1,992.60,158.69,171.63,82.16,0.83,-1,-1,-1
59,-1,2164.60,1210.88,120.25,124.42,0.79,-1,-1,-1
59,-1,2203.54,1246.36,71.79,88.27,0.47,-1,-1,-1
59,-1,2864.25,1907.44,45.86,67.18,0.36,-1,-1,-1
59,-1,2097.96,943.58,29.01,21.13,0.35,-1,-1,-1
59,-1,2863.30,1907.84,47.31,67.03,0.23,-1,-1,-1
59,-1,0.57,3.49,792.50,796.79,0.20,-1,-1,-1
59,-1,1585.57,1888.38,10.85,11.98,0.16,-1,-1,-1
59,-1,2864.38,1907.51,33.63,39.56,0.15,-1,-1,-1
59,-1,918.29,0.46,820.05,802.88,0.13,-1,-1,-1
59,-1,1586.03,1888.44,10.67,11.56,0.12,-1,-1,-1
59,-1,1297.13,1792.51,30.40,25.91,0.11,-1,-1,-1
59,-1,2862.87,1907.43,47.77,67.54,0.09,-1,-1,-1
59,-1,404.06,3.85,820.84,802.75,0.08,-1,-1,-1
59,-1,2097.95,943.59,28.88,21.24,0.06,-1,-1,-1
60,-1,1195.17,224.05,149.25,122.72,0.81,-1,-1,-1
60,-1,2070.41,880.83,118.94,128.49,0.58,-1,-1,-1
60,-1,2760.30,1583.33,56.43,68.30,0.58,-1,-1,-1
60,-1,2104.59,913.26,81.93,94.47,0.56,-1,-1,-1
60,-1,2758.59,1584.94,59.61,70.97,0.26,-1,-1,-1
60,-1,8.17,2.44,811.11,801.31,0.21,-1,-1,-1
60,-1,2.23,3.66,769.75,794.86,0.10,-1,-1,-1
60,-1,1298.25,233.63,41.32,67.23,0.09,-1,-1,-1
60,-1,341.73,4.10,819.73,801.14,0.08,-1,-1,-1
60,-1,2146.74,973.00,40.36,34.54,0.07,-1,-1,-1
60,-1,373.97,1819.74,13.42,12.06,0.05,-1,-1,-1
60,-1,2760.12,1582.99,41.38,46.53,0.05,-1,-1,-1
60,-1,281.84,1878.92,15.81,12.72,0.05,-1,-1,-1
61,-1,1992.73,748.71,79.31,98.07,0.66,-1,-1,-1
61,-1,1955.06,720.63,121.95,128.22,0.66,-1,-1,-1
61,-1,1228.38,258.59,146.68,116.22,0.50,-1,-1,-1
61,-1,2496.21,942.49,25.74,18.79,0.47,-1,-1,-1
61,-1,1955.15,720.52,121.97,128.04,0.44,-1,-1,-1
61,-1,2652.37,1419.92,54.81,55.12,0.34,-1,-1,-1
61,-1,2653.45,1420.32,50.28,55.12,0.29,-1,-1,-1
61,-1,806.31,2053.18,12.49,9.96,0.19,-1,-1,-1
61,-1,1228.87,257.44,149.53,124.45,0.19,-1,-1,-1
61,-1,1031.40,1866.23,12.73,21.46,0.18,-1,-1,-1
61,-1,954.43,2083.84,20.52,15.36,0.18,-1,-1,-1
61,-1,3345.57,87.88,19.64,20.29,0.17,-1,-1,-1
61,-1,1321.96,252.99,38.95,85.93,0.14,-1,-1,-1
61,-1,897.24,1957.41,14.49,11.21,0.14,-1,-1,-1
61,-1,724.40,2032.32,10.89,15.59,0.13,-1,-1,-1
61,-1,9.34,3.39,811.02,802.29,0.13,-1,-1,-1
61,-1,867.37,1982.80,12.29,14.03,0.11,-1,-1,-1
61,-1,2653.90,1420.43,49.52,54.95,0.11,-1,-1,-1
61,-1,2035.41,810.51,38.53,36.24,0.10,-1,-1,-1
61,-1,924.24,1925.63,14.31,15.35,0.10,-1,-1,-1
61,-1,1994.15,752.54,29.66,38.32,0.10,-1,-1,-1
61,-1,2035.26,812.11,38.50,35.24,0.09,-1,-1,-1
61,-1,3.42,3.61,790.93,799.44,0.09,-1,-1,-1
61,-1,529.88,1.02,823.06,805.75,0.09,-1,-1,-1
61,-1,1229.01,257.69,148.98,123.25,0.09,-1,-1,-1
61,-1,1421.09,1707.47,34.90,34.91,0.09,-1,-1,-1
61,-1,1319.80,252.36,44.95,86.18,0.07,-1,-1,-1
61,-1,1228.71,258.29,148.31,118.81,0.06,-1,-1,-1
61,-1,1032.13,1866.26,12.08,20.94,0.05,-1,-1,-1
62,-1,2955.29,672.04,19.30,38.27,0.81,-1,-1,-1
62,-1,1262.88,666.66,52.60,87.73,0.58,-1,-1,-1
62,-1,1330.52,320.51,135.19,129.29,0.58,-1,-1,-1
62,-1,2074.80,997.70,59.15,52.88,0.50,-1,-1,-1
62,-1,1179.21,643.75,130.71,86.63,0.39,-1,-1,-1
62,-1,1389.97,372.84,61.51,74.02,0.30,-1,-1,-1
62,-1,2003.94,0.07,62.40,48.51,0.29,-1,-1,-1
62,-1,23.61,3.16,820.99,802.24,0.25,-1,-1,-1
62,-1,2102.13,1013.23,31.99,36.99,0.19,-1,-1,-1
62,-1,1179.63,638.93,136.31,112.66,0.15,-1,-1,-1
62,-1,1272.80,674.46,30.57,36.76,0.12,-1,-1,-1
62,-1,2072.01,997.66,62.24,53.11,0.11,-1,-1,-1
62,-1,627.98,2.52,817.95,802.34,0.09,-1,-1,-1
62,-1,2066.62,997.26,40.24,37.02,0.09,-1,-1,-1
62,-1,2004.79,0.14,59.35,48.22,0.06,-1,-1,-1
62,-1,2993.90,678.45,11.91,16.32,0.06,-1,-1,-1
62,-1,1268.93,630.07,47.89,83.76,0.05,-1,-1,-1
62,-1,1418.68,406.89,41.12,39.72,0.05,-1,-1,-1
63,-1,3218.60,1134.20,26.72,37.62,0.81,-1,-1,-1
63,-1,1745.15,1019.78,55.85,49.64,0.74,-1,-1,-1
63,-1,1904.03,320.81,119.14,123.68,0.64,-1,-1,-1
63,-1,998.15,341.19,134.95,126.23,0.58,-1,-1,-1
63,-1,1129.21,1038.78,112.41,93.27,0.32,-1,-1,-1
63,-1,1128.98,1029.07,150.82,133.45,0.31,-1,-1,-1
63,-1,2901.88,2017.29,17.57,17.45,0.29,-1,-1,-1
63,-1,7.64,3.34,813.47,802.31,0.25,-1,-1,-1
63,-1,1937.90,326.94,86.12,117.71,0.24,-1,-1,-1
63,-1,1062.13,396.52,61.53,68.87,0.16,-1,-1,-1
63,-1,1129.26,1030.42,148.38,120.12,0.16,-1,-1,-1
63,-1,1215.16,1027.55,64.33,134.46,0.12,-1,-1,-1
63,-1,2320.57,0.15,58.46,25.81,0.12,-1,-1,-1
63,-1,2.09,5.62,794.15,823.61,0.11,-1,-1,-1
63,-1,1901.33,1368.37,836.33,797.96,0.09,-1,-1,-1
63,-1,1218.23,1073.64,58.36,86.02,0.09,-1,-1,-1
63,-1,1938.81,330.91,79.76,114.48,0.08,-1,-1,-1
63,-1,1325.67,2106.57,16.44,17.76,0.08,-1,-1,-1
63,-1,882.62,-0.88,824.82,752.28,0.08,-1,-1,-1
63,-1,2611.30,1283.07,828.22,855.62,0.07,-1,-1,-1
63,-1,977.68,-0.02,825.68,765.33,0.07,-1,-1,-1
63,-1,1228.70,1077.74,34.94,42.48,0.07,-1,-1,-1
63,-1,3218.86,1134.56,26.42,37.36,0.07,-1,-1,-1
63,-1,3446.44,1314.47,16.05,10.21,0.06,-1,-1,-1
63,-1,2321.35,0.13,58.17,25.30,0.06,-1,-1,-1
63,-1,2902.13,2017.31,17.60,18.10,0.06,-1,-1,-1
63,-1,1809.96,1366.44,831.15,800.14,0.06,-1,-1,-1
63,-1,1903.89,320.32,119.56,121.89,0.05,-1,-1,-1
63,-1,1810.82,1257.51,809.79,843.12,0.05,-1,-1,-1
63,-1,1213.71,1076.48,57.71,82.15,0.05,-1,-1,-1
64,-1,1515.69,139.91,105.44,75.95,0.92,-1,-1,-1
64,-1,2388.50,147.18,59.35,108.15,0.74,-1,-1,-1
64,-1,1494.77,76.25,83.64,110.67,0.71,-1,-1,-1
64,-1,2240.24,425.69,92.51,91.86,0.68,-1,-1,-1
64,-1,1176.27,1547.09,52.58,120.95,0.67,-1,-1,-1
64,-1,1495.19,75.69,83.76,111.82,0.64,-1,-1,-1
64,-1,3490.99,1735.99,20.48,35.05,0.56,-1,-1,-1
64,-1,2363.76,78.90,84.25,177.70,0.46,-1,-1,-1
64,-1,1061.33,1556.16,151.50,103.07,0.44,-1,-1,-1
64,-1,2240.67,386.58,92.13,131.61,0.44,-1,-1,-1
64,-1,1060.79,1556.03,151.73,102.97,0.41,-1,-1,-1
64,-1,436.45,6.00,822.32,772.23,0.37,-1,-1,-1
64,-1,1857.53,839.24,104.30,113.75,0.34,-1,-1,-1
64,-1,658.33,478.76,136.82,127.28,0.33,-1,-1,-1
64,-1,1391.60,1178.66,56.22,42.53,0.32,-1,-1,-1
64,-1,1.45,3.90,792.77,797.90,0.30,-1,-1,-1
64,-1,1857.41,839.24,104.82,113.44,0.28,-1,-1,-1
64,-1,1391.51,1177.90,57.24,43.02,0.23,-1,-1,-1
64,-1,658.01,478.76,136.86,127.06,0.19,-1,-1,-1
64,-1,3490.45,1735.94,20.92,34.97,0.17,-1,-1,-1
64,-1,595.58,4.22,822.37,791.47,0.15,-1,-1,-1
64,-1,754.20,0.68,823.62,809.76,0.10,-1,-1,-1
64,-1,2363.52,78.79,84.86,178.15,0.09,-1,-1,-1
64,-1,658.18,478.82,137.34,127.29,0.08,-1,-1,-1
64,-1,1858.76,839.12,103.15,114.91,0.07,-1,-1,-1
64,-1,3.52,493.28,790.68,839.07,0.06,-1,-1,-1
64,-1,2869.91,69.17,824.82,851.20,0.06,-1,-1,-1
64,-1,305.91,1906.90,10.17,9.47,0.06,-1,-1,-1
64,-1,725.94,534.84,59.25,69.21,0.06,-1,-1,-1
65,-1,1403.87,1053.96,96.22,87.70,0.94,-1,-1,-1
65,-1,1035.38,406.96,56.70,127.62,0.91,-1,-1,-1
65,-1,2080.36,1373.91,63.14,109.10,0.80,-1,-1,-1
65,-1,698.01,1451.05,60.71,51.93,0.78,-1,-1,-1
65,-1,984.17,437.49,93.55,83.99,0.68,-1,-1,-1
65,-1,1683.65,585.51,91.19,108.16,0.67,-1,-1,-1
65,-1,1673.66,1829.51,138.30,118.79,0.63,-1,-1,-1
65,-1,1683.36,585.93,91.35,107.67,0.59,-1,-1,-1
65,-1,1370.89,1029.14,91.08,78.85,0.51,-1,-1,-1
65,-1,0.00,732.67,130.79,130.33,0.42,-1,-1,-1
65,-1,2098.52,1393.11,70.24,74.61,0.42,-1,-1,-1
65,-1,2291.26,1119.69,64.40,111.75,0.32,-1,-1,-1
65,-1,3.35,71.97,792.97,839.20,0.30,-1,-1,-1
65,-1,2293.25,1119.77,62.34,108.90,0.29,-1,-1,-1
65,-1,684.96,1486.28,46.75,44.97,0.22,-1,-1,-1
65,-1,1673.59,1829.84,138.47,118.58,0.21,-1,-1,-1
65,-1,983.48,439.38,93.68,81.95,0.20,-1,-1,-1
65,-1,2247.58,1114.31,109.62,116.27,0.20,-1,-1,-1
65,-1,1651.21,570.58,88.30,73.40,0.19,-1,-1,-1
65,-1,1650.22,568.21,125.26,124.53,0.18,-1,-1,-1
65,-1,2291.03,1118.90,64.41,112.08,0.13,-1,-1,-1
65,-1,2324.40,328.36,824.59,846.19,0.11,-1,-1,-1
65,-1,1742.38,1831.69,68.35,81.25,0.11,-1,-1,-1
65,-1,2197.72,557.05,822.28,840.31,0.08,-1,-1,-1
65,-1,684.49,1485.49,30.26,27.67,0.08,-1,-1,-1
65,-1,2069.49,169.41,826.08,847.05,0.08,-1,-1,-1
65,-1,2577.21,40.30,832.61,846.23,0.07,-1,-1,-1
65,-1,2836.50,297.63,823.28,846.68,0.07,-1,-1,-1
65,-1,707.96,1450.61,46.42,37.46,0.07,-1,-1,-1
65,-1,2582.16,425.36,820.38,844.72,0.07,-1,-1,-1
65,-1,2081.67,1375.64,89.09,108.45,0.07,-1,-1,-1
65,-1,3313.14,308.96,9.90,11.70,0.05,-1,-1,-1
65,-1,2164.41,1096.96,825.21,845.92,0.05,-1,-1,-1
65,-1,2249.53,1114.18,87.51,79.67,0.05,-1,-1,-1
65,-1,2355.74,839.30,825.12,846.89,0.05,-1,-1,-1
66,-1,1704.59,1966.75,93.51,107.23,0.87,-1,-1,-1
66,-1,1993.52,461.31,70.53,114.87,0.83,-1,-1,-1
66,-1,2030.30,240.41,74.11,122.57,0.72,-1,-1,-1
66,-1,2863.65,598.89,96.80,100.38,0.71,-1,-1,-1
66,-1,952.99,1736.74,113.52,141.37,0.71,-1,-1,-1
66,-1,3649.40,276.96,111.64,181.56,0.62,-1,-1,-1
66,-1,3744.87,540.26,94.04,160.01,0.61,-1,-1,-1
66,-1,3649.46,387.48,103.70,69.57,0.58,-1,-1,-1
66,-1,3645.81,276.16,115.43,185.77,0.41,-1,-1,-1
66,-1,1985.83,235.15,115.45,297.09,0.35,-1,-1,-1
66,-1,3664.26,456.45,39.95,26.15,0.26,-1,-1,-1
66,-1,1987.50,364.18,80.93,164.57,0.22,-1,-1,-1
66,-1,2028.45,239.87,75.60,122.40,0.17,-1,-1,-1
66,-1,7.57,2.89,812.55,802.31,0.17,-1,-1,-1
66,-1,2865.59,602.62,94.14,97.22,0.16,-1,-1,-1
66,-1,1315.10,1072.70,9.92,11.39,0.15,-1,-1,-1
66,-1,1141.65,872.31,824.60,847.53,0.12,-1,-1,-1
66,-1,1354.85,1085.52,840.59,866.66,0.11,-1,-1,-1
66,-1,628.70,2.71,820.72,804.04,0.09,-1,-1,-1
66,-1,952.66,1735.81,114.49,144.69,0.08,-1,-1,-1
66,-1,1716.64,1223.01,824.00,849.25,0.07,-1,-1,-1
66,-1,1130.07,1258.90,18.13,15.09,0.07,-1,-1,-1
66,-1,1684.56,1344.88,822.97,818.32,0.07,-1,-1,-1
66,-1,1046.26,1129.01,824.62,842.94,0.07,-1,-1,-1
66,-1,2.46,5.61,792.82,824.32,0.06,-1,-1,-1
66,-1,3708.44,417.42,34.74,28.61,0.06,-1,-1,-1
66,-1,1427.73,805.75,823.16,851.78,0.06,-1,-1,-1
66,-1,1412.00,1309.11,134.55,93.90,0.06,-1,-1,-1
66,-1,1042.52,0.97,822.42,806.00,0.05,-1,-1,-1
66,-1,3033.33,1922.08,11.32,11.70,0.05,-1,-1,-1
66,-1,2997.23,1343.43,822.08,824.31,0.05,-1,-1,-1
66,-1,1654.05,1345.02,821.54,818.21,0.05,-1,-1,-1
66,-1,1353.42,1288.69,50.35,40.50,0.05,-1,-1,-1
66,-1,852.89,936.08,826.15,847.25,0.05,-1,-1,-1
66,-1,610.93,1166.05,35.24,25.99,0.05,-1,-1,-1
67,-1,1949.30,1042.11,77.48,119.35,0.91,-1,-1,-1
67,-1,2841.90,1284.31,112.50,69.86,0.79,-1,-1,-1
67,-1,1515.00,230.04,191.45,127.22,0.58,-1,-1,-1
67,-1,3607.29,1005.82,109.45,177.91,0.57,-1,-1,-1
67,-1,1515.96,229.65,191.58,128.05,0.54,-1,-1,-1
67,-1,1030.93,279.49,122.77,61.15,0.48,-1,-1,-1
67,-1,1030.21,279.85,124.17,60.74,0.48,-1,-1,-1
67,-1,3607.73,1006.25,108.73,179.99,0.28,-1,-1,-1
67,-1,3220.49,482.60,19.32,23.80,0.20,-1,-1,-1
67,-1,8.09,2.82,813.92,803.81,0.17,-1,-1,-1
67,-1,1443.54,1923.16,10.32,11.92,0.17,-1,-1,-1
67,-1,3607.02,1112.90,103.03,71.41,0.17,-1,-1,-1
67,-1,3706.41,1247.72,97.28,175.27,0.16,-1,-1,-1
67,-1,3607.50,1006.91,108.88,177.76,0.14,-1,-1,-1
67,-1,2838.51,1284.29,116.09,69.53,0.12,-1,-1,-1
67,-1,3738.49,1287.74,100.81,157.97,0.11,-1,-1,-1
67,-1,24.25,3.28,821.51,802.70,0.11,-1,-1,-1
67,-1,995.67,170.07,161.53,169.87,0.11,-1,-1,-1
67,-1,1914.71,1080.03,80.90,38.88,0.09,-1,-1,-1
67,-1,569.50,1877.32,44.00,38.32,0.08,-1,-1,-1
67,-1,1914.87,1078.57,80.15,42.54,0.08,-1,-1,-1
67,-1,3709.30,1247.69,130.83,201.54,0.08,-1,-1,-1
67,-1,3607.16,1110.73,102.73,73.32,0.08,-1,-1,-1
67,-1,1493.26,1346.70,821.61,819.24,0.08,-1,-1,-1
67,-1,1396.77,1319.78,823.75,845.00,0.07,-1,-1,-1
67,-1,1444.00,1923.34,9.55,11.36,0.07,-1,-1,-1
67,-1,1056.82,275.06,32.41,36.08,0.06,-1,-1,-1
67,-1,543.54,1859.60,17.27,12.43,0.06,-1,-1,-1
67,-1,3331.24,1532.94,24.88,26.07,0.06,-1,-1,-1
67,-1,1862.50,1265.00,108.24,132.50,0.06,-1,-1,-1
68,-1,2308.05,462.24,178.09,65.63,0.88,-1,-1,-1
68,-1,949.69,856.44,128.93,58.10,0.86,-1,-1,-1
68,-1,2464.09,459.60,79.54,88.01,0.81,-1,-1,-1
68,-1,2840.12,1815.21,135.27,57.74,0.76,-1,-1,-1
68,-1,1505.06,806.87,186.45,135.40,0.70,-1,-1,-1
68,-1,1919.28,1658.69,45.08,132.57,0.68,-1,-1,-1
68,-1,2464.42,459.50,80.30,87.75,0.65,-1,-1,-1
68,-1,3713.86,1813.31,60.66,154.55,0.56,-1,-1,-1
68,-1,2840.38,1814.62,134.56,58.05,0.49,-1,-1,-1
68,-1,996.18,844.70,41.16,52.13,0.43,-1,-1,-1
68,-1,3576.82,1551.72,111.75,185.45,0.40,-1,-1,-1
68,-1,1799.85,1916.51,97.47,120.41,0.38,-1,-1,-1
68,-1,1505.32,806.32,186.13,137.18,0.36,-1,-1,-1
68,-1,3575.85,1666.68,103.13,70.43,0.33,-1,-1,-1
68,-1,2548.68,464.15,28.93,25.53,0.33,-1,-1,-1
68,-1,3577.76,1551.90,111.09,184.77,0.32,-1,-1,-1
68,-1,3780.05,1832.22,59.35,169.21,0.29,-1,-1,-1
68,-1,7.37,3.07,812.66,801.29,0.28,-1,-1,-1
68,-1,1302.08,16.70,821.27,731.32,0.24,-1,-1,-1
68,-1,3681.85,1791.65,93.69,176.75,0.23,-1,-1,-1
68,-1,3575.66,1669.83,102.99,67.02,0.20,-1,-1,-1
68,-1,1848.08,1916.72,48.26,90.18,0.18,-1,-1,-1
68,-1,1171.78,0.80,828.11,388.91,0.13,-1,-1,-1
68,-1,1206.64,0.98,705.85,390.68,0.13,-1,-1,-1
68,-1,1619.26,5.08,822.61,806.81,0.13,-1,-1,-1
68,-1,2486.15,3.61,819.63,802.69,0.12,-1,-1,-1
68,-1,1895.58,1652.08,65.41,93.84,0.12,-1,-1,-1
68,-1,1197.07,1.42,745.22,386.41,0.11,-1,-1,-1
68,-1,2839.01,1814.34,135.23,58.07,0.11,-1,-1,-1
68,-1,1505.20,807.12,187.65,133.44,0.10,-1,-1,-1
68,-1,1189.64,1.96,753.35,385.24,0.10,-1,-1,-1
68,-1,2451.98,41.43,824.91,845.52,0.09,-1,-1,-1
68,-1,947.95,748.01,130.65,168.76,0.08,-1,-1,-1
68,-1,1895.75,1652.51,65.43,90.75,0.07,-1,-1,-1
68,-1,1799.74,1941.04,51.73,96.22,0.06,-1,-1,-1
68,-1,1779.70,0.88,820.62,473.74,0.05,-1,-1,-1
68,-1,2869.02,292.24,823.68,852.30,0.05,-1,-1,-1
69,-1,593.56,1236.08,66.42,119.92,0.94,-1,-1,-1
69,-1,2755.11,770.45,347.33,136.41,0.92,-1,-1,-1
69,-1,3457.90,1268.37,381.47,186.16,0.92,-1,-1,-1
69,-1,3721.10,946.44,118.31,85.37,0.83,-1,-1,-1
69,-1,3269.84,817.82,432.74,174.66,0.81,-1,-1,-1
69,-1,2129.63,1629.50,221.72,136.43,0.81,-1,-1,-1
69,-1,1623.99,543.14,273.67,187.88,0.80,-1,-1,-1
69,-1,1271.40,1557.58,52.44,96.61,0.77,-1,-1,-1
69,-1,2246.03,1701.17,101.81,64.02,0.70,-1,-1,-1
69,-1,1176.33,1496.05,148.55,157.58,0.63,-1,-1,-1
69,-1,539.76,1240.82,100.59,73.37,0.63,-1,-1,-1
69,-1,2282.32,691.56,411.13,166.47,0.57,-1,-1,-1
69,-1,467.00,1238.37,169.25,78.42,0.55,-1,-1,-1
69,-1,1176.82,1495.94,147.56,157.92,0.48,-1,-1,-1
69,-1,1248.70,593.57,723.17,560.29,0.47,-1,-1,-1
69,-1,3706.42,853.82,132.98,50.04,0.46,-1,-1,-1
69,-1,3696.92,901.45,141.94,51.98,0.29,-1,-1,-1
69,-1,1176.34,1495.87,148.68,158.43,0.25,-1,-1,-1
69,-1,3696.30,901.13,142.28,54.14,0.20,-1,-1,-1
69,-1,2947.18,790.25,21.35,30.21,0.19,-1,-1,-1
69,-1,2832.22,1234.39,830.98,205.50,0.14,-1,-1,-1
69,-1,3492.86,1319.75,330.33,88.13,0.13,-1,-1,-1
69,-1,2293.97,1383.11,824.03,783.94,0.13,-1,-1,-1
69,-1,1238.11,1514.06,71.29,121.63,0.12,-1,-1,-1
69,-1,577.71,1269.20,61.60,42.94,0.10,-1,-1,-1
69,-1,3.05,3.19,790.06,798.09,0.09,-1,-1,-1
69,-1,3752.78,900.96,85.91,37.22,0.09,-1,-1,-1
69,-1,2417.49,1379.46,826.30,790.92,0.08,-1,-1,-1
69,-1,1241.46,592.16,732.38,539.90,0.08,-1,-1,-1
69,-1,3023.31,1849.14,21.51,26.55,0.07,-1,-1,-1
69,-1,2873.70,1713.89,13.04,21.28,0.07,-1,-1,-1
69,-1,1621.39,540.55,360.56,319.78,0.07,-1,-1,-1
69,-1,2873.62,1713.88,13.11,21.37,0.07,-1,-1,-1
69,-1,1218.11,1940.84,14.47,9.68,0.06,-1,-1,-1
69,-1,3270.14,815.28,406.45,173.88,0.06,-1,-1,-1
69,-1,3504.42,1325.89,97.80,39.44,0.06,-1,-1,-1
69,-1,3042.55,1122.17,789.89,455.03,0.06,-1,-1,-1
69,-1,2328.26,1734.12,28.71,27.39,0.05,-1,-1,-1
69,-1,2797.85,1203.01,835.78,249.61,0.05,-1,-1,-1
69,-1,2869.67,1746.30,14.08,22.32,0.05,-1,-1,-1
69,-1,2936.80,802.82,14.23,18.67,0.05,-1,-1,-1
69,-1,1874.77,667.49,14.17,17.20,0.05,-1,-1,-1
70,-1,2798.23,986.66,346.67,182.95,0.95,-1,-1,-1
70,-1,567.12,961.55,76.27,116.02,0.93,-1,-1,-1
70,-1,3282.52,1142.43,418.23,233.02,0.92,-1,-1,-1
70,-1,1754.40,495.91,256.03,219.63,0.89,-1,-1,-1
70,-1,2361.48,808.90,393.48,214.75,0.88,-1,-1,-1
70,-1,3375.02,1612.37,460.52,303.42,0.87,-1,-1,-1
70,-1,1104.74,1332.19,125.49,173.79,0.85,-1,-1,-1
70,-1,2110.69,1785.30,108.81,44.89,0.83,-1,-1,-1
70,-1,3711.09,1368.32,128.08,111.81,0.78,-1,-1,-1
70,-1,445.38,956.35,174.58,77.49,0.72,-1,-1,-1
70,-1,3696.80,1317.95,142.07,77.02,0.70,-1,-1,-1
70,-1,3721.43,1270.34,118.05,70.07,0.66,-1,-1,-1
70,-1,2931.53,1478.74,817.94,384.56,0.61,-1,-1,-1
70,-1,1184.07,1406.56,45.87,100.37,0.54,-1,-1,-1
70,-1,2018.01,1669.46,205.12,162.01,0.53,-1,-1,-1
70,-1,2770.15,1430.37,821.25,384.18,0.47,-1,-1,-1
70,-1,2676.86,1367.80,819.84,426.28,0.40,-1,-1,-1
70,-1,2192.74,1813.53,41.43,37.30,0.38,-1,-1,-1
70,-1,520.10,957.52,100.77,70.51,0.32,-1,-1,-1
70,-1,3017.69,1383.76,814.86,761.92,0.29,-1,-1,-1
70,-1,1315.42,501.59,719.75,693.33,0.28,-1,-1,-1
70,-1,2484.71,1305.77,823.97,662.95,0.25,-1,-1,-1
70,-1,2515.10,1263.44,827.94,727.74,0.21,-1,-1,-1
70,-1,2482.75,1302.27,820.38,407.03,0.19,-1,-1,-1
70,-1,1318.81,505.55,717.33,616.66,0.14,-1,-1,-1
70,-1,2451.05,1298.95,825.13,400.28,0.13,-1,-1,-1
70,-1,2311.12,786.37,814.80,465.18,0.12,-1,-1,-1
70,-1,2258.32,1060.78,825.23,707.45,0.09,-1,-1,-1
70,-1,1744.36,860.62,829.96,827.70,0.09,-1,-1,-1
70,-1,2225.91,1186.89,828.77,739.38,0.09,-1,-1,-1
70,-1,2961.22,1387.12,830.48,751.56,0.07,-1,-1,-1
70,-1,3380.05,1612.93,132.35,142.57,0.07,-1,-1,-1
70,-1,565.14,994.80,53.95,32.13,0.06,-1,-1,-1
70,-1,2611.97,1245.88,824.08,774.77,0.06,-1,-1,-1
70,-1,1163.75,1363.15,57.34,135.30,0.06,-1,-1,-1
70,-1,1757.55,499.51,253.11,215.52,0.05,-1,-1,-1
70,-1,1619.25,954.19,820.32,437.26,0.05,-1,-1,-1
70,-1,3366.55,1182.37,37.72,36.02,0.05,-1,-1,-1
70,-1,1929.24,629.68,33.81,45.26,0.05,-1,-1,-1
70,-1,3016.00,1253.24,816.84,839.60,0.05,-1,-1,-1
70,-1,1753.44,498.65,257.73,217.10,0.05,-1,-1,-1
70,-1,945.84,1821.54,78.10,26.76,0.05,-1,-1,-1
71,-1,2827.83,1247.97,351.87,160.50,0.93,-1,-1,-1
71,-1,2161.61,2048.38,217.93,109.72,0.92,-1,-1,-1
71,-1,3467.76,1823.83,370.02,234.53,0.85,-1,-1,-1
71,-1,1736.75,865.23,265.51,203.99,0.83,-1,-1,-1
71,-1,573.45,1533.76,57.53,128.06,0.82,-1,-1,-1
71,-1,457.51,1551.05,147.84,94.05,0.79,-1,-1,-1
71,-1,3775.07,1538.05,64.15,81.87,0.78,-1,-1,-1
71,-1,3016.56,1776.40,812.17,264.35,0.76,-1,-1,-1
71,-1,2370.69,1117.73,404.05,184.48,0.72,-1,-1,-1
71,-1,1170.68,1776.62,152.39,165.97,0.71,-1,-1,-1
71,-1,3315.96,1356.27,445.37,214.07,0.54,-1,-1,-1
71,-1,2802.06,1693.39,822.32,298.73,0.50,-1,-1,-1
71,-1,1333.59,898.16,731.81,623.62,0.49,-1,-1,-1
71,-1,3754.60,1492.92,85.80,47.49,0.43,-1,-1,-1
71,-1,1738.25,865.61,266.45,206.45,0.43,-1,-1,-1
71,-1,1232.38,1803.15,92.40,144.70,0.33,-1,-1,-1
71,-1,3469.98,1425.52,67.62,98.26,0.30,-1,-1,-1
71,-1,1308.89,884.93,757.70,733.93,0.25,-1,-1,-1
71,-1,532.33,1556.63,70.98,66.86,0.24,-1,-1,-1
71,-1,2548.20,1621.49,823.80,300.98,0.19,-1,-1,-1
71,-1,2353.34,1453.56,821.88,572.05,0.15,-1,-1,-1
71,-1,1170.35,1776.65,154.87,171.27,0.15,-1,-1,-1
71,-1,1169.00,1776.98,155.26,171.62,0.15,-1,-1,-1
71,-1,949.49,1629.58,13.72,14.92,0.13,-1,-1,-1
71,-1,3470.26,1426.72,84.55,177.75,0.13,-1,-1,-1
71,-1,3374.76,1367.83,128.79,72.88,0.13,-1,-1,-1
71,-1,2821.98,1247.39,362.33,163.83,0.12,-1,-1,-1
71,-1,3754.33,1440.03,85.29,101.80,0.11,-1,-1,-1
71,-1,3031.80,1316.24,105.63,68.37,0.10,-1,-1,-1
71,-1,3405.06,1374.01,328.50,183.21,0.09,-1,-1,-1
71,-1,2516.78,1607.74,819.04,315.97,0.08,-1,-1,-1
71,-1,3015.81,1282.79,29.68,28.47,0.08,-1,-1,-1
71,-1,1924.68,979.50,33.51,36.09,0.07,-1,-1,-1
71,-1,1931.29,992.75,33.74,37.74,0.06,-1,-1,-1
71,-1,3090.59,1788.17,469.73,191.85,0.06,-1,-1,-1
71,-1,3773.17,1440.12,66.11,43.31,0.06,-1,-1,-1
71,-1,951.95,1476.84,31.26,30.62,0.05,-1,-1,-1
71,-1,3412.56,1395.09,37.98,36.68,0.05,-1,-1,-1
72,-1,2915.15,1531.38,351.26,138.76,0.86,-1,-1,-1
72,-1,1399.90,1355.56,760.84,620.17,0.74,-1,-1,-1
72,-1,3410.49,1577.64,428.37,264.77,0.71,-1,-1,-1
72,-1,3633.43,2036.96,113.84,121.96,0.64,-1,-1,-1
72,-1,1203.21,0.98,824.78,802.92,0.51,-1,-1,-1
72,-1,1407.70,1351.94,756.07,584.62,0.49,-1,-1,-1
72,-1,2923.52,1533.80,347.77,138.28,0.49,-1,-1,-1
72,-1,1776.76,1303.11,273.91,188.78,0.32,-1,-1,-1
72,-1,1620.65,2.03,819.87,803.19,0.29,-1,-1,-1
72,-1,0.64,0.49,348.13,155.32,0.26,-1,-1,-1
72,-1,1.12,1.08,346.75,153.49,0.21,-1,-1,-1
72,-1,3097.78,1555.12,34.71,29.20,0.18,-1,-1,-1
72,-1,2386.25,1417.65,828.64,645.75,0.17,-1,-1,-1
72,-1,1938.01,0.82,823.81,796.67,0.16,-1,-1,-1
72,-1,3425.78,2005.84,149.44,99.47,0.16,-1,-1,-1
72,-1,2396.31,1448.84,821.47,281.92,0.12,-1,-1,-1
72,-1,0.70,1.07,348.15,153.74,0.12,-1,-1,-1
72,-1,3636.21,2080.14,202.57,77.91,0.11,-1,-1,-1
72,-1,2454.64,1456.97,397.19,168.81,0.11,-1,-1,-1
72,-1,3318.76,2056.26,399.69,98.94,0.10,-1,-1,-1
72,-1,2228.25,1917.21,818.24,242.88,0.09,-1,-1,-1
72,-1,3485.24,1592.96,116.70,76.62,0.08,-1,-1,-1
72,-1,3322.67,2053.45,129.26,105.42,0.07,-1,-1,-1
72,-1,2482.68,1400.58,826.41,680.68,0.07,-1,-1,-1
72,-1,3478.08,1624.21,42.09,42.87,0.07,-1,-1,-1
72,-1,852.51,1.74,821.19,804.05,0.06,-1,-1,-1
73,-1,2961.62,2027.54,360.71,127.64,0.82,-1,-1,-1
73,-1,3473.83,2048.64,365.34,107.66,0.53,-1,-1,-1
73,-1,1.67,7.97,427.96,669.87,0.48,-1,-1,-1
73,-1,3.00,3.25,428.91,690.90,0.40,-1,-1,-1
73,-1,1827.78,1801.83,273.79,177.19,0.27,-1,-1,-1
73,-1,2493.64,1947.30,411.98,171.37,0.21,-1,-1,-1
73,-1,1830.14,1801.88,271.34,176.59,0.20,-1,-1,-1
73,-1,2162.86,2.04,822.68,800.67,0.18,-1,-1,-1
73,-1,1749.26,4.14,821.54,801.31,0.17,-1,-1,-1
73,-1,562.92,2.89,822.55,798.63,0.17,-1,-1,-1
73,-1,1826.13,1801.85,275.65,176.71,0.16,-1,-1,-1
73,-1,2442.12,1861.41,810.48,294.20,0.13,-1,-1,-1
73,-1,3471.78,2045.60,366.30,109.94,0.12,-1,-1,-1
73,-1,1459.01,1807.64,745.50,354.95,0.10,-1,-1,-1
73,-1,1831.79,1802.88,268.15,175.61,0.10,-1,-1,-1
73,-1,1075.01,0.48,822.25,806.11,0.08,-1,-1,-1
73,-1,1140.45,919.80,27.40,23.02,0.07,-1,-1,-1
73,-1,2512.21,1928.54,827.44,227.98,0.07,-1,-1,-1
73,-1,3464.03,2059.24,373.68,97.67,0.06,-1,-1,-1
73,-1,2157.19,1807.89,834.36,345.43,0.06,-1,-1,-1
73,-1,2541.24,1942.46,815.75,214.57,0.05,-1,-1,-1
74,-1,465.76,160.66,88.83,140.42,0.85,-1,-1,-1
74,-1,1203.65,4.22,824.35,799.40,0.27,-1,-1,-1
74,-1,2356.25,2.21,821.69,801.71,0.27,-1,-1,-1
74,-1,660.60,4.79,822.03,798.50,0.25,-1,-1,-1
74,-1,2682.27,324.28,24.48,26.64,0.22,-1,-1,-1
74,-1,2577.78,0.00,826.20,776.69,0.22,-1,-1,-1
74,-1,1971.35,3.75,824.90,800.49,0.20,-1,-1,-1
74,-1,1652.78,3.77,822.27,800.75,0.13,-1,-1,-1
74,-1,2041.76,1798.48,24.66,9.67,0.12,-1,-1,-1
74,-1,1375.58,1453.73,11.35,10.14,0.12,-1,-1,-1
74,-1,102.82,4.36,432.45,713.48,0.11,-1,-1,-1
74,-1,3782.15,86.32,11.67,13.02,0.11,-1,-1,-1
74,-1,2.93,484.06,459.18,760.74,0.11,-1,-1,-1
74,-1,1391.85,1874.95,21.96,17.28,0.10,-1,-1,-1
74,-1,98.24,11.86,438.30,691.17,0.08,-1,-1,-1
74,-1,2329.12,1996.77,11.70,19.44,0.07,-1,-1,-1
74,-1,9.98,897.51,61.61,92.41,0.06,-1,-1,-1
74,-1,171.88,1.39,360.09,698.56,0.06,-1,-1,-1
74,-1,1215.77,1431.79,18.23,20.86,0.05,-1,-1,-1
74,-1,2042.13,1798.50,24.21,9.41,0.05,-1,-1,-1
75,-1,1247.02,1260.26,157.59,249.22,0.96,-1,-1,-1
75,-1,2709.91,0.36,170.80,99.75,0.95,-1,-1,-1
75,-1,1507.62,1021.72,253.50,422.94,0.95,-1,-1,-1
75,-1,1261.60,1837.25,166.11,276.68,0.94,-1,-1,-1
75,-1,1755.70,651.91,230.18,119.61,0.94,-1,-1,-1
75,-1,3105.77,370.53,213.86,250.55,0.93,-1,-1,-1
75,-1,1421.57,918.58,118.18,169.94,0.92,-1,-1,-1
75,-1,1150.08,990.64,144.38,214.90,0.90,-1,-1,-1
75,-1,1725.45,1513.46,181.66,279.19,0.89,-1,-1,-1
75,-1,1443.37,745.79,254.34,151.44,0.89,-1,-1,-1
75,-1,1312.59,1557.81,325.78,559.54,0.86,-1,-1,-1
75,-1,3239.20,2.14,279.58,165.79,0.79,-1,-1,-1
75,-1,463.08,1450.50,193.65,292.53,0.77,-1,-1,-1
75,-1,2794.37,215.24,175.20,121.72,0.76,-1,-1,-1
75,-1,2050.50,460.50,331.24,202.44,0.72,-1,-1,-1
75,-1,3152.21,242.03,683.66,837.40,0.68,-1,-1,-1
75,-1,320.47,1813.02,179.75,324.15,0.67,-1,-1,-1
75,-1,3485.01,0.57,245.35,86.46,0.66,-1,-1,-1
75,-1,3262.65,150.92,215.12,243.35,0.66,-1,-1,-1
75,-1,3485.41,417.98,351.37,566.33,0.60,-1,-1,-1
75,-1,2036.59,2.69,820.91,741.50,0.57,-1,-1,-1
75,-1,1352.48,2003.98,43.42,42.45,0.55,-1,-1,-1
75,-1,1421.00,1825.57,157.49,195.77,0.40,-1,-1,-1
75,-1,2222.96,217.06,95.61,69.91,0.39,-1,-1,-1
75,-1,118.40,258.63,785.97,799.99,0.37,-1,-1,-1
75,-1,3323.13,205.05,154.29,147.74,0.37,-1,-1,-1
75,-1,1328.37,1103.17,568.34,842.97,0.32,-1,-1,-1
75,-1,2794.07,215.20,175.16,122.09,0.32,-1,-1,-1
75,-1,2275.39,406.24,18.53,54.31,0.32,-1,-1,-1
75,-1,244.54,1350.11,344.99,792.23,0.30,-1,-1,-1
75,-1,2209.38,52.26,14.47,11.37,0.28,-1,-1,-1
75,-1,1313.78,1974.33,49.94,72.00,0.28,-1,-1,-1
75,-1,2940.99,-3.33,818.73,806.51,0.28,-1,-1,-1
75,-1,2957.76,1267.67,56.66,40.32,0.25,-1,-1,-1
75,-1,1554.64,184.82,825.96,606.77,0.24,-1,-1,-1
75,-1,447.50,1075.65,233.31,707.43,0.21,-1,-1,-1
75,-1,1363.64,476.54,816.25,403.26,0.18,-1,-1,-1
75,-1,461.10,1453.36,197.73,298.19,0.18,-1,-1,-1
75,-1,2690.46,32.94,30.09,20.91,0.16,-1,-1,-1
75,-1,3437.37,708.92,248.46,336.97,0.14,-1,-1,-1
75,-1,1204.86,931.35,532.85,849.87,0.14,-1,-1,-1
75,-1,2156.08,36.16,16.99,17.37,0.14,-1,-1,-1
75,-1,3150.62,3.43,341.25,416.09,0.13,-1,-1,-1
75,-1,1485.52,522.92,30.03,15.55,0.12,-1,-1,-1
75,-1,2253.45,2.20,825.94,499.60,0.12,-1,-1,-1
75,-1,1858.73,587.60,29.89,29.35,0.12,-1,-1,-1
75,-1,1871.66,319.50,61.87,68.57,0.11,-1,-1,-1
75,-1,1594.98,396.70,117.63,89.85,0.09,-1,-1,-1
75,-1,1645.59,398.27,65.54,55.89,0.09,-1,-1,-1
75,-1,1495.43,1385.08,495.64,783.70,0.08,-1,-1,-1
75,-1,2152.30,114.04,54.76,26.32,0.08,-1,-1,-1
75,-1,1646.95,740.46,11.87,27.01,0.08,-1,-1,-1
75,-1,2115.20,573.22,40.08,49.60,0.08,-1,-1,-1
75,-1,1642.30,396.23,67.74,57.65,0.08,-1,-1,-1
75,-1,3424.17,1677.97,16.69,17.97,0.07,-1,-1,-1
75,-1,1272.46,1869.85,17.54,42.97,0.07,-1,-1,-1
75,-1,2108.75,144.49,50.26,34.96,0.07,-1,-1,-1
75,-1,2222.66,217.29,95.86,69.44,0.07,-1,-1,-1
75,-1,1727.15,401.08,42.41,46.28,0.06,-1,-1,-1
75,-1,2540.37,289.70,64.22,56.16,0.06,-1,-1,-1
75,-1,3293.23,100.78,36.05,40.95,0.06,-1,-1,-1
75,-1,3423.19,1675.81,19.54,20.46,0.06,-1,-1,-1
75,-1,2540.63,289.72,63.94,56.48,0.06,-1,-1,-1
75,-1,2540.58,289.20,63.73,56.95,0.06,-1,-1,-1
75,-1,2968.00,1337.89,25.88,21.87,0.06,-1,-1,-1
75,-1,1872.18,263.08,41.89,20.14,0.05,-1,-1,-1
75,-1,3320.19,84.44,35.62,51.86,0.05,-1,-1,-1
75,-1,1241.10,372.90,12.44,17.09,0.05,-1,-1,-1
75,-1,1347.25,636.93,415.05,796.54,0.05,-1,-1,-1
75,-1,1725.96,1519.58,179.83,272.35,0.05,-1,-1,-1
75,-1,2512.15,4.01,44.54,22.69,0.05,-1,-1,-1
75,-1,3240.55,47.57,136.38,118.44,0.05,-1,-1,-1
75,-1,3.97,745.41,792.88,845.63,0.05,-1,-1,-1
75,-1,1769.35,397.18,39.32,43.81,0.05,-1,-1,-1
75,-1,2561.20,0.09,58.40,19.44,0.05,-1,-1,-1
