1,1,2910.51,250.33,38.32,43.72,0.86,-1,-1,-1
1,2,3193.51,305.02,116.70,88.76,0.84,-1,-1,-1
1,3,3641.96,273.73,197.11,100.97,0.82,-1,-1,-1
1,4,3452.30,630.24,85.93,54.09,0.80,-1,-1,-1
1,5,2959.20,112.56,59.54,62.56,0.80,-1,-1,-1
1,6,3523.13,502.93,73.28,92.92,0.78,-1,-1,-1
1,7,3054.93,447.28,55.14,44.10,0.77,-1,-1,-1
1,8,3536.15,461.44,61.72,57.80,0.74,-1,-1,-1
1,9,3705.86,274.60,79.94,62.49,0.74,-1,-1,-1
1,10,3012.76,295.10,82.72,65.32,0.72,-1,-1,-1
1,11,2509.25,49.73,33.84,62.76,0.69,-1,-1,-1
1,12,2950.89,333.88,56.71,38.08,0.60,-1,-1,-1
2,2,3246.01,315.13,114.63,87.23,0.84,-1,-1,-1
2,3,3664.39,273.43,192.73,99.17,0.91,-1,-1,-1
2,4,3506.57,623.07,81.25,51.10,0.84,-1,-1,-1
2,5,2984.92,86.66,48.74,50.96,0.54,-1,-1,-1
2,6,3564.56,511.54,63.46,79.44,0.71,-1,-1,-1
2,8,3568.00,452.64,78.46,73.77,0.69,-1,-1,-1
2,9,3747.02,273.68,80.32,62.78,0.83,-1,-1,-1
2,10,3013.15,325.84,55.69,43.83,0.54,-1,-1,-1
3,2,3293.85,324.79,120.94,92.15,0.75,-1,-1,-1
3,4,3550.67,615.65,83.38,52.07,0.88,-1,-1,-1
3,6,3619.49,511.57,61.63,76.32,0.71,-1,-1,-1
3,9,3736.77,274.74,106.07,83.13,0.82,-1,-1,-1
3,15,3085.50,294.59,89.77,71.00,0.77,-1,-1,-1
4,2,3354.43,329.79,124.35,95.15,0.85,-1,-1,-1
4,4,3598.02,608.80,83.41,51.09,0.88,-1,-1,-1
5,2,3409.47,330.03,121.85,93.48,0.83,-1,-1,-1
5,4,3639.83,602.55,85.00,50.96,0.87,-1,-1,-1
5,26,3177.70,280.30,104.13,90.02,0.67,-1,-1,-1
6,2,3470.78,326.25,130.30,100.11,0.88,-1,-1,-1
6,4,3692.30,593.83,86.87,51.19,0.84,-1,-1,-1
7,2,3522.35,316.43,153.21,118.93,0.93,-1,-1,-1
7,4,3750.60,587.02,84.56,49.99,0.71,-1,-1,-1
8,2,3578.58,309.63,164.19,129.26,0.88,-1,-1,-1
9,2,3639.45,304.72,164.73,131.21,0.86,-1,-1,-1
10,2,3699.00,303.52,151.25,121.14,0.72,-1,-1,-1
10,40,3477.52,247.31,83.61,69.08,0.80,-1,-1,-1
11,40,3528.69,241.26,81.51,67.09,0.90,-1,-1,-1
11,8,3625.67,435.51,61.92,57.17,0.76,-1,-1,-1
12,40,3593.02,240.10,74.88,61.42,0.71,-1,-1,-1
13,40,3658.25,245.13,66.27,53.81,0.89,-1,-1,-1
14,40,3681.52,243.00,62.83,50.61,0.61,-1,-1,-1
15,40,3729.60,243.12,66.93,53.66,0.73,-1,-1,-1
57,73,5.05,361.65,109.92,221.80,0.68,-1,-1,-1
59,73,69.85,485.03,39.41,78.32,0.70,-1,-1,-1
67,112,110.24,22.69,180.27,125.82,0.75,-1,-1,-1
68,112,100.95,41.18,182.02,127.32,0.79,-1,-1,-1
68,118,761.16,40.81,45.77,32.54,0.71,-1,-1,-1
70,127,1232.92,231.07,203.36,116.49,0.95,-1,-1,-1
70,128,1021.93,702.64,249.52,175.50,0.94,-1,-1,-1
70,129,1618.50,133.76,71.12,206.40,0.94,-1,-1,-1
70,130,1642.79,648.02,185.72,258.33,0.91,-1,-1,-1
70,131,1719.26,358.73,245.26,138.99,0.92,-1,-1,-1
70,132,1468.95,376.47,241.10,117.13,0.88,-1,-1,-1
70,133,2531.99,495.54,107.59,75.82,0.77,-1,-1,-1
70,134,2168.42,1520.18,87.65,84.30,0.87,-1,-1,-1
70,135,2909.20,426.75,48.28,48.22,0.76,-1,-1,-1
70,137,1526.70,221.75,61.92,74.46,0.82,-1,-1,-1
70,139,1608.00,518.27,77.89,107.13,0.87,-1,-1,-1
70,140,1611.48,1591.26,147.84,62.15,0.86,-1,-1,-1
70,141,2838.20,376.05,50.32,51.98,0.83,-1,-1,-1
70,142,1006.72,1175.05,157.90,156.21,0.84,-1,-1,-1
70,143,1450.29,1041.41,106.02,48.36,0.57,-1,-1,-1
70,144,806.70,1308.70,40.24,78.99,0.58,-1,-1,-1
70,145,1704.92,1972.14,67.15,82.74,0.60,-1,-1,-1
70,149,1488.34,1303.38,90.78,149.06,0.81,-1,-1,-1
71,127,1230.04,231.30,205.01,117.46,0.95,-1,-1,-1
71,128,1019.49,701.94,253.54,178.47,0.94,-1,-1,-1
71,129,1618.68,134.92,71.00,206.12,0.95,-1,-1,-1
71,130,1651.54,655.81,179.23,248.93,0.91,-1,-1,-1
71,131,1718.99,361.07,243.97,138.43,0.92,-1,-1,-1
71,132,1463.69,377.71,249.69,121.48,0.86,-1,-1,-1
71,133,2529.63,483.86,138.26,98.37,0.67,-1,-1,-1
71,134,2166.42,1522.93,88.34,84.99,0.88,-1,-1,-1
71,135,2910.21,430.15,45.20,45.13,0.80,-1,-1,-1
71,137,1528.71,223.86,62.09,74.71,0.80,-1,-1,-1
71,140,1601.36,1590.12,160.36,67.45,0.84,-1,-1,-1
71,141,2833.93,371.76,53.58,55.23,0.85,-1,-1,-1
71,142,1009.21,1175.59,152.89,151.61,0.71,-1,-1,-1
71,143,1433.40,1037.36,108.17,49.61,0.38,-1,-1,-1
71,144,818.95,1299.92,38.04,74.47,0.65,-1,-1,-1
71,145,1697.87,1972.44,68.77,85.17,0.54,-1,-1,-1
71,149,1484.48,1298.24,92.30,151.60,0.88,-1,-1,-1
71,153,2743.09,419.53,56.16,52.08,0.76,-1,-1,-1
71,154,1741.91,477.89,62.62,93.59,0.65,-1,-1,-1
72,127,1228.28,233.00,203.88,116.82,0.95,-1,-1,-1
72,128,1016.76,701.87,259.19,182.82,0.94,-1,-1,-1
72,129,1618.89,136.35,71.44,207.48,0.95,-1,-1,-1
72,130,1652.38,657.86,177.96,246.15,0.90,-1,-1,-1
72,131,1706.41,362.85,267.52,152.55,0.91,-1,-1,-1
72,132,1459.74,379.44,257.16,125.46,0.88,-1,-1,-1
72,133,2539.45,487.90,142.95,102.95,0.75,-1,-1,-1
72,134,2164.61,1525.36,89.65,86.31,0.89,-1,-1,-1
72,135,2907.86,432.09,49.05,49.14,0.84,-1,-1,-1
72,137,1527.94,227.51,61.95,74.24,0.79,-1,-1,-1
72,140,1591.74,1592.88,164.88,69.45,0.85,-1,-1,-1
72,141,2830.05,350.73,72.26,74.32,0.90,-1,-1,-1
72,142,1000.47,1180.78,165.95,165.49,0.87,-1,-1,-1
72,143,1437.78,1036.94,98.42,45.70,0.62,-1,-1,-1
72,145,1687.37,1969.19,69.61,86.95,0.82,-1,-1,-1
72,149,1480.83,1291.08,93.39,153.08,0.66,-1,-1,-1
72,153,2740.91,421.57,53.73,49.62,0.85,-1,-1,-1
72,157,1633.25,1432.54,56.47,73.08,0.81,-1,-1,-1
72,158,1573.60,477.02,46.52,49.29,0.69,-1,-1,-1
72,139,1606.55,522.95,78.73,108.27,0.52,-1,-1,-1
73,127,1226.73,234.57,203.75,116.77,0.95,-1,-1,-1
73,128,1016.64,705.27,258.92,183.13,0.94,-1,-1,-1
73,129,1620.00,137.52,71.71,208.40,0.95,-1,-1,-1
73,130,1648.03,658.78,179.99,247.40,0.92,-1,-1,-1
73,131,1708.74,364.21,263.57,151.05,0.93,-1,-1,-1
73,132,1454.87,381.63,263.21,128.95,0.85,-1,-1,-1
73,133,2573.76,493.15,106.16,76.87,0.69,-1,-1,-1
73,134,2161.45,1528.22,92.53,89.12,0.89,-1,-1,-1
73,135,2909.00,432.21,47.37,47.54,0.81,-1,-1,-1
73,137,1534.93,231.67,58.18,69.53,0.73,-1,-1,-1
73,140,1581.78,1594.33,174.44,73.83,0.87,-1,-1,-1
73,141,2829.51,333.15,87.46,89.64,0.74,-1,-1,-1
73,142,995.64,1184.38,170.04,170.63,0.76,-1,-1,-1
73,143,1443.28,1026.14,102.20,48.03,0.79,-1,-1,-1
73,145,1677.84,1968.16,65.88,82.84,0.82,-1,-1,-1
73,149,1501.86,1285.90,130.08,208.84,0.76,-1,-1,-1
73,153,2745.34,424.42,49.48,45.45,0.57,-1,-1,-1
73,157,1628.47,1439.96,55.61,71.95,0.71,-1,-1,-1
73,158,1571.43,476.93,48.31,51.27,0.77,-1,-1,-1
73,159,2018.82,274.11,43.31,59.31,0.70,-1,-1,-1
73,161,1757.90,1855.10,56.70,59.32,0.74,-1,-1,-1
73,162,2090.13,713.32,36.06,43.36,0.52,-1,-1,-1
73,139,1606.92,524.25,76.32,104.73,0.41,-1,-1,-1
73,144,846.58,1326.21,24.72,47.84,0.74,-1,-1,-1
74,127,1225.60,235.39,204.45,117.23,0.95,-1,-1,-1
74,128,1016.58,706.76,260.64,185.13,0.94,-1,-1,-1
74,129,1622.20,139.01,71.65,208.52,0.95,-1,-1,-1
74,130,1646.33,661.74,180.79,246.41,0.92,-1,-1,-1
74,131,1707.26,367.81,266.75,154.03,0.92,-1,-1,-1
74,132,1452.52,384.95,263.81,129.88,0.90,-1,-1,-1
74,133,2565.88,494.77,140.31,102.76,0.42,-1,-1,-1
74,134,2162.53,1537.31,87.82,84.15,0.79,-1,-1,-1
74,135,2910.73,428.38,47.85,48.07,0.76,-1,-1,-1
74,137,1538.11,233.28,58.22,69.12,0.77,-1,-1,-1
74,140,1575.79,1596.41,183.02,77.95,0.87,-1,-1,-1
74,141,2827.00,326.43,95.99,98.20,0.87,-1,-1,-1
74,142,994.81,1187.86,173.29,175.56,0.87,-1,-1,-1
74,143,1462.56,1029.01,79.50,36.61,0.69,-1,-1,-1
74,145,1670.59,1968.90,65.16,82.76,0.82,-1,-1,-1
74,149,1488.40,1282.58,112.72,179.80,0.89,-1,-1,-1
74,153,2748.25,426.84,47.61,43.36,0.78,-1,-1,-1
74,157,1622.27,1443.74,57.94,75.18,0.76,-1,-1,-1
74,158,1567.12,475.40,55.54,59.27,0.67,-1,-1,-1
74,159,2017.35,275.22,46.66,63.51,0.87,-1,-1,-1
74,161,1760.53,1861.56,52.06,54.57,0.66,-1,-1,-1
74,162,2088.56,715.11,40.89,49.24,0.59,-1,-1,-1
74,139,1606.56,527.99,78.54,107.69,0.75,-1,-1,-1
74,164,544.96,1180.18,101.81,104.59,0.76,-1,-1,-1
74,165,2265.08,1577.30,50.91,56.46,0.78,-1,-1,-1
74,166,82.82,701.27,124.19,185.55,0.84,-1,-1,-1
74,167,1685.31,2028.96,30.00,24.74,0.58,-1,-1,-1
74,168,2154.83,390.32,54.24,49.32,0.79,-1,-1,-1
74,169,1183.37,493.03,79.04,36.27,0.63,-1,-1,-1
75,127,1226.42,236.89,203.60,116.74,0.96,-1,-1,-1
75,128,1018.05,708.48,261.04,186.30,0.94,-1,-1,-1
75,129,1625.23,140.24,71.65,209.06,0.95,-1,-1,-1
75,130,1648.22,667.22,177.91,240.17,0.92,-1,-1,-1
75,131,1705.80,371.37,271.29,158.23,0.88,-1,-1,-1
75,132,1451.31,387.60,264.67,131.13,0.88,-1,-1,-1
75,133,2585.85,495.80,135.82,99.66,0.73,-1,-1,-1
75,134,2162.59,1542.22,87.76,83.48,0.89,-1,-1,-1
75,135,2914.25,422.60,48.62,48.92,0.53,-1,-1,-1
75,137,1541.58,235.34,56.55,66.62,0.69,-1,-1,-1
75,140,1576.49,1601.41,182.28,78.06,0.88,-1,-1,-1
75,141,2828.14,327.64,91.75,92.86,0.85,-1,-1,-1
75,142,995.04,1208.56,162.25,166.66,0.63,-1,-1,-1
75,143,1467.59,1022.34,78.91,35.78,0.22,-1,-1,-1
75,145,1667.16,1972.41,62.03,79.45,0.82,-1,-1,-1
75,149,1478.49,1279.64,101.67,160.99,0.88,-1,-1,-1
75,153,2750.73,429.02,46.52,41.74,0.85,-1,-1,-1
75,157,1630.26,1451.58,52.75,68.08,0.72,-1,-1,-1
75,158,1567.17,479.21,56.73,60.93,0.32,-1,-1,-1
75,159,2015.26,254.67,59.27,81.64,0.70,-1,-1,-1
75,161,1758.73,1863.88,50.91,53.64,0.67,-1,-1,-1
75,162,2094.52,716.31,33.01,39.48,0.71,-1,-1,-1
75,139,1608.21,529.72,78.83,108.03,0.83,-1,-1,-1
75,164,571.41,1182.19,109.66,113.51,0.83,-1,-1,-1
75,165,2268.08,1580.48,49.48,54.81,0.71,-1,-1,-1
75,166,78.04,701.34,131.87,197.06,0.89,-1,-1,-1
75,167,1678.41,2026.47,35.33,29.10,0.57,-1,-1,-1
75,168,2144.72,385.26,60.89,55.75,0.26,-1,-1,-1
75,169,1183.83,495.87,78.00,35.88,0.57,-1,-1,-1
75,171,1997.05,257.90,66.57,73.71,0.72,-1,-1,-1
75,172,1542.57,593.67,39.24,53.96,0.80,-1,-1,-1
75,174,2995.25,956.36,110.10,67.88,0.69,-1,-1,-1
76,127,1228.51,237.81,203.69,116.79,0.94,-1,-1,-1
76,128,1021.89,710.99,260.05,186.60,0.95,-1,-1,-1
76,129,1629.82,141.76,71.17,208.33,0.95,-1,-1,-1
76,130,1649.46,674.95,179.88,240.62,0.92,-1,-1,-1
76,131,1712.24,376.35,261.72,154.00,0.94,-1,-1,-1
76,132,1449.74,390.20,268.48,134.27,0.91,-1,-1,-1
76,133,2616.18,496.62,123.83,91.15,0.58,-1,-1,-1
76,134,2163.83,1547.18,87.69,82.12,0.83,-1,-1,-1
76,135,2910.20,411.80,69.18,70.99,0.88,-1,-1,-1
76,137,1554.11,240.82,47.50,55.95,0.58,-1,-1,-1
76,140,1576.18,1607.36,184.05,79.33,0.82,-1,-1,-1
76,141,2832.65,329.22,83.19,82.10,0.86,-1,-1,-1
76,142,997.78,1207.95,165.71,172.03,0.29,-1,-1,-1
76,143,1459.52,1009.45,94.38,43.01,0.51,-1,-1,-1
76,145,1666.04,1979.67,60.10,77.05,0.76,-1,-1,-1
76,149,1474.19,1276.76,97.52,153.27,0.86,-1,-1,-1
76,153,2755.01,429.54,47.95,42.59,0.82,-1,-1,-1
76,157,1627.10,1455.07,51.94,66.40,0.75,-1,-1,-1
76,158,1571.34,484.62,53.01,56.95,0.54,-1,-1,-1
76,159,2014.45,243.00,55.19,75.34,0.58,-1,-1,-1
76,161,1758.90,1866.64,51.67,54.79,0.26,-1,-1,-1
76,162,2099.42,716.02,28.90,34.16,0.51,-1,-1,-1
76,139,1609.87,531.69,79.75,108.88,0.83,-1,-1,-1
76,164,581.51,1197.47,75.83,74.86,0.79,-1,-1,-1
76,165,2276.95,1581.97,49.55,55.11,0.75,-1,-1,-1
76,166,70.87,690.27,148.69,221.37,0.77,-1,-1,-1
76,167,1675.99,2031.08,33.74,27.50,0.32,-1,-1,-1
76,168,2132.62,384.30,58.26,53.23,0.41,-1,-1,-1
76,169,1182.92,501.81,82.44,38.24,0.15,-1,-1,-1
76,171,1997.36,255.24,60.58,66.99,0.74,-1,-1,-1
76,172,1550.77,604.83,30.01,40.55,0.69,-1,-1,-1
76,174,3004.11,963.87,97.01,59.58,0.11,-1,-1,-1
76,180,1115.78,743.36,123.20,76.85,0.70,-1,-1,-1
77,127,1231.61,239.05,203.52,116.71,0.95,-1,-1,-1
77,128,1026.46,712.71,259.34,187.30,0.95,-1,-1,-1
77,129,1635.31,142.95,71.08,208.88,0.96,-1,-1,-1
77,130,1648.73,679.38,184.84,244.30,0.90,-1,-1,-1
77,131,1714.01,380.39,260.67,154.96,0.95,-1,-1,-1
77,132,1451.36,392.34,271.78,137.40,0.92,-1,-1,-1
77,133,2633.64,498.93,116.55,86.27,0.59,-1,-1,-1
77,134,2158.74,1555.18,85.02,78.15,0.86,-1,-1,-1
77,135,2909.92,403.11,76.62,79.37,0.88,-1,-1,-1
77,137,1553.28,242.48,47.83,55.00,0.74,-1,-1,-1
77,140,1571.74,1609.33,200.15,87.41,0.87,-1,-1,-1
77,141,2840.01,331.58,77.39,74.21,0.79,-1,-1,-1
77,142,1002.11,1203.62,163.47,171.10,0.26,-1,-1,-1
77,143,1445.31,995.41,114.45,53.90,0.81,-1,-1,-1
77,145,1660.82,1987.20,60.45,76.73,0.70,-1,-1,-1
77,149,1472.07,1273.32,96.64,149.93,0.89,-1,-1,-1
77,153,2754.13,430.66,58.47,51.98,0.80,-1,-1,-1
77,157,1627.16,1458.11,52.02,65.99,0.77,-1,-1,-1
77,158,1570.99,489.35,58.94,63.54,0.59,-1,-1,-1
77,159,2010.03,240.27,54.24,74.32,0.68,-1,-1,-1
77,161,1761.82,1871.30,52.54,56.27,0.56,-1,-1,-1
77,139,1614.82,533.95,79.97,109.39,0.79,-1,-1,-1
77,165,2282.20,1584.56,48.31,53.64,0.75,-1,-1,-1
77,166,66.85,685.20,158.48,233.60,0.76,-1,-1,-1
77,168,2138.45,386.09,48.13,44.11,0.63,-1,-1,-1
77,169,1188.03,507.27,86.19,40.29,0.27,-1,-1,-1
77,171,1995.65,255.77,56.60,62.60,0.81,-1,-1,-1
77,172,1552.95,590.51,42.40,56.59,0.86,-1,-1,-1
77,180,1116.61,745.01,129.27,81.16,0.72,-1,-1,-1
77,182,2258.78,1400.54,44.28,48.17,0.83,-1,-1,-1
78,127,1236.41,240.25,203.14,116.43,0.95,-1,-1,-1
78,128,1031.88,712.99,261.20,189.82,0.95,-1,-1,-1
78,129,1642.24,142.80,71.04,209.72,0.95,-1,-1,-1
78,130,1655.26,683.48,186.83,243.86,0.91,-1,-1,-1
78,131,1717.21,385.65,259.52,156.07,0.94,-1,-1,-1
78,132,1452.65,393.59,275.69,141.33,0.93,-1,-1,-1
78,133,2648.93,505.37,105.60,78.53,0.80,-1,-1,-1
78,134,2153.07,1559.65,84.03,77.03,0.72,-1,-1,-1
78,135,2917.16,397.63,75.55,78.43,0.89,-1,-1,-1
78,137,1555.19,243.26,50.05,56.02,0.54,-1,-1,-1
78,140,1569.81,1610.72,209.53,92.89,0.81,-1,-1,-1
78,141,2848.55,333.21,75.55,70.61,0.87,-1,-1,-1
78,142,1006.18,1193.82,170.09,179.30,0.20,-1,-1,-1
78,143,1442.09,988.75,119.54,58.45,0.65,-1,-1,-1
78,145,1658.06,2001.62,55.98,70.72,0.54,-1,-1,-1
78,149,1474.76,1269.70,96.22,147.85,0.74,-1,-1,-1
78,153,2764.56,431.37,52.09,45.45,0.87,-1,-1,-1
78,157,1630.14,1458.06,54.49,68.70,0.48,-1,-1,-1
78,158,1563.66,493.25,83.81,92.86,0.71,-1,-1,-1
78,161,1763.30,1874.66,59.17,64.66,0.55,-1,-1,-1
78,139,1620.85,534.95,81.16,112.16,0.80,-1,-1,-1
78,165,2287.90,1585.57,49.13,54.38,0.60,-1,-1,-1
78,166,67.58,721.36,143.84,208.12,0.71,-1,-1,-1
78,168,2130.18,370.27,54.21,49.21,0.73,-1,-1,-1
78,169,1182.86,504.97,105.83,50.58,0.82,-1,-1,-1
78,171,1990.20,249.27,58.82,65.73,0.75,-1,-1,-1
78,172,1553.12,576.82,52.44,69.84,0.61,-1,-1,-1
78,182,2264.39,1409.90,38.95,42.26,0.74,-1,-1,-1
79,127,1241.90,240.69,204.35,117.14,0.95,-1,-1,-1
79,128,1038.93,714.15,260.39,190.55,0.94,-1,-1,-1
79,129,1650.09,143.22,70.74,210.00,0.96,-1,-1,-1
79,130,1661.47,693.78,182.52,234.01,0.92,-1,-1,-1
79,131,1721.97,389.06,257.93,156.99,0.95,-1,-1,-1
79,132,1458.02,394.98,277.15,144.25,0.94,-1,-1,-1
79,133,2657.78,513.16,96.22,70.69,0.75,-1,-1,-1
79,134,2156.57,1562.14,84.69,77.31,0.63,-1,-1,-1
79,135,2936.78,394.94,59.83,60.74,0.83,-1,-1,-1
79,137,1566.46,247.70,47.90,53.42,0.68,-1,-1,-1
79,140,1575.12,1612.66,211.83,95.45,0.68,-1,-1,-1
79,141,2858.37,333.96,74.68,67.98,0.89,-1,-1,-1
79,145,1657.24,2007.20,55.97,70.73,0.13,-1,-1,-1
79,149,1478.76,1266.96,96.57,146.87,0.87,-1,-1,-1
79,153,2770.64,431.37,51.24,43.54,0.87,-1,-1,-1
79,157,1634.94,1457.26,57.41,72.50,0.24,-1,-1,-1
79,158,1580.93,494.15,68.12,75.69,0.65,-1,-1,-1
79,161,1768.78,1877.31,61.45,68.64,0.55,-1,-1,-1
79,139,1624.02,533.91,79.88,110.01,0.85,-1,-1,-1
79,165,2294.47,1585.86,50.56,55.65,0.67,-1,-1,-1
79,166,80.71,740.91,136.70,191.40,0.66,-1,-1,-1
79,168,2135.27,375.65,50.24,45.55,0.62,-1,-1,-1
79,169,1182.52,507.56,116.47,57.29,0.57,-1,-1,-1
79,171,1995.34,247.91,58.02,64.82,0.78,-1,-1,-1
79,172,1558.16,577.14,54.86,72.85,0.75,-1,-1,-1
79,182,2259.97,1419.29,39.66,42.85,0.64,-1,-1,-1
79,183,1111.77,1567.92,36.71,56.24,0.71,-1,-1,-1
79,159,2010.15,248.87,51.60,70.72,0.71,-1,-1,-1
79,180,1116.22,740.06,135.71,86.98,0.59,-1,-1,-1
80,127,1250.59,241.45,204.76,117.38,0.95,-1,-1,-1
80,128,1048.73,714.63,261.14,192.61,0.96,-1,-1,-1
80,129,1661.80,143.86,70.23,209.73,0.95,-1,-1,-1
80,130,1669.15,697.25,183.91,232.39,0.91,-1,-1,-1
80,131,1729.68,391.74,257.18,158.56,0.95,-1,-1,-1
80,132,1465.14,396.09,280.70,148.62,0.95,-1,-1,-1
80,133,2670.67,519.28,94.76,68.74,0.76,-1,-1,-1
80,135,2954.65,393.08,51.56,51.07,0.79,-1,-1,-1
80,137,1566.77,248.44,51.88,56.48,0.78,-1,-1,-1
80,140,1584.57,1615.67,210.55,96.46,0.60,-1,-1,-1
80,141,2872.92,335.72,72.37,64.06,0.85,-1,-1,-1
80,149,1485.08,1264.41,98.05,147.53,0.89,-1,-1,-1
80,153,2778.79,431.28,53.49,44.34,0.73,-1,-1,-1
80,157,1645.28,1460.28,56.38,71.46,0.21,-1,-1,-1
80,158,1595.07,499.77,57.98,64.72,0.51,-1,-1,-1
80,161,1778.01,1879.93,60.89,69.87,0.58,-1,-1,-1
80,139,1605.27,535.29,89.10,116.51,0.85,-1,-1,-1
80,165,2306.32,1587.84,49.96,54.63,0.27,-1,-1,-1
80,166,83.75,754.70,134.82,186.52,0.73,-1,-1,-1
80,168,2133.90,369.89,50.26,45.54,0.57,-1,-1,-1
80,169,1198.55,515.88,106.06,53.58,0.66,-1,-1,-1
80,171,2003.91,253.58,50.22,55.17,0.72,-1,-1,-1
80,182,2256.91,1422.75,44.46,48.03,0.26,-1,-1,-1
80,180,1130.58,748.15,126.33,82.74,0.65,-1,-1,-1
80,162,2110.09,704.50,50.60,60.34,0.53,-1,-1,-1
80,164,636.44,1234.69,47.16,41.62,0.66,-1,-1,-1
80,143,1445.88,979.66,121.51,62.05,0.70,-1,-1,-1
81,127,1262.01,242.10,204.89,117.49,0.96,-1,-1,-1
81,128,1059.87,714.50,263.41,196.19,0.96,-1,-1,-1
81,129,1676.47,144.89,69.62,209.10,0.94,-1,-1,-1
81,130,1678.15,695.59,190.59,238.53,0.92,-1,-1,-1
81,131,1740.78,393.40,256.99,160.65,0.95,-1,-1,-1
81,132,1476.47,398.19,279.85,150.91,0.91,-1,-1,-1
81,133,2696.60,524.33,89.04,65.03,0.46,-1,-1,-1
81,135,2971.40,391.09,48.28,46.84,0.82,-1,-1,-1
81,137,1576.14,250.32,54.19,58.16,0.63,-1,-1,-1
81,140,1601.87,1619.88,200.69,93.17,0.89,-1,-1,-1
81,141,2888.70,336.17,71.59,62.00,0.86,-1,-1,-1
81,149,1493.02,1261.86,100.28,149.52,0.90,-1,-1,-1
81,153,2786.52,432.03,62.79,51.74,0.80,-1,-1,-1
81,157,1654.30,1464.88,55.68,70.73,0.28,-1,-1,-1
81,161,1791.94,1887.05,52.97,61.30,0.44,-1,-1,-1
81,139,1633.84,538.71,83.22,108.64,0.65,-1,-1,-1
81,165,2329.46,1590.53,46.19,51.39,0.58,-1,-1,-1
81,166,86.57,765.47,135.08,185.34,0.85,-1,-1,-1
81,168,2138.04,366.67,50.56,45.74,0.13,-1,-1,-1
81,171,2009.18,260.00,45.26,47.67,0.76,-1,-1,-1
81,180,1157.46,753.11,96.69,64.13,0.58,-1,-1,-1
81,162,2118.10,702.98,50.12,60.77,0.27,-1,-1,-1
81,164,650.25,1237.38,53.75,43.21,0.60,-1,-1,-1
81,143,1460.07,973.18,109.91,57.93,0.55,-1,-1,-1
81,183,1139.69,1576.86,25.31,37.22,0.62,-1,-1,-1
81,159,2006.22,266.99,41.77,50.72,0.70,-1,-1,-1
82,127,1287.59,242.92,204.99,117.58,0.96,-1,-1,-1
82,128,1088.92,718.26,260.96,195.88,0.94,-1,-1,-1
82,129,1706.27,145.89,69.35,209.62,0.96,-1,-1,-1
82,130,1700.39,708.34,191.07,233.86,0.91,-1,-1,-1
82,131,1763.39,396.32,260.14,165.40,0.94,-1,-1,-1
82,132,1501.51,401.93,278.95,153.26,0.94,-1,-1,-1
82,135,2997.71,385.25,48.95,46.84,0.59,-1,-1,-1
82,137,1597.33,254.45,59.15,63.30,0.78,-1,-1,-1
82,140,1649.87,1616.38,185.12,87.00,0.51,-1,-1,-1
82,141,2917.15,332.24,73.91,63.65,0.84,-1,-1,-1
82,149,1512.70,1255.96,102.79,151.30,0.88,-1,-1,-1
82,153,2816.68,432.32,61.00,49.88,0.79,-1,-1,-1
82,157,1678.74,1475.84,55.25,70.01,0.52,-1,-1,-1
82,161,1818.61,1883.15,51.06,60.00,0.67,-1,-1,-1
82,139,1667.64,551.14,79.97,102.46,0.64,-1,-1,-1
82,165,2355.15,1591.62,47.13,51.78,0.68,-1,-1,-1
82,166,107.10,775.13,138.69,188.86,0.85,-1,-1,-1
82,180,1180.82,741.10,110.43,75.06,0.79,-1,-1,-1
82,159,2015.69,265.92,40.85,47.17,0.24,-1,-1,-1
82,172,1607.20,596.84,48.89,63.40,0.77,-1,-1,-1
83,127,1307.06,243.45,205.53,117.97,0.95,-1,-1,-1
83,128,1111.57,719.89,259.02,196.02,0.95,-1,-1,-1
83,129,1728.65,146.18,69.08,210.17,0.95,-1,-1,-1
83,130,1716.59,707.91,197.97,238.11,0.91,-1,-1,-1
83,131,1781.85,398.40,259.22,167.65,0.95,-1,-1,-1
83,132,1521.13,403.81,278.04,155.80,0.94,-1,-1,-1
83,135,3016.15,380.19,49.24,46.73,0.73,-1,-1,-1
83,137,1614.53,258.52,62.33,66.77,0.62,-1,-1,-1
83,141,2941.00,332.99,69.17,59.19,0.88,-1,-1,-1
83,149,1525.74,1250.00,109.19,159.31,0.88,-1,-1,-1
83,153,2835.72,432.37,63.22,51.19,0.85,-1,-1,-1
83,157,1694.75,1474.07,61.61,79.20,0.55,-1,-1,-1
83,161,1834.63,1889.67,47.26,54.69,0.51,-1,-1,-1
83,139,1695.08,557.69,73.96,92.39,0.64,-1,-1,-1
83,165,2374.04,1594.52,47.46,51.20,0.21,-1,-1,-1
83,166,123.62,780.85,143.03,193.09,0.86,-1,-1,-1
83,180,1196.56,737.76,118.57,83.00,0.78,-1,-1,-1
83,159,2004.11,272.81,51.18,57.42,0.67,-1,-1,-1
83,190,2250.50,1588.53,77.31,68.50,0.76,-1,-1,-1
83,191,760.46,1344.93,79.36,83.75,0.81,-1,-1,-1
83,192,2994.09,1526.48,92.41,86.72,0.77,-1,-1,-1
83,193,1661.73,512.13,53.44,64.02,0.67,-1,-1,-1
83,195,1778.19,1229.84,34.41,39.53,0.78,-1,-1,-1
83,172,1625.64,607.43,45.67,57.85,0.73,-1,-1,-1
83,143,1519.41,962.20,92.50,49.93,0.67,-1,-1,-1
84,127,1329.59,245.13,203.42,116.62,0.95,-1,-1,-1
84,128,1135.52,722.13,256.77,196.01,0.95,-1,-1,-1
84,129,1752.45,146.43,68.68,210.16,0.92,-1,-1,-1
84,130,1733.50,708.27,204.52,242.53,0.91,-1,-1,-1
84,131,1803.71,401.70,254.34,167.07,0.95,-1,-1,-1
84,132,1543.25,405.62,275.21,157.29,0.93,-1,-1,-1
84,135,3029.78,375.06,62.45,60.82,0.76,-1,-1,-1
84,137,1634.32,262.75,65.39,69.97,0.82,-1,-1,-1
84,141,2967.11,332.51,66.57,57.09,0.87,-1,-1,-1
84,149,1548.46,1252.76,87.40,126.88,0.84,-1,-1,-1
84,153,2859.49,432.35,65.83,54.22,0.86,-1,-1,-1
84,157,1717.55,1484.50,55.95,71.85,0.71,-1,-1,-1
84,161,1854.40,1887.72,47.89,54.63,0.70,-1,-1,-1
84,139,1725.13,564.56,71.22,87.00,0.58,-1,-1,-1
84,165,2399.77,1594.56,48.75,52.90,0.72,-1,-1,-1
84,166,140.03,788.07,143.92,191.89,0.79,-1,-1,-1
84,180,1209.59,731.61,137.79,100.24,0.78,-1,-1,-1
84,159,1995.84,273.26,66.69,71.93,0.80,-1,-1,-1
84,190,2275.54,1590.84,75.23,66.73,0.58,-1,-1,-1
84,191,785.87,1344.45,76.28,80.38,0.84,-1,-1,-1
84,192,3016.06,1529.25,93.44,87.63,0.77,-1,-1,-1
84,193,1677.85,516.66,54.20,65.09,0.54,-1,-1,-1
84,143,1543.13,956.12,106.43,60.08,0.75,-1,-1,-1
85,127,1351.56,245.56,204.35,117.17,0.95,-1,-1,-1
85,128,1159.89,723.74,254.82,195.98,0.95,-1,-1,-1
85,129,1777.47,146.86,68.35,210.55,0.96,-1,-1,-1
85,130,1752.27,714.59,205.20,240.45,0.80,-1,-1,-1
85,131,1826.29,405.63,250.87,167.01,0.95,-1,-1,-1
85,132,1565.78,407.89,272.40,158.86,0.90,-1,-1,-1
85,135,3055.86,371.23,54.84,53.27,0.66,-1,-1,-1
85,137,1659.21,266.09,68.17,73.29,0.79,-1,-1,-1
85,141,2991.55,332.10,67.62,58.72,0.80,-1,-1,-1
85,149,1585.02,1267.45,58.88,83.81,0.75,-1,-1,-1
85,153,2881.71,432.70,63.13,52.12,0.82,-1,-1,-1
85,157,1744.74,1495.66,49.30,62.99,0.60,-1,-1,-1
85,161,1879.56,1905.62,31.93,34.41,0.72,-1,-1,-1
85,139,1745.88,563.63,76.15,92.13,0.77,-1,-1,-1
85,165,2422.66,1597.67,48.96,52.38,0.41,-1,-1,-1
85,166,161.15,793.49,145.23,192.67,0.85,-1,-1,-1
85,180,1231.30,729.04,139.60,105.43,0.77,-1,-1,-1
85,159,1992.30,269.11,91.02,94.10,0.85,-1,-1,-1
85,190,2301.29,1585.05,79.73,70.62,0.69,-1,-1,-1
85,191,814.41,1349.80,72.54,76.24,0.80,-1,-1,-1
85,192,3051.16,1534.31,51.97,47.82,0.56,-1,-1,-1
85,193,1697.57,523.24,53.61,64.07,0.61,-1,-1,-1
85,200,2288.83,1631.73,48.43,34.96,0.74,-1,-1,-1
85,203,1731.93,1990.27,53.76,88.87,0.60,-1,-1,-1
85,206,2837.02,529.82,119.55,73.47,0.56,-1,-1,-1
85,207,1642.90,278.74,124.99,94.62,0.71,-1,-1,-1
85,172,1666.78,624.86,40.96,48.81,0.68,-1,-1,-1
86,127,1375.82,246.41,203.90,116.84,0.95,-1,-1,-1
86,128,1186.07,725.80,252.63,195.76,0.94,-1,-1,-1
86,129,1804.22,148.11,67.77,209.98,0.95,-1,-1,-1
86,130,1776.78,719.60,207.18,238.66,0.89,-1,-1,-1
86,131,1850.42,411.00,245.93,165.66,0.94,-1,-1,-1
86,132,1591.31,409.97,269.39,160.04,0.93,-1,-1,-1
86,135,3084.77,370.10,49.73,48.03,0.60,-1,-1,-1
86,137,1683.26,269.31,72.97,78.60,0.81,-1,-1,-1
86,141,3018.79,331.47,67.09,59.16,0.82,-1,-1,-1
86,153,2906.47,432.96,61.60,50.95,0.74,-1,-1,-1
86,157,1769.30,1500.40,46.87,59.11,0.51,-1,-1,-1
86,161,1901.42,1889.66,45.90,49.68,0.72,-1,-1,-1
86,139,1722.17,543.30,108.98,127.95,0.65,-1,-1,-1
86,165,2447.54,1599.22,49.17,51.40,0.68,-1,-1,-1
86,166,183.83,800.49,149.85,198.11,0.90,-1,-1,-1
86,180,1264.13,730.47,126.11,98.25,0.77,-1,-1,-1
86,159,1987.81,268.13,112.33,112.53,0.64,-1,-1,-1
86,190,2332.05,1591.29,75.91,66.79,0.69,-1,-1,-1
86,191,844.86,1346.18,72.54,75.41,0.55,-1,-1,-1
86,200,2311.02,1635.45,49.98,36.11,0.85,-1,-1,-1
86,203,1746.99,1999.57,50.91,83.82,0.68,-1,-1,-1
86,206,2875.58,531.39,124.15,76.93,0.62,-1,-1,-1
86,207,1660.08,273.84,140.20,106.55,0.79,-1,-1,-1
86,210,1333.24,571.92,88.77,39.16,0.56,-1,-1,-1
86,212,1221.54,1651.97,111.92,55.28,0.55,-1,-1,-1
86,143,1602.26,942.80,104.03,60.93,0.57,-1,-1,-1
87,127,1415.94,247.49,203.93,116.79,0.95,-1,-1,-1
87,128,1226.45,729.51,250.06,195.11,0.95,-1,-1,-1
87,129,1847.37,148.06,67.51,210.39,0.96,-1,-1,-1
87,130,1816.36,724.61,206.45,234.34,0.91,-1,-1,-1
87,131,1889.71,418.52,239.08,162.25,0.95,-1,-1,-1
87,132,1631.01,412.86,268.32,162.57,0.93,-1,-1,-1
87,137,1730.22,275.68,70.04,76.66,0.72,-1,-1,-1
87,141,3058.58,329.97,70.88,63.46,0.85,-1,-1,-1
87,153,2943.27,432.70,69.19,58.61,0.85,-1,-1,-1
87,161,1936.57,1893.55,43.34,46.79,0.51,-1,-1,-1
87,139,1762.34,536.76,75.68,89.70,0.65,-1,-1,-1
87,166,222.84,809.84,146.24,191.90,0.86,-1,-1,-1
87,180,1310.80,736.92,134.69,107.29,0.81,-1,-1,-1
87,191,894.69,1346.22,73.23,75.38,0.77,-1,-1,-1
87,203,1778.45,1984.44,61.04,100.29,0.73,-1,-1,-1
87,207,1701.64,272.98,153.42,117.69,0.63,-1,-1,-1
87,210,1361.29,577.95,89.83,39.90,0.60,-1,-1,-1
87,212,1218.48,1651.46,163.23,81.83,0.86,-1,-1,-1
88,127,1468.72,248.33,205.07,117.40,0.95,-1,-1,-1
88,128,1279.90,730.46,250.76,197.18,0.95,-1,-1,-1
88,130,1877.75,732.04,201.00,223.81,0.90,-1,-1,-1
88,131,1939.95,426.96,236.46,161.60,0.93,-1,-1,-1
88,132,1683.92,417.23,264.10,163.03,0.94,-1,-1,-1
88,166,274.04,819.31,147.65,192.38,0.90,-1,-1,-1
88,180,1368.67,738.16,132.03,107.10,0.71,-1,-1,-1
88,191,959.44,1344.87,70.38,71.05,0.74,-1,-1,-1
88,203,1830.19,1988.71,54.50,87.96,0.88,-1,-1,-1
88,207,1775.34,277.70,107.83,83.90,0.70,-1,-1,-1
88,135,3129.56,338.28,65.10,63.71,0.81,-1,-1,-1
89,127,1508.31,248.97,205.06,117.31,0.95,-1,-1,-1
89,128,1320.08,729.54,251.16,199.26,0.95,-1,-1,-1
89,130,1917.27,734.37,203.26,223.32,0.91,-1,-1,-1
89,131,1977.44,432.72,232.15,159.23,0.94,-1,-1,-1
89,132,1724.49,419.89,260.04,163.34,0.95,-1,-1,-1
89,166,314.29,825.95,147.15,189.43,0.91,-1,-1,-1
89,180,1423.21,758.81,109.80,87.30,0.71,-1,-1,-1
89,191,1003.00,1345.83,72.79,72.48,0.83,-1,-1,-1
89,203,1874.93,1992.59,47.89,75.29,0.76,-1,-1,-1
89,207,1806.49,283.43,105.83,81.85,0.68,-1,-1,-1
89,224,3094.80,548.22,82.52,69.79,0.68,-1,-1,-1
89,228,3043.35,438.35,57.33,71.12,0.80,-1,-1,-1
89,135,3154.84,332.39,68.96,67.36,0.84,-1,-1,-1
89,159,1913.08,175.84,178.33,192.68,0.95,-1,-1,-1
89,212,1285.76,1673.44,146.91,74.69,0.53,-1,-1,-1
90,127,1541.88,249.35,204.48,116.88,0.95,-1,-1,-1
90,128,1354.68,728.30,252.30,202.17,0.95,-1,-1,-1
90,130,1945.61,735.97,206.29,222.45,0.87,-1,-1,-1
90,131,2008.95,436.89,230.92,158.96,0.95,-1,-1,-1
90,132,1758.98,421.86,256.11,163.43,0.95,-1,-1,-1
90,166,346.67,830.01,148.63,189.59,0.90,-1,-1,-1
90,180,1457.76,753.55,115.21,92.10,0.53,-1,-1,-1
90,191,1040.58,1344.26,75.30,74.69,0.71,-1,-1,-1
90,203,1901.99,1988.32,47.47,72.58,0.47,-1,-1,-1
90,207,1862.66,285.97,66.33,51.23,0.80,-1,-1,-1
90,224,3135.01,549.92,75.43,63.58,0.55,-1,-1,-1
90,228,3065.41,443.85,58.26,71.96,0.73,-1,-1,-1
90,135,3188.58,331.42,69.19,68.55,0.77,-1,-1,-1
90,235,2621.50,1601.68,65.69,74.38,0.91,-1,-1,-1
90,240,3261.12,350.09,61.59,52.38,0.77,-1,-1,-1
90,244,2474.45,1633.39,47.11,71.87,0.76,-1,-1,-1
90,159,1922.58,157.66,177.98,206.48,0.95,-1,-1,-1
90,212,1350.15,1698.53,110.23,55.47,0.73,-1,-1,-1
90,154,1711.04,533.50,47.29,66.33,0.73,-1,-1,-1
91,127,1584.46,245.52,204.64,116.97,0.95,-1,-1,-1
91,128,1398.63,724.31,253.35,205.39,0.94,-1,-1,-1
91,130,1992.10,751.35,194.89,203.45,0.80,-1,-1,-1
91,131,2050.03,438.99,226.80,156.54,0.95,-1,-1,-1
91,132,1802.51,421.35,252.21,163.28,0.95,-1,-1,-1
91,166,396.96,852.78,127.49,161.68,0.17,-1,-1,-1
91,203,1940.62,1980.01,48.30,72.08,0.77,-1,-1,-1
91,207,1922.07,282.86,50.73,39.14,0.65,-1,-1,-1
91,228,3113.27,452.25,51.84,63.10,0.66,-1,-1,-1
91,240,3250.55,337.11,71.24,60.79,0.87,-1,-1,-1
91,159,1960.76,145.58,171.94,213.48,0.95,-1,-1,-1
91,193,1747.66,527.64,53.24,63.37,0.66,-1,-1,-1
92,127,1629.68,233.83,205.28,117.40,0.95,-1,-1,-1
92,128,1447.77,714.27,251.01,205.26,0.93,-1,-1,-1
92,130,2035.21,754.97,191.71,195.53,0.84,-1,-1,-1
92,131,2092.81,433.22,224.76,155.26,0.95,-1,-1,-1
92,132,1848.57,413.04,248.43,162.96,0.89,-1,-1,-1
92,166,455.58,824.13,125.26,158.25,0.62,-1,-1,-1
92,203,1970.95,1962.86,53.25,77.45,0.83,-1,-1,-1
92,207,1972.67,267.98,52.15,39.97,0.73,-1,-1,-1
92,228,3168.82,449.19,45.38,53.96,0.63,-1,-1,-1
92,240,3282.45,325.02,70.83,60.42,0.68,-1,-1,-1
92,159,2011.66,131.56,162.81,215.39,0.94,-1,-1,-1
92,142,1098.44,1225.60,74.56,69.24,0.67,-1,-1,-1
92,158,1603.03,579.72,39.75,41.82,0.57,-1,-1,-1
92,180,1538.32,741.37,104.08,85.84,0.76,-1,-1,-1
93,127,1659.56,222.22,205.69,117.67,0.95,-1,-1,-1
93,128,1479.83,703.47,247.88,204.18,0.94,-1,-1,-1
93,130,2060.38,749.62,185.71,186.18,0.87,-1,-1,-1
93,131,2119.44,424.73,224.27,154.97,0.95,-1,-1,-1
93,132,1879.70,403.70,244.51,162.21,0.92,-1,-1,-1
93,203,2001.38,1946.73,52.91,76.40,0.30,-1,-1,-1
93,207,2000.00,255.47,54.69,41.53,0.82,-1,-1,-1
93,228,3199.38,440.56,46.16,53.56,0.71,-1,-1,-1
93,240,3315.37,314.36,66.54,56.78,0.79,-1,-1,-1
93,159,2049.08,118.65,153.38,215.39,0.95,-1,-1,-1
93,266,2016.21,510.82,44.79,56.35,0.79,-1,-1,-1
93,267,3299.35,507.11,93.30,74.40,0.80,-1,-1,-1
93,269,2741.60,1582.56,45.84,65.43,0.73,-1,-1,-1
93,270,1495.37,1662.61,82.59,79.74,0.59,-1,-1,-1
93,158,1615.74,573.08,46.88,49.17,0.76,-1,-1,-1
93,180,1560.79,723.48,115.14,97.79,0.71,-1,-1,-1
93,165,2573.62,1616.08,57.78,61.31,0.64,-1,-1,-1
94,127,1692.20,199.23,204.39,116.81,0.95,-1,-1,-1
94,128,1514.94,682.65,242.00,199.94,0.95,-1,-1,-1
94,130,2095.82,730.38,185.94,182.74,0.87,-1,-1,-1
94,131,2148.62,406.73,221.95,153.16,0.95,-1,-1,-1
94,132,1912.38,383.14,240.10,160.81,0.95,-1,-1,-1
94,203,2018.26,1918.74,58.82,83.16,0.83,-1,-1,-1
94,207,2049.68,231.47,58.34,42.94,0.88,-1,-1,-1
94,240,3348.04,291.60,65.91,55.88,0.74,-1,-1,-1
94,159,2088.70,94.49,145.44,216.33,0.95,-1,-1,-1
94,266,2038.70,495.81,45.34,56.79,0.76,-1,-1,-1
94,267,3320.30,486.29,113.01,90.53,0.65,-1,-1,-1
94,270,1508.75,1626.19,115.24,110.81,0.87,-1,-1,-1
94,158,1635.12,554.66,50.55,53.50,0.81,-1,-1,-1
94,180,1598.79,699.30,110.82,96.71,0.67,-1,-1,-1
94,273,2497.38,1408.07,32.93,44.93,0.52,-1,-1,-1
94,280,2373.44,329.49,182.67,69.03,0.51,-1,-1,-1
94,162,2102.37,691.57,191.90,217.28,0.74,-1,-1,-1
94,235,2600.07,1594.40,68.03,77.60,0.83,-1,-1,-1
94,166,555.79,878.09,48.72,52.73,0.65,-1,-1,-1
95,127,1714.26,177.12,204.46,116.81,0.95,-1,-1,-1
95,128,1537.80,663.11,238.05,196.86,0.95,-1,-1,-1
95,131,2167.19,387.81,221.79,153.04,0.95,-1,-1,-1
95,132,1934.65,362.78,237.23,160.16,0.94,-1,-1,-1
95,203,2028.11,1892.32,62.21,88.21,0.74,-1,-1,-1
95,207,2088.81,208.44,60.47,42.01,0.73,-1,-1,-1
95,240,3372.92,269.83,69.03,58.68,0.77,-1,-1,-1
95,159,2118.66,72.31,137.54,215.94,0.96,-1,-1,-1
95,266,2050.98,473.54,48.36,60.05,0.66,-1,-1,-1
95,270,1516.48,1597.33,129.68,124.91,0.85,-1,-1,-1
95,158,1650.59,534.26,51.89,55.82,0.81,-1,-1,-1
95,180,1626.03,676.76,113.35,100.28,0.67,-1,-1,-1
95,280,2381.96,312.29,189.93,72.39,0.80,-1,-1,-1
95,284,2224.02,301.46,95.40,109.53,0.81,-1,-1,-1
95,162,2114.72,690.63,196.47,209.37,0.83,-1,-1,-1
95,228,3247.18,397.96,58.79,66.57,0.77,-1,-1,-1
96,127,1731.29,153.65,204.88,117.01,0.95,-1,-1,-1
96,128,1555.30,641.71,235.17,194.25,0.96,-1,-1,-1
96,131,2180.52,367.00,222.77,153.76,0.95,-1,-1,-1
96,132,1952.76,341.13,234.07,159.07,0.94,-1,-1,-1
96,207,2105.73,185.43,88.94,60.64,0.71,-1,-1,-1
96,240,3389.40,247.30,67.55,56.73,0.84,-1,-1,-1
96,159,2143.36,48.96,130.23,215.07,0.95,-1,-1,-1
96,266,2062.45,450.25,50.68,62.27,0.53,-1,-1,-1
96,270,1544.65,1578.09,127.93,121.62,0.81,-1,-1,-1
96,158,1665.21,509.92,51.36,55.61,0.56,-1,-1,-1
96,180,1646.31,654.44,106.88,95.53,0.78,-1,-1,-1
96,280,2388.26,290.68,188.02,72.42,0.58,-1,-1,-1
96,284,2240.64,307.09,72.64,83.02,0.69,-1,-1,-1
96,162,2124.29,684.08,187.89,196.04,0.90,-1,-1,-1
96,290,2008.76,1318.79,166.74,144.33,0.77,-1,-1,-1
96,228,3264.49,377.83,61.57,67.59,0.83,-1,-1,-1
96,130,2126.97,673.04,216.49,208.29,0.63,-1,-1,-1
96,267,3369.52,448.53,102.94,82.64,0.51,-1,-1,-1
96,235,2610.67,1572.42,57.04,64.71,0.73,-1,-1,-1
97,127,1753.64,113.19,205.20,117.19,0.95,-1,-1,-1
97,128,1577.29,602.29,232.70,191.52,0.94,-1,-1,-1
97,131,2197.94,329.60,224.14,154.89,0.95,-1,-1,-1
97,132,1973.91,305.31,228.59,155.64,0.95,-1,-1,-1
97,207,2131.50,148.71,94.84,63.67,0.75,-1,-1,-1
97,159,2172.45,14.05,121.70,210.65,0.94,-1,-1,-1
97,266,2082.53,412.72,45.68,55.66,0.70,-1,-1,-1
97,270,1557.02,1522.56,158.87,151.76,0.51,-1,-1,-1
97,180,1678.15,625.95,89.38,78.20,0.63,-1,-1,-1
97,284,2247.93,245.51,98.54,112.68,0.72,-1,-1,-1
97,290,2024.91,1277.71,150.40,130.03,0.85,-1,-1,-1
97,130,2156.81,644.51,204.81,191.10,0.75,-1,-1,-1
97,141,3282.99,334.02,67.12,56.94,0.87,-1,-1,-1
98,127,1769.60,78.83,205.12,117.15,0.95,-1,-1,-1
98,128,1594.43,568.31,230.52,189.07,0.94,-1,-1,-1
98,131,2211.74,297.94,223.80,154.59,0.95,-1,-1,-1
98,132,1988.68,274.95,224.04,152.33,0.94,-1,-1,-1
98,207,2151.25,112.96,92.71,60.17,0.63,-1,-1,-1
98,159,2196.92,1.11,106.52,190.77,0.88,-1,-1,-1
98,266,2092.44,381.59,43.16,52.16,0.52,-1,-1,-1
98,270,1579.41,1492.98,156.29,148.67,0.84,-1,-1,-1
98,284,2249.21,241.71,91.04,102.20,0.72,-1,-1,-1
98,290,2036.84,1237.20,145.52,125.53,0.75,-1,-1,-1
98,130,2165.44,616.98,209.59,192.37,0.85,-1,-1,-1
98,302,2519.50,1280.97,49.57,62.91,0.74,-1,-1,-1
99,127,1783.33,46.00,204.27,116.56,0.96,-1,-1,-1
99,128,1608.92,536.18,227.98,185.67,0.95,-1,-1,-1
99,131,2223.02,268.53,222.87,153.70,0.95,-1,-1,-1
99,132,1999.18,246.33,219.98,149.03,0.92,-1,-1,-1
99,207,2162.92,77.73,92.84,58.59,0.76,-1,-1,-1
99,159,2217.16,-3.39,89.34,162.95,0.90,-1,-1,-1
99,266,2098.72,349.63,42.05,49.93,0.70,-1,-1,-1
99,270,1597.24,1457.38,155.54,147.08,0.80,-1,-1,-1
99,284,2248.80,196.85,110.18,122.12,0.75,-1,-1,-1
99,290,2047.09,1201.48,143.00,123.06,0.87,-1,-1,-1
99,130,2176.98,587.80,212.97,192.68,0.88,-1,-1,-1
99,302,2535.42,1286.81,25.07,31.14,0.54,-1,-1,-1
99,129,2061.03,236.28,78.93,149.23,0.61,-1,-1,-1
99,135,3322.48,277.63,67.02,66.74,0.77,-1,-1,-1
99,280,2392.69,228.74,185.24,73.64,0.53,-1,-1,-1
100,127,1794.99,12.09,204.35,116.49,0.95,-1,-1,-1
100,128,1621.23,502.75,226.84,183.41,0.94,-1,-1,-1
100,131,2231.88,238.39,221.61,152.57,0.95,-1,-1,-1
100,132,2007.17,216.43,216.68,145.83,0.93,-1,-1,-1
100,207,2175.45,45.14,91.66,56.26,0.78,-1,-1,-1
100,159,2234.15,-4.01,71.92,130.54,0.92,-1,-1,-1
100,270,1605.49,1422.49,169.18,160.70,0.84,-1,-1,-1
100,284,2307.79,161.32,112.65,116.90,0.67,-1,-1,-1
100,290,2051.78,1165.60,147.41,126.68,0.88,-1,-1,-1
100,130,2179.76,556.09,216.21,193.04,0.68,-1,-1,-1
101,127,1823.02,-1.98,172.27,94.92,0.94,-1,-1,-1
101,128,1631.56,469.05,227.61,182.85,0.94,-1,-1,-1
101,131,2239.51,207.21,220.02,151.13,0.95,-1,-1,-1
101,132,2014.52,185.14,213.04,142.10,0.91,-1,-1,-1
101,159,2246.99,-3.41,54.84,96.14,0.84,-1,-1,-1
101,270,1618.13,1389.13,170.31,162.23,0.92,-1,-1,-1
101,284,2279.50,127.61,122.09,125.50,0.74,-1,-1,-1
101,290,2058.51,1129.44,147.06,125.94,0.87,-1,-1,-1
101,130,2196.85,519.14,220.19,192.11,0.80,-1,-1,-1
101,158,1721.64,493.48,59.57,64.67,0.62,-1,-1,-1
102,127,1863.17,-5.40,126.98,65.37,0.90,-1,-1,-1
102,128,1639.97,440.22,227.32,181.40,0.89,-1,-1,-1
102,131,2244.54,178.84,219.94,150.79,0.96,-1,-1,-1
102,132,2018.27,156.63,213.25,141.29,0.90,-1,-1,-1
102,270,1628.60,1359.19,169.75,161.92,0.88,-1,-1,-1
102,284,2276.07,105.05,123.50,125.40,0.65,-1,-1,-1
102,290,2065.66,1098.78,144.48,123.15,0.89,-1,-1,-1
102,130,2210.11,490.27,216.24,184.30,0.84,-1,-1,-1
102,339,2041.71,551.65,56.58,80.31,0.82,-1,-1,-1
102,158,1729.98,460.52,68.09,75.37,0.73,-1,-1,-1
102,207,2228.60,0.52,97.06,61.83,0.59,-1,-1,-1
103,128,1648.23,405.61,229.61,182.40,0.94,-1,-1,-1
103,131,2249.45,145.61,220.24,150.86,0.95,-1,-1,-1
103,132,2023.13,123.80,214.89,141.53,0.94,-1,-1,-1
103,270,1640.25,1323.15,167.57,159.86,0.93,-1,-1,-1
103,284,2283.38,76.20,125.71,125.92,0.67,-1,-1,-1
103,290,2072.58,1061.78,143.32,121.63,0.90,-1,-1,-1
103,130,2211.25,456.59,225.57,188.77,0.53,-1,-1,-1
103,339,2063.14,521.38,48.29,67.55,0.73,-1,-1,-1
103,158,1738.54,423.29,74.11,84.19,0.72,-1,-1,-1
103,134,2077.93,1640.39,82.56,79.27,0.69,-1,-1,-1
103,168,2084.71,291.64,76.63,77.71,0.56,-1,-1,-1
103,195,1769.73,1198.11,89.67,102.58,0.74,-1,-1,-1
103,129,2192.72,300.19,77.10,122.15,0.74,-1,-1,-1
103,159,2269.74,-1.92,26.39,39.99,0.76,-1,-1,-1
104,128,1654.29,368.52,233.36,185.18,0.94,-1,-1,-1
104,131,2253.34,109.45,221.74,152.05,0.95,-1,-1,-1
104,132,2025.91,90.09,216.33,141.79,0.91,-1,-1,-1
104,270,1649.56,1285.74,168.66,161.13,0.92,-1,-1,-1
104,284,2287.45,41.48,128.41,128.15,0.46,-1,-1,-1
104,290,2077.87,1023.05,143.94,121.71,0.90,-1,-1,-1
104,130,2209.36,425.02,221.62,183.70,0.87,-1,-1,-1
104,339,2091.56,486.08,39.64,53.90,0.76,-1,-1,-1
104,158,1744.86,383.77,81.51,95.71,0.72,-1,-1,-1
104,134,2085.64,1614.42,74.90,76.57,0.78,-1,-1,-1
104,168,2092.23,270.35,70.39,77.12,0.60,-1,-1,-1
105,128,1658.99,329.67,236.89,188.11,0.91,-1,-1,-1
105,131,2259.46,70.21,222.99,153.06,0.95,-1,-1,-1
105,132,2029.10,55.85,215.16,140.17,0.85,-1,-1,-1
105,270,1659.32,1246.56,167.61,159.77,0.92,-1,-1,-1
105,284,2321.08,14.86,102.46,103.18,0.62,-1,-1,-1
105,290,2080.95,982.48,148.79,125.80,0.92,-1,-1,-1
105,130,2213.28,388.63,220.41,181.07,0.67,-1,-1,-1
105,339,2096.45,443.87,50.30,67.54,0.83,-1,-1,-1
105,158,1753.77,343.77,81.55,98.32,0.70,-1,-1,-1
105,168,2109.03,252.52,54.90,60.09,0.67,-1,-1,-1
105,129,2241.78,267.49,63.11,97.59,0.61,-1,-1,-1
106,128,1665.84,291.11,238.31,189.52,0.93,-1,-1,-1
106,131,2266.23,28.63,224.82,154.80,0.95,-1,-1,-1
106,132,2032.34,19.89,212.51,137.23,0.87,-1,-1,-1
106,270,1666.21,1206.44,168.78,159.79,0.92,-1,-1,-1
106,290,2085.99,942.69,154.32,130.70,0.91,-1,-1,-1
106,130,2224.25,350.55,220.25,178.94,0.88,-1,-1,-1
106,339,2096.55,401.72,53.63,70.51,0.83,-1,-1,-1
106,158,1763.33,306.53,78.93,97.24,0.79,-1,-1,-1
106,195,1778.19,1112.89,116.03,133.41,0.55,-1,-1,-1
107,128,1670.68,256.49,240.02,191.50,0.94,-1,-1,-1
107,131,2279.54,1.32,212.81,145.68,0.94,-1,-1,-1
107,132,2041.52,-1.75,197.76,124.78,0.91,-1,-1,-1
107,270,1676.90,1171.60,171.33,162.78,0.91,-1,-1,-1
107,290,2089.31,905.42,161.69,137.60,0.91,-1,-1,-1
107,130,2236.23,312.49,229.52,183.17,0.91,-1,-1,-1
107,339,2100.36,363.13,53.01,69.12,0.81,-1,-1,-1
107,158,1777.91,275.64,75.96,91.94,0.77,-1,-1,-1
107,371,2472.27,988.46,137.07,72.15,0.75,-1,-1,-1
108,128,1676.30,218.25,240.67,192.88,0.95,-1,-1,-1
108,131,2300.43,-7.56,173.48,115.08,0.85,-1,-1,-1
108,132,2058.94,-7.74,156.75,92.58,0.79,-1,-1,-1
108,270,1689.69,1133.00,168.93,160.69,0.91,-1,-1,-1
108,290,2095.03,865.98,162.25,138.70,0.92,-1,-1,-1
108,130,2241.85,271.72,233.81,183.79,0.78,-1,-1,-1
108,339,2100.92,322.58,48.05,62.09,0.85,-1,-1,-1
108,371,2473.05,988.89,82.24,43.22,0.52,-1,-1,-1
108,169,1364.64,697.81,122.40,60.35,0.71,-1,-1,-1
109,128,1681.74,177.57,241.77,194.70,0.91,-1,-1,-1
109,131,2318.10,-8.21,117.82,72.67,0.59,-1,-1,-1
109,132,2058.78,-6.80,89.91,47.92,0.78,-1,-1,-1
109,270,1701.34,1091.52,165.59,157.50,0.91,-1,-1,-1
109,290,2100.06,824.45,161.91,139.01,0.91,-1,-1,-1
109,130,2255.25,227.78,226.99,173.99,0.67,-1,-1,-1
109,339,2101.83,282.65,46.63,60.39,0.20,-1,-1,-1
109,382,2238.08,227.21,253.84,174.41,0.65,-1,-1,-1
109,143,1821.64,784.24,105.52,72.74,0.74,-1,-1,-1
109,210,1556.66,655.50,143.37,73.33,0.76,-1,-1,-1
109,158,1786.08,205.39,65.12,77.56,0.73,-1,-1,-1
110,128,1688.86,137.11,240.07,193.73,0.92,-1,-1,-1
110,131,2323.59,-4.71,47.28,24.40,0.67,-1,-1,-1
110,270,1710.12,1049.33,164.60,156.38,0.93,-1,-1,-1
110,290,2105.36,781.55,160.58,138.27,0.92,-1,-1,-1
110,130,2264.99,190.37,220.43,163.99,0.90,-1,-1,-1
110,339,2100.22,246.82,45.31,58.11,0.71,-1,-1,-1
110,389,2401.23,869.16,247.54,120.76,0.72,-1,-1,-1
110,143,1829.01,747.99,100.02,79.76,0.78,-1,-1,-1
110,169,1448.83,728.93,60.75,33.30,0.58,-1,-1,-1
111,128,1696.79,96.77,237.61,191.64,0.94,-1,-1,-1
111,270,1719.84,1007.24,163.39,155.08,0.93,-1,-1,-1
111,290,2111.44,737.53,157.07,135.25,0.91,-1,-1,-1
111,130,2271.35,155.70,207.69,149.36,0.73,-1,-1,-1
111,339,2103.98,211.62,43.74,55.38,0.76,-1,-1,-1
111,389,2439.36,833.58,197.19,96.61,0.82,-1,-1,-1
111,158,1790.24,120.64,66.77,76.48,0.72,-1,-1,-1
112,128,1703.82,62.43,232.97,187.12,0.94,-1,-1,-1
112,270,1726.63,969.52,162.92,154.41,0.93,-1,-1,-1
112,290,2115.47,698.53,156.91,135.43,0.92,-1,-1,-1
112,130,2273.10,123.54,204.59,142.97,0.90,-1,-1,-1
112,339,2108.63,176.90,44.77,56.97,0.73,-1,-1,-1
112,389,2436.49,783.38,213.47,105.68,0.83,-1,-1,-1
112,158,1801.41,81.52,66.06,75.65,0.81,-1,-1,-1
113,128,1711.93,24.13,229.03,182.59,0.94,-1,-1,-1
113,270,1736.39,928.86,160.86,152.17,0.94,-1,-1,-1
113,290,2120.14,655.98,157.94,136.69,0.93,-1,-1,-1
113,130,2273.12,85.25,205.75,140.43,0.90,-1,-1,-1
113,339,2113.97,135.42,46.49,59.78,0.60,-1,-1,-1
113,158,1812.36,44.24,62.37,69.46,0.72,-1,-1,-1
114,128,1725.01,-2.94,212.45,165.95,0.94,-1,-1,-1
114,270,1743.95,885.87,161.58,152.77,0.93,-1,-1,-1
114,290,2125.63,612.46,156.43,135.65,0.92,-1,-1,-1
114,130,2273.22,44.18,227.36,152.95,0.82,-1,-1,-1
114,339,2118.84,91.03,48.71,63.70,0.75,-1,-1,-1
114,158,1820.34,8.32,58.30,62.47,0.64,-1,-1,-1
114,139,2090.39,552.16,40.78,49.10,0.51,-1,-1,-1
114,389,2470.58,718.04,149.29,73.91,0.77,-1,-1,-1
115,128,1753.68,-10.81,174.20,129.56,0.89,-1,-1,-1
115,270,1750.89,840.52,163.22,154.44,0.94,-1,-1,-1
115,290,2130.66,567.49,155.69,135.43,0.92,-1,-1,-1
115,130,2277.96,2.78,236.35,156.21,0.92,-1,-1,-1
115,339,2122.10,48.30,52.07,69.32,0.79,-1,-1,-1
115,389,2462.86,666.87,162.57,81.24,0.86,-1,-1,-1
115,143,1859.77,735.08,55.05,46.19,0.76,-1,-1,-1
116,128,1847.56,-10.06,88.88,57.88,0.68,-1,-1,-1
116,270,1768.18,789.70,136.61,125.81,0.77,-1,-1,-1
116,290,2137.65,497.95,153.81,133.94,0.91,-1,-1,-1
116,130,2298.95,-10.90,153.07,92.27,0.72,-1,-1,-1
116,389,2447.63,594.11,190.42,97.05,0.82,-1,-1,-1
117,270,1794.37,748.41,105.59,96.38,0.53,-1,-1,-1
117,290,2143.24,443.52,152.69,133.18,0.93,-1,-1,-1
117,389,2466.87,554.89,148.89,75.22,0.54,-1,-1,-1
117,419,1477.06,260.57,138.86,95.27,0.51,-1,-1,-1
118,137,2167.39,308.61,128.17,131.21,0.93,-1,-1,-1
119,432,1757.35,6.97,78.29,115.16,0.89,-1,-1,-1
119,137,2173.17,281.32,135.06,134.79,0.92,-1,-1,-1
119,168,2095.46,204.46,40.77,45.72,0.83,-1,-1,-1
119,389,2421.72,383.94,223.87,116.72,0.92,-1,-1,-1
120,137,2175.55,246.51,136.96,133.82,0.86,-1,-1,-1
120,389,2428.42,330.82,217.27,117.76,0.81,-1,-1,-1
121,137,2173.21,241.16,139.45,134.64,0.84,-1,-1,-1
121,449,1936.91,491.05,53.22,57.83,0.70,-1,-1,-1
122,432,1804.16,2.72,59.67,85.53,0.86,-1,-1,-1
123,270,1905.16,515.59,40.47,37.37,0.72,-1,-1,-1
124,432,1852.10,0.02,59.04,74.06,0.83,-1,-1,-1
125,482,2355.14,95.41,40.91,101.58,0.56,-1,-1,-1
125,162,2372.98,687.96,138.66,138.83,0.83,-1,-1,-1
125,389,2278.46,23.91,352.39,198.38,0.91,-1,-1,-1
126,482,2349.59,110.12,62.57,154.45,0.60,-1,-1,-1
126,487,1705.69,58.72,267.58,170.03,0.95,-1,-1,-1
126,162,2364.10,777.04,128.70,121.15,0.90,-1,-1,-1
126,389,2270.93,46.40,347.74,201.79,0.81,-1,-1,-1
126,137,2317.41,242.52,100.70,110.25,0.81,-1,-1,-1
127,487,1694.07,131.43,277.82,176.95,0.95,-1,-1,-1
127,137,2327.72,238.09,111.21,127.58,0.67,-1,-1,-1
127,382,2297.49,223.10,234.83,164.96,0.83,-1,-1,-1
127,449,1946.29,510.82,40.70,43.94,0.51,-1,-1,-1
128,487,1684.96,207.43,283.00,180.92,0.80,-1,-1,-1
128,137,2341.65,273.25,138.63,148.10,0.85,-1,-1,-1
128,382,2329.53,238.70,214.07,147.45,0.65,-1,-1,-1
128,389,2345.57,-16.26,191.64,109.98,0.69,-1,-1,-1
129,487,1680.37,293.91,283.49,182.25,0.91,-1,-1,-1
129,137,2354.55,312.15,172.47,175.91,0.66,-1,-1,-1
129,382,2303.87,313.03,265.03,187.68,0.84,-1,-1,-1
129,389,2341.34,-12.41,147.86,86.71,0.57,-1,-1,-1
129,210,1807.18,743.92,78.48,40.73,0.73,-1,-1,-1
129,432,1963.55,0.09,41.17,48.79,0.70,-1,-1,-1
130,487,1672.96,398.86,279.23,180.55,0.94,-1,-1,-1
130,382,2294.71,400.32,276.34,199.80,0.91,-1,-1,-1
130,389,2374.79,-13.98,81.54,48.58,0.82,-1,-1,-1
130,210,1854.11,751.52,77.32,43.24,0.74,-1,-1,-1
130,482,2405.89,67.44,91.89,214.67,0.97,-1,-1,-1
131,487,1665.49,451.24,275.16,178.77,0.91,-1,-1,-1
131,382,2291.74,449.08,281.21,207.53,0.88,-1,-1,-1
131,210,1864.72,765.41,77.55,46.63,0.76,-1,-1,-1
131,551,1955.87,127.58,228.11,127.33,0.94,-1,-1,-1
131,552,2109.80,1007.45,143.23,137.34,0.53,-1,-1,-1
131,553,2108.13,624.88,66.95,69.52,0.90,-1,-1,-1
131,555,3638.46,472.04,48.15,80.05,0.59,-1,-1,-1
131,556,2328.64,613.64,57.04,86.41,0.80,-1,-1,-1
131,557,2354.64,96.25,65.98,56.39,0.80,-1,-1,-1
131,558,1895.75,1125.15,39.24,42.54,0.76,-1,-1,-1
131,561,2319.11,1142.43,132.68,99.79,0.80,-1,-1,-1
131,562,2058.20,221.05,47.99,59.78,0.75,-1,-1,-1
131,563,1953.19,74.50,47.20,82.66,0.61,-1,-1,-1
131,564,1926.19,764.47,43.24,43.15,0.64,-1,-1,-1
131,565,1716.96,763.88,37.35,60.14,0.52,-1,-1,-1
131,566,2047.54,1543.80,62.71,73.66,0.70,-1,-1,-1
131,567,932.56,590.91,60.45,52.11,0.70,-1,-1,-1
131,482,2410.73,73.63,97.37,214.90,0.97,-1,-1,-1
132,487,1660.50,475.91,272.59,178.10,0.93,-1,-1,-1
132,382,2291.65,476.58,282.88,212.04,0.82,-1,-1,-1
132,210,1860.16,766.82,99.38,65.67,0.69,-1,-1,-1
132,551,1951.44,143.75,224.08,124.95,0.91,-1,-1,-1
132,552,2108.02,1022.28,141.97,136.12,0.82,-1,-1,-1
132,553,2108.55,651.53,61.14,63.36,0.85,-1,-1,-1
132,555,3631.82,485.43,46.95,78.09,0.62,-1,-1,-1
132,556,2327.15,629.06,59.29,89.85,0.86,-1,-1,-1
132,557,2346.69,110.89,70.50,60.41,0.79,-1,-1,-1
132,558,1862.58,1131.96,88.42,96.61,0.70,-1,-1,-1
132,561,2307.05,1152.66,139.67,105.40,0.90,-1,-1,-1
132,562,2051.77,236.24,46.69,57.93,0.78,-1,-1,-1
132,563,1941.51,72.12,62.96,110.21,0.73,-1,-1,-1
132,564,1919.18,767.08,57.95,58.19,0.65,-1,-1,-1
132,565,1725.55,775.01,21.37,33.56,0.54,-1,-1,-1
132,566,2045.48,1557.89,62.02,72.94,0.63,-1,-1,-1
132,482,2407.08,84.69,102.51,213.34,0.97,-1,-1,-1
132,568,2383.79,0.21,74.58,70.89,0.90,-1,-1,-1
132,569,1794.84,828.35,98.84,56.27,0.53,-1,-1,-1
133,487,1648.89,493.60,271.03,177.97,0.92,-1,-1,-1
133,382,2297.82,512.00,267.16,201.86,0.90,-1,-1,-1
133,210,1870.94,761.60,91.23,65.76,0.55,-1,-1,-1
133,551,1942.83,166.67,211.55,117.44,0.93,-1,-1,-1
133,552,2101.98,1040.31,141.61,135.74,0.54,-1,-1,-1
133,553,2097.64,679.42,65.37,68.08,0.83,-1,-1,-1
133,556,2322.98,645.50,69.74,106.42,0.80,-1,-1,-1
133,557,2340.86,126.76,63.69,54.98,0.37,-1,-1,-1
133,558,1866.79,1138.98,78.02,85.46,0.54,-1,-1,-1
133,561,2278.24,1162.68,152.76,115.87,0.88,-1,-1,-1
133,562,2034.10,255.44,46.01,56.85,0.65,-1,-1,-1
133,563,1927.90,89.47,64.60,112.32,0.16,-1,-1,-1
133,564,1912.73,759.69,68.81,69.64,0.20,-1,-1,-1
133,566,2042.40,1576.81,61.05,71.77,0.87,-1,-1,-1
133,482,2402.39,100.22,107.33,210.79,0.96,-1,-1,-1
133,568,2375.83,0.11,90.43,86.43,0.90,-1,-1,-1
133,572,1766.77,642.78,71.49,81.98,0.81,-1,-1,-1
133,573,3067.15,1292.35,85.08,69.73,0.56,-1,-1,-1
133,574,1726.40,848.00,32.47,27.98,0.60,-1,-1,-1
133,567,958.01,621.34,55.47,47.54,0.73,-1,-1,-1
134,487,1640.11,498.41,271.61,179.54,0.93,-1,-1,-1
134,382,2309.55,532.25,254.06,190.83,0.83,-1,-1,-1
134,210,1871.48,757.15,86.77,66.65,0.66,-1,-1,-1
134,551,1934.73,176.81,206.16,113.68,0.87,-1,-1,-1
134,552,2097.72,1047.19,141.84,135.97,0.66,-1,-1,-1
134,553,2092.08,693.10,65.73,68.97,0.85,-1,-1,-1
134,556,2325.36,658.10,69.38,106.65,0.75,-1,-1,-1
134,557,2345.49,129.36,66.99,57.62,0.12,-1,-1,-1
134,558,1875.59,1145.39,58.66,64.16,0.74,-1,-1,-1
134,561,2280.11,1171.27,129.02,97.79,0.87,-1,-1,-1
134,562,2021.77,264.00,48.65,59.83,0.60,-1,-1,-1
134,563,1921.99,127.14,49.80,84.83,0.52,-1,-1,-1
134,564,1908.78,755.31,73.31,74.98,0.68,-1,-1,-1
134,566,2040.28,1584.83,60.86,71.53,0.69,-1,-1,-1
134,482,2401.83,106.17,112.41,209.40,0.96,-1,-1,-1
134,568,2372.23,0.21,96.77,93.31,0.90,-1,-1,-1
134,572,1770.33,637.82,74.03,84.83,0.76,-1,-1,-1
134,573,3072.67,1298.37,83.31,68.53,0.28,-1,-1,-1
134,574,1730.31,847.13,31.29,26.88,0.43,-1,-1,-1
134,575,1881.88,0.27,214.76,59.88,0.88,-1,-1,-1
134,567,964.09,633.14,57.90,49.79,0.23,-1,-1,-1
135,487,1636.74,499.37,269.69,179.49,0.94,-1,-1,-1
135,382,2313.28,541.13,251.43,188.31,0.89,-1,-1,-1
135,210,1871.91,753.54,80.84,64.25,0.53,-1,-1,-1
135,551,1926.74,181.74,205.34,112.39,0.94,-1,-1,-1
135,552,2094.99,1049.43,142.34,136.40,0.61,-1,-1,-1
135,553,2087.41,699.73,65.55,69.44,0.80,-1,-1,-1
135,556,2327.86,660.98,68.97,106.68,0.72,-1,-1,-1
135,558,1883.41,1148.44,45.74,49.43,0.77,-1,-1,-1
135,561,2286.09,1178.83,112.70,85.66,0.81,-1,-1,-1
135,562,2012.29,267.91,52.93,64.74,0.83,-1,-1,-1
135,563,1916.85,115.17,58.09,98.28,0.78,-1,-1,-1
135,564,1902.80,751.47,75.55,77.44,0.24,-1,-1,-1
135,566,2038.54,1588.96,58.99,69.11,0.26,-1,-1,-1
135,482,2402.85,106.36,118.33,211.25,0.95,-1,-1,-1
135,568,2371.71,0.36,99.02,96.47,0.88,-1,-1,-1
135,573,3078.67,1299.56,76.87,63.24,0.76,-1,-1,-1
135,574,1734.41,842.58,29.78,25.38,0.54,-1,-1,-1
135,575,1871.60,0.34,228.22,63.84,0.94,-1,-1,-1
135,567,973.42,638.12,66.16,56.88,0.70,-1,-1,-1
135,577,2923.12,230.13,73.33,66.20,0.77,-1,-1,-1
135,578,1714.65,788.26,43.02,34.78,0.57,-1,-1,-1
136,487,1633.66,497.66,271.17,181.96,0.92,-1,-1,-1
136,382,2316.29,544.44,250.03,186.13,0.86,-1,-1,-1
136,551,1918.15,183.57,207.97,112.86,0.90,-1,-1,-1
136,552,2091.65,1049.54,142.57,136.71,0.79,-1,-1,-1
136,553,2083.79,701.47,63.99,68.52,0.53,-1,-1,-1
136,556,2329.37,663.62,67.64,104.89,0.83,-1,-1,-1
136,558,1882.65,1153.10,35.95,38.79,0.63,-1,-1,-1
136,561,2281.84,1181.40,123.41,95.33,0.86,-1,-1,-1
136,562,2004.38,270.26,56.71,69.07,0.78,-1,-1,-1
136,563,1914.29,117.33,59.38,99.29,0.82,-1,-1,-1
136,566,2036.25,1588.11,60.03,70.51,0.82,-1,-1,-1
136,482,2400.76,107.42,124.05,214.00,0.96,-1,-1,-1
136,568,2370.62,0.51,101.16,99.93,0.90,-1,-1,-1
136,573,3084.15,1302.77,67.84,55.42,0.69,-1,-1,-1
136,574,1735.94,836.94,32.16,27.32,0.20,-1,-1,-1
136,575,1860.11,0.31,239.44,67.30,0.94,-1,-1,-1
136,567,967.33,639.29,85.57,75.24,0.64,-1,-1,-1
136,577,2935.42,223.05,75.36,68.28,0.69,-1,-1,-1
136,578,1710.70,786.31,42.61,34.39,0.66,-1,-1,-1
136,579,3552.40,198.84,91.97,74.89,0.54,-1,-1,-1
136,557,2333.59,125.75,78.54,68.72,0.79,-1,-1,-1
137,487,1628.55,496.36,261.81,175.92,0.93,-1,-1,-1
137,382,2314.29,546.91,250.85,186.38,0.90,-1,-1,-1
137,551,1892.80,187.28,219.12,118.47,0.87,-1,-1,-1
137,552,2085.42,1046.68,142.45,136.71,0.76,-1,-1,-1
137,553,2073.35,698.42,60.11,65.23,0.60,-1,-1,-1
137,556,2334.56,663.53,60.89,95.46,0.60,-1,-1,-1
137,561,2270.93,1177.71,115.00,88.58,0.89,-1,-1,-1
137,562,1987.89,277.22,53.31,64.41,0.72,-1,-1,-1
137,563,1911.33,123.55,52.84,85.10,0.86,-1,-1,-1
137,566,2024.10,1578.61,62.08,73.54,0.73,-1,-1,-1
137,482,2395.99,108.43,127.78,213.47,0.93,-1,-1,-1
137,568,2368.79,0.35,107.03,107.01,0.85,-1,-1,-1
137,573,3102.78,1300.47,61.04,50.14,0.78,-1,-1,-1
137,575,1836.45,0.19,261.00,73.92,0.94,-1,-1,-1
137,567,988.00,634.89,73.96,64.85,0.57,-1,-1,-1
137,577,2945.82,215.30,76.84,69.38,0.46,-1,-1,-1
137,578,1711.33,770.60,41.34,33.20,0.52,-1,-1,-1
137,579,3537.02,177.90,111.21,90.68,0.90,-1,-1,-1
137,583,2306.60,532.04,270.19,122.37,0.52,-1,-1,-1
137,557,2330.64,117.83,69.66,62.05,0.70,-1,-1,-1
138,487,1625.55,493.62,256.86,172.45,0.92,-1,-1,-1
138,382,2307.08,551.71,242.19,181.46,0.91,-1,-1,-1
138,551,1876.44,189.01,226.58,122.34,0.93,-1,-1,-1
138,552,2081.97,1044.50,142.92,137.10,0.63,-1,-1,-1
138,553,2065.00,693.73,58.88,64.01,0.85,-1,-1,-1
138,561,2259.48,1174.40,117.35,90.32,0.91,-1,-1,-1
138,562,1977.39,279.85,52.52,62.74,0.71,-1,-1,-1
138,563,1905.97,129.18,55.24,86.70,0.83,-1,-1,-1
138,566,2019.12,1574.35,61.55,73.55,0.74,-1,-1,-1
138,482,2391.33,107.98,130.91,211.88,0.95,-1,-1,-1
138,568,2368.35,0.24,107.08,108.49,0.88,-1,-1,-1
138,573,3105.77,1298.33,58.64,47.78,0.54,-1,-1,-1
138,575,1825.26,0.09,268.98,76.88,0.94,-1,-1,-1
138,567,991.54,618.57,89.07,79.89,0.64,-1,-1,-1
138,577,2966.93,214.69,70.60,64.04,0.55,-1,-1,-1
138,578,1709.42,762.63,39.98,31.96,0.12,-1,-1,-1
138,579,3531.64,169.71,116.82,95.55,0.27,-1,-1,-1
138,583,2309.04,540.85,254.45,115.12,0.80,-1,-1,-1
138,557,2305.34,111.56,101.73,93.62,0.66,-1,-1,-1
138,584,1749.69,321.75,48.08,61.90,0.84,-1,-1,-1
138,587,2374.38,1338.11,39.65,44.19,0.68,-1,-1,-1
138,588,2364.08,1351.37,49.70,31.86,0.67,-1,-1,-1
138,590,994.32,611.64,80.70,79.17,0.63,-1,-1,-1
138,592,2882.97,1425.24,81.38,55.31,0.77,-1,-1,-1
138,210,1902.20,762.04,59.25,48.48,0.55,-1,-1,-1
138,564,1894.03,730.58,50.25,50.60,0.71,-1,-1,-1
139,487,1627.65,488.73,245.33,163.47,0.93,-1,-1,-1
139,382,2308.49,553.78,235.97,177.26,0.89,-1,-1,-1
139,551,1866.64,189.85,231.55,124.93,0.79,-1,-1,-1
139,552,2079.84,1042.56,143.08,137.19,0.89,-1,-1,-1
139,553,2060.19,690.99,56.35,60.83,0.56,-1,-1,-1
139,561,2246.72,1171.93,128.69,99.64,0.90,-1,-1,-1
139,562,1970.20,281.99,53.16,62.80,0.42,-1,-1,-1
139,563,1902.95,134.35,51.54,76.69,0.87,-1,-1,-1
139,566,2016.51,1573.08,60.05,71.91,0.62,-1,-1,-1
139,482,2387.72,106.81,134.56,212.13,0.96,-1,-1,-1
139,568,2367.61,0.14,104.92,108.02,0.89,-1,-1,-1
139,573,3112.75,1294.61,58.93,48.46,0.56,-1,-1,-1
139,575,1817.67,0.10,274.25,79.26,0.94,-1,-1,-1
139,577,2976.93,216.01,72.05,65.40,0.13,-1,-1,-1
139,579,3528.20,167.40,116.20,95.27,0.78,-1,-1,-1
139,583,2313.26,547.36,241.32,108.84,0.62,-1,-1,-1
139,557,2292.86,109.05,111.03,105.00,0.70,-1,-1,-1
139,584,1748.22,323.20,44.97,57.88,0.75,-1,-1,-1
139,587,2372.14,1337.12,38.90,43.41,0.74,-1,-1,-1
139,588,2362.53,1351.26,50.86,32.81,0.66,-1,-1,-1
139,590,991.88,606.84,91.15,90.10,0.76,-1,-1,-1
139,592,2887.29,1423.04,86.15,58.61,0.79,-1,-1,-1
139,593,2946.03,1446.92,30.96,37.34,0.61,-1,-1,-1
140,487,1610.08,479.79,265.61,178.38,0.92,-1,-1,-1
140,382,2305.71,552.16,232.30,175.47,0.90,-1,-1,-1
140,551,1857.32,190.77,235.45,127.11,0.89,-1,-1,-1
140,552,2077.45,1040.97,143.03,137.13,0.88,-1,-1,-1
140,553,2058.21,690.87,51.47,54.70,0.31,-1,-1,-1
140,561,2229.57,1170.78,144.06,112.37,0.83,-1,-1,-1
140,562,1964.31,283.08,51.71,60.17,0.53,-1,-1,-1
140,563,1896.22,138.29,56.47,80.71,0.85,-1,-1,-1
140,566,2014.79,1569.73,61.23,73.14,0.36,-1,-1,-1
140,482,2385.03,105.54,138.47,213.57,0.84,-1,-1,-1
140,568,2371.58,0.18,101.56,105.42,0.84,-1,-1,-1
140,573,3114.58,1289.35,60.87,50.35,0.81,-1,-1,-1
140,575,1807.66,0.21,285.42,83.72,0.94,-1,-1,-1
140,577,2977.52,214.29,76.49,68.98,0.77,-1,-1,-1
140,579,3540.59,166.23,95.60,76.11,0.60,-1,-1,-1
140,583,2304.25,543.94,245.58,113.24,0.51,-1,-1,-1
140,557,2309.21,105.55,86.35,83.62,0.72,-1,-1,-1
140,584,1744.87,325.36,39.87,51.08,0.40,-1,-1,-1
140,587,2372.39,1336.32,38.70,43.48,0.75,-1,-1,-1
140,588,2361.59,1354.11,48.32,31.44,0.80,-1,-1,-1
140,590,1007.23,613.82,71.38,70.30,0.51,-1,-1,-1
140,592,2895.88,1420.18,89.27,61.09,0.79,-1,-1,-1
140,593,2951.96,1445.27,31.50,38.07,0.36,-1,-1,-1
140,594,1860.37,187.66,239.69,128.80,0.70,-1,-1,-1
140,572,1818.52,610.55,33.98,37.53,0.61,-1,-1,-1
140,556,2339.64,662.87,49.18,76.97,0.66,-1,-1,-1
140,567,1014.73,621.73,70.83,63.74,0.70,-1,-1,-1
140,578,1705.54,752.80,39.67,31.54,0.51,-1,-1,-1
140,210,1908.03,748.82,50.70,41.80,0.69,-1,-1,-1
140,564,1877.90,705.71,58.34,57.76,0.75,-1,-1,-1
141,487,1605.32,475.25,250.41,167.33,0.89,-1,-1,-1
141,382,2308.95,550.51,231.93,174.74,0.93,-1,-1,-1
141,551,1848.17,191.75,237.73,128.41,0.70,-1,-1,-1
141,552,2074.50,1040.13,142.91,136.91,0.64,-1,-1,-1
141,553,2055.30,691.86,47.48,49.08,0.40,-1,-1,-1
141,561,2222.32,1167.16,144.63,112.64,0.86,-1,-1,-1
141,562,1959.11,287.24,48.88,55.52,0.31,-1,-1,-1
141,563,1893.34,144.41,56.58,77.48,0.87,-1,-1,-1
141,566,2012.59,1573.33,57.57,67.65,0.68,-1,-1,-1
141,482,2382.98,104.88,141.45,214.47,0.94,-1,-1,-1
141,568,2375.71,0.19,99.23,103.28,0.91,-1,-1,-1
141,573,3108.91,1283.65,66.72,55.36,0.56,-1,-1,-1
141,575,1801.02,3.74,287.81,85.77,0.93,-1,-1,-1
141,577,2985.30,208.94,76.52,68.73,0.20,-1,-1,-1
141,579,3548.71,159.51,103.33,82.51,0.67,-1,-1,-1
141,583,2282.68,578.62,146.22,68.63,0.78,-1,-1,-1
141,557,2314.49,100.30,78.19,77.46,0.65,-1,-1,-1
141,584,1738.23,326.77,39.09,49.71,0.52,-1,-1,-1
141,588,2349.24,1341.78,68.30,45.03,0.51,-1,-1,-1
141,590,1021.75,621.78,61.38,60.78,0.76,-1,-1,-1
141,592,2912.73,1421.33,78.75,54.75,0.56,-1,-1,-1
141,593,2960.97,1447.87,25.86,31.09,0.61,-1,-1,-1
141,594,1852.14,188.96,239.30,128.62,0.81,-1,-1,-1
141,598,2409.34,175.59,51.44,77.70,0.66,-1,-1,-1
141,601,2121.80,327.86,39.09,59.36,0.65,-1,-1,-1
141,572,1798.89,602.29,47.06,49.43,0.60,-1,-1,-1
141,556,2339.82,662.60,46.35,71.90,0.11,-1,-1,-1
141,567,1020.99,624.51,69.94,63.42,0.73,-1,-1,-1
141,578,1706.37,745.70,41.54,32.97,0.58,-1,-1,-1
141,210,1911.41,746.13,46.82,38.63,0.15,-1,-1,-1
141,564,1873.73,696.33,61.38,60.77,0.74,-1,-1,-1
142,487,1594.63,468.17,243.39,161.57,0.94,-1,-1,-1
142,382,2310.08,550.09,233.36,175.55,0.72,-1,-1,-1
142,552,2071.99,1039.24,143.41,137.31,0.54,-1,-1,-1
142,553,2050.57,693.73,44.69,44.75,0.25,-1,-1,-1
142,561,2219.17,1161.90,138.88,108.15,0.86,-1,-1,-1
142,562,1949.35,286.28,50.00,55.64,0.77,-1,-1,-1
142,563,1887.22,145.27,61.29,81.34,0.84,-1,-1,-1
142,566,2006.47,1573.66,58.08,66.73,0.55,-1,-1,-1
142,482,2382.23,103.58,144.24,215.70,0.94,-1,-1,-1
142,568,2378.42,0.20,96.52,100.51,0.90,-1,-1,-1
142,573,3100.98,1276.53,71.77,59.49,0.69,-1,-1,-1
142,575,1796.62,9.37,283.94,85.93,0.94,-1,-1,-1
142,577,2993.79,207.81,77.59,68.56,0.17,-1,-1,-1
142,557,2316.49,103.27,76.04,76.59,0.53,-1,-1,-1
142,584,1730.59,327.07,41.32,52.18,0.31,-1,-1,-1
142,588,2355.23,1347.83,57.17,38.11,0.72,-1,-1,-1
142,592,2921.99,1415.02,82.56,58.49,0.47,-1,-1,-1
142,598,2411.66,174.07,48.70,73.75,0.57,-1,-1,-1
142,601,2123.26,325.62,37.49,56.68,0.77,-1,-1,-1
142,572,1786.56,606.24,42.37,43.00,0.64,-1,-1,-1
142,556,2341.40,654.85,50.77,76.73,0.70,-1,-1,-1
142,567,1026.97,625.81,70.21,64.36,0.83,-1,-1,-1
142,578,1706.94,738.02,41.15,32.40,0.51,-1,-1,-1
142,210,1915.73,742.73,43.86,36.15,0.11,-1,-1,-1
142,564,1875.91,689.01,62.05,62.54,0.51,-1,-1,-1
142,587,2364.98,1331.28,45.25,51.30,0.60,-1,-1,-1
143,487,1574.65,455.48,251.62,167.17,0.94,-1,-1,-1
143,382,2307.21,549.39,234.56,176.73,0.89,-1,-1,-1
143,552,2070.22,1038.66,143.26,137.22,0.65,-1,-1,-1
143,553,2044.52,697.62,42.87,41.61,0.43,-1,-1,-1
143,561,2216.23,1162.07,136.83,106.51,0.89,-1,-1,-1
143,562,1937.96,286.64,55.90,62.15,0.69,-1,-1,-1
143,563,1879.48,140.45,63.81,87.47,0.13,-1,-1,-1
143,566,2002.88,1572.13,59.55,67.84,0.76,-1,-1,-1
143,482,2382.63,100.73,146.53,216.69,0.95,-1,-1,-1
143,568,2379.45,0.21,94.14,98.10,0.88,-1,-1,-1
143,573,3096.31,1269.61,74.36,61.99,0.74,-1,-1,-1
143,575,1798.66,15.63,269.87,82.65,0.93,-1,-1,-1
143,577,2997.38,206.44,76.18,66.58,0.23,-1,-1,-1
143,557,2315.05,100.16,76.38,78.51,0.32,-1,-1,-1
143,584,1727.80,326.86,42.94,53.41,0.58,-1,-1,-1
143,588,2358.63,1350.27,49.46,33.37,0.64,-1,-1,-1
143,592,2921.57,1413.49,87.36,62.86,0.63,-1,-1,-1
143,598,2414.32,175.35,44.06,67.03,0.36,-1,-1,-1
143,601,2124.35,324.35,36.37,54.52,0.84,-1,-1,-1
143,556,2343.58,646.48,51.34,80.17,0.55,-1,-1,-1
143,567,1026.84,628.37,83.53,78.59,0.86,-1,-1,-1
143,578,1706.51,731.61,43.04,33.74,0.52,-1,-1,-1
143,210,1916.86,738.84,43.67,35.89,0.16,-1,-1,-1
143,564,1879.62,684.07,58.44,59.66,0.67,-1,-1,-1
143,603,1721.06,502.61,50.43,42.09,0.68,-1,-1,-1
143,605,3695.87,23.31,72.45,56.96,0.67,-1,-1,-1
143,587,2361.00,1327.00,47.72,54.41,0.75,-1,-1,-1
143,558,1860.13,1229.06,42.80,45.68,0.65,-1,-1,-1
143,551,1835.04,194.49,231.33,124.41,0.84,-1,-1,-1
143,579,3553.98,150.53,109.93,87.97,0.54,-1,-1,-1
144,487,1549.77,436.53,264.85,177.40,0.92,-1,-1,-1
144,382,2313.14,557.62,223.88,167.12,0.91,-1,-1,-1
144,552,2068.27,1038.16,143.39,137.14,0.83,-1,-1,-1
144,553,2036.44,696.53,45.68,43.39,0.62,-1,-1,-1
144,561,2207.46,1160.00,147.19,115.39,0.86,-1,-1,-1
144,562,1927.41,285.42,55.38,60.98,0.65,-1,-1,-1
144,563,1873.04,148.55,58.40,80.02,0.15,-1,-1,-1
144,566,1999.00,1574.75,58.23,64.93,0.64,-1,-1,-1
144,482,2382.58,97.81,148.78,218.18,0.92,-1,-1,-1
144,568,2380.57,0.17,91.89,95.76,0.86,-1,-1,-1
144,573,3093.47,1264.07,73.77,62.37,0.67,-1,-1,-1
144,575,1800.98,21.88,253.01,78.04,0.86,-1,-1,-1
144,577,3008.13,202.47,76.48,67.17,0.32,-1,-1,-1
144,557,2313.02,97.57,76.55,79.91,0.84,-1,-1,-1
144,584,1720.71,328.14,46.08,57.22,0.35,-1,-1,-1
144,588,2360.21,1343.62,50.74,34.68,0.12,-1,-1,-1
144,592,2928.56,1409.15,82.76,60.55,0.67,-1,-1,-1
144,598,2409.71,177.77,42.17,63.75,0.56,-1,-1,-1
144,601,2123.71,324.66,35.81,53.15,0.66,-1,-1,-1
144,556,2344.60,644.83,52.05,83.87,0.71,-1,-1,-1
144,567,1029.50,634.84,87.63,84.85,0.71,-1,-1,-1
144,578,1706.39,725.99,41.56,32.28,0.25,-1,-1,-1
144,210,1913.59,730.90,49.73,41.27,0.51,-1,-1,-1
144,564,1875.25,678.76,60.90,62.23,0.79,-1,-1,-1
144,603,1701.42,487.03,59.94,49.92,0.71,-1,-1,-1
144,605,3698.75,24.75,72.50,57.01,0.20,-1,-1,-1
144,606,3428.07,136.66,87.12,59.55,0.59,-1,-1,-1
144,558,1858.86,1229.41,41.85,44.35,0.27,-1,-1,-1
144,551,1829.75,196.27,225.25,119.97,0.94,-1,-1,-1
144,579,3559.37,149.37,108.49,86.46,0.55,-1,-1,-1
144,593,2972.63,1435.89,27.52,33.02,0.73,-1,-1,-1
145,487,1523.69,415.02,277.24,188.87,0.94,-1,-1,-1
145,382,2315.23,564.41,218.28,161.58,0.92,-1,-1,-1
145,552,2066.19,1038.40,143.18,136.88,0.92,-1,-1,-1
145,553,2031.51,697.85,46.73,43.29,0.61,-1,-1,-1
145,561,2212.48,1158.80,137.45,107.72,0.78,-1,-1,-1
145,562,1922.43,284.55,65.21,70.27,0.75,-1,-1,-1
145,563,1870.87,158.09,50.39,66.72,0.68,-1,-1,-1
145,566,1996.52,1581.15,56.02,58.87,0.51,-1,-1,-1
145,482,2382.63,94.88,150.93,219.71,0.95,-1,-1,-1
145,568,2381.21,0.19,89.89,93.78,0.82,-1,-1,-1
145,573,3090.55,1260.02,72.61,62.12,0.48,-1,-1,-1
145,575,1800.05,26.74,243.89,75.62,0.93,-1,-1,-1
145,577,3014.05,194.77,92.67,83.21,0.75,-1,-1,-1
145,557,2312.26,96.50,76.82,81.61,0.78,-1,-1,-1
145,584,1713.63,330.05,47.65,59.18,0.51,-1,-1,-1
145,588,2360.41,1337.71,53.28,37.03,0.14,-1,-1,-1
145,592,2931.10,1407.27,81.66,60.25,0.33,-1,-1,-1
145,598,2416.55,183.15,39.06,59.25,0.29,-1,-1,-1
145,601,2121.84,325.26,35.44,52.14,0.73,-1,-1,-1
145,556,2345.84,650.70,49.83,82.40,0.69,-1,-1,-1
145,567,1037.84,641.08,77.70,76.51,0.67,-1,-1,-1
145,578,1700.32,723.61,54.86,43.48,0.59,-1,-1,-1
145,210,1911.51,728.10,50.50,42.71,0.16,-1,-1,-1
145,564,1880.09,672.93,56.86,58.64,0.63,-1,-1,-1
145,603,1680.01,472.47,67.29,55.98,0.67,-1,-1,-1
145,606,3437.04,136.60,83.68,57.46,0.15,-1,-1,-1
145,551,1822.58,197.17,223.44,117.95,0.95,-1,-1,-1
145,607,1865.44,1091.29,41.04,42.48,0.68,-1,-1,-1
145,608,2324.54,113.18,57.82,66.62,0.69,-1,-1,-1
145,609,2388.39,561.15,128.81,102.47,0.56,-1,-1,-1
145,593,2978.66,1433.49,26.87,32.27,0.24,-1,-1,-1
146,487,1478.47,376.93,309.29,219.41,0.94,-1,-1,-1
146,382,2319.13,569.56,215.53,157.08,0.89,-1,-1,-1
146,552,2062.53,1037.79,144.09,137.99,0.70,-1,-1,-1
146,553,2025.18,694.54,51.97,47.43,0.40,-1,-1,-1
146,561,2211.54,1161.17,130.61,101.81,0.85,-1,-1,-1
146,562,1909.38,286.54,56.30,59.70,0.55,-1,-1,-1
146,563,1868.18,162.41,47.78,60.39,0.42,-1,-1,-1
146,566,1985.25,1574.45,65.37,61.20,0.87,-1,-1,-1
146,482,2382.67,92.06,151.27,218.14,0.93,-1,-1,-1
146,568,2384.35,0.17,89.86,93.48,0.89,-1,-1,-1
146,573,3088.26,1256.96,77.06,67.31,0.62,-1,-1,-1
146,575,1795.84,33.00,233.04,72.34,0.94,-1,-1,-1
146,577,3026.68,198.29,93.24,85.23,0.54,-1,-1,-1
146,557,2303.07,106.45,90.89,97.53,0.21,-1,-1,-1
146,588,2364.78,1341.95,38.81,26.25,0.58,-1,-1,-1
146,592,2938.58,1403.28,79.62,59.57,0.82,-1,-1,-1
146,598,2421.03,191.88,35.31,53.31,0.22,-1,-1,-1
146,601,2117.27,326.74,34.39,50.36,0.64,-1,-1,-1
146,556,2339.48,649.51,57.96,98.85,0.68,-1,-1,-1
146,567,1042.94,635.12,85.53,87.10,0.82,-1,-1,-1
146,564,1871.70,662.32,58.68,59.74,0.37,-1,-1,-1
146,603,1641.59,452.93,62.07,50.67,0.73,-1,-1,-1
146,606,3439.96,135.14,83.00,57.46,0.12,-1,-1,-1
146,551,1812.00,198.46,222.83,116.55,0.64,-1,-1,-1
146,607,1865.11,1085.04,41.17,42.67,0.55,-1,-1,-1
146,608,2325.42,106.25,65.34,75.32,0.86,-1,-1,-1
146,609,2391.28,565.36,128.92,102.60,0.35,-1,-1,-1
146,572,1758.18,582.50,49.09,49.70,0.55,-1,-1,-1
146,587,2373.50,1327.08,34.18,38.66,0.62,-1,-1,-1
147,487,1442.34,342.58,326.52,243.36,0.95,-1,-1,-1
147,382,2319.17,570.91,216.18,155.52,0.90,-1,-1,-1
147,552,2059.50,1038.68,143.97,137.94,0.83,-1,-1,-1
147,553,2024.93,702.36,45.61,39.84,0.36,-1,-1,-1
147,561,2201.51,1162.58,132.21,103.61,0.88,-1,-1,-1
147,562,1893.57,288.98,58.24,62.42,0.42,-1,-1,-1
147,563,1867.21,154.24,62.82,77.47,0.71,-1,-1,-1
147,566,1984.79,1577.45,69.53,58.09,0.87,-1,-1,-1
147,482,2382.85,91.00,152.00,217.40,0.70,-1,-1,-1
147,568,2386.56,0.18,89.70,93.11,0.80,-1,-1,-1
147,573,3092.21,1255.40,61.90,53.44,0.12,-1,-1,-1
147,575,1786.74,37.99,234.62,73.18,0.93,-1,-1,-1
147,577,3042.83,200.46,85.81,77.24,0.20,-1,-1,-1
147,557,2303.07,115.11,94.59,100.31,0.11,-1,-1,-1
147,588,2360.52,1339.72,40.11,26.90,0.78,-1,-1,-1
147,592,2944.67,1405.47,74.86,56.39,0.68,-1,-1,-1
147,598,2420.77,195.71,35.16,52.74,0.66,-1,-1,-1
147,601,2113.55,324.29,36.31,53.33,0.55,-1,-1,-1
147,556,2338.53,647.61,61.68,108.11,0.73,-1,-1,-1
147,567,1044.29,608.93,111.08,118.01,0.83,-1,-1,-1
147,564,1863.95,653.78,63.69,64.93,0.59,-1,-1,-1
147,606,3453.11,154.72,53.13,36.62,0.64,-1,-1,-1
147,551,1799.77,201.53,223.35,115.78,0.91,-1,-1,-1
147,607,1858.65,1085.06,45.78,47.85,0.36,-1,-1,-1
147,608,2326.73,107.79,65.72,75.86,0.74,-1,-1,-1
147,609,2391.85,569.74,126.76,100.89,0.18,-1,-1,-1
147,610,1791.94,200.07,243.18,116.34,0.51,-1,-1,-1
147,572,1755.69,572.77,58.27,58.01,0.76,-1,-1,-1
147,587,2368.38,1327.33,35.32,38.75,0.55,-1,-1,-1
147,578,1715.10,719.57,45.51,35.28,0.54,-1,-1,-1
148,487,1421.72,320.05,327.46,257.31,0.94,-1,-1,-1
148,382,2318.79,578.22,210.38,149.45,0.90,-1,-1,-1
148,552,2056.47,1038.46,145.11,139.20,0.93,-1,-1,-1
148,553,2021.70,702.59,46.93,40.12,0.82,-1,-1,-1
148,561,2190.90,1162.61,141.89,112.29,0.86,-1,-1,-1
148,562,1884.56,291.73,55.39,59.85,0.20,-1,-1,-1
148,563,1864.22,149.76,70.68,86.47,0.85,-1,-1,-1
148,566,1985.60,1581.03,69.37,51.10,0.81,-1,-1,-1
148,482,2382.33,91.16,153.23,217.70,0.95,-1,-1,-1
148,568,2388.46,0.37,89.14,92.16,0.87,-1,-1,-1
148,575,1779.71,41.08,236.72,74.23,0.93,-1,-1,-1
148,577,3053.97,201.74,81.15,72.12,0.38,-1,-1,-1
148,557,2314.47,122.70,89.94,95.03,0.80,-1,-1,-1
148,588,2359.27,1339.06,38.44,25.13,0.80,-1,-1,-1
148,592,2950.28,1409.17,70.69,53.35,0.49,-1,-1,-1
148,598,2414.12,195.81,37.01,53.69,0.61,-1,-1,-1
148,601,2115.04,320.89,33.97,49.53,0.66,-1,-1,-1
148,556,2339.62,656.93,56.53,100.39,0.71,-1,-1,-1
148,567,1069.25,593.43,89.92,97.60,0.55,-1,-1,-1
148,564,1853.61,642.31,83.37,87.94,0.71,-1,-1,-1
148,606,3427.36,136.42,83.98,58.35,0.76,-1,-1,-1
148,607,1857.15,1083.86,37.37,38.69,0.69,-1,-1,-1
148,608,2332.10,110.80,62.53,72.00,0.83,-1,-1,-1
148,609,2403.62,572.48,128.77,101.55,0.55,-1,-1,-1
148,572,1750.62,565.70,61.21,61.47,0.78,-1,-1,-1
148,587,2372.42,1326.11,31.48,33.84,0.73,-1,-1,-1
148,611,1782.32,671.89,63.24,31.85,0.69,-1,-1,-1
148,578,1720.81,719.80,40.68,31.32,0.41,-1,-1,-1
148,605,3717.62,30.87,71.91,56.83,0.55,-1,-1,-1
148,579,3576.51,119.19,106.76,83.96,0.85,-1,-1,-1
148,603,1580.60,424.87,60.06,47.52,0.74,-1,-1,-1
149,487,1385.85,287.24,331.32,278.29,0.91,-1,-1,-1
149,382,2320.25,582.47,209.61,146.76,0.91,-1,-1,-1
149,552,2052.75,1039.02,143.79,137.75,0.82,-1,-1,-1
149,553,2023.20,700.15,45.04,37.38,0.68,-1,-1,-1
149,561,2186.49,1165.57,137.02,108.19,0.75,-1,-1,-1
149,562,1872.13,297.29,54.39,59.60,0.11,-1,-1,-1
149,563,1852.87,146.52,71.43,86.40,0.91,-1,-1,-1
149,566,1980.26,1572.50,69.88,47.99,0.63,-1,-1,-1
149,482,2381.40,91.98,154.09,217.68,0.87,-1,-1,-1
149,568,2391.77,0.20,86.37,88.88,0.86,-1,-1,-1
149,575,1767.55,46.67,231.23,72.64,0.94,-1,-1,-1
149,577,3076.98,197.85,72.00,62.53,0.30,-1,-1,-1
149,557,2318.58,122.30,87.01,94.01,0.77,-1,-1,-1
149,588,2347.37,1322.17,56.59,38.04,0.61,-1,-1,-1
149,592,2956.63,1415.40,61.48,46.86,0.21,-1,-1,-1
149,598,2416.53,195.40,38.29,55.75,0.74,-1,-1,-1
149,601,2111.00,313.50,35.94,49.98,0.63,-1,-1,-1
149,556,2336.90,657.05,57.02,99.78,0.78,-1,-1,-1
149,567,1089.32,575.32,83.81,92.61,0.64,-1,-1,-1
149,564,1863.29,633.72,67.99,69.47,0.57,-1,-1,-1
149,606,3419.61,142.24,97.97,69.03,0.30,-1,-1,-1
149,607,1845.11,1083.95,41.06,41.38,0.79,-1,-1,-1
149,572,1743.29,562.24,52.69,53.00,0.42,-1,-1,-1
149,578,1725.12,719.79,47.68,35.58,0.60,-1,-1,-1
149,613,1884.12,863.49,46.28,42.93,0.68,-1,-1,-1
149,618,2255.73,562.43,76.24,67.59,0.74,-1,-1,-1
149,551,1786.69,211.61,214.51,109.08,0.89,-1,-1,-1
150,487,1371.66,265.46,321.25,289.08,0.92,-1,-1,-1
150,382,2320.48,583.87,210.05,145.07,0.91,-1,-1,-1
150,552,2049.45,1038.47,144.06,137.82,0.54,-1,-1,-1
150,553,2022.48,694.66,47.89,38.91,0.69,-1,-1,-1
150,561,2182.63,1166.24,134.66,105.87,0.84,-1,-1,-1
150,562,1865.64,299.93,52.69,58.17,0.51,-1,-1,-1
150,563,1841.41,145.72,67.21,80.24,0.78,-1,-1,-1
150,566,1969.88,1561.66,75.08,50.83,0.54,-1,-1,-1
150,482,2380.76,92.47,154.73,217.51,0.86,-1,-1,-1
150,568,2394.04,0.15,83.90,85.89,0.86,-1,-1,-1
150,575,1759.74,50.14,226.32,71.10,0.94,-1,-1,-1
150,577,3087.76,197.22,69.48,58.28,0.75,-1,-1,-1
150,588,2336.92,1315.28,63.98,43.76,0.11,-1,-1,-1
150,592,2959.18,1418.18,59.61,46.02,0.39,-1,-1,-1
150,598,2417.15,195.27,38.76,56.31,0.66,-1,-1,-1
150,556,2335.64,656.64,57.50,100.10,0.59,-1,-1,-1
150,567,1105.09,561.24,72.89,78.33,0.62,-1,-1,-1
150,564,1870.50,626.89,58.94,58.19,0.80,-1,-1,-1
150,606,3418.27,143.55,100.26,71.44,0.14,-1,-1,-1
150,607,1841.04,1083.49,45.18,42.93,0.85,-1,-1,-1
150,572,1732.95,558.59,52.32,53.30,0.55,-1,-1,-1
150,578,1725.05,720.35,51.41,36.85,0.61,-1,-1,-1
150,613,1883.52,864.37,41.89,38.75,0.52,-1,-1,-1
150,618,2235.82,542.87,103.35,92.53,0.43,-1,-1,-1
150,619,1825.32,1196.05,43.80,41.65,0.74,-1,-1,-1
150,551,1783.52,216.08,211.53,105.39,0.81,-1,-1,-1
150,608,2340.50,119.69,55.18,62.95,0.63,-1,-1,-1
150,603,1525.62,389.47,60.55,46.83,0.66,-1,-1,-1
151,487,1368.17,249.85,305.45,294.33,0.92,-1,-1,-1
151,382,2317.10,582.45,217.17,148.74,0.92,-1,-1,-1
151,552,2047.66,1038.89,142.90,135.36,0.16,-1,-1,-1
151,553,2019.69,686.28,59.14,48.71,0.84,-1,-1,-1
151,561,2181.23,1168.38,129.40,100.50,0.88,-1,-1,-1
151,562,1860.44,301.98,51.08,56.09,0.45,-1,-1,-1
151,563,1833.77,146.25,62.23,72.58,0.84,-1,-1,-1
151,566,1963.48,1555.39,83.72,56.06,0.42,-1,-1,-1
151,482,2380.21,92.28,155.66,217.72,0.89,-1,-1,-1
151,568,2395.24,0.19,82.76,84.24,0.82,-1,-1,-1
151,575,1752.51,51.91,224.32,70.44,0.94,-1,-1,-1
151,577,3094.63,196.41,73.89,61.14,0.53,-1,-1,-1
151,588,2326.06,1303.75,78.38,56.12,0.56,-1,-1,-1
151,592,2961.41,1420.00,58.20,45.53,0.41,-1,-1,-1
151,598,2416.43,194.19,39.73,57.78,0.71,-1,-1,-1
151,556,2337.68,656.67,59.42,105.40,0.78,-1,-1,-1
151,567,1120.93,553.46,59.90,64.36,0.60,-1,-1,-1
151,564,1871.09,617.77,57.93,55.87,0.74,-1,-1,-1
151,606,3415.08,142.81,106.11,76.76,0.54,-1,-1,-1
151,607,1839.15,1084.78,44.77,38.68,0.82,-1,-1,-1
151,572,1724.46,557.10,54.47,56.50,0.73,-1,-1,-1
151,578,1718.65,720.77,44.60,31.77,0.53,-1,-1,-1
151,613,1880.86,861.57,41.00,37.84,0.49,-1,-1,-1
151,619,1817.14,1196.74,58.73,55.86,0.84,-1,-1,-1
151,551,1781.19,219.80,209.83,102.42,0.77,-1,-1,-1
151,622,3568.27,391.04,69.12,74.74,0.86,-1,-1,-1
151,624,1886.16,171.36,21.91,47.72,0.63,-1,-1,-1
151,608,2347.99,122.71,53.66,61.17,0.63,-1,-1,-1
151,603,1500.41,369.66,72.78,56.59,0.74,-1,-1,-1
151,609,2386.19,618.57,79.70,63.67,0.60,-1,-1,-1
152,487,1365.45,237.09,285.97,295.17,0.85,-1,-1,-1
152,382,2318.06,584.67,217.85,147.16,0.91,-1,-1,-1
152,552,2042.99,1044.36,136.93,127.58,0.51,-1,-1,-1
152,553,2019.27,682.42,63.68,53.74,0.65,-1,-1,-1
152,561,2176.81,1169.37,129.75,99.43,0.85,-1,-1,-1
152,562,1857.66,302.62,50.03,54.35,0.55,-1,-1,-1
152,563,1826.80,148.09,57.29,63.10,0.55,-1,-1,-1
152,566,1955.43,1553.88,90.56,60.47,0.70,-1,-1,-1
152,482,2379.27,92.32,156.61,218.22,0.84,-1,-1,-1
152,568,2392.26,0.23,81.29,83.38,0.86,-1,-1,-1
152,575,1745.04,53.19,224.79,70.67,0.95,-1,-1,-1
152,577,3101.24,195.91,75.01,61.71,0.17,-1,-1,-1
152,588,2324.74,1307.73,70.58,52.00,0.55,-1,-1,-1
152,592,2964.66,1423.41,55.78,43.87,0.47,-1,-1,-1
152,598,2415.60,193.82,40.08,58.14,0.77,-1,-1,-1
152,556,2335.82,656.87,60.66,108.17,0.84,-1,-1,-1
152,567,1127.18,538.77,55.55,60.34,0.55,-1,-1,-1
152,564,1866.42,608.33,64.17,62.37,0.66,-1,-1,-1
152,606,3414.66,142.68,108.01,79.47,0.74,-1,-1,-1
152,607,1836.69,1087.99,46.51,36.13,0.83,-1,-1,-1
152,572,1715.95,557.80,57.54,60.81,0.39,-1,-1,-1
152,578,1713.92,721.57,43.00,30.60,0.48,-1,-1,-1
152,613,1880.00,857.37,37.95,34.74,0.51,-1,-1,-1
152,619,1813.65,1201.32,63.53,60.11,0.81,-1,-1,-1
152,551,1776.70,222.92,210.82,101.06,0.89,-1,-1,-1
152,622,3563.46,391.79,65.33,70.88,0.76,-1,-1,-1
152,624,1873.94,157.07,29.21,63.44,0.53,-1,-1,-1
152,608,2352.16,124.85,55.19,63.48,0.79,-1,-1,-1
152,603,1481.25,356.93,80.87,63.57,0.69,-1,-1,-1
152,609,2383.96,626.11,70.86,57.10,0.19,-1,-1,-1
152,584,1680.09,324.44,41.57,50.43,0.51,-1,-1,-1
152,573,3060.61,1228.09,70.58,61.38,0.82,-1,-1,-1
153,487,1357.19,223.72,267.45,293.77,0.94,-1,-1,-1
153,382,2317.37,587.58,217.66,145.25,0.90,-1,-1,-1
153,553,2013.17,683.41,65.60,56.14,0.68,-1,-1,-1
153,561,2169.23,1170.10,133.04,101.31,0.84,-1,-1,-1
153,562,1851.54,304.11,49.92,53.83,0.52,-1,-1,-1
153,563,1812.11,149.80,67.08,71.55,0.77,-1,-1,-1
153,566,1956.83,1556.80,82.87,54.55,0.75,-1,-1,-1
153,482,2378.23,93.90,156.57,216.79,0.93,-1,-1,-1
153,568,2396.26,0.16,80.13,81.47,0.78,-1,-1,-1
153,575,1734.78,56.13,225.29,70.90,0.94,-1,-1,-1
153,577,3107.66,185.57,81.31,68.05,0.65,-1,-1,-1
153,588,2323.75,1308.03,63.85,48.29,0.72,-1,-1,-1
153,592,2962.66,1423.80,63.22,48.79,0.56,-1,-1,-1
153,598,2415.96,191.91,40.50,59.10,0.73,-1,-1,-1
153,556,2335.86,658.11,59.08,105.51,0.79,-1,-1,-1
153,567,1130.23,515.37,65.03,72.60,0.56,-1,-1,-1
153,564,1863.58,590.61,64.95,65.49,0.76,-1,-1,-1
153,606,3418.95,141.17,102.59,76.60,0.77,-1,-1,-1
153,607,1830.96,1093.02,53.48,38.35,0.83,-1,-1,-1
153,572,1700.09,557.48,63.94,67.82,0.70,-1,-1,-1
153,578,1712.91,720.45,42.48,30.41,0.56,-1,-1,-1
153,613,1876.45,850.75,40.23,36.61,0.58,-1,-1,-1
153,619,1792.17,1188.80,100.75,95.90,0.75,-1,-1,-1
153,551,1768.13,225.54,210.28,98.70,0.92,-1,-1,-1
153,622,3556.19,386.63,59.05,64.10,0.35,-1,-1,-1
153,608,2350.98,128.47,58.62,68.14,0.66,-1,-1,-1
153,603,1462.62,346.44,81.91,64.98,0.68,-1,-1,-1
153,609,2395.43,595.71,111.81,89.31,0.57,-1,-1,-1
153,626,2552.94,232.00,57.21,71.29,0.76,-1,-1,-1
153,584,1675.13,322.85,42.97,51.01,0.53,-1,-1,-1
153,573,3055.30,1223.23,69.00,60.80,0.85,-1,-1,-1
153,605,3724.59,45.89,69.67,53.77,0.52,-1,-1,-1
153,579,3627.28,103.26,103.06,80.46,0.69,-1,-1,-1
153,557,2335.75,139.14,89.48,96.29,0.55,-1,-1,-1
153,618,2264.16,523.43,98.79,89.00,0.81,-1,-1,-1
154,487,1351.43,214.32,250.19,289.79,0.92,-1,-1,-1
154,382,2320.64,595.69,210.84,138.07,0.92,-1,-1,-1
154,553,2011.76,686.55,59.51,50.77,0.54,-1,-1,-1
154,561,2162.54,1169.90,138.52,105.31,0.84,-1,-1,-1
154,562,1846.45,304.87,47.89,50.82,0.28,-1,-1,-1
154,563,1802.73,149.87,71.16,74.56,0.60,-1,-1,-1
154,566,1956.43,1556.08,84.37,55.61,0.81,-1,-1,-1
154,482,2377.25,94.79,156.96,216.50,0.88,-1,-1,-1
154,568,2397.33,0.03,77.72,78.81,0.90,-1,-1,-1
154,575,1727.70,57.82,224.97,70.82,0.94,-1,-1,-1
154,577,3111.11,179.02,82.76,69.64,0.43,-1,-1,-1
154,588,2320.90,1303.74,63.91,49.64,0.43,-1,-1,-1
154,592,2965.24,1427.89,66.32,49.89,0.19,-1,-1,-1
154,598,2414.36,189.72,42.22,61.63,0.78,-1,-1,-1
154,556,2335.91,658.39,59.72,106.97,0.87,-1,-1,-1
154,567,1134.91,494.35,67.79,76.31,0.81,-1,-1,-1
154,564,1863.00,585.53,58.19,60.26,0.45,-1,-1,-1
154,606,3416.73,140.07,106.51,81.04,0.63,-1,-1,-1
154,607,1823.53,1094.71,65.74,44.94,0.84,-1,-1,-1
154,578,1708.62,722.12,41.37,28.99,0.33,-1,-1,-1
154,613,1873.69,846.36,42.03,38.00,0.30,-1,-1,-1
154,619,1774.54,1174.52,133.05,127.78,0.81,-1,-1,-1
154,551,1763.49,227.26,208.18,95.68,0.89,-1,-1,-1
154,622,3554.88,390.95,51.49,55.72,0.20,-1,-1,-1
154,608,2351.47,131.24,55.95,65.77,0.84,-1,-1,-1
154,603,1450.94,339.24,83.02,66.59,0.77,-1,-1,-1
154,609,2402.93,589.29,123.94,97.28,0.76,-1,-1,-1
154,626,2541.97,224.60,75.80,94.38,0.80,-1,-1,-1
154,584,1672.35,321.44,43.68,50.98,0.47,-1,-1,-1
154,573,3053.38,1221.91,67.37,59.94,0.61,-1,-1,-1
154,605,3719.60,45.82,70.95,52.81,0.32,-1,-1,-1
154,557,2350.40,109.77,163.43,179.60,0.69,-1,-1,-1
154,618,2263.64,505.22,112.56,103.26,0.83,-1,-1,-1
154,601,2096.97,296.04,33.00,43.79,0.67,-1,-1,-1
155,487,1350.48,206.31,235.66,285.89,0.93,-1,-1,-1
155,382,2323.40,599.55,208.97,134.51,0.91,-1,-1,-1
155,561,2157.57,1171.41,139.33,105.77,0.84,-1,-1,-1
155,562,1839.85,304.46,48.48,51.19,0.14,-1,-1,-1
155,563,1795.78,150.70,72.82,75.01,0.26,-1,-1,-1
155,566,1954.86,1553.14,89.10,59.27,0.43,-1,-1,-1
155,482,2376.36,95.19,157.36,216.35,0.92,-1,-1,-1
155,568,2399.11,0.10,76.26,76.73,0.86,-1,-1,-1
155,575,1721.11,58.58,224.76,70.77,0.94,-1,-1,-1
155,577,3125.97,175.71,70.14,58.79,0.22,-1,-1,-1
155,588,2324.63,1297.13,61.37,50.00,0.74,-1,-1,-1
155,592,2968.08,1429.40,71.10,52.77,0.51,-1,-1,-1
155,598,2413.83,187.91,42.83,62.44,0.66,-1,-1,-1
155,556,2336.26,659.47,59.32,106.63,0.84,-1,-1,-1
155,567,1141.00,479.55,63.26,70.87,0.65,-1,-1,-1
155,606,3414.19,142.35,104.44,79.92,0.67,-1,-1,-1
155,607,1817.78,1099.13,76.06,50.37,0.81,-1,-1,-1
155,578,1704.15,722.34,45.39,31.72,0.44,-1,-1,-1
155,613,1870.90,844.85,42.89,38.52,0.21,-1,-1,-1
155,619,1765.99,1163.91,155.19,151.12,0.76,-1,-1,-1
155,551,1755.68,228.50,209.41,94.32,0.80,-1,-1,-1
155,622,3550.40,394.62,48.13,51.72,0.17,-1,-1,-1
155,608,2332.09,131.73,71.10,83.53,0.86,-1,-1,-1
155,603,1440.88,334.75,95.41,77.75,0.81,-1,-1,-1
155,609,2404.67,583.65,134.41,104.73,0.70,-1,-1,-1
155,626,2535.83,218.60,65.47,81.79,0.75,-1,-1,-1
155,584,1672.19,320.30,43.40,50.04,0.37,-1,-1,-1
155,573,3053.91,1227.59,60.54,53.24,0.48,-1,-1,-1
155,605,3721.26,44.46,73.37,54.16,0.27,-1,-1,-1
155,618,2251.43,488.10,129.85,123.08,0.86,-1,-1,-1
155,601,2096.31,292.25,34.20,43.86,0.37,-1,-1,-1
155,572,1683.79,562.89,60.33,62.40,0.77,-1,-1,-1
156,487,1349.80,201.21,220.66,278.24,0.94,-1,-1,-1
156,382,2318.47,597.06,216.70,138.03,0.91,-1,-1,-1
156,561,2152.88,1172.13,141.17,107.34,0.82,-1,-1,-1
156,562,1833.70,304.37,48.60,51.23,0.25,-1,-1,-1
156,563,1788.83,150.79,74.89,75.95,0.60,-1,-1,-1
156,566,1954.26,1549.00,92.77,62.44,0.25,-1,-1,-1
156,482,2375.30,96.02,157.62,216.07,0.89,-1,-1,-1
156,568,2399.25,0.20,75.93,75.93,0.88,-1,-1,-1
156,575,1713.69,58.15,225.64,71.14,0.93,-1,-1,-1
156,577,3132.38,173.01,66.47,54.79,0.51,-1,-1,-1
156,588,2323.43,1293.79,58.87,49.42,0.61,-1,-1,-1
156,592,2967.83,1429.79,75.35,54.71,0.11,-1,-1,-1
156,598,2412.67,184.10,42.62,61.72,0.51,-1,-1,-1
156,556,2335.73,660.28,58.71,105.32,0.83,-1,-1,-1
156,567,1146.70,467.84,59.47,66.10,0.52,-1,-1,-1
156,606,3425.69,144.65,89.76,68.96,0.68,-1,-1,-1
156,607,1800.89,1086.60,113.06,76.06,0.74,-1,-1,-1
156,578,1699.93,722.85,42.23,29.70,0.61,-1,-1,-1
156,613,1869.73,842.31,44.26,39.66,0.63,-1,-1,-1
156,619,1782.84,1187.63,141.11,138.54,0.60,-1,-1,-1
156,551,1749.46,228.91,213.86,94.75,0.84,-1,-1,-1
156,622,3537.71,397.61,47.63,50.17,0.37,-1,-1,-1
156,608,2346.72,132.43,64.19,72.22,0.66,-1,-1,-1
156,603,1432.75,328.99,106.24,87.85,0.86,-1,-1,-1
156,609,2407.75,584.25,136.12,104.72,0.69,-1,-1,-1
156,626,2532.96,217.51,53.53,64.77,0.60,-1,-1,-1
156,584,1674.21,319.56,41.44,46.91,0.42,-1,-1,-1
156,573,3051.99,1229.32,58.28,50.35,0.73,-1,-1,-1
156,605,3720.71,43.71,74.02,54.23,0.82,-1,-1,-1
156,618,2247.84,468.31,137.28,134.92,0.84,-1,-1,-1
156,601,2096.35,288.65,38.11,47.42,0.60,-1,-1,-1
156,572,1672.63,563.32,65.69,67.98,0.73,-1,-1,-1
156,579,3618.46,112.57,92.83,71.46,0.86,-1,-1,-1
156,553,1993.65,687.20,67.24,58.04,0.75,-1,-1,-1
157,487,1348.82,195.31,210.33,273.71,0.95,-1,-1,-1
157,382,2316.86,599.18,218.75,138.00,0.90,-1,-1,-1
157,561,2152.53,1174.46,140.44,106.73,0.83,-1,-1,-1
157,562,1828.47,304.69,48.15,50.55,0.68,-1,-1,-1
157,563,1785.36,151.92,69.35,68.80,0.63,-1,-1,-1
157,566,1951.75,1545.91,96.19,65.15,0.48,-1,-1,-1
157,482,2374.81,96.55,158.70,217.11,0.60,-1,-1,-1
157,568,2399.58,0.05,76.91,76.50,0.86,-1,-1,-1
157,575,1707.13,57.08,227.07,71.74,0.93,-1,-1,-1
157,577,3141.32,170.56,64.16,52.67,0.56,-1,-1,-1
157,588,2324.54,1288.42,56.68,49.19,0.17,-1,-1,-1
157,592,2976.71,1432.89,71.77,51.38,0.36,-1,-1,-1
157,598,2408.53,181.06,43.53,61.32,0.59,-1,-1,-1
157,556,2337.87,662.04,56.32,100.51,0.80,-1,-1,-1
157,567,1154.51,456.04,56.66,61.73,0.59,-1,-1,-1
157,606,3419.12,145.66,94.82,73.19,0.25,-1,-1,-1
157,607,1810.14,1111.69,96.23,61.43,0.72,-1,-1,-1
157,578,1701.51,721.49,44.47,30.83,0.67,-1,-1,-1
157,613,1868.82,841.31,43.44,38.89,0.64,-1,-1,-1
157,619,1784.04,1182.24,152.63,151.08,0.54,-1,-1,-1
157,551,1741.14,228.15,219.34,95.85,0.91,-1,-1,-1
157,608,2346.88,135.86,58.04,65.66,0.71,-1,-1,-1
157,603,1427.80,324.06,110.70,93.03,0.91,-1,-1,-1
157,609,2414.62,583.78,118.16,88.34,0.64,-1,-1,-1
157,626,2529.80,218.67,45.12,52.94,0.84,-1,-1,-1
157,584,1674.29,319.08,42.09,47.06,0.71,-1,-1,-1
157,573,3050.93,1229.37,58.07,49.84,0.31,-1,-1,-1
157,605,3721.51,43.79,73.33,53.66,0.64,-1,-1,-1
157,618,2258.85,453.92,122.41,123.43,0.74,-1,-1,-1
157,601,2094.08,285.22,48.42,59.78,0.74,-1,-1,-1
157,572,1689.33,590.08,38.39,39.96,0.57,-1,-1,-1
157,634,3594.30,0.16,87.02,46.78,0.77,-1,-1,-1
157,579,3606.50,111.60,100.18,76.59,0.84,-1,-1,-1
157,553,1989.70,690.89,66.37,57.70,0.75,-1,-1,-1
157,557,2356.88,100.36,191.05,214.86,0.90,-1,-1,-1
158,487,1348.38,190.96,201.71,269.29,0.93,-1,-1,-1
158,382,2317.06,601.18,217.74,135.81,0.91,-1,-1,-1
158,561,2150.34,1176.71,139.44,105.34,0.84,-1,-1,-1
158,562,1823.15,304.13,49.04,51.22,0.18,-1,-1,-1
158,563,1780.43,152.15,73.94,72.63,0.16,-1,-1,-1
158,566,1959.02,1541.82,96.53,67.25,0.53,-1,-1,-1
158,482,2374.07,97.78,158.83,217.13,0.82,-1,-1,-1
158,568,2399.72,-0.14,78.25,77.47,0.81,-1,-1,-1
158,575,1702.42,57.16,225.83,71.41,0.94,-1,-1,-1
158,577,3144.30,167.44,64.96,52.89,0.31,-1,-1,-1
158,592,2984.66,1434.41,68.02,48.37,0.22,-1,-1,-1
158,598,2410.35,179.23,47.81,68.96,0.63,-1,-1,-1
158,556,2336.28,662.74,56.82,100.77,0.84,-1,-1,-1
158,567,1157.26,445.85,58.26,63.53,0.79,-1,-1,-1
158,606,3418.70,145.77,95.28,74.19,0.13,-1,-1,-1
158,607,1816.62,1127.96,88.82,54.47,0.72,-1,-1,-1
158,578,1702.12,719.13,47.31,32.63,0.53,-1,-1,-1
158,613,1868.84,840.18,43.22,38.85,0.76,-1,-1,-1
158,619,1776.59,1165.22,167.08,167.11,0.61,-1,-1,-1
158,551,1734.01,227.85,224.30,96.91,0.55,-1,-1,-1
158,608,2328.10,140.27,66.77,73.58,0.69,-1,-1,-1
158,603,1422.87,320.00,111.43,94.78,0.86,-1,-1,-1
158,609,2405.67,584.13,122.82,92.21,0.18,-1,-1,-1
158,626,2522.10,228.78,33.83,38.08,0.53,-1,-1,-1
158,584,1675.78,319.83,42.53,46.71,0.56,-1,-1,-1
158,573,3045.40,1225.50,62.33,53.37,0.52,-1,-1,-1
158,618,2262.75,439.89,117.57,120.47,0.11,-1,-1,-1
158,601,2097.20,283.30,49.23,58.55,0.27,-1,-1,-1
158,572,1660.35,572.76,60.85,65.38,0.74,-1,-1,-1
158,553,1989.82,695.77,60.97,53.00,0.20,-1,-1,-1
158,637,1816.36,587.00,55.16,65.83,0.53,-1,-1,-1
158,557,2359.23,98.81,191.68,220.10,0.82,-1,-1,-1
158,564,1866.24,565.56,56.32,59.67,0.64,-1,-1,-1
159,487,1346.05,183.48,194.37,264.30,0.93,-1,-1,-1
159,382,2318.69,601.29,220.09,135.35,0.90,-1,-1,-1
159,561,2145.13,1176.28,139.53,105.15,0.89,-1,-1,-1
159,566,1959.20,1544.33,92.02,64.14,0.19,-1,-1,-1
159,482,2373.97,98.08,158.59,216.63,0.96,-1,-1,-1
159,568,2398.44,0.49,78.62,77.93,0.81,-1,-1,-1
159,575,1694.22,58.66,227.22,72.01,0.93,-1,-1,-1
159,577,3141.77,159.52,80.07,64.87,0.21,-1,-1,-1
159,592,2995.65,1429.86,69.56,50.39,0.20,-1,-1,-1
159,598,2409.57,178.04,51.61,76.77,0.64,-1,-1,-1
159,556,2335.70,663.52,56.82,100.07,0.82,-1,-1,-1
159,567,1170.39,441.25,47.65,49.99,0.69,-1,-1,-1
159,613,1858.67,836.41,43.52,39.17,0.12,-1,-1,-1
159,619,1758.85,1134.02,206.85,211.85,0.19,-1,-1,-1
159,551,1725.02,226.84,229.04,98.17,0.89,-1,-1,-1
159,608,2329.12,142.75,69.20,77.94,0.83,-1,-1,-1
159,603,1416.40,315.74,103.24,90.21,0.76,-1,-1,-1
159,609,2402.71,586.07,130.50,98.32,0.71,-1,-1,-1
159,626,2500.76,204.07,52.61,59.22,0.81,-1,-1,-1
159,584,1677.58,321.58,42.45,45.43,0.20,-1,-1,-1
159,573,3042.17,1215.78,65.39,57.21,0.79,-1,-1,-1
159,618,2257.97,414.00,136.03,142.29,0.19,-1,-1,-1
159,572,1642.98,570.54,67.38,74.45,0.21,-1,-1,-1
159,553,1989.62,698.78,55.81,48.19,0.74,-1,-1,-1
159,637,1816.74,577.19,51.72,61.40,0.34,-1,-1,-1
159,564,1866.80,557.79,57.65,62.47,0.43,-1,-1,-1
159,588,2312.06,1272.75,70.07,60.61,0.69,-1,-1,-1
160,487,1345.51,179.77,189.59,261.02,0.94,-1,-1,-1
160,382,2317.75,604.01,220.62,133.67,0.92,-1,-1,-1
160,561,2142.94,1174.72,140.53,105.49,0.88,-1,-1,-1
160,566,1964.24,1552.25,80.46,55.02,0.58,-1,-1,-1
160,482,2375.11,94.60,158.72,216.33,0.96,-1,-1,-1
160,568,2396.23,0.28,79.52,79.27,0.89,-1,-1,-1
160,575,1689.30,59.25,225.45,71.43,0.93,-1,-1,-1
160,577,3149.99,155.64,76.38,60.73,0.39,-1,-1,-1
160,592,3000.61,1430.89,63.48,44.83,0.31,-1,-1,-1
160,598,2408.38,181.13,50.75,76.71,0.31,-1,-1,-1
160,556,2334.49,663.76,59.26,104.29,0.87,-1,-1,-1
160,567,1174.32,433.12,42.25,43.86,0.52,-1,-1,-1
160,613,1850.89,832.72,45.91,41.61,0.68,-1,-1,-1
160,619,1752.68,1104.95,237.71,252.44,0.74,-1,-1,-1
160,551,1716.06,225.98,237.05,101.34,0.71,-1,-1,-1
160,608,2330.01,152.66,64.02,72.45,0.84,-1,-1,-1
160,603,1410.37,311.46,96.94,86.45,0.64,-1,-1,-1
160,609,2397.92,580.32,142.68,108.81,0.52,-1,-1,-1
160,626,2488.55,192.76,55.55,61.95,0.80,-1,-1,-1
160,584,1677.74,322.54,42.56,44.40,0.33,-1,-1,-1
160,573,3041.26,1206.02,67.34,60.84,0.80,-1,-1,-1
160,618,2259.17,397.77,146.32,155.88,0.19,-1,-1,-1
160,572,1634.59,576.84,63.74,72.10,0.49,-1,-1,-1
160,553,1982.02,691.32,65.90,57.74,0.81,-1,-1,-1
160,637,1809.77,568.11,52.37,61.34,0.51,-1,-1,-1
160,564,1864.56,556.51,53.76,60.36,0.42,-1,-1,-1
160,640,1167.52,414.21,55.80,51.71,0.58,-1,-1,-1
160,588,2315.12,1269.87,67.58,55.01,0.78,-1,-1,-1
160,578,1706.38,713.55,49.23,33.68,0.76,-1,-1,-1
161,487,1346.20,179.93,184.28,255.37,0.95,-1,-1,-1
161,382,2319.89,609.32,214.57,127.91,0.84,-1,-1,-1
161,561,2139.90,1174.36,140.68,104.90,0.89,-1,-1,-1
161,566,1963.42,1550.66,82.14,55.76,0.43,-1,-1,-1
161,482,2376.26,91.84,158.08,214.01,0.95,-1,-1,-1
161,568,2397.84,0.24,82.85,82.01,0.81,-1,-1,-1
161,575,1682.61,59.38,226.18,71.76,0.93,-1,-1,-1
161,577,3154.48,155.29,78.58,61.32,0.13,-1,-1,-1
161,592,3006.50,1429.68,59.30,40.87,0.39,-1,-1,-1
161,598,2410.03,182.71,46.87,71.83,0.26,-1,-1,-1
161,556,2334.95,664.78,58.52,102.93,0.86,-1,-1,-1
161,567,1173.27,414.99,49.34,51.61,0.13,-1,-1,-1
161,613,1846.38,830.42,44.11,40.58,0.52,-1,-1,-1
161,619,1751.55,1095.79,243.64,267.16,0.72,-1,-1,-1
161,551,1705.33,226.48,247.01,105.93,0.85,-1,-1,-1
161,608,2326.58,159.91,60.40,67.97,0.69,-1,-1,-1
161,603,1405.14,305.48,102.93,94.20,0.79,-1,-1,-1
161,609,2406.32,576.92,139.58,105.37,0.56,-1,-1,-1
161,626,2472.25,185.05,58.64,64.68,0.58,-1,-1,-1
161,573,3038.63,1199.58,67.98,62.75,0.70,-1,-1,-1
161,618,2258.13,378.33,135.63,145.69,0.21,-1,-1,-1
161,572,1626.48,583.57,60.48,69.84,0.69,-1,-1,-1
161,553,1981.22,688.31,64.54,57.07,0.67,-1,-1,-1
161,637,1807.43,561.04,47.36,54.88,0.61,-1,-1,-1
161,640,1169.37,403.99,61.52,57.11,0.62,-1,-1,-1
161,588,2313.05,1266.47,68.54,53.14,0.88,-1,-1,-1
161,644,1700.44,225.82,261.72,107.20,0.60,-1,-1,-1
161,645,1767.10,699.88,29.97,29.67,0.73,-1,-1,-1
161,578,1708.07,710.23,53.55,37.08,0.68,-1,-1,-1
161,579,3636.40,115.16,94.94,71.02,0.62,-1,-1,-1
161,562,1737.51,314.76,75.83,65.47,0.65,-1,-1,-1
161,563,1760.52,147.55,81.40,81.29,0.60,-1,-1,-1
161,606,3421.30,140.15,96.87,77.31,0.80,-1,-1,-1
161,607,1785.18,1103.07,160.34,102.18,0.53,-1,-1,-1
162,487,1345.63,179.76,181.10,251.83,0.95,-1,-1,-1
162,382,2322.12,610.75,216.36,126.67,0.91,-1,-1,-1
162,561,2137.78,1171.51,145.23,107.56,0.86,-1,-1,-1
162,566,1967.28,1555.94,74.95,49.55,0.43,-1,-1,-1
162,482,2377.03,89.11,158.40,212.73,0.96,-1,-1,-1
162,568,2397.45,0.24,86.67,85.36,0.75,-1,-1,-1
162,575,1677.62,59.28,225.90,71.76,0.94,-1,-1,-1
162,577,3155.51,155.68,86.17,66.53,0.17,-1,-1,-1
162,592,3015.34,1428.44,56.83,39.12,0.35,-1,-1,-1
162,598,2410.46,185.08,43.49,67.18,0.24,-1,-1,-1
162,556,2335.40,665.45,58.38,102.72,0.85,-1,-1,-1
162,567,1172.86,394.55,55.27,58.52,0.58,-1,-1,-1
162,613,1841.40,828.29,42.59,39.75,0.30,-1,-1,-1
162,551,1699.95,227.34,250.94,107.94,0.79,-1,-1,-1
162,608,2324.32,153.71,61.91,70.18,0.82,-1,-1,-1
162,603,1401.12,299.17,106.53,100.64,0.80,-1,-1,-1
162,609,2402.83,573.76,149.35,112.03,0.55,-1,-1,-1
162,626,2465.97,185.32,55.35,59.87,0.24,-1,-1,-1
162,573,3038.14,1199.63,64.14,59.74,0.72,-1,-1,-1
162,572,1620.51,590.44,59.62,68.63,0.46,-1,-1,-1
162,553,1979.01,684.81,66.85,59.96,0.49,-1,-1,-1
162,640,1178.07,390.62,65.34,60.34,0.64,-1,-1,-1
162,588,2306.65,1259.38,76.71,58.44,0.79,-1,-1,-1
162,644,1695.12,226.69,264.95,108.69,0.77,-1,-1,-1
162,645,1766.65,700.49,29.55,29.26,0.65,-1,-1,-1
162,578,1708.90,707.06,51.67,36.75,0.72,-1,-1,-1
162,579,3634.67,117.06,95.44,70.20,0.33,-1,-1,-1
162,607,1781.93,1100.73,167.71,111.21,0.54,-1,-1,-1
162,552,2055.31,1052.11,53.98,50.79,0.85,-1,-1,-1
162,622,3489.02,393.73,55.22,58.04,0.59,-1,-1,-1
163,487,1343.62,178.06,178.88,248.42,0.94,-1,-1,-1
163,382,2320.75,610.53,218.50,126.40,0.92,-1,-1,-1
163,561,2137.06,1173.71,143.12,105.00,0.86,-1,-1,-1
163,566,1968.79,1558.13,73.11,47.00,0.80,-1,-1,-1
163,482,2376.56,88.87,159.29,212.51,0.95,-1,-1,-1
163,568,2394.65,0.12,89.87,88.72,0.87,-1,-1,-1
163,575,1671.74,58.42,226.39,71.99,0.94,-1,-1,-1
163,577,3159.56,153.72,93.17,72.09,0.29,-1,-1,-1
163,592,3015.35,1425.96,58.13,39.40,0.37,-1,-1,-1
163,556,2336.09,665.45,57.79,101.58,0.85,-1,-1,-1
163,567,1176.67,376.66,56.70,60.12,0.69,-1,-1,-1
163,613,1836.51,824.00,43.80,41.45,0.20,-1,-1,-1
163,551,1694.51,227.93,254.55,110.16,0.70,-1,-1,-1
163,608,2324.86,160.17,55.33,60.68,0.80,-1,-1,-1
163,603,1405.67,293.51,102.94,98.44,0.85,-1,-1,-1
163,609,2397.03,575.80,153.62,114.88,0.67,-1,-1,-1
163,573,3032.99,1199.80,61.73,56.32,0.59,-1,-1,-1
163,572,1611.02,593.48,57.71,66.33,0.68,-1,-1,-1
163,553,1980.25,682.67,65.25,59.44,0.73,-1,-1,-1
163,640,1173.49,381.29,65.76,61.12,0.46,-1,-1,-1
163,588,2292.70,1247.26,87.30,67.36,0.80,-1,-1,-1
163,644,1688.27,227.30,269.47,110.89,0.85,-1,-1,-1
163,645,1766.75,699.57,30.73,30.45,0.77,-1,-1,-1
163,578,1710.67,705.66,47.89,34.69,0.78,-1,-1,-1
163,607,1742.82,1098.71,267.51,188.57,0.84,-1,-1,-1
163,552,2056.63,1053.18,48.85,46.20,0.73,-1,-1,-1
163,622,3483.88,395.47,55.21,58.52,0.77,-1,-1,-1
163,637,1823.06,548.33,32.93,37.70,0.54,-1,-1,-1
164,487,1342.21,176.37,177.86,246.36,0.95,-1,-1,-1
164,382,2321.54,610.38,221.41,126.27,0.92,-1,-1,-1
164,561,2139.54,1173.88,127.76,91.95,0.81,-1,-1,-1
164,566,1968.11,1558.10,73.81,46.38,0.53,-1,-1,-1
164,482,2375.66,89.80,159.81,212.12,0.95,-1,-1,-1
164,568,2394.21,0.33,91.16,90.33,0.90,-1,-1,-1
164,575,1666.45,57.80,226.48,72.09,0.94,-1,-1,-1
164,577,3171.60,153.62,88.08,68.28,0.46,-1,-1,-1
164,592,3020.45,1425.14,57.91,38.74,0.37,-1,-1,-1
164,556,2336.11,666.38,58.16,102.45,0.86,-1,-1,-1
164,567,1181.09,363.15,58.60,62.23,0.64,-1,-1,-1
164,613,1834.49,821.89,41.14,38.93,0.43,-1,-1,-1
164,551,1689.02,228.42,256.62,111.75,0.93,-1,-1,-1
164,608,2328.96,161.96,48.95,52.26,0.78,-1,-1,-1
164,603,1413.77,289.76,91.58,86.04,0.79,-1,-1,-1
164,609,2386.15,580.75,118.84,91.08,0.55,-1,-1,-1
164,573,3027.31,1202.58,58.13,51.10,0.11,-1,-1,-1
164,572,1607.61,595.96,60.60,67.67,0.61,-1,-1,-1
164,553,1981.92,682.04,62.82,57.88,0.55,-1,-1,-1
164,640,1174.88,366.37,69.78,65.41,0.33,-1,-1,-1
164,588,2281.86,1238.00,88.35,69.31,0.83,-1,-1,-1
164,645,1766.79,700.21,30.83,30.65,0.68,-1,-1,-1
164,578,1709.99,704.50,45.16,33.30,0.75,-1,-1,-1
164,607,1766.09,1101.48,212.22,154.84,0.89,-1,-1,-1
164,552,2053.30,1055.85,51.21,49.38,0.67,-1,-1,-1
164,622,3478.59,396.62,56.53,59.56,0.31,-1,-1,-1
164,637,1814.95,544.43,46.98,52.76,0.66,-1,-1,-1
164,564,1867.58,572.95,42.40,48.88,0.71,-1,-1,-1
164,563,1744.20,141.68,85.07,87.17,0.65,-1,-1,-1
165,487,1340.39,174.34,176.84,243.24,0.96,-1,-1,-1
165,382,2322.05,610.36,224.73,126.39,0.55,-1,-1,-1
165,561,2131.41,1172.78,145.80,104.92,0.88,-1,-1,-1
165,566,1966.99,1557.79,74.87,46.16,0.20,-1,-1,-1
165,482,2373.83,91.54,161.07,212.51,0.95,-1,-1,-1
165,568,2393.97,0.29,92.44,91.95,0.92,-1,-1,-1
165,575,1661.69,58.52,226.76,72.30,0.94,-1,-1,-1
165,577,3177.43,150.61,91.21,70.73,0.42,-1,-1,-1
165,592,3032.36,1424.84,56.42,38.00,0.49,-1,-1,-1
165,556,2335.65,666.73,58.46,103.09,0.87,-1,-1,-1
165,567,1186.57,350.52,61.48,65.44,0.81,-1,-1,-1
165,613,1834.40,819.04,38.44,36.03,0.14,-1,-1,-1
165,551,1685.44,228.82,256.57,112.25,0.53,-1,-1,-1
165,608,2310.21,160.97,64.06,66.88,0.81,-1,-1,-1
165,603,1419.06,289.54,81.71,74.08,0.84,-1,-1,-1
165,609,2380.89,581.80,111.25,88.81,0.70,-1,-1,-1
165,573,3028.80,1199.71,61.06,55.01,0.83,-1,-1,-1
165,572,1599.33,598.30,64.28,69.68,0.66,-1,-1,-1
165,553,1981.46,682.06,65.05,61.18,0.55,-1,-1,-1
165,588,2278.18,1231.47,81.33,64.29,0.86,-1,-1,-1
165,645,1767.34,698.91,31.63,31.53,0.41,-1,-1,-1
165,578,1711.68,704.07,44.03,32.17,0.51,-1,-1,-1
165,607,1780.40,1104.40,180.52,135.81,0.80,-1,-1,-1
165,552,2046.27,1056.32,57.23,58.33,0.72,-1,-1,-1
165,622,3467.37,398.90,57.55,57.80,0.37,-1,-1,-1
165,637,1820.90,541.90,41.05,45.02,0.67,-1,-1,-1
165,564,1867.89,579.71,40.91,48.12,0.59,-1,-1,-1
165,563,1739.20,139.45,85.34,89.17,0.36,-1,-1,-1
165,619,1799.47,1196.14,169.67,183.02,0.53,-1,-1,-1
166,487,1338.01,172.52,175.91,239.71,0.96,-1,-1,-1
166,382,2322.87,611.77,224.83,124.63,0.55,-1,-1,-1
166,561,2128.31,1170.59,144.65,103.71,0.79,-1,-1,-1
166,566,1966.45,1558.77,74.43,44.88,0.38,-1,-1,-1
166,482,2371.38,93.02,160.91,210.82,0.94,-1,-1,-1
166,568,2393.90,0.16,93.39,93.19,0.93,-1,-1,-1
166,575,1657.22,59.43,228.33,72.97,0.94,-1,-1,-1
166,577,3182.01,145.70,95.76,74.76,0.27,-1,-1,-1
166,592,3040.57,1424.48,58.38,39.42,0.47,-1,-1,-1
166,556,2336.42,667.83,57.96,102.27,0.86,-1,-1,-1
166,567,1193.72,339.50,61.72,65.81,0.78,-1,-1,-1
166,613,1834.35,815.50,37.98,35.29,0.24,-1,-1,-1
166,551,1684.15,228.94,254.44,111.66,0.62,-1,-1,-1
166,608,2315.68,158.99,56.21,58.47,0.82,-1,-1,-1
166,603,1420.48,289.94,78.95,69.27,0.85,-1,-1,-1
166,609,2387.99,576.38,96.00,79.00,0.63,-1,-1,-1
166,573,3029.61,1199.81,58.71,53.86,0.12,-1,-1,-1
166,572,1589.12,598.76,67.70,71.20,0.46,-1,-1,-1
166,553,1982.07,683.85,63.30,60.50,0.66,-1,-1,-1
166,588,2277.59,1225.31,75.77,60.30,0.83,-1,-1,-1
166,645,1766.99,698.35,31.70,31.48,0.18,-1,-1,-1
166,578,1710.36,703.40,44.75,32.39,0.21,-1,-1,-1
166,607,1785.64,1107.30,168.39,130.81,0.65,-1,-1,-1
166,622,3454.92,403.41,60.34,57.59,0.15,-1,-1,-1
166,637,1821.54,544.33,35.90,38.71,0.12,-1,-1,-1
166,564,1866.74,583.24,40.64,47.75,0.12,-1,-1,-1
166,563,1735.94,140.02,84.90,90.23,0.16,-1,-1,-1
166,650,2307.36,609.00,251.32,127.86,0.90,-1,-1,-1
166,651,1691.79,228.08,240.72,111.47,0.81,-1,-1,-1
166,652,1793.15,322.37,44.55,56.30,0.71,-1,-1,-1
166,619,1820.49,1224.19,144.38,154.64,0.86,-1,-1,-1
167,487,1336.11,169.51,175.00,234.95,0.95,-1,-1,-1
167,561,2122.16,1169.80,150.68,107.90,0.83,-1,-1,-1
167,566,1965.83,1559.20,75.04,44.39,0.38,-1,-1,-1
167,482,2369.94,91.50,161.84,211.01,0.96,-1,-1,-1
167,568,2393.50,0.18,94.75,95.26,0.93,-1,-1,-1
167,575,1651.97,62.46,226.18,72.33,0.94,-1,-1,-1
167,577,3196.58,142.47,88.43,68.91,0.14,-1,-1,-1
167,592,3040.72,1423.99,68.81,45.31,0.31,-1,-1,-1
167,556,2334.50,679.49,57.19,102.30,0.83,-1,-1,-1
167,567,1206.30,326.54,62.29,67.35,0.76,-1,-1,-1
167,613,1833.35,809.65,38.51,35.47,0.49,-1,-1,-1
167,608,2314.24,153.64,51.12,52.35,0.76,-1,-1,-1
167,603,1407.52,286.90,90.68,80.76,0.82,-1,-1,-1
167,609,2394.58,586.17,88.26,74.72,0.83,-1,-1,-1
167,573,3023.42,1194.82,58.55,52.85,0.22,-1,-1,-1
167,572,1570.76,598.27,73.25,77.24,0.45,-1,-1,-1
167,553,1977.83,685.54,67.50,65.93,0.83,-1,-1,-1
167,588,2265.29,1207.99,90.85,74.63,0.73,-1,-1,-1
167,645,1771.85,696.49,34.35,33.44,0.46,-1,-1,-1
167,578,1708.82,703.61,44.78,32.17,0.37,-1,-1,-1
167,607,1791.49,1113.32,158.99,127.11,0.67,-1,-1,-1
167,622,3446.29,409.53,64.37,61.98,0.55,-1,-1,-1
167,564,1869.37,590.27,37.29,44.07,0.33,-1,-1,-1
167,563,1731.17,140.84,85.41,92.54,0.31,-1,-1,-1
167,619,1831.23,1238.52,136.83,144.84,0.83,-1,-1,-1
168,487,1334.62,166.50,176.69,234.10,0.95,-1,-1,-1
168,561,2117.48,1169.47,151.22,108.36,0.84,-1,-1,-1
168,566,1965.79,1559.88,74.57,43.12,0.22,-1,-1,-1
168,482,2368.11,90.80,162.01,210.03,0.95,-1,-1,-1
168,568,2393.86,0.17,95.58,96.45,0.91,-1,-1,-1
168,575,1648.54,65.19,224.04,71.60,0.94,-1,-1,-1
168,577,3201.89,140.53,87.90,68.43,0.54,-1,-1,-1
168,592,3046.96,1422.29,74.92,48.99,0.78,-1,-1,-1
168,556,2332.78,685.28,55.39,98.30,0.84,-1,-1,-1
168,567,1214.97,313.43,63.39,69.68,0.84,-1,-1,-1
168,613,1831.69,808.54,37.97,34.45,0.13,-1,-1,-1
168,608,2311.02,149.31,50.12,51.13,0.76,-1,-1,-1
168,603,1392.50,285.17,98.60,91.52,0.74,-1,-1,-1
168,609,2400.17,590.82,82.77,71.83,0.67,-1,-1,-1
168,573,3021.60,1189.34,58.40,52.06,0.63,-1,-1,-1
168,572,1561.38,599.00,69.27,73.18,0.15,-1,-1,-1
168,553,1978.02,690.02,64.23,63.69,0.80,-1,-1,-1
168,588,2263.59,1198.36,82.11,68.75,0.66,-1,-1,-1
168,645,1769.47,696.96,33.42,32.56,0.66,-1,-1,-1
168,578,1708.79,704.41,43.31,31.07,0.58,-1,-1,-1
168,607,1796.12,1117.31,151.85,124.50,0.80,-1,-1,-1
168,622,3435.48,411.79,66.54,64.03,0.75,-1,-1,-1
168,564,1871.95,592.87,34.31,40.93,0.22,-1,-1,-1
168,563,1728.22,143.28,83.71,91.91,0.42,-1,-1,-1
168,619,1827.98,1243.59,136.34,142.00,0.91,-1,-1,-1
168,606,3444.34,146.12,72.79,60.13,0.51,-1,-1,-1
168,382,2330.63,616.90,217.55,117.28,0.91,-1,-1,-1
168,551,1682.75,231.24,247.53,108.50,0.91,-1,-1,-1
169,487,1333.96,164.45,178.84,234.41,0.95,-1,-1,-1
169,561,2113.13,1168.79,153.24,110.31,0.57,-1,-1,-1
169,566,1964.72,1558.85,76.70,43.64,0.28,-1,-1,-1
169,482,2364.63,90.46,162.64,209.97,0.94,-1,-1,-1
169,568,2393.90,0.19,95.82,96.33,0.94,-1,-1,-1
169,575,1643.58,67.16,225.65,72.19,0.94,-1,-1,-1
169,577,3207.46,144.44,82.38,62.71,0.15,-1,-1,-1
169,592,3056.01,1422.17,75.26,49.65,0.15,-1,-1,-1
169,556,2334.73,685.78,54.32,96.57,0.64,-1,-1,-1
169,567,1225.40,301.05,61.38,68.09,0.78,-1,-1,-1
169,613,1827.83,806.11,40.72,36.58,0.62,-1,-1,-1
169,608,2307.95,146.95,50.19,51.38,0.80,-1,-1,-1
169,603,1387.86,282.61,98.55,94.69,0.80,-1,-1,-1
169,573,3024.28,1185.12,57.27,50.55,0.58,-1,-1,-1
169,572,1552.03,602.31,62.61,67.05,0.71,-1,-1,-1
169,553,1977.34,692.46,59.77,60.11,0.48,-1,-1,-1
169,588,2265.80,1192.66,73.03,61.40,0.32,-1,-1,-1
169,645,1768.46,697.13,31.85,31.14,0.64,-1,-1,-1
169,578,1705.95,704.97,42.76,31.23,0.55,-1,-1,-1
169,622,3420.96,413.42,64.45,59.11,0.69,-1,-1,-1
169,564,1871.06,593.43,34.74,41.78,0.13,-1,-1,-1
169,563,1725.87,148.99,80.11,87.72,0.72,-1,-1,-1
169,619,1818.50,1231.07,150.90,156.35,0.55,-1,-1,-1
169,606,3444.07,145.53,69.18,58.06,0.20,-1,-1,-1
169,382,2329.95,629.67,197.71,103.77,0.65,-1,-1,-1
169,551,1680.19,233.90,246.01,107.71,0.93,-1,-1,-1
170,487,1332.43,164.07,180.31,233.46,0.95,-1,-1,-1
170,561,2105.18,1164.79,165.01,120.64,0.79,-1,-1,-1
170,566,1964.61,1559.59,76.55,42.85,0.55,-1,-1,-1
170,482,2362.69,91.78,163.44,209.50,0.77,-1,-1,-1
170,568,2392.56,0.20,97.55,95.19,0.92,-1,-1,-1
170,575,1637.42,70.89,226.89,72.67,0.94,-1,-1,-1
170,577,3219.18,147.74,82.10,61.22,0.40,-1,-1,-1
170,592,3065.79,1417.09,76.57,51.70,0.16,-1,-1,-1
170,556,2337.00,687.00,53.90,94.82,0.19,-1,-1,-1
170,567,1247.83,282.07,58.41,63.88,0.69,-1,-1,-1
170,613,1823.71,806.11,41.59,37.25,0.23,-1,-1,-1
170,608,2297.79,143.57,54.95,56.58,0.70,-1,-1,-1
170,603,1392.96,279.05,81.80,78.86,0.81,-1,-1,-1
170,573,3027.25,1184.52,54.29,46.75,0.24,-1,-1,-1
170,572,1547.48,609.25,61.11,63.93,0.85,-1,-1,-1
170,553,1968.04,694.75,59.37,59.90,0.84,-1,-1,-1
170,588,2263.74,1185.24,68.48,58.03,0.51,-1,-1,-1
170,645,1766.48,696.88,32.15,31.58,0.67,-1,-1,-1
170,578,1707.02,705.22,43.07,31.35,0.68,-1,-1,-1
170,622,3412.52,412.45,63.04,58.77,0.59,-1,-1,-1
170,564,1871.11,591.34,34.44,41.92,0.77,-1,-1,-1
170,619,1829.61,1253.03,137.52,138.94,0.83,-1,-1,-1
170,606,3445.40,145.19,67.45,57.58,0.72,-1,-1,-1
170,382,2332.80,627.06,206.94,105.64,0.53,-1,-1,-1
170,551,1673.52,239.26,245.25,107.16,0.87,-1,-1,-1
170,637,1825.85,540.90,31.30,34.21,0.51,-1,-1,-1
170,609,2407.19,590.45,74.57,66.28,0.60,-1,-1,-1
171,487,1330.30,161.29,181.51,232.08,0.95,-1,-1,-1
171,561,2102.42,1178.46,147.28,105.65,0.80,-1,-1,-1
171,566,1962.54,1559.06,78.89,43.62,0.67,-1,-1,-1
171,482,2358.45,93.58,162.58,206.61,0.92,-1,-1,-1
171,568,2387.91,0.36,98.74,92.33,0.93,-1,-1,-1
171,575,1630.44,74.76,230.32,74.04,0.94,-1,-1,-1
171,577,3230.85,148.04,85.76,63.85,0.15,-1,-1,-1
171,592,3073.66,1411.85,72.39,48.24,0.44,-1,-1,-1
171,556,2335.52,679.89,59.80,105.78,0.83,-1,-1,-1
171,567,1289.95,269.26,54.29,57.81,0.72,-1,-1,-1
171,608,2286.74,142.79,55.52,55.64,0.73,-1,-1,-1
171,603,1402.47,276.05,76.11,72.01,0.87,-1,-1,-1
171,573,3028.49,1183.94,51.70,43.43,0.29,-1,-1,-1
171,572,1537.03,621.96,60.96,64.44,0.63,-1,-1,-1
171,553,1966.62,706.88,48.74,49.11,0.52,-1,-1,-1
171,588,2260.42,1175.49,60.62,51.65,0.62,-1,-1,-1
171,645,1764.26,695.55,31.21,30.96,0.21,-1,-1,-1
171,578,1710.32,706.59,40.89,30.00,0.54,-1,-1,-1
171,622,3405.00,410.66,62.05,58.72,0.60,-1,-1,-1
171,564,1865.50,586.06,38.84,47.50,0.72,-1,-1,-1
171,619,1832.60,1254.27,141.93,141.80,0.88,-1,-1,-1
171,606,3442.02,145.11,67.14,57.72,0.12,-1,-1,-1
171,382,2334.68,632.01,201.23,99.45,0.83,-1,-1,-1
171,551,1660.31,245.41,245.58,107.18,0.90,-1,-1,-1
171,609,2404.34,585.26,84.71,78.11,0.82,-1,-1,-1
172,487,1324.38,155.37,185.16,235.41,0.95,-1,-1,-1
172,561,2099.99,1186.14,137.92,97.23,0.79,-1,-1,-1
172,566,1961.74,1557.82,80.52,44.02,0.29,-1,-1,-1
172,482,2355.09,92.45,162.70,204.91,0.93,-1,-1,-1
172,568,2383.39,0.44,102.39,91.69,0.91,-1,-1,-1
172,575,1625.08,77.32,233.24,75.39,0.94,-1,-1,-1
172,577,3237.41,144.06,90.45,67.58,0.29,-1,-1,-1
172,592,3081.66,1404.87,70.68,46.90,0.35,-1,-1,-1
172,556,2335.52,680.87,58.35,104.08,0.69,-1,-1,-1
172,608,2270.48,141.66,62.99,62.70,0.74,-1,-1,-1
172,603,1401.05,273.82,77.61,73.27,0.89,-1,-1,-1
172,573,3027.41,1183.59,51.54,42.16,0.14,-1,-1,-1
172,572,1521.22,626.78,71.34,78.71,0.32,-1,-1,-1
172,553,1961.47,708.46,51.19,51.68,0.59,-1,-1,-1
172,588,2256.70,1170.29,56.75,49.15,0.57,-1,-1,-1
172,645,1763.62,693.67,33.58,33.16,0.22,-1,-1,-1
172,578,1706.96,708.42,42.64,31.01,0.45,-1,-1,-1
172,622,3397.28,408.90,59.61,57.75,0.78,-1,-1,-1
172,564,1854.96,584.68,52.32,65.59,0.58,-1,-1,-1
172,606,3431.86,146.43,77.29,67.61,0.65,-1,-1,-1
172,382,2332.02,631.32,205.54,98.81,0.44,-1,-1,-1
172,551,1648.54,250.03,248.40,108.48,0.90,-1,-1,-1
172,609,2406.87,586.25,79.90,75.62,0.37,-1,-1,-1
172,656,2245.99,156.73,133.07,74.67,0.54,-1,-1,-1
172,598,2383.29,181.94,45.92,74.19,0.59,-1,-1,-1
173,487,1330.45,153.82,184.34,234.96,0.94,-1,-1,-1
173,561,2117.58,1186.95,122.67,86.88,0.66,-1,-1,-1
173,566,1955.18,1549.99,93.99,51.72,0.61,-1,-1,-1
173,482,2351.69,92.44,161.55,200.44,0.94,-1,-1,-1
173,568,2380.68,0.43,107.13,91.77,0.91,-1,-1,-1
173,575,1621.60,79.87,233.41,75.80,0.94,-1,-1,-1
173,577,3240.65,138.03,96.11,72.19,0.24,-1,-1,-1
173,592,3094.37,1399.22,65.93,43.70,0.26,-1,-1,-1
173,556,2336.96,681.26,55.79,100.57,0.82,-1,-1,-1
173,608,2247.68,133.10,77.78,77.48,0.65,-1,-1,-1
173,603,1394.87,272.41,84.23,80.70,0.66,-1,-1,-1
173,573,3031.91,1183.04,49.47,40.45,0.33,-1,-1,-1
173,572,1513.78,623.35,83.06,95.88,0.76,-1,-1,-1
173,553,1958.06,704.56,64.43,67.61,0.85,-1,-1,-1
173,588,2252.86,1166.96,54.75,47.44,0.46,-1,-1,-1
173,645,1758.81,691.71,37.88,38.23,0.42,-1,-1,-1
173,578,1704.09,710.63,42.76,31.33,0.63,-1,-1,-1
173,622,3392.73,410.38,56.30,54.62,0.53,-1,-1,-1
173,606,3444.51,149.08,59.90,51.93,0.63,-1,-1,-1
173,382,2333.47,635.61,199.36,92.49,0.83,-1,-1,-1
173,551,1638.71,253.02,250.40,109.51,0.79,-1,-1,-1
173,609,2407.44,586.35,77.45,75.13,0.52,-1,-1,-1
173,656,2227.40,156.37,152.81,86.37,0.83,-1,-1,-1
173,598,2374.70,185.79,45.56,71.90,0.58,-1,-1,-1
173,552,2033.80,1051.03,54.36,57.11,0.71,-1,-1,-1
173,613,1800.17,810.72,41.47,37.53,0.60,-1,-1,-1
174,487,1331.95,145.58,187.75,240.46,0.91,-1,-1,-1
174,561,2116.94,1183.57,124.82,90.12,0.81,-1,-1,-1
174,566,1959.91,1555.96,85.14,45.75,0.24,-1,-1,-1
174,482,2348.40,92.35,161.43,197.17,0.96,-1,-1,-1
174,568,2377.23,0.46,112.34,92.32,0.82,-1,-1,-1
174,575,1616.77,81.46,238.57,78.11,0.94,-1,-1,-1
174,577,3248.57,134.88,92.57,70.06,0.28,-1,-1,-1
174,592,3101.52,1394.58,61.93,41.19,0.21,-1,-1,-1
174,556,2336.26,681.10,54.92,99.22,0.70,-1,-1,-1
174,608,2245.51,137.58,76.88,76.31,0.83,-1,-1,-1
174,603,1398.28,271.39,87.73,85.47,0.79,-1,-1,-1
174,573,3033.82,1182.49,48.83,39.65,0.20,-1,-1,-1
174,572,1509.33,623.72,93.11,112.00,0.84,-1,-1,-1
174,553,1958.23,701.34,72.76,80.25,0.82,-1,-1,-1
174,588,2254.76,1161.91,53.09,46.79,0.81,-1,-1,-1
174,645,1758.95,692.44,34.10,34.67,0.58,-1,-1,-1
174,578,1701.71,712.20,45.38,33.73,0.61,-1,-1,-1
174,622,3390.15,413.24,52.21,50.27,0.74,-1,-1,-1
174,606,3431.26,149.01,75.92,66.85,0.65,-1,-1,-1
174,382,2328.10,634.47,208.16,94.28,0.75,-1,-1,-1
174,551,1631.61,256.67,250.78,110.01,0.90,-1,-1,-1
174,609,2411.03,584.77,71.37,70.73,0.30,-1,-1,-1
174,656,2217.88,160.62,158.53,90.57,0.62,-1,-1,-1
174,658,2404.23,130.28,73.68,102.03,0.66,-1,-1,-1
174,552,2034.70,1051.11,48.91,50.86,0.81,-1,-1,-1
174,613,1792.79,811.56,43.16,39.62,0.73,-1,-1,-1
175,487,1334.74,137.63,192.06,249.69,0.91,-1,-1,-1
175,561,2122.91,1186.80,109.67,80.04,0.48,-1,-1,-1
175,566,1961.28,1559.98,79.90,41.99,0.22,-1,-1,-1
175,482,2344.59,91.08,161.04,194.73,0.81,-1,-1,-1
175,568,2373.71,0.37,118.81,93.88,0.84,-1,-1,-1
175,575,1612.85,82.89,241.01,79.66,0.95,-1,-1,-1
175,577,3255.55,132.90,89.33,67.94,0.14,-1,-1,-1
175,592,3108.93,1390.97,56.54,37.49,0.30,-1,-1,-1
175,556,2341.05,678.90,48.83,83.66,0.43,-1,-1,-1
175,608,2236.53,133.89,82.89,82.01,0.74,-1,-1,-1
175,603,1409.34,282.49,89.29,86.67,0.53,-1,-1,-1
175,573,3036.00,1180.42,48.95,38.99,0.30,-1,-1,-1
175,572,1512.73,634.02,92.14,112.26,0.69,-1,-1,-1
175,553,1962.35,703.62,71.00,81.18,0.83,-1,-1,-1
175,588,2252.99,1154.18,53.04,46.95,0.35,-1,-1,-1
175,645,1756.02,692.94,32.27,32.86,0.28,-1,-1,-1
175,578,1694.57,713.54,53.13,40.99,0.73,-1,-1,-1
175,622,3383.99,418.63,53.23,50.38,0.71,-1,-1,-1
175,606,3443.14,151.47,61.10,53.46,0.63,-1,-1,-1
175,382,2328.16,634.85,214.00,94.65,0.90,-1,-1,-1
175,551,1624.02,260.02,249.19,109.35,0.92,-1,-1,-1
175,609,2410.37,584.57,74.40,75.73,0.36,-1,-1,-1
175,656,2211.42,163.60,160.69,93.11,0.43,-1,-1,-1
175,658,2369.12,99.43,125.67,172.95,0.65,-1,-1,-1
175,552,2033.98,1054.19,42.90,42.07,0.59,-1,-1,-1
175,613,1786.01,812.00,45.57,42.21,0.49,-1,-1,-1
175,661,2309.03,581.96,82.37,85.90,0.55,-1,-1,-1
175,662,2353.44,0.37,159.90,94.45,0.73,-1,-1,-1
175,663,2283.54,259.27,41.84,93.62,0.54,-1,-1,-1
176,487,1338.27,134.33,194.97,258.35,0.94,-1,-1,-1
176,561,2121.81,1181.15,110.67,80.28,0.45,-1,-1,-1
176,566,1957.74,1556.54,88.56,46.28,0.55,-1,-1,-1
176,482,2343.67,88.73,165.14,196.96,0.85,-1,-1,-1
176,568,2370.39,0.52,125.41,95.59,0.82,-1,-1,-1
176,575,1609.60,84.87,242.90,81.03,0.95,-1,-1,-1
176,577,3261.31,132.34,85.58,64.84,0.73,-1,-1,-1
176,592,3115.03,1382.51,55.89,37.35,0.29,-1,-1,-1
176,556,2340.80,677.74,53.99,89.56,0.66,-1,-1,-1
176,608,2231.72,134.36,90.98,88.48,0.83,-1,-1,-1
176,573,3033.00,1171.68,55.54,44.86,0.78,-1,-1,-1
176,572,1513.16,645.24,90.69,111.56,0.77,-1,-1,-1
176,553,1972.36,713.06,54.02,60.73,0.79,-1,-1,-1
176,588,2249.63,1142.38,59.47,53.09,0.54,-1,-1,-1
176,645,1751.81,694.32,35.34,36.31,0.63,-1,-1,-1
176,578,1690.87,713.81,58.66,45.73,0.75,-1,-1,-1
176,622,3370.24,422.28,58.95,54.97,0.74,-1,-1,-1
176,606,3446.34,153.18,58.88,51.69,0.30,-1,-1,-1
176,382,2327.54,638.25,212.35,91.92,0.85,-1,-1,-1
176,551,1618.85,263.03,247.30,108.49,0.88,-1,-1,-1
176,609,2412.47,583.02,73.89,77.33,0.17,-1,-1,-1
176,656,2204.40,165.47,165.37,97.64,0.58,-1,-1,-1
176,552,2031.54,1051.02,46.28,44.25,0.71,-1,-1,-1
176,613,1776.42,809.87,52.27,49.58,0.73,-1,-1,-1
176,662,2352.20,0.48,161.84,95.52,0.85,-1,-1,-1
176,663,2295.52,280.75,33.14,73.46,0.68,-1,-1,-1
176,564,1861.58,619.40,39.43,47.69,0.63,-1,-1,-1
177,487,1341.35,133.14,193.68,262.70,0.95,-1,-1,-1
177,561,2114.11,1188.27,104.17,75.37,0.72,-1,-1,-1
177,566,1960.25,1561.85,81.81,41.41,0.31,-1,-1,-1
177,482,2340.19,87.96,167.66,197.78,0.95,-1,-1,-1
177,575,1606.00,87.00,247.11,83.41,0.94,-1,-1,-1
177,577,3268.23,132.49,79.03,58.38,0.11,-1,-1,-1
177,592,3091.94,1364.03,100.00,69.68,0.63,-1,-1,-1
177,556,2337.22,676.27,61.38,100.13,0.72,-1,-1,-1
177,608,2220.55,120.86,112.83,109.68,0.86,-1,-1,-1
177,573,3034.00,1166.58,56.75,46.23,0.76,-1,-1,-1
177,572,1509.59,655.09,87.08,107.85,0.60,-1,-1,-1
177,553,1979.76,716.36,45.04,49.56,0.74,-1,-1,-1
177,588,2254.09,1134.18,64.84,56.30,0.88,-1,-1,-1
177,645,1748.07,697.86,38.43,39.90,0.62,-1,-1,-1
177,578,1683.36,712.13,69.72,54.88,0.77,-1,-1,-1
177,622,3363.70,424.77,59.60,55.29,0.71,-1,-1,-1
177,606,3430.68,148.93,77.53,68.79,0.77,-1,-1,-1
177,382,2327.65,640.46,214.79,91.03,0.91,-1,-1,-1
177,551,1619.79,266.53,236.46,103.00,0.90,-1,-1,-1
177,609,2414.00,584.61,77.64,84.01,0.69,-1,-1,-1
177,552,2033.67,1050.52,46.03,43.16,0.81,-1,-1,-1
177,662,2351.40,0.49,165.80,97.71,0.92,-1,-1,-1
177,661,2303.19,603.75,79.91,83.85,0.69,-1,-1,-1
178,487,1343.93,133.71,191.12,264.93,0.94,-1,-1,-1
178,561,2097.99,1188.51,122.65,90.65,0.86,-1,-1,-1
178,566,1959.57,1564.36,81.05,40.06,0.37,-1,-1,-1
178,482,2334.77,86.81,170.05,199.24,0.91,-1,-1,-1
178,575,1601.83,88.62,253.14,86.73,0.95,-1,-1,-1
178,577,3271.64,135.59,79.79,57.27,0.62,-1,-1,-1
178,592,3098.81,1357.50,93.07,65.77,0.35,-1,-1,-1
178,556,2335.71,676.75,64.48,105.41,0.79,-1,-1,-1
178,608,2206.53,106.00,132.48,130.57,0.83,-1,-1,-1
178,573,3039.28,1169.07,49.15,39.00,0.26,-1,-1,-1
178,572,1517.21,665.13,63.24,76.40,0.72,-1,-1,-1
178,553,1984.39,719.62,41.26,44.01,0.30,-1,-1,-1
178,588,2252.34,1127.18,71.34,60.41,0.87,-1,-1,-1
178,645,1751.06,717.82,26.87,25.56,0.63,-1,-1,-1
178,578,1674.96,720.36,64.95,52.23,0.55,-1,-1,-1
178,622,3358.35,426.80,57.87,52.46,0.67,-1,-1,-1
178,606,3427.91,148.46,81.27,72.69,0.13,-1,-1,-1
178,382,2329.71,643.04,213.89,88.49,0.84,-1,-1,-1
178,551,1615.61,270.11,231.82,100.12,0.72,-1,-1,-1
178,609,2416.66,586.28,77.93,87.18,0.17,-1,-1,-1
178,552,2034.89,1047.30,48.41,45.35,0.58,-1,-1,-1
178,662,2350.49,0.34,169.72,99.81,0.93,-1,-1,-1
178,667,1791.64,530.99,39.44,64.61,0.74,-1,-1,-1
178,661,2292.49,607.64,83.01,87.76,0.59,-1,-1,-1
178,603,1423.37,308.34,63.33,60.38,0.67,-1,-1,-1
178,663,2317.38,292.42,34.63,75.97,0.70,-1,-1,-1
179,487,1347.63,138.12,186.31,262.33,0.94,-1,-1,-1
179,561,2084.08,1193.32,116.68,88.74,0.81,-1,-1,-1
179,566,1958.12,1567.37,80.24,38.51,0.82,-1,-1,-1
179,482,2332.88,86.12,170.99,198.39,0.95,-1,-1,-1
179,575,1597.79,90.43,259.27,90.43,0.95,-1,-1,-1
179,577,3280.43,139.48,78.66,54.87,0.46,-1,-1,-1
179,592,3100.54,1351.04,101.32,74.69,0.22,-1,-1,-1
179,556,2336.58,679.94,61.29,99.01,0.81,-1,-1,-1
179,608,2207.04,126.67,119.14,115.03,0.87,-1,-1,-1
179,573,3044.54,1165.95,51.30,39.09,0.31,-1,-1,-1
179,572,1499.51,665.92,90.11,111.70,0.36,-1,-1,-1
179,553,1984.43,721.84,45.02,47.78,0.33,-1,-1,-1
179,588,2238.87,1126.89,76.04,63.66,0.77,-1,-1,-1
179,622,3344.60,428.19,68.10,61.34,0.77,-1,-1,-1
179,606,3427.11,149.10,84.37,76.24,0.84,-1,-1,-1
179,382,2325.95,643.97,218.49,88.75,0.90,-1,-1,-1
179,551,1613.19,273.98,227.87,97.31,0.74,-1,-1,-1
179,609,2423.65,598.86,66.12,73.93,0.40,-1,-1,-1
179,552,2036.04,1044.89,49.19,45.70,0.76,-1,-1,-1
179,662,2350.29,0.35,174.62,102.43,0.92,-1,-1,-1
179,667,1780.62,530.11,42.13,68.90,0.57,-1,-1,-1
179,661,2284.18,610.91,73.82,76.86,0.57,-1,-1,-1
179,669,1608.53,273.89,244.95,95.98,0.77,-1,-1,-1
179,603,1425.50,316.77,56.61,53.72,0.80,-1,-1,-1
179,663,2325.48,292.07,37.36,80.94,0.66,-1,-1,-1
180,487,1351.36,143.56,182.75,258.63,0.95,-1,-1,-1
180,561,2075.81,1194.55,108.49,84.18,0.60,-1,-1,-1
180,566,1949.51,1562.07,95.37,45.75,0.84,-1,-1,-1
180,482,2329.35,85.41,171.60,197.26,0.93,-1,-1,-1
180,575,1593.51,91.70,266.30,94.81,0.95,-1,-1,-1
180,577,3289.77,141.48,79.57,54.56,0.24,-1,-1,-1
180,556,2338.57,682.14,53.91,83.36,0.75,-1,-1,-1
180,608,2209.40,147.33,111.27,102.98,0.79,-1,-1,-1
180,573,3047.28,1164.71,58.13,43.27,0.51,-1,-1,-1
180,553,1975.68,716.00,72.83,80.04,0.84,-1,-1,-1
180,588,2234.33,1137.07,65.44,51.64,0.52,-1,-1,-1
180,606,3435.59,150.60,74.14,66.48,0.28,-1,-1,-1
180,382,2315.37,639.10,240.61,97.80,0.55,-1,-1,-1
180,552,2031.91,1040.83,56.36,52.23,0.81,-1,-1,-1
180,662,2349.70,0.35,183.26,107.41,0.84,-1,-1,-1
180,667,1765.97,524.43,44.88,73.28,0.79,-1,-1,-1
180,603,1431.54,327.45,51.88,47.66,0.80,-1,-1,-1
180,670,1709.30,1053.61,98.49,54.09,0.77,-1,-1,-1
180,578,1637.78,720.44,104.75,88.87,0.51,-1,-1,-1
181,487,1356.42,152.08,178.70,251.42,0.95,-1,-1,-1
181,561,2069.38,1188.31,114.54,89.40,0.68,-1,-1,-1
181,566,1947.25,1565.17,94.76,44.73,0.69,-1,-1,-1
181,482,2326.87,83.09,173.60,197.87,0.94,-1,-1,-1
181,575,1591.34,93.24,266.49,96.80,0.94,-1,-1,-1
181,577,3297.07,142.36,83.26,57.05,0.74,-1,-1,-1
181,556,2336.24,674.48,52.82,80.80,0.62,-1,-1,-1
181,608,2201.60,153.27,110.81,100.64,0.85,-1,-1,-1
181,553,1976.77,712.50,84.79,98.74,0.69,-1,-1,-1
181,606,3440.94,153.01,68.27,60.97,0.34,-1,-1,-1
181,382,2310.27,638.18,246.74,99.98,0.87,-1,-1,-1
181,552,2026.47,1036.50,58.85,55.70,0.48,-1,-1,-1
181,662,2350.75,0.25,187.68,109.89,0.93,-1,-1,-1
181,670,1721.47,1061.31,81.59,45.02,0.53,-1,-1,-1
181,672,1899.91,1296.15,29.89,41.28,0.74,-1,-1,-1
181,578,1630.57,728.11,116.64,101.52,0.61,-1,-1,-1
181,605,3726.62,29.55,86.65,65.52,0.57,-1,-1,-1
181,563,1712.38,171.73,57.98,61.12,0.65,-1,-1,-1
181,564,1874.12,598.72,48.33,60.71,0.68,-1,-1,-1
181,645,1711.43,718.69,56.90,50.91,0.52,-1,-1,-1
181,551,1608.35,283.27,219.68,92.00,0.90,-1,-1,-1
182,487,1359.11,167.49,172.63,235.96,0.95,-1,-1,-1
182,561,2064.00,1177.56,129.48,104.87,0.66,-1,-1,-1
182,566,1935.17,1565.83,101.85,47.99,0.61,-1,-1,-1
182,482,2316.13,76.57,180.11,206.49,0.95,-1,-1,-1
182,575,1585.35,96.14,271.60,100.93,0.95,-1,-1,-1
182,577,3298.73,137.29,97.17,67.41,0.28,-1,-1,-1
182,556,2331.27,683.91,61.34,96.39,0.76,-1,-1,-1
182,608,2188.48,156.51,115.81,105.00,0.80,-1,-1,-1
182,606,3443.59,157.02,66.38,59.16,0.17,-1,-1,-1
182,382,2312.42,644.74,237.17,94.95,0.92,-1,-1,-1
182,662,2350.30,0.19,189.29,110.59,0.91,-1,-1,-1
182,670,1718.10,1076.55,72.88,40.67,0.67,-1,-1,-1
182,578,1638.47,730.16,126.50,111.16,0.22,-1,-1,-1
182,563,1707.44,182.11,55.38,57.51,0.57,-1,-1,-1
182,564,1875.32,594.95,49.80,65.97,0.49,-1,-1,-1
182,551,1599.03,290.99,221.61,91.32,0.75,-1,-1,-1
182,652,1661.95,293.08,98.36,91.46,0.83,-1,-1,-1
182,622,3332.95,431.38,63.00,57.96,0.75,-1,-1,-1
182,663,2363.28,285.93,39.28,82.91,0.63,-1,-1,-1
182,588,2214.65,1137.43,66.66,53.94,0.68,-1,-1,-1
182,603,1418.90,360.56,56.60,52.29,0.66,-1,-1,-1
183,487,1358.00,180.75,168.57,221.40,0.94,-1,-1,-1
183,561,2065.99,1173.40,134.39,111.88,0.87,-1,-1,-1
183,566,1930.30,1570.81,103.81,49.13,0.55,-1,-1,-1
183,482,2309.68,74.30,182.67,211.17,0.92,-1,-1,-1
183,575,1581.72,99.49,272.56,103.57,0.95,-1,-1,-1
183,577,3302.04,131.47,104.31,73.64,0.59,-1,-1,-1
183,556,2365.80,666.19,79.77,94.61,0.89,-1,-1,-1
183,606,3446.02,162.56,63.28,56.16,0.16,-1,-1,-1
183,382,2313.35,651.87,234.48,92.90,0.63,-1,-1,-1
183,662,2344.74,0.41,198.85,116.54,0.65,-1,-1,-1
183,670,1711.49,1081.37,76.25,43.27,0.65,-1,-1,-1
183,563,1703.27,186.96,56.20,59.00,0.22,-1,-1,-1
183,564,1870.34,595.00,53.69,72.31,0.44,-1,-1,-1
183,551,1591.83,297.55,227.08,92.60,0.88,-1,-1,-1
183,622,3328.99,436.43,60.78,56.36,0.57,-1,-1,-1
183,663,2373.17,287.10,39.48,82.55,0.63,-1,-1,-1
183,588,2204.07,1127.84,75.03,62.23,0.69,-1,-1,-1
183,553,1981.63,756.80,61.91,67.83,0.64,-1,-1,-1
183,672,1890.00,1294.48,34.32,47.66,0.75,-1,-1,-1
184,487,1354.36,190.93,165.72,207.01,0.94,-1,-1,-1
184,561,2057.01,1175.77,130.95,112.56,0.75,-1,-1,-1
184,566,1919.17,1573.36,124.22,59.82,0.91,-1,-1,-1
184,482,2305.53,70.26,186.27,217.43,0.85,-1,-1,-1
184,575,1579.90,103.43,269.49,104.53,0.95,-1,-1,-1
184,577,3308.79,129.64,102.37,73.58,0.11,-1,-1,-1
184,606,3445.46,165.09,64.96,57.68,0.14,-1,-1,-1
184,382,2312.52,659.79,235.56,92.51,0.92,-1,-1,-1
184,662,2342.06,3.35,199.90,117.18,0.74,-1,-1,-1
184,670,1700.63,1078.95,94.51,54.68,0.35,-1,-1,-1
184,563,1699.86,191.58,57.88,62.16,0.24,-1,-1,-1
184,564,1867.29,605.33,50.78,63.35,0.60,-1,-1,-1
184,551,1584.32,303.40,232.33,93.98,0.83,-1,-1,-1
184,622,3322.75,441.48,64.34,60.13,0.56,-1,-1,-1
184,663,2381.53,294.61,39.43,81.58,0.41,-1,-1,-1
184,588,2201.14,1124.95,75.40,63.83,0.80,-1,-1,-1
184,672,1886.55,1285.05,46.64,64.46,0.54,-1,-1,-1
185,487,1349.79,201.08,160.64,187.80,0.94,-1,-1,-1
185,561,2054.32,1170.56,148.15,129.82,0.67,-1,-1,-1
185,566,1908.74,1572.14,142.57,70.49,0.91,-1,-1,-1
185,482,2300.53,41.64,211.71,248.41,0.82,-1,-1,-1
185,575,1579.41,108.99,261.68,103.28,0.94,-1,-1,-1
185,577,3323.44,130.64,88.59,64.28,0.13,-1,-1,-1
185,606,3444.23,168.16,64.99,57.68,0.14,-1,-1,-1
185,382,2310.13,665.03,241.90,94.52,0.81,-1,-1,-1
185,662,2339.65,11.56,198.52,116.15,0.25,-1,-1,-1
185,563,1695.14,196.53,54.45,59.86,0.49,-1,-1,-1
185,564,1876.67,613.12,43.44,51.82,0.31,-1,-1,-1
185,551,1576.86,308.66,236.72,95.22,0.90,-1,-1,-1
185,622,3328.69,449.62,55.14,51.93,0.15,-1,-1,-1
185,663,2392.04,293.99,42.40,87.09,0.22,-1,-1,-1
185,588,2197.05,1118.52,77.89,67.84,0.19,-1,-1,-1
185,573,3036.26,1166.46,82.43,62.58,0.73,-1,-1,-1
186,487,1344.98,208.38,157.31,170.83,0.94,-1,-1,-1
186,561,2063.07,1165.77,137.22,128.08,0.71,-1,-1,-1
186,566,1906.50,1567.29,149.33,75.70,0.87,-1,-1,-1
186,482,2297.58,33.09,221.35,259.36,0.89,-1,-1,-1
186,575,1577.22,114.89,256.03,102.59,0.95,-1,-1,-1
186,577,3325.76,132.90,84.88,61.29,0.40,-1,-1,-1
186,606,3443.82,171.92,65.26,57.82,0.28,-1,-1,-1
186,382,2312.99,668.07,239.09,92.50,0.64,-1,-1,-1
186,662,2342.64,20.94,187.01,108.19,0.46,-1,-1,-1
186,563,1689.39,202.31,51.19,57.48,0.48,-1,-1,-1
186,551,1568.81,315.32,241.15,96.53,0.89,-1,-1,-1
186,622,3330.70,458.52,48.21,44.89,0.31,-1,-1,-1
186,663,2394.43,302.17,42.65,80.01,0.39,-1,-1,-1
186,588,2189.50,1104.84,77.66,69.32,0.36,-1,-1,-1
186,573,3029.71,1175.20,81.05,62.21,0.74,-1,-1,-1
186,556,2382.14,667.75,97.59,91.25,0.69,-1,-1,-1
186,672,1873.94,1305.36,39.00,53.42,0.51,-1,-1,-1
187,487,1340.26,212.86,157.22,158.46,0.94,-1,-1,-1
187,566,1908.24,1565.55,137.93,70.62,0.82,-1,-1,-1
187,482,2295.27,33.70,226.04,263.75,0.83,-1,-1,-1
187,575,1576.00,120.17,250.22,101.64,0.94,-1,-1,-1
187,577,3330.67,134.02,84.89,60.77,0.66,-1,-1,-1
187,606,3432.82,175.27,76.28,67.62,0.49,-1,-1,-1
187,382,2306.57,669.97,251.12,97.17,0.73,-1,-1,-1
187,662,2343.13,30.30,179.06,102.04,0.41,-1,-1,-1
187,563,1683.74,207.09,50.75,57.95,0.61,-1,-1,-1
187,551,1562.28,320.66,246.57,98.59,0.90,-1,-1,-1
187,622,3330.10,467.75,46.29,42.48,0.34,-1,-1,-1
187,663,2408.35,308.34,41.88,77.27,0.70,-1,-1,-1
187,573,3012.40,1174.12,103.02,83.48,0.43,-1,-1,-1
187,679,1856.87,1226.80,44.58,43.14,0.81,-1,-1,-1
187,556,2373.69,668.57,120.27,97.77,0.52,-1,-1,-1
187,592,3126.81,1322.91,69.97,50.77,0.57,-1,-1,-1
187,667,1713.61,549.18,35.97,54.10,0.58,-1,-1,-1
187,603,1403.72,402.94,61.04,56.57,0.62,-1,-1,-1
187,670,1686.13,1089.57,107.23,65.32,0.58,-1,-1,-1
187,564,1868.54,626.72,45.23,50.37,0.58,-1,-1,-1
188,487,1332.42,214.18,159.10,148.60,0.94,-1,-1,-1
188,566,1916.22,1563.92,118.14,59.47,0.74,-1,-1,-1
188,482,2289.24,41.71,221.46,258.65,0.89,-1,-1,-1
188,575,1574.41,125.49,246.00,101.18,0.95,-1,-1,-1
188,577,3335.53,136.45,85.99,60.60,0.65,-1,-1,-1
188,606,3428.38,179.12,80.85,71.67,0.22,-1,-1,-1
188,382,2304.27,675.58,252.98,97.66,0.88,-1,-1,-1
188,662,2340.00,36.77,177.11,99.38,0.82,-1,-1,-1
188,563,1678.07,212.29,55.26,65.02,0.35,-1,-1,-1
188,551,1554.79,326.65,254.04,101.87,0.82,-1,-1,-1
188,622,3333.57,482.83,42.00,38.28,0.53,-1,-1,-1
188,663,2418.39,311.49,44.92,81.98,0.29,-1,-1,-1
188,573,3003.05,1171.37,118.98,100.47,0.11,-1,-1,-1
188,679,1859.42,1238.93,38.60,37.37,0.69,-1,-1,-1
188,556,2384.88,680.90,111.42,88.51,0.47,-1,-1,-1
188,681,2417.58,197.69,78.64,61.55,0.55,-1,-1,-1
188,682,1648.35,556.02,42.65,46.26,0.62,-1,-1,-1
188,683,1861.01,1233.33,24.55,27.26,0.75,-1,-1,-1
188,592,3116.22,1310.09,80.64,60.10,0.74,-1,-1,-1
188,603,1403.78,418.00,53.51,46.84,0.67,-1,-1,-1
188,670,1686.96,1107.20,92.27,57.55,0.70,-1,-1,-1
188,652,1614.15,322.31,135.33,104.09,0.69,-1,-1,-1
188,561,2078.09,1200.31,100.87,98.91,0.84,-1,-1,-1
189,487,1327.51,214.58,160.36,138.91,0.94,-1,-1,-1
189,566,1922.10,1561.17,113.15,56.71,0.87,-1,-1,-1
189,482,2292.02,86.95,189.11,217.47,0.94,-1,-1,-1
189,575,1571.74,130.37,244.98,102.03,0.95,-1,-1,-1
189,577,3339.18,137.68,89.97,62.98,0.31,-1,-1,-1
189,606,3428.88,183.87,79.99,70.73,0.25,-1,-1,-1
189,382,2309.08,681.17,239.88,91.54,0.80,-1,-1,-1
189,662,2340.59,43.43,170.21,93.37,0.81,-1,-1,-1
189,563,1674.31,218.14,55.59,67.20,0.17,-1,-1,-1
189,551,1549.61,332.98,256.56,103.23,0.83,-1,-1,-1
189,663,2418.42,311.84,48.30,84.23,0.58,-1,-1,-1
189,573,2990.27,1177.43,121.14,106.60,0.23,-1,-1,-1
189,679,1861.93,1240.96,42.61,41.23,0.80,-1,-1,-1
189,556,2363.46,695.55,127.46,106.24,0.52,-1,-1,-1
189,681,2415.53,195.07,84.83,66.68,0.66,-1,-1,-1
189,683,1859.20,1234.49,25.87,28.82,0.63,-1,-1,-1
189,592,3115.41,1308.37,77.12,58.59,0.28,-1,-1,-1
189,603,1400.38,425.24,52.62,45.05,0.38,-1,-1,-1
189,670,1693.00,1123.93,76.53,49.23,0.58,-1,-1,-1
189,561,2086.41,1223.85,81.25,81.09,0.55,-1,-1,-1
190,487,1309.60,213.11,162.17,130.24,0.94,-1,-1,-1
190,566,1908.56,1559.81,118.75,60.22,0.60,-1,-1,-1
190,482,2294.33,127.27,168.24,186.35,0.92,-1,-1,-1
190,575,1566.09,138.55,246.55,104.22,0.95,-1,-1,-1
190,577,3348.89,134.54,95.15,68.86,0.18,-1,-1,-1
190,606,3438.75,190.57,71.00,63.10,0.64,-1,-1,-1
190,382,2305.95,693.96,239.10,90.58,0.67,-1,-1,-1
190,662,2344.37,54.65,150.67,78.43,0.80,-1,-1,-1
190,563,1670.53,228.60,55.84,69.91,0.52,-1,-1,-1
190,551,1540.83,344.01,256.08,103.22,0.84,-1,-1,-1
190,679,1860.39,1241.97,48.93,47.49,0.11,-1,-1,-1
190,556,2359.97,698.38,133.35,98.15,0.64,-1,-1,-1
190,592,3088.27,1290.55,119.55,92.82,0.66,-1,-1,-1
190,603,1390.94,432.66,67.82,60.30,0.11,-1,-1,-1
190,561,2086.19,1247.59,81.12,79.36,0.66,-1,-1,-1
190,608,2154.08,201.18,100.39,83.92,0.63,-1,-1,-1
190,578,1572.07,777.90,259.43,235.45,0.66,-1,-1,-1
190,622,3302.00,473.95,82.45,77.26,0.68,-1,-1,-1
191,487,1294.76,210.78,165.09,123.61,0.94,-1,-1,-1
191,566,1876.39,1537.58,157.06,82.33,0.88,-1,-1,-1
191,482,2289.00,147.25,165.14,177.18,0.94,-1,-1,-1
191,575,1558.87,147.44,250.27,107.61,0.95,-1,-1,-1
191,577,3346.52,129.80,102.83,76.74,0.40,-1,-1,-1
191,606,3436.19,198.48,68.75,60.00,0.52,-1,-1,-1
191,382,2284.23,704.47,265.48,101.40,0.90,-1,-1,-1
191,662,2339.98,60.30,146.06,72.66,0.82,-1,-1,-1
191,563,1660.47,241.82,52.93,64.26,0.83,-1,-1,-1
191,551,1533.22,354.41,252.38,101.66,0.90,-1,-1,-1
191,679,1856.71,1248.40,55.35,53.76,0.57,-1,-1,-1
191,603,1386.27,443.36,69.57,65.38,0.14,-1,-1,-1
191,561,2075.27,1244.78,126.29,124.57,0.68,-1,-1,-1
191,608,2125.50,208.49,130.41,112.47,0.13,-1,-1,-1
191,578,1570.86,784.48,256.69,238.57,0.22,-1,-1,-1
191,622,3293.43,480.51,84.92,82.45,0.69,-1,-1,-1
191,613,1706.93,792.58,43.15,40.83,0.58,-1,-1,-1
191,588,2148.18,1023.17,144.61,136.87,0.74,-1,-1,-1
192,487,1284.78,207.79,166.80,116.20,0.90,-1,-1,-1
192,566,1871.53,1539.81,154.01,82.48,0.77,-1,-1,-1
192,482,2282.67,156.98,168.43,176.30,0.94,-1,-1,-1
192,575,1554.64,154.38,251.68,110.10,0.96,-1,-1,-1
192,577,3350.23,129.12,98.25,74.41,0.24,-1,-1,-1
192,606,3440.31,203.75,66.55,58.39,0.19,-1,-1,-1
192,382,2286.09,710.83,250.84,95.31,0.90,-1,-1,-1
192,662,2333.86,65.00,145.55,69.16,0.86,-1,-1,-1
192,563,1658.14,254.50,49.21,56.93,0.14,-1,-1,-1
192,551,1528.00,362.59,246.82,98.86,0.90,-1,-1,-1
192,679,1852.92,1250.52,52.86,52.18,0.64,-1,-1,-1
192,603,1381.59,454.56,70.67,70.35,0.56,-1,-1,-1
192,561,2052.97,1242.38,142.96,134.75,0.74,-1,-1,-1
192,578,1645.73,885.33,159.13,147.27,0.55,-1,-1,-1
192,622,3285.65,484.87,85.84,85.40,0.68,-1,-1,-1
192,613,1700.16,799.18,38.90,35.54,0.22,-1,-1,-1
192,588,2144.85,1028.05,137.64,131.82,0.81,-1,-1,-1
193,487,1273.97,203.63,172.00,112.08,0.90,-1,-1,-1
193,566,1876.37,1548.35,144.40,78.93,0.72,-1,-1,-1
193,482,2275.77,163.63,173.62,178.29,0.95,-1,-1,-1
193,575,1551.92,160.12,250.81,111.58,0.95,-1,-1,-1
193,577,3355.79,130.43,89.49,67.51,0.37,-1,-1,-1
193,606,3430.57,208.59,77.58,68.41,0.56,-1,-1,-1
193,382,2282.20,719.37,244.74,92.25,0.77,-1,-1,-1
193,662,2327.92,67.67,148.67,67.81,0.68,-1,-1,-1
193,551,1526.14,368.92,241.01,95.85,0.90,-1,-1,-1
193,679,1843.98,1256.02,52.38,52.52,0.44,-1,-1,-1
193,561,2031.49,1246.42,138.87,127.42,0.54,-1,-1,-1
193,578,1657.70,920.37,133.96,130.32,0.70,-1,-1,-1
193,622,3282.06,491.28,83.78,85.18,0.82,-1,-1,-1
193,613,1703.23,801.60,34.28,31.05,0.56,-1,-1,-1
193,588,2128.69,1015.47,147.30,142.37,0.34,-1,-1,-1
193,670,1662.75,1151.74,120.14,82.55,0.64,-1,-1,-1
193,556,2337.48,718.69,141.61,92.62,0.54,-1,-1,-1
194,487,1259.79,201.41,183.40,113.49,0.93,-1,-1,-1
194,566,1871.45,1551.11,137.20,76.67,0.74,-1,-1,-1
194,482,2270.33,169.71,177.37,179.24,0.94,-1,-1,-1
194,575,1549.80,165.51,249.72,112.92,0.95,-1,-1,-1
194,577,3359.16,131.81,87.12,65.07,0.72,-1,-1,-1
194,606,3438.05,213.01,69.54,61.57,0.61,-1,-1,-1
194,382,2276.74,727.47,244.92,91.84,0.77,-1,-1,-1
194,662,2322.06,69.03,153.10,67.32,0.78,-1,-1,-1
194,551,1523.28,374.27,236.18,93.08,0.89,-1,-1,-1
194,679,1841.11,1263.02,45.75,45.82,0.51,-1,-1,-1
194,561,2044.53,1252.23,135.11,127.02,0.58,-1,-1,-1
194,578,1650.49,932.22,128.38,127.55,0.19,-1,-1,-1
194,622,3283.45,501.19,77.41,81.17,0.73,-1,-1,-1
194,689,3291.04,586.88,47.83,72.67,0.75,-1,-1,-1
194,556,2323.37,726.63,154.50,92.27,0.56,-1,-1,-1
194,553,1938.26,845.64,88.56,102.07,0.60,-1,-1,-1
194,663,2500.03,342.63,42.33,69.85,0.53,-1,-1,-1
194,573,2998.52,1157.60,89.11,72.96,0.62,-1,-1,-1
195,487,1246.51,200.79,198.83,118.25,0.90,-1,-1,-1
195,566,1891.16,1569.08,101.71,57.49,0.60,-1,-1,-1
195,482,2264.70,175.04,180.83,180.41,0.95,-1,-1,-1
195,575,1548.92,170.67,246.75,113.33,0.96,-1,-1,-1
195,577,3365.05,133.86,85.07,62.28,0.75,-1,-1,-1
195,606,3433.85,216.46,68.32,59.18,0.78,-1,-1,-1
195,382,2274.36,735.42,239.48,89.00,0.82,-1,-1,-1
195,662,2316.27,70.56,157.58,67.10,0.87,-1,-1,-1
195,551,1517.92,379.37,233.91,91.11,0.82,-1,-1,-1
195,561,2013.02,1255.23,168.96,159.57,0.53,-1,-1,-1
195,578,1652.15,947.18,120.29,120.67,0.78,-1,-1,-1
195,622,3283.00,512.25,70.26,75.27,0.78,-1,-1,-1
195,689,3286.79,594.53,41.26,62.48,0.82,-1,-1,-1
195,556,2315.31,734.52,162.10,89.42,0.53,-1,-1,-1
195,690,3612.68,148.94,108.08,79.99,0.82,-1,-1,-1
195,553,1946.35,875.66,76.51,89.09,0.60,-1,-1,-1
195,663,2506.02,343.29,46.59,76.24,0.51,-1,-1,-1
195,573,2987.46,1190.45,75.87,63.01,0.64,-1,-1,-1
196,487,1234.96,205.68,212.05,122.53,0.92,-1,-1,-1
196,482,2260.15,179.96,183.67,181.29,0.95,-1,-1,-1
196,575,1546.64,175.43,245.04,114.29,0.96,-1,-1,-1
196,577,3369.88,134.96,83.53,60.09,0.41,-1,-1,-1
196,606,3438.58,219.87,66.53,57.99,0.26,-1,-1,-1
196,382,2262.66,740.07,253.98,94.60,0.80,-1,-1,-1
196,662,2308.41,72.30,163.81,67.97,0.82,-1,-1,-1
196,551,1513.96,384.14,233.26,89.93,0.91,-1,-1,-1
196,561,2016.05,1255.49,179.17,165.06,0.47,-1,-1,-1
196,622,3280.32,518.69,67.04,72.99,0.68,-1,-1,-1
196,689,3282.20,597.68,38.20,57.73,0.24,-1,-1,-1
196,690,3614.12,151.24,106.27,78.61,0.31,-1,-1,-1
196,573,2991.26,1195.38,67.38,58.37,0.60,-1,-1,-1
196,691,1253.08,197.88,85.97,55.59,0.55,-1,-1,-1
196,588,2112.06,1000.36,144.35,147.74,0.82,-1,-1,-1
197,487,1222.20,208.49,218.67,122.86,0.94,-1,-1,-1
197,482,2254.02,187.11,188.97,185.81,0.94,-1,-1,-1
197,575,1543.78,184.26,242.59,114.78,0.95,-1,-1,-1
197,577,3373.63,133.77,92.33,67.05,0.12,-1,-1,-1
197,606,3440.06,226.59,66.05,57.84,0.11,-1,-1,-1
197,382,2254.19,746.76,254.00,94.43,0.68,-1,-1,-1
197,662,2300.06,76.52,169.45,68.72,0.90,-1,-1,-1
197,551,1504.75,393.54,233.84,89.25,0.90,-1,-1,-1
197,561,2010.61,1272.48,172.09,157.78,0.13,-1,-1,-1
197,622,3277.39,532.71,65.01,69.39,0.22,-1,-1,-1
197,690,3611.65,154.33,109.83,81.42,0.28,-1,-1,-1
197,573,2977.83,1193.52,74.81,68.20,0.69,-1,-1,-1
197,691,1245.66,193.09,93.57,60.80,0.78,-1,-1,-1
197,692,3090.68,1337.31,38.01,29.51,0.72,-1,-1,-1
197,670,1659.42,1183.41,74.01,52.23,0.65,-1,-1,-1
197,679,1833.29,1289.12,43.42,44.77,0.57,-1,-1,-1
197,556,2329.73,781.46,133.75,79.46,0.78,-1,-1,-1
197,663,2533.65,352.27,44.51,65.70,0.84,-1,-1,-1
198,487,1211.68,207.16,218.98,119.10,0.94,-1,-1,-1
198,482,2250.34,191.23,193.08,189.87,0.93,-1,-1,-1
198,575,1541.00,190.78,241.31,115.81,0.96,-1,-1,-1
198,577,3374.75,131.09,96.95,71.60,0.16,-1,-1,-1
198,606,3439.35,231.88,65.89,57.79,0.24,-1,-1,-1
198,382,2252.07,753.08,252.13,93.51,0.68,-1,-1,-1
198,662,2293.08,78.99,174.99,69.68,0.86,-1,-1,-1
198,551,1497.11,399.32,237.66,90.09,0.93,-1,-1,-1
198,561,2013.39,1281.74,159.53,144.57,0.43,-1,-1,-1
198,622,3268.78,534.10,72.83,77.98,0.59,-1,-1,-1
198,690,3610.05,155.73,111.35,82.78,0.73,-1,-1,-1
198,573,2959.54,1190.27,95.02,89.87,0.65,-1,-1,-1
198,691,1236.47,186.20,96.60,63.25,0.62,-1,-1,-1
198,670,1658.18,1189.06,65.43,47.59,0.26,-1,-1,-1
198,556,2334.01,794.97,119.57,75.15,0.71,-1,-1,-1
198,663,2540.00,351.41,50.72,69.09,0.81,-1,-1,-1
198,689,3249.43,613.68,47.02,71.15,0.54,-1,-1,-1
199,487,1204.68,205.98,217.19,114.20,0.94,-1,-1,-1
199,482,2247.20,195.17,195.02,191.76,0.93,-1,-1,-1
199,575,1540.11,195.91,238.18,115.71,0.96,-1,-1,-1
199,577,3378.49,130.17,94.08,69.75,0.32,-1,-1,-1
199,606,3426.98,235.28,76.21,66.93,0.48,-1,-1,-1
199,382,2248.49,760.74,248.42,91.53,0.81,-1,-1,-1
199,662,2289.70,82.09,176.62,69.10,0.71,-1,-1,-1
199,551,1491.86,404.13,240.65,90.81,0.89,-1,-1,-1
199,561,2021.93,1293.90,146.42,129.77,0.66,-1,-1,-1
199,622,3260.49,534.04,77.46,81.95,0.78,-1,-1,-1
199,573,2939.27,1188.34,110.17,109.04,0.26,-1,-1,-1
199,691,1218.00,181.10,105.04,68.58,0.51,-1,-1,-1
199,556,2334.21,804.86,112.85,73.82,0.57,-1,-1,-1
199,663,2545.61,349.34,52.40,70.33,0.85,-1,-1,-1
199,695,2245.25,759.15,257.49,91.37,0.61,-1,-1,-1
199,696,1671.59,857.07,29.86,32.66,0.76,-1,-1,-1
199,689,3244.03,622.29,39.69,58.85,0.62,-1,-1,-1
199,656,2213.12,306.51,118.20,61.74,0.55,-1,-1,-1
199,553,1956.51,930.15,47.23,53.74,0.61,-1,-1,-1
199,679,1825.58,1290.40,30.90,31.38,0.62,-1,-1,-1
200,487,1196.77,202.34,213.40,108.01,0.93,-1,-1,-1
200,482,2243.45,199.17,195.90,192.35,0.93,-1,-1,-1
200,575,1539.06,201.03,235.37,115.69,0.95,-1,-1,-1
200,577,3385.24,132.54,84.96,61.99,0.47,-1,-1,-1
200,606,3433.17,239.17,69.47,61.42,0.12,-1,-1,-1
200,382,2241.29,761.93,259.02,95.92,0.83,-1,-1,-1
200,662,2284.46,85.76,178.21,68.45,0.84,-1,-1,-1
200,551,1484.44,408.93,245.96,92.58,0.91,-1,-1,-1
200,561,2042.62,1301.23,137.73,124.56,0.78,-1,-1,-1
200,622,3247.27,540.31,74.83,74.70,0.80,-1,-1,-1
200,691,1220.97,171.36,96.14,63.36,0.77,-1,-1,-1
200,556,2337.75,806.12,108.23,75.71,0.57,-1,-1,-1
200,663,2554.78,346.43,55.21,75.22,0.78,-1,-1,-1
200,695,2238.30,758.21,269.35,95.70,0.59,-1,-1,-1
200,696,1677.04,865.08,23.92,26.06,0.56,-1,-1,-1
200,689,3226.70,612.43,55.70,83.70,0.80,-1,-1,-1
200,656,2194.36,315.16,107.97,54.52,0.52,-1,-1,-1
200,553,1963.67,944.21,40.68,45.88,0.41,-1,-1,-1
200,679,1818.46,1288.83,34.12,34.97,0.66,-1,-1,-1
200,608,2115.53,261.10,78.49,66.39,0.51,-1,-1,-1
200,563,1625.13,305.55,55.32,62.44,0.63,-1,-1,-1
200,578,1656.02,1078.61,57.44,54.01,0.54,-1,-1,-1
201,487,1189.66,196.72,207.46,100.28,0.93,-1,-1,-1
201,482,2240.52,204.88,195.29,191.82,0.91,-1,-1,-1
201,575,1537.16,205.87,233.28,115.89,0.95,-1,-1,-1
201,577,3391.46,136.65,80.40,56.99,0.22,-1,-1,-1
201,606,3435.57,243.30,66.38,59.02,0.12,-1,-1,-1
201,382,2234.96,761.61,265.06,98.83,0.60,-1,-1,-1
201,662,2279.60,89.20,181.04,68.47,0.86,-1,-1,-1
201,551,1478.30,414.36,249.70,93.93,0.93,-1,-1,-1
201,561,2052.73,1306.39,142.41,130.03,0.86,-1,-1,-1
201,622,3235.39,546.20,76.27,74.83,0.47,-1,-1,-1
201,691,1216.84,154.20,100.07,66.86,0.77,-1,-1,-1
201,556,2334.27,810.28,104.14,76.70,0.66,-1,-1,-1
201,663,2566.93,350.89,55.20,75.15,0.63,-1,-1,-1
201,695,2227.56,757.65,282.22,100.62,0.79,-1,-1,-1
201,689,3216.85,621.99,55.38,82.94,0.31,-1,-1,-1
201,656,2191.58,322.42,110.79,55.08,0.75,-1,-1,-1
201,553,1958.15,976.70,33.28,30.27,0.51,-1,-1,-1
201,608,2124.29,262.18,85.74,66.84,0.51,-1,-1,-1
201,563,1621.85,309.27,55.05,61.71,0.33,-1,-1,-1
201,578,1656.60,1099.71,45.73,38.39,0.14,-1,-1,-1
201,573,2927.21,1185.94,96.04,96.73,0.70,-1,-1,-1
202,487,1184.07,191.07,200.83,92.28,0.93,-1,-1,-1
202,482,2236.23,210.31,195.46,191.94,0.91,-1,-1,-1
202,575,1536.26,210.60,230.69,115.65,0.94,-1,-1,-1
202,577,3395.12,141.69,80.48,55.18,0.49,-1,-1,-1
202,606,3434.94,247.04,65.13,57.81,0.14,-1,-1,-1
202,662,2274.79,91.46,184.40,68.90,0.88,-1,-1,-1
202,551,1473.43,419.48,253.41,95.55,0.94,-1,-1,-1
202,561,2038.97,1310.34,162.23,145.54,0.77,-1,-1,-1
202,622,3227.91,549.85,78.33,77.34,0.60,-1,-1,-1
202,691,1209.04,137.10,104.12,71.36,0.81,-1,-1,-1
202,556,2328.26,820.12,102.50,78.81,0.40,-1,-1,-1
202,663,2566.00,352.60,63.18,82.89,0.56,-1,-1,-1
202,695,2224.60,758.76,282.06,101.02,0.89,-1,-1,-1
202,689,3213.58,631.58,45.94,67.18,0.51,-1,-1,-1
202,563,1620.13,312.28,53.86,61.38,0.70,-1,-1,-1
202,573,2917.36,1183.26,100.01,102.06,0.64,-1,-1,-1
203,487,1182.06,182.23,197.44,85.62,0.91,-1,-1,-1
203,482,2227.81,221.32,193.65,188.63,0.94,-1,-1,-1
203,575,1535.87,218.08,224.08,112.88,0.95,-1,-1,-1
203,577,3405.45,147.73,81.54,54.90,0.40,-1,-1,-1
203,606,3435.63,252.02,64.38,57.49,0.14,-1,-1,-1
203,662,2268.98,95.88,187.76,69.47,0.89,-1,-1,-1
203,551,1467.87,427.26,253.68,95.68,0.94,-1,-1,-1
203,561,2032.64,1311.90,176.55,158.49,0.87,-1,-1,-1
203,622,3216.87,553.42,77.45,78.66,0.63,-1,-1,-1
203,691,1202.05,119.12,105.08,73.72,0.73,-1,-1,-1
203,663,2580.07,356.75,66.65,86.16,0.31,-1,-1,-1
203,695,2183.56,742.58,365.66,133.54,0.88,-1,-1,-1
203,689,3201.59,641.76,46.18,66.33,0.75,-1,-1,-1
203,563,1613.53,316.00,58.89,68.85,0.68,-1,-1,-1
203,703,2517.21,714.84,58.97,74.61,0.55,-1,-1,-1
203,382,2176.27,794.04,294.50,115.06,0.83,-1,-1,-1
203,656,2202.31,333.77,102.07,52.73,0.64,-1,-1,-1
204,487,1175.50,177.46,205.13,84.95,0.90,-1,-1,-1
204,482,2224.04,230.31,191.07,184.52,0.93,-1,-1,-1
204,575,1536.32,223.55,217.70,109.80,0.95,-1,-1,-1
204,577,3413.79,152.05,81.68,54.32,0.15,-1,-1,-1
204,662,2262.35,98.89,192.96,70.93,0.83,-1,-1,-1
204,551,1465.30,433.00,250.15,94.22,0.54,-1,-1,-1
204,561,2040.99,1322.03,163.04,148.37,0.69,-1,-1,-1
204,622,3216.06,553.95,80.80,84.41,0.70,-1,-1,-1
204,691,1200.23,109.75,103.08,74.40,0.83,-1,-1,-1
204,663,2602.84,362.66,63.70,83.83,0.49,-1,-1,-1
204,695,2156.38,726.34,429.23,161.37,0.93,-1,-1,-1
204,689,3198.58,653.62,40.88,53.71,0.37,-1,-1,-1
204,563,1611.54,319.45,59.24,70.56,0.20,-1,-1,-1
204,703,2517.03,718.25,62.09,78.38,0.44,-1,-1,-1
204,656,2204.09,338.83,100.01,54.08,0.76,-1,-1,-1
204,564,1859.62,694.56,47.24,53.75,0.52,-1,-1,-1
204,652,1512.89,430.19,156.22,94.58,0.86,-1,-1,-1
204,566,1856.64,1602.43,121.00,73.34,0.76,-1,-1,-1
205,487,1170.05,175.11,209.48,83.19,0.91,-1,-1,-1
205,482,2220.10,237.90,189.64,181.48,0.95,-1,-1,-1
205,575,1537.41,228.22,211.35,106.30,0.95,-1,-1,-1
205,577,3428.58,155.02,79.50,53.93,0.21,-1,-1,-1
205,662,2254.79,100.79,201.56,74.03,0.84,-1,-1,-1
205,551,1462.40,437.58,248.86,93.71,0.61,-1,-1,-1
205,561,2033.17,1332.69,162.72,149.79,0.63,-1,-1,-1
205,622,3218.63,563.06,71.64,72.40,0.78,-1,-1,-1
205,691,1196.79,101.21,103.89,77.43,0.82,-1,-1,-1
205,663,2617.95,372.01,56.38,74.09,0.63,-1,-1,-1
205,695,2140.80,713.84,470.74,183.58,0.95,-1,-1,-1
205,689,3198.83,663.87,38.39,47.04,0.33,-1,-1,-1
205,563,1609.64,324.01,59.95,73.29,0.62,-1,-1,-1
205,703,2518.05,726.67,59.36,74.44,0.74,-1,-1,-1
205,656,2211.78,342.42,95.96,52.22,0.79,-1,-1,-1
205,564,1867.78,697.54,42.49,47.98,0.59,-1,-1,-1
205,652,1501.90,436.53,174.98,94.07,0.82,-1,-1,-1
205,552,1961.20,985.62,54.29,50.74,0.67,-1,-1,-1
205,603,1373.92,515.53,104.65,101.56,0.53,-1,-1,-1
205,679,1806.53,1310.69,27.42,27.68,0.59,-1,-1,-1
205,608,2112.44,256.28,112.46,87.67,0.60,-1,-1,-1
205,556,2314.04,823.85,116.17,95.54,0.70,-1,-1,-1
205,573,2898.69,1164.26,88.47,94.25,0.65,-1,-1,-1
206,487,1162.46,171.87,212.17,81.00,0.92,-1,-1,-1
206,482,2215.67,244.86,188.69,178.38,0.94,-1,-1,-1
206,575,1537.80,232.40,205.40,102.66,0.94,-1,-1,-1
206,577,3422.47,156.69,84.11,56.04,0.42,-1,-1,-1
206,662,2250.14,101.63,205.70,75.61,0.83,-1,-1,-1
206,551,1459.10,441.53,252.09,95.03,0.92,-1,-1,-1
206,561,2034.79,1339.54,161.42,149.45,0.85,-1,-1,-1
206,622,3177.02,575.00,115.25,119.13,0.69,-1,-1,-1
206,691,1195.31,94.19,102.57,78.72,0.86,-1,-1,-1
206,663,2628.83,359.40,62.65,83.47,0.72,-1,-1,-1
206,695,2134.55,706.51,494.56,201.33,0.92,-1,-1,-1
206,563,1608.41,327.09,59.00,73.75,0.52,-1,-1,-1
206,703,2515.61,725.35,65.28,81.73,0.84,-1,-1,-1
206,656,2209.08,347.49,95.38,52.83,0.73,-1,-1,-1
206,552,1970.58,992.75,37.92,35.95,0.64,-1,-1,-1
206,603,1363.22,550.08,84.30,84.16,0.63,-1,-1,-1
206,679,1807.12,1316.16,27.19,27.05,0.29,-1,-1,-1
206,608,2110.59,259.58,116.15,88.54,0.54,-1,-1,-1
206,573,2892.40,1159.66,79.63,87.18,0.41,-1,-1,-1
207,487,1154.26,167.28,218.73,80.71,0.92,-1,-1,-1
207,482,2210.38,251.96,190.24,177.90,0.95,-1,-1,-1
207,575,1538.77,237.04,199.11,98.37,0.95,-1,-1,-1
207,577,3421.83,157.96,88.92,58.67,0.48,-1,-1,-1
207,662,2243.92,102.62,210.98,77.83,0.87,-1,-1,-1
207,551,1457.85,446.30,251.24,94.70,0.95,-1,-1,-1
207,561,2038.92,1342.97,171.11,158.19,0.51,-1,-1,-1
207,622,3180.10,583.05,90.10,89.93,0.72,-1,-1,-1
207,691,1193.15,88.81,100.22,79.19,0.84,-1,-1,-1
207,663,2640.09,360.26,59.29,79.88,0.70,-1,-1,-1
207,695,2134.81,702.55,505.28,215.87,0.93,-1,-1,-1
207,563,1606.09,331.70,57.99,73.72,0.46,-1,-1,-1
207,703,2515.44,730.11,66.44,82.82,0.85,-1,-1,-1
207,656,2207.14,352.35,94.95,52.92,0.71,-1,-1,-1
207,552,1974.45,995.88,28.56,26.94,0.61,-1,-1,-1
207,603,1358.66,563.07,78.90,79.33,0.20,-1,-1,-1
207,608,2109.03,269.38,114.92,87.27,0.81,-1,-1,-1
207,573,2889.10,1156.27,76.11,84.47,0.29,-1,-1,-1
207,566,1865.57,1622.40,102.28,65.94,0.73,-1,-1,-1
207,564,1856.20,709.41,47.17,50.61,0.58,-1,-1,-1
208,487,1130.08,149.27,240.77,87.43,0.91,-1,-1,-1
208,482,2199.13,272.34,183.78,167.98,0.94,-1,-1,-1
208,575,1539.54,249.30,186.17,89.80,0.94,-1,-1,-1
208,577,3436.53,167.39,90.81,59.73,0.71,-1,-1,-1
208,662,2229.08,106.69,225.40,84.24,0.82,-1,-1,-1
208,551,1452.36,456.46,241.26,90.23,0.95,-1,-1,-1
208,561,2032.89,1362.51,177.99,168.01,0.84,-1,-1,-1
208,622,3155.90,576.14,98.32,100.19,0.89,-1,-1,-1
208,691,1188.82,79.86,92.69,74.60,0.81,-1,-1,-1
208,695,2140.82,705.88,509.62,230.16,0.95,-1,-1,-1
208,703,2522.09,742.60,65.46,81.07,0.87,-1,-1,-1
208,552,1951.78,944.26,70.21,72.64,0.72,-1,-1,-1
208,608,2087.63,260.10,133.47,102.31,0.23,-1,-1,-1
208,566,1874.28,1640.56,102.43,68.37,0.70,-1,-1,-1
208,588,2084.32,969.77,114.58,130.76,0.75,-1,-1,-1
208,556,2334.39,845.14,78.47,59.77,0.72,-1,-1,-1
208,679,1801.12,1333.74,29.67,27.38,0.56,-1,-1,-1
209,487,1090.16,122.75,284.47,104.17,0.92,-1,-1,-1
209,482,2183.92,295.25,180.94,160.98,0.92,-1,-1,-1
209,575,1538.43,264.44,173.16,80.55,0.92,-1,-1,-1
209,577,3437.78,158.27,117.83,78.64,0.55,-1,-1,-1
209,662,2214.11,114.93,233.74,88.84,0.89,-1,-1,-1
209,551,1439.91,470.53,234.84,86.89,0.91,-1,-1,-1
209,561,2060.28,1386.26,173.27,163.62,0.90,-1,-1,-1
209,622,3137.06,586.66,89.95,94.67,0.65,-1,-1,-1
209,703,2526.80,766.12,58.89,72.99,0.87,-1,-1,-1
209,552,1929.91,932.14,87.54,94.64,0.72,-1,-1,-1
209,566,1862.78,1646.20,111.75,74.78,0.71,-1,-1,-1
209,588,2087.61,970.21,94.43,113.21,0.70,-1,-1,-1
209,672,1720.13,1321.84,96.80,85.15,0.60,-1,-1,-1
209,670,1620.14,1253.85,47.07,33.82,0.51,-1,-1,-1
209,382,2136.62,731.89,535.19,236.86,0.95,-1,-1,-1
209,663,2688.22,353.39,60.54,80.75,0.62,-1,-1,-1
210,487,1068.55,108.97,314.75,117.27,0.91,-1,-1,-1
210,482,2174.80,307.32,180.80,156.70,0.94,-1,-1,-1
210,575,1536.42,272.09,169.53,76.25,0.93,-1,-1,-1
210,577,3449.04,155.94,117.22,79.20,0.87,-1,-1,-1
210,662,2208.01,119.49,233.71,90.17,0.84,-1,-1,-1
210,551,1433.23,477.84,231.92,84.80,0.94,-1,-1,-1
210,561,2057.90,1398.03,179.94,170.11,0.83,-1,-1,-1
210,622,3123.78,591.87,83.89,90.23,0.84,-1,-1,-1
210,703,2519.44,779.62,57.49,70.75,0.85,-1,-1,-1
210,552,1918.78,927.97,97.79,110.55,0.77,-1,-1,-1
210,566,1868.55,1660.27,110.94,74.75,0.62,-1,-1,-1
210,588,2071.78,954.99,102.90,126.54,0.13,-1,-1,-1
210,382,2161.44,727.81,501.40,248.61,0.95,-1,-1,-1
210,663,2697.23,356.86,60.20,77.78,0.23,-1,-1,-1
210,690,3579.64,196.48,123.29,98.00,0.51,-1,-1,-1
210,695,2104.85,791.02,351.66,166.23,0.81,-1,-1,-1
210,608,2070.89,290.77,117.19,87.67,0.57,-1,-1,-1
210,556,2359.93,844.77,83.30,64.08,0.65,-1,-1,-1
211,487,1055.98,100.22,333.15,126.75,0.92,-1,-1,-1
211,482,2168.67,314.80,183.06,155.15,0.94,-1,-1,-1
211,575,1533.85,276.36,170.68,74.37,0.93,-1,-1,-1
211,577,3462.35,155.13,103.96,70.06,0.15,-1,-1,-1
211,662,2201.19,121.04,239.01,93.93,0.85,-1,-1,-1
211,551,1426.38,481.31,233.68,84.70,0.93,-1,-1,-1
211,561,2056.75,1407.31,180.17,170.97,0.82,-1,-1,-1
211,622,3110.13,589.49,88.66,98.29,0.83,-1,-1,-1
211,703,2515.64,787.29,57.57,70.52,0.86,-1,-1,-1
211,552,1899.00,921.84,103.26,122.12,0.90,-1,-1,-1
211,566,1862.25,1655.83,126.34,86.81,0.31,-1,-1,-1
211,663,2712.36,353.36,58.72,76.24,0.49,-1,-1,-1
211,713,3110.66,701.87,39.66,73.14,0.60,-1,-1,-1
211,690,3581.25,195.99,113.33,94.10,0.18,-1,-1,-1
211,695,2152.84,742.72,456.27,232.22,0.95,-1,-1,-1
211,608,2059.98,306.08,121.45,89.86,0.65,-1,-1,-1
211,556,2366.55,850.17,80.11,62.17,0.13,-1,-1,-1
211,645,1527.11,753.35,61.25,48.32,0.52,-1,-1,-1
211,656,2173.43,392.70,89.64,51.59,0.57,-1,-1,-1
211,603,1383.58,544.72,147.25,143.35,0.60,-1,-1,-1
211,670,1620.55,1274.40,44.14,32.50,0.77,-1,-1,-1
212,487,1046.78,93.34,346.47,134.98,0.89,-1,-1,-1
212,482,2163.00,320.17,186.46,154.77,0.93,-1,-1,-1
212,575,1529.89,279.24,174.84,74.22,0.85,-1,-1,-1
212,577,3464.57,153.89,103.41,69.42,0.43,-1,-1,-1
212,662,2196.47,121.80,240.75,96.37,0.84,-1,-1,-1
212,551,1420.96,483.61,234.84,84.41,0.94,-1,-1,-1
212,561,2056.37,1410.85,178.96,173.68,0.68,-1,-1,-1
212,622,3109.94,603.42,77.54,87.85,0.81,-1,-1,-1
212,703,2512.93,798.40,54.41,65.81,0.86,-1,-1,-1
212,552,1882.88,920.35,102.38,125.21,0.91,-1,-1,-1
212,566,1863.63,1659.61,123.54,86.17,0.85,-1,-1,-1
212,663,2717.98,344.04,65.11,86.03,0.54,-1,-1,-1
212,713,3107.56,707.50,34.97,64.22,0.63,-1,-1,-1
212,690,3580.31,192.01,108.17,91.74,0.81,-1,-1,-1
212,695,2178.75,733.31,456.82,250.55,0.94,-1,-1,-1
212,608,2056.23,320.74,103.37,74.45,0.49,-1,-1,-1
212,556,2365.72,848.37,86.01,67.65,0.65,-1,-1,-1
212,716,1471.51,1174.35,67.77,77.06,0.64,-1,-1,-1
212,718,1244.90,1041.37,127.58,74.14,0.80,-1,-1,-1
212,656,2169.67,400.00,86.92,51.55,0.53,-1,-1,-1
212,603,1391.34,591.96,98.58,98.36,0.62,-1,-1,-1
212,670,1615.79,1282.53,42.60,31.73,0.18,-1,-1,-1
212,672,1757.06,1363.53,55.66,52.41,0.59,-1,-1,-1
213,487,1041.69,89.54,352.95,141.06,0.93,-1,-1,-1
213,482,2157.57,326.27,188.19,152.96,0.94,-1,-1,-1
213,575,1527.46,282.73,176.20,72.77,0.88,-1,-1,-1
213,577,3468.50,151.49,107.08,72.32,0.27,-1,-1,-1
213,662,2193.48,123.13,240.31,98.00,0.87,-1,-1,-1
213,551,1416.87,485.58,235.99,84.18,0.92,-1,-1,-1
213,561,2056.77,1419.14,176.95,172.44,0.61,-1,-1,-1
213,622,3112.64,620.39,64.22,74.13,0.80,-1,-1,-1
213,703,2509.73,802.41,54.44,65.14,0.32,-1,-1,-1
213,552,1875.69,921.64,101.98,125.85,0.89,-1,-1,-1
213,663,2730.76,351.19,56.90,74.58,0.24,-1,-1,-1
213,713,3105.94,709.22,29.56,53.74,0.56,-1,-1,-1
213,608,2047.63,327.32,103.82,74.80,0.77,-1,-1,-1
213,556,2308.04,774.96,222.67,190.55,0.92,-1,-1,-1
213,716,1458.09,1191.89,64.45,73.21,0.55,-1,-1,-1
213,718,1220.72,1041.69,155.61,91.02,0.61,-1,-1,-1
213,656,2165.69,407.66,83.43,50.10,0.55,-1,-1,-1
213,603,1399.11,621.91,69.75,71.75,0.67,-1,-1,-1
213,720,2302.73,512.26,29.30,49.44,0.52,-1,-1,-1
213,672,1768.14,1373.98,26.56,25.40,0.61,-1,-1,-1
213,588,2067.98,938.26,96.54,125.49,0.74,-1,-1,-1
214,487,1039.28,87.83,353.01,144.66,0.93,-1,-1,-1
214,482,2152.61,331.65,191.02,152.41,0.93,-1,-1,-1
214,575,1524.24,285.79,179.81,72.52,0.92,-1,-1,-1
214,577,3476.31,148.34,104.32,71.50,0.74,-1,-1,-1
214,662,2188.72,124.92,244.55,101.87,0.88,-1,-1,-1
214,551,1413.20,486.76,237.89,84.30,0.91,-1,-1,-1
214,561,2082.79,1429.93,116.82,110.92,0.84,-1,-1,-1
214,622,3111.38,629.19,58.85,68.61,0.80,-1,-1,-1
214,703,2510.94,804.24,54.97,66.22,0.78,-1,-1,-1
214,552,1875.00,926.52,98.24,118.34,0.84,-1,-1,-1
214,663,2742.88,351.15,60.93,78.87,0.73,-1,-1,-1
214,713,3104.12,705.90,25.80,46.59,0.30,-1,-1,-1
214,608,2038.56,330.27,111.03,81.05,0.78,-1,-1,-1
214,556,2298.95,754.26,249.89,231.15,0.88,-1,-1,-1
214,718,1210.97,1045.81,171.55,100.98,0.79,-1,-1,-1
214,656,2164.58,409.02,82.45,50.61,0.43,-1,-1,-1
214,603,1405.74,636.01,62.55,65.86,0.73,-1,-1,-1
214,723,1789.91,764.97,32.52,52.81,0.81,-1,-1,-1
214,588,2071.34,939.44,87.07,117.29,0.55,-1,-1,-1
214,691,1190.39,87.32,71.90,55.51,0.54,-1,-1,-1
214,566,1859.66,1680.25,69.72,42.47,0.55,-1,-1,-1
214,690,3580.05,180.45,117.58,102.43,0.83,-1,-1,-1
214,670,1572.16,1288.83,65.37,48.40,0.74,-1,-1,-1
215,487,1040.40,90.01,341.91,142.97,0.93,-1,-1,-1
215,482,2147.31,336.32,193.70,151.96,0.93,-1,-1,-1
215,575,1522.54,288.88,180.13,70.87,0.92,-1,-1,-1
215,577,3481.86,142.59,93.44,63.37,0.31,-1,-1,-1
215,662,2184.71,125.37,247.11,105.31,0.84,-1,-1,-1
215,551,1409.10,488.43,239.91,84.44,0.61,-1,-1,-1
215,561,2094.51,1436.13,117.78,110.47,0.32,-1,-1,-1
215,622,3104.56,636.63,56.59,65.40,0.48,-1,-1,-1
215,703,2510.38,802.97,55.56,67.09,0.89,-1,-1,-1
215,552,1874.54,930.92,92.11,103.92,0.15,-1,-1,-1
215,663,2744.51,361.73,57.74,69.89,0.55,-1,-1,-1
215,608,2042.00,336.51,101.07,71.85,0.76,-1,-1,-1
215,556,2302.84,745.82,252.51,252.24,0.93,-1,-1,-1
215,718,1206.59,1055.27,172.31,102.08,0.21,-1,-1,-1
215,656,2155.57,412.87,86.61,53.67,0.66,-1,-1,-1
215,603,1406.47,637.43,66.51,72.20,0.28,-1,-1,-1
215,723,1784.32,768.22,35.84,58.56,0.17,-1,-1,-1
215,588,2068.78,920.63,91.38,127.50,0.11,-1,-1,-1
215,691,1190.67,95.82,65.98,48.33,0.61,-1,-1,-1
215,566,1827.39,1637.12,129.40,82.32,0.67,-1,-1,-1
215,690,3573.73,176.20,129.20,115.94,0.73,-1,-1,-1
215,670,1559.45,1299.55,67.17,51.67,0.69,-1,-1,-1
215,652,1442.31,486.70,179.73,84.33,0.87,-1,-1,-1
215,720,2280.92,521.43,29.67,49.39,0.54,-1,-1,-1
216,487,1042.13,93.47,330.64,140.54,0.93,-1,-1,-1
216,482,2143.97,341.70,193.28,148.89,0.94,-1,-1,-1
216,575,1520.36,291.54,182.18,70.00,0.91,-1,-1,-1
216,577,3470.35,135.83,110.90,76.89,0.86,-1,-1,-1
216,662,2181.39,125.72,250.31,109.33,0.80,-1,-1,-1
216,551,1407.82,490.26,239.35,83.63,0.91,-1,-1,-1
216,561,2095.64,1439.61,136.90,127.70,0.86,-1,-1,-1
216,622,3097.21,640.27,56.76,64.78,0.78,-1,-1,-1
216,703,2508.36,800.77,55.92,67.20,0.63,-1,-1,-1
216,552,1876.20,935.30,82.69,82.48,0.76,-1,-1,-1
216,663,2755.18,358.55,61.04,74.62,0.62,-1,-1,-1
216,608,2035.34,342.63,92.39,65.65,0.70,-1,-1,-1
216,556,2312.04,745.47,242.02,260.18,0.96,-1,-1,-1
216,656,2153.40,415.65,87.29,55.04,0.63,-1,-1,-1
216,603,1405.81,630.73,81.50,91.97,0.11,-1,-1,-1
216,588,2069.06,914.51,66.19,94.10,0.53,-1,-1,-1
216,691,1183.80,97.17,68.95,48.61,0.71,-1,-1,-1
216,566,1814.32,1619.34,154.85,103.42,0.53,-1,-1,-1
216,690,3575.10,177.32,132.37,123.25,0.91,-1,-1,-1
216,670,1550.38,1318.49,59.65,45.88,0.77,-1,-1,-1
216,727,2369.32,858.19,87.94,82.56,0.80,-1,-1,-1
216,720,2271.71,524.81,30.32,49.66,0.31,-1,-1,-1
216,563,1609.10,406.45,46.52,56.07,0.59,-1,-1,-1
216,573,2844.30,1124.28,73.42,80.94,0.68,-1,-1,-1
216,679,1764.80,1384.50,35.27,31.02,0.58,-1,-1,-1
216,645,1555.58,763.13,94.15,57.52,0.64,-1,-1,-1
216,713,3083.55,706.92,28.92,49.46,0.80,-1,-1,-1
217,487,1044.25,98.40,317.69,136.72,0.94,-1,-1,-1
217,482,2139.16,345.64,196.02,148.68,0.94,-1,-1,-1
217,575,1516.47,293.45,187.09,70.58,0.93,-1,-1,-1
217,577,3469.97,131.10,112.38,79.61,0.85,-1,-1,-1
217,662,2177.91,126.54,251.64,112.67,0.72,-1,-1,-1
217,551,1404.84,492.30,241.16,83.78,0.81,-1,-1,-1
217,561,2090.96,1442.44,157.62,148.05,0.72,-1,-1,-1
217,622,3092.19,641.99,55.73,62.74,0.74,-1,-1,-1
217,703,2507.11,797.07,58.38,70.81,0.80,-1,-1,-1
217,552,1878.90,940.03,71.06,56.98,0.71,-1,-1,-1
217,663,2762.41,358.56,63.46,78.38,0.36,-1,-1,-1
217,608,2035.25,345.43,95.66,66.24,0.81,-1,-1,-1
217,556,2321.24,749.16,227.30,261.58,0.94,-1,-1,-1
217,656,2146.22,421.95,86.55,54.41,0.58,-1,-1,-1
217,603,1405.90,636.92,79.97,94.52,0.14,-1,-1,-1
217,691,1173.83,96.13,77.95,54.22,0.76,-1,-1,-1
217,690,3586.44,184.17,123.14,119.81,0.90,-1,-1,-1
217,727,2370.06,861.93,91.92,86.48,0.74,-1,-1,-1
217,720,2267.17,526.71,28.99,47.46,0.60,-1,-1,-1
217,563,1609.76,414.31,45.68,52.79,0.42,-1,-1,-1
217,573,2820.62,1119.80,81.11,82.54,0.78,-1,-1,-1
217,679,1763.40,1390.49,33.88,31.52,0.44,-1,-1,-1
217,645,1554.79,766.82,117.38,64.43,0.71,-1,-1,-1
217,713,3079.91,709.81,27.99,46.82,0.34,-1,-1,-1
217,606,3425.05,327.45,58.35,52.88,0.68,-1,-1,-1
217,723,1787.61,767.84,32.27,52.30,0.66,-1,-1,-1
217,652,1428.96,492.29,194.40,83.78,0.57,-1,-1,-1
218,487,1047.33,110.92,290.74,124.76,0.94,-1,-1,-1
218,482,2131.90,352.76,198.77,148.73,0.94,-1,-1,-1
218,575,1511.42,297.63,191.93,71.30,0.92,-1,-1,-1
218,577,3473.43,129.95,105.41,73.79,0.32,-1,-1,-1
218,662,2172.32,128.40,254.65,117.19,0.88,-1,-1,-1
218,551,1400.83,494.84,244.45,84.62,0.88,-1,-1,-1
218,561,2102.83,1454.28,128.73,117.78,0.59,-1,-1,-1
218,622,3045.63,641.07,112.05,130.70,0.57,-1,-1,-1
218,703,2498.91,796.91,60.83,72.64,0.83,-1,-1,-1
218,552,1882.42,936.51,65.68,44.41,0.72,-1,-1,-1
218,663,2766.18,350.51,71.85,88.87,0.28,-1,-1,-1
218,608,2018.31,345.78,105.34,73.10,0.79,-1,-1,-1
218,556,2329.08,758.81,214.39,262.42,0.93,-1,-1,-1
218,656,2138.71,428.62,84.52,54.11,0.45,-1,-1,-1
218,603,1384.94,592.53,123.33,136.38,0.66,-1,-1,-1
218,691,1160.00,95.24,86.92,60.00,0.83,-1,-1,-1
218,727,2368.64,870.37,94.42,89.33,0.69,-1,-1,-1
218,720,2256.97,527.90,31.29,51.00,0.14,-1,-1,-1
218,563,1610.51,422.50,44.85,49.50,0.11,-1,-1,-1
218,573,2814.35,1117.75,83.72,82.00,0.15,-1,-1,-1
218,606,3429.79,351.63,40.99,35.14,0.52,-1,-1,-1
218,683,1826.87,1173.59,79.91,94.98,0.77,-1,-1,-1
218,566,1829.99,1653.86,140.70,97.05,0.73,-1,-1,-1
219,487,1051.30,127.62,256.00,107.21,0.93,-1,-1,-1
219,482,2126.18,360.46,200.02,147.78,0.92,-1,-1,-1
219,575,1507.46,302.51,195.23,71.53,0.92,-1,-1,-1
219,577,3482.47,128.26,107.49,75.26,0.27,-1,-1,-1
219,662,2169.68,132.16,251.69,118.93,0.84,-1,-1,-1
219,551,1398.45,497.68,246.06,84.87,0.90,-1,-1,-1
219,561,2113.59,1469.30,111.81,98.64,0.70,-1,-1,-1
219,622,3039.53,645.93,105.98,126.67,0.59,-1,-1,-1
219,703,2500.52,800.69,59.42,71.23,0.86,-1,-1,-1
219,552,1880.84,917.71,73.63,47.64,0.78,-1,-1,-1
219,663,2780.71,344.70,70.03,86.78,0.13,-1,-1,-1
219,608,2008.81,355.12,107.21,72.87,0.84,-1,-1,-1
219,556,2336.89,768.80,202.65,261.91,0.93,-1,-1,-1
219,656,2129.37,433.20,88.53,56.96,0.60,-1,-1,-1
219,603,1407.89,627.23,96.33,108.79,0.58,-1,-1,-1
219,691,1144.52,94.96,91.79,63.30,0.87,-1,-1,-1
219,727,2330.30,843.36,126.78,120.02,0.51,-1,-1,-1
219,563,1606.74,424.48,52.20,57.64,0.76,-1,-1,-1
219,606,3428.85,354.13,37.02,31.75,0.16,-1,-1,-1
219,566,1825.79,1658.28,125.89,88.11,0.74,-1,-1,-1
219,716,1430.78,1235.83,53.29,60.86,0.55,-1,-1,-1
219,723,1767.84,766.15,37.14,60.04,0.58,-1,-1,-1
220,487,1052.58,139.98,233.34,94.47,0.92,-1,-1,-1
220,482,2120.23,366.06,201.59,146.88,0.94,-1,-1,-1
220,575,1504.72,306.16,198.91,72.06,0.93,-1,-1,-1
220,577,3489.65,126.89,108.33,76.30,0.32,-1,-1,-1
220,662,2167.19,134.68,251.50,122.09,0.81,-1,-1,-1
220,551,1395.74,499.66,250.47,86.38,0.79,-1,-1,-1
220,561,2119.26,1477.15,84.25,70.66,0.64,-1,-1,-1
220,622,3040.24,652.99,83.21,97.73,0.54,-1,-1,-1
220,703,2501.43,806.39,57.75,69.21,0.88,-1,-1,-1
220,552,1873.36,899.65,79.09,53.10,0.31,-1,-1,-1
220,663,2783.94,337.35,82.88,104.22,0.30,-1,-1,-1
220,608,1991.38,335.96,128.33,87.97,0.84,-1,-1,-1
220,556,2342.38,776.56,192.66,261.01,0.94,-1,-1,-1
220,656,2134.16,442.97,77.60,50.10,0.51,-1,-1,-1
220,691,1140.45,95.34,91.04,64.43,0.84,-1,-1,-1
220,727,2323.15,845.52,98.10,89.30,0.51,-1,-1,-1
220,563,1603.74,426.29,52.96,59.32,0.81,-1,-1,-1
220,566,1819.45,1654.16,114.19,81.34,0.24,-1,-1,-1
220,716,1425.73,1240.22,58.29,65.96,0.68,-1,-1,-1
220,723,1760.18,766.81,31.03,48.74,0.65,-1,-1,-1
220,652,1415.52,499.98,209.52,86.39,0.74,-1,-1,-1
221,487,1051.79,148.14,218.52,84.91,0.89,-1,-1,-1
221,482,2115.46,371.77,200.84,144.15,0.93,-1,-1,-1
221,575,1501.06,308.49,205.12,73.79,0.90,-1,-1,-1
221,577,3502.00,125.36,100.46,71.58,0.19,-1,-1,-1
221,662,2165.10,135.91,250.40,124.86,0.86,-1,-1,-1
221,551,1392.40,501.14,255.46,88.24,0.90,-1,-1,-1
221,561,2099.55,1477.99,169.47,143.38,0.80,-1,-1,-1
221,622,3034.55,661.41,86.26,100.51,0.63,-1,-1,-1
221,703,2501.24,811.66,56.41,67.19,0.87,-1,-1,-1
221,552,1868.83,891.22,78.63,54.03,0.78,-1,-1,-1
221,663,2796.74,333.22,76.11,96.14,0.71,-1,-1,-1
221,608,1993.85,351.79,112.16,73.96,0.80,-1,-1,-1
221,556,2350.23,783.31,182.89,259.02,0.94,-1,-1,-1
221,656,2138.38,446.21,72.57,46.98,0.24,-1,-1,-1
221,691,1141.32,98.13,84.75,61.54,0.69,-1,-1,-1
221,727,2320.08,854.34,127.38,116.16,0.77,-1,-1,-1
221,563,1602.44,426.27,51.70,58.70,0.79,-1,-1,-1
221,566,1805.37,1650.34,115.44,83.51,0.87,-1,-1,-1
221,716,1416.18,1260.03,53.67,61.64,0.81,-1,-1,-1
221,720,2233.46,541.86,31.00,48.98,0.52,-1,-1,-1
221,573,2815.49,1115.28,92.86,97.29,0.60,-1,-1,-1
221,603,1426.65,669.42,76.90,90.19,0.61,-1,-1,-1
222,487,1037.73,154.88,219.39,82.34,0.80,-1,-1,-1
222,482,2109.21,377.82,201.38,142.59,0.91,-1,-1,-1
222,575,1496.42,312.32,212.65,76.32,0.92,-1,-1,-1
222,662,2161.15,137.30,250.28,128.44,0.89,-1,-1,-1
222,551,1387.07,504.07,262.60,91.20,0.90,-1,-1,-1
222,561,2109.26,1483.08,159.89,134.66,0.46,-1,-1,-1
222,703,2495.14,820.94,53.67,61.78,0.20,-1,-1,-1
222,552,1875.11,894.29,71.50,44.94,0.84,-1,-1,-1
222,663,2822.13,347.68,65.56,79.45,0.20,-1,-1,-1
222,608,1987.25,352.28,111.97,73.17,0.73,-1,-1,-1
222,556,2358.40,795.86,173.06,254.03,0.92,-1,-1,-1
222,656,2131.70,452.45,70.76,46.14,0.11,-1,-1,-1
222,691,1133.78,105.29,76.18,54.11,0.27,-1,-1,-1
222,563,1607.18,433.00,51.52,57.87,0.66,-1,-1,-1
222,742,1489.73,581.06,64.88,89.68,0.75,-1,-1,-1
222,743,1615.01,1445.09,45.61,32.94,0.55,-1,-1,-1
222,745,1317.21,626.11,84.40,63.84,0.52,-1,-1,-1
222,603,1448.27,705.64,67.24,74.20,0.82,-1,-1,-1
223,487,1021.43,156.67,230.77,84.64,0.91,-1,-1,-1
223,482,2104.09,381.64,203.37,142.03,0.92,-1,-1,-1
223,575,1494.05,314.51,216.47,77.57,0.93,-1,-1,-1
223,662,2157.66,138.04,251.76,133.07,0.62,-1,-1,-1
223,551,1385.59,506.09,263.48,91.99,0.90,-1,-1,-1
223,561,2120.09,1493.67,142.35,118.42,0.62,-1,-1,-1
223,703,2490.52,826.53,52.44,57.83,0.26,-1,-1,-1
223,552,1882.19,897.66,64.68,37.25,0.74,-1,-1,-1
223,663,2830.11,355.57,54.90,63.81,0.39,-1,-1,-1
223,608,1972.58,346.77,135.26,89.84,0.72,-1,-1,-1
223,556,2363.14,802.69,166.76,252.38,0.91,-1,-1,-1
223,656,2122.93,445.95,83.76,56.03,0.36,-1,-1,-1
223,691,1128.62,108.75,73.28,50.76,0.80,-1,-1,-1
223,563,1607.14,434.15,55.21,62.16,0.74,-1,-1,-1
223,742,1487.82,580.33,66.22,91.55,0.84,-1,-1,-1
223,745,1310.92,628.76,85.96,65.45,0.77,-1,-1,-1
223,603,1449.15,718.57,63.32,67.80,0.25,-1,-1,-1
223,622,3028.71,669.89,60.65,66.83,0.58,-1,-1,-1
223,727,2341.16,860.73,125.83,114.63,0.65,-1,-1,-1
224,487,1002.48,156.23,245.50,88.74,0.91,-1,-1,-1
224,482,2100.01,384.93,205.82,142.18,0.92,-1,-1,-1
224,575,1492.00,315.87,220.77,79.17,0.92,-1,-1,-1
224,662,2157.79,138.79,246.68,134.01,0.80,-1,-1,-1
224,551,1383.60,507.64,265.30,93.17,0.93,-1,-1,-1
224,561,2090.01,1497.88,182.61,158.63,0.45,-1,-1,-1
224,703,2485.64,828.54,56.37,61.64,0.21,-1,-1,-1
224,552,1872.45,884.38,77.48,45.00,0.74,-1,-1,-1
224,663,2837.78,349.29,55.21,63.03,0.37,-1,-1,-1
224,608,1967.07,348.60,128.62,87.08,0.81,-1,-1,-1
224,556,2368.79,810.28,160.04,247.70,0.91,-1,-1,-1
224,656,2128.74,453.23,72.41,48.54,0.35,-1,-1,-1
224,691,1123.62,110.52,72.61,49.48,0.77,-1,-1,-1
224,563,1607.79,436.34,56.01,62.44,0.45,-1,-1,-1
224,742,1497.42,584.56,65.21,89.90,0.85,-1,-1,-1
224,745,1296.90,621.43,92.59,71.24,0.61,-1,-1,-1
224,603,1461.21,725.31,61.27,65.46,0.67,-1,-1,-1
224,749,1525.85,1177.60,49.92,61.38,0.60,-1,-1,-1
224,750,3401.78,756.24,65.32,54.86,0.65,-1,-1,-1
224,622,3010.35,669.31,81.88,92.29,0.36,-1,-1,-1
224,727,2351.80,862.87,139.95,129.53,0.61,-1,-1,-1
224,566,1729.23,1657.42,144.87,102.00,0.67,-1,-1,-1
224,720,2187.21,564.73,34.61,49.86,0.76,-1,-1,-1
224,743,1601.15,1455.43,55.10,40.15,0.64,-1,-1,-1
225,487,969.66,153.97,279.32,101.33,0.89,-1,-1,-1
225,482,2092.32,389.43,210.28,144.26,0.91,-1,-1,-1
225,575,1489.56,317.67,224.39,80.66,0.94,-1,-1,-1
225,662,2156.50,137.18,245.99,137.77,0.75,-1,-1,-1
225,551,1379.84,508.85,273.46,97.11,0.92,-1,-1,-1
225,561,2108.92,1491.95,142.07,122.97,0.82,-1,-1,-1
225,552,1875.11,879.17,96.97,59.28,0.77,-1,-1,-1
225,663,2848.79,339.89,58.44,67.21,0.45,-1,-1,-1
225,608,1966.58,349.97,128.56,86.86,0.88,-1,-1,-1
225,556,2377.95,820.53,153.57,239.18,0.70,-1,-1,-1
225,656,2118.76,455.06,74.84,50.95,0.48,-1,-1,-1
225,563,1604.29,439.41,54.61,61.54,0.74,-1,-1,-1
225,742,1490.95,586.80,61.80,85.48,0.79,-1,-1,-1
225,603,1467.95,724.21,74.07,78.40,0.17,-1,-1,-1
225,749,1502.05,1197.98,49.76,60.66,0.61,-1,-1,-1
225,750,3396.17,757.10,79.15,66.68,0.33,-1,-1,-1
225,622,3004.74,666.82,70.86,78.41,0.59,-1,-1,-1
225,727,2371.06,863.79,128.02,119.17,0.37,-1,-1,-1
225,743,1601.61,1466.13,51.40,38.01,0.51,-1,-1,-1
225,718,1165.25,1167.32,135.39,84.73,0.57,-1,-1,-1
226,487,939.07,160.53,308.49,113.61,0.94,-1,-1,-1
226,482,2086.68,394.43,209.47,142.28,0.87,-1,-1,-1
226,575,1485.77,319.48,229.57,82.99,0.93,-1,-1,-1
226,662,2158.87,133.65,243.94,140.78,0.90,-1,-1,-1
226,551,1377.11,509.35,280.43,100.99,0.90,-1,-1,-1
226,561,2126.70,1491.84,118.28,101.94,0.83,-1,-1,-1
226,552,1876.03,886.05,85.95,53.42,0.56,-1,-1,-1
226,663,2859.69,336.81,63.53,72.94,0.13,-1,-1,-1
226,608,1958.53,352.60,132.64,89.94,0.84,-1,-1,-1
226,556,2378.87,824.22,151.40,238.46,0.85,-1,-1,-1
226,656,2113.13,459.46,74.56,51.51,0.28,-1,-1,-1
226,563,1599.22,440.87,60.46,66.21,0.64,-1,-1,-1
226,742,1498.38,596.35,47.81,65.89,0.45,-1,-1,-1
226,603,1487.14,736.63,80.58,86.92,0.83,-1,-1,-1
226,749,1494.01,1222.44,43.74,53.25,0.28,-1,-1,-1
226,750,3381.13,761.63,106.41,90.52,0.12,-1,-1,-1
226,622,2983.14,663.35,89.19,101.50,0.69,-1,-1,-1
226,743,1598.54,1470.50,48.95,36.46,0.23,-1,-1,-1
226,645,1638.58,758.31,137.70,85.47,0.65,-1,-1,-1
226,691,1090.42,124.34,82.72,57.46,0.70,-1,-1,-1
227,487,913.96,162.95,342.63,129.57,0.94,-1,-1,-1
227,482,2082.11,397.55,210.34,141.54,0.87,-1,-1,-1
227,575,1484.32,321.49,230.63,83.80,0.94,-1,-1,-1
227,662,2162.56,132.33,239.72,142.34,0.92,-1,-1,-1
227,551,1374.68,509.23,286.57,104.84,0.87,-1,-1,-1
227,561,2126.87,1485.34,120.03,102.87,0.68,-1,-1,-1
227,663,2871.67,334.07,67.00,78.61,0.27,-1,-1,-1
227,608,1958.91,356.33,124.32,83.00,0.73,-1,-1,-1
227,556,2378.76,825.39,150.93,240.81,0.80,-1,-1,-1
227,656,2110.32,462.43,74.47,51.94,0.14,-1,-1,-1
227,563,1600.95,441.40,60.40,64.61,0.17,-1,-1,-1
227,742,1497.13,593.54,47.12,64.82,0.62,-1,-1,-1
227,603,1494.20,749.92,74.08,81.68,0.24,-1,-1,-1
227,749,1485.55,1243.64,33.90,40.37,0.68,-1,-1,-1
227,622,2978.01,662.46,83.50,96.21,0.79,-1,-1,-1
227,743,1595.36,1476.87,45.29,33.71,0.13,-1,-1,-1
227,645,1646.68,754.50,129.58,88.58,0.67,-1,-1,-1
227,691,1071.36,121.85,96.25,69.12,0.86,-1,-1,-1
228,487,886.33,158.95,390.29,153.62,0.95,-1,-1,-1
228,482,2077.03,400.29,211.71,141.32,0.80,-1,-1,-1
228,575,1483.73,323.56,230.54,84.22,0.94,-1,-1,-1
228,662,2162.04,131.47,238.60,146.03,0.91,-1,-1,-1
228,551,1372.08,508.99,294.16,109.68,0.78,-1,-1,-1
228,561,2134.45,1498.93,107.51,88.16,0.87,-1,-1,-1
228,663,2887.68,344.53,60.90,71.22,0.15,-1,-1,-1
228,608,1958.23,359.31,115.74,75.90,0.59,-1,-1,-1
228,556,2381.57,828.30,148.79,240.63,0.73,-1,-1,-1
228,656,2107.01,467.45,70.11,49.19,0.56,-1,-1,-1
228,563,1601.51,440.66,62.49,66.14,0.87,-1,-1,-1
228,742,1498.89,596.67,45.79,62.83,0.52,-1,-1,-1
228,603,1501.23,758.87,85.10,94.80,0.52,-1,-1,-1
228,749,1475.00,1268.65,31.35,36.11,0.64,-1,-1,-1
228,622,2969.93,671.19,77.84,90.21,0.79,-1,-1,-1
228,743,1580.68,1482.74,44.24,31.27,0.23,-1,-1,-1
228,645,1649.72,746.43,134.47,97.35,0.61,-1,-1,-1
228,691,1059.86,122.82,98.75,72.95,0.77,-1,-1,-1
228,753,1666.00,808.94,32.66,36.37,0.66,-1,-1,-1
228,690,3584.25,234.38,106.14,109.25,0.63,-1,-1,-1
228,652,1387.12,508.62,262.00,110.40,0.69,-1,-1,-1
228,745,1278.84,650.23,79.03,60.34,0.87,-1,-1,-1
228,718,1220.33,1230.85,67.20,42.20,0.51,-1,-1,-1
228,750,3367.10,777.07,115.60,98.64,0.53,-1,-1,-1
229,487,820.52,149.66,508.92,215.08,0.93,-1,-1,-1
229,482,2070.92,408.51,210.37,138.92,0.92,-1,-1,-1
229,575,1481.07,326.63,233.39,85.87,0.94,-1,-1,-1
229,662,2152.14,130.02,243.85,155.03,0.86,-1,-1,-1
229,551,1370.29,510.11,301.51,114.89,0.59,-1,-1,-1
229,561,2142.47,1510.02,105.12,82.35,0.80,-1,-1,-1
229,663,2908.92,348.30,58.33,67.98,0.12,-1,-1,-1
229,608,1951.94,365.35,107.91,68.33,0.48,-1,-1,-1
229,556,2386.28,834.07,146.03,240.10,0.91,-1,-1,-1
229,656,2101.47,478.38,62.83,44.01,0.39,-1,-1,-1
229,742,1499.10,600.40,41.02,55.56,0.35,-1,-1,-1
229,749,1449.88,1300.33,33.90,37.98,0.62,-1,-1,-1
229,622,2939.37,676.57,92.30,111.02,0.61,-1,-1,-1
229,743,1565.99,1489.95,50.91,35.22,0.69,-1,-1,-1
229,691,1039.24,142.22,95.87,72.71,0.70,-1,-1,-1
229,753,1650.74,809.46,38.99,43.35,0.56,-1,-1,-1
229,690,3580.70,238.95,110.44,114.61,0.81,-1,-1,-1
229,652,1386.98,510.37,266.41,114.90,0.78,-1,-1,-1
229,670,1417.69,1415.03,73.47,58.99,0.74,-1,-1,-1
229,683,1837.02,1163.24,98.11,115.97,0.53,-1,-1,-1
229,727,2378.49,878.10,133.80,124.61,0.67,-1,-1,-1
230,487,778.33,162.11,570.77,263.02,0.73,-1,-1,-1
230,482,2063.08,418.40,209.67,136.91,0.93,-1,-1,-1
230,575,1478.07,333.30,234.19,86.81,0.94,-1,-1,-1
230,662,2135.81,133.55,249.57,165.94,0.95,-1,-1,-1
230,561,2138.65,1503.51,122.04,93.69,0.41,-1,-1,-1
230,663,2922.05,345.69,62.43,70.09,0.31,-1,-1,-1
230,608,1942.05,372.76,109.59,67.42,0.84,-1,-1,-1
230,556,2386.62,840.20,144.76,240.61,0.90,-1,-1,-1
230,656,2092.11,483.91,66.46,46.48,0.37,-1,-1,-1
230,742,1499.89,607.06,36.63,48.54,0.58,-1,-1,-1
230,749,1433.44,1319.87,38.91,44.31,0.53,-1,-1,-1
230,622,2914.41,665.99,87.27,108.89,0.86,-1,-1,-1
230,691,937.49,159.66,261.72,214.94,0.70,-1,-1,-1
230,753,1629.77,831.43,42.98,46.19,0.63,-1,-1,-1
230,690,3580.95,267.47,96.00,96.58,0.83,-1,-1,-1
230,652,1388.17,514.40,265.13,116.16,0.93,-1,-1,-1
230,756,3403.86,364.97,83.30,62.54,0.61,-1,-1,-1
230,759,2231.05,205.98,29.23,78.39,0.60,-1,-1,-1
230,683,1821.01,1168.54,107.22,126.97,0.29,-1,-1,-1
230,727,2387.61,856.10,162.97,149.96,0.62,-1,-1,-1
230,573,2797.24,1146.22,69.29,72.54,0.57,-1,-1,-1
230,563,1596.41,443.41,63.08,64.57,0.64,-1,-1,-1
230,603,1543.06,766.96,65.89,72.24,0.69,-1,-1,-1
231,482,2057.65,424.17,209.69,135.60,0.90,-1,-1,-1
231,575,1476.74,337.68,235.00,87.77,0.94,-1,-1,-1
231,662,2129.52,137.15,246.65,171.52,0.95,-1,-1,-1
231,663,2940.63,345.95,60.66,68.47,0.27,-1,-1,-1
231,608,1929.70,375.74,118.18,72.29,0.82,-1,-1,-1
231,556,2387.73,844.25,142.30,239.03,0.88,-1,-1,-1
231,656,2087.06,492.70,60.39,41.80,0.63,-1,-1,-1
231,742,1500.24,614.54,34.35,44.07,0.56,-1,-1,-1
231,622,2909.96,690.23,67.14,84.12,0.75,-1,-1,-1
231,691,908.88,170.58,296.40,262.45,0.84,-1,-1,-1
231,690,3579.19,280.71,91.27,89.18,0.54,-1,-1,-1
231,652,1390.42,517.35,260.67,115.35,0.87,-1,-1,-1
231,756,3402.14,365.07,85.67,64.80,0.23,-1,-1,-1
231,759,2225.55,207.57,34.55,92.25,0.66,-1,-1,-1
231,683,1804.89,1179.72,113.30,130.21,0.54,-1,-1,-1
231,727,2387.16,847.66,176.29,161.32,0.37,-1,-1,-1
231,761,1541.63,1612.61,44.51,65.11,0.59,-1,-1,-1
231,573,2793.64,1160.01,64.03,61.80,0.33,-1,-1,-1
231,563,1593.35,448.76,59.02,59.32,0.56,-1,-1,-1
231,603,1558.86,762.20,58.61,62.43,0.59,-1,-1,-1
231,645,1556.61,722.61,206.59,156.60,0.51,-1,-1,-1
232,482,2051.88,430.48,210.75,135.03,0.87,-1,-1,-1
232,575,1474.86,341.79,233.95,87.99,0.94,-1,-1,-1
232,662,2128.71,143.29,240.30,174.52,0.93,-1,-1,-1
232,663,2956.26,349.60,56.84,63.09,0.16,-1,-1,-1
232,608,1921.23,381.29,123.50,75.13,0.77,-1,-1,-1
232,556,2388.56,849.25,139.59,235.88,0.89,-1,-1,-1
232,656,2080.44,500.46,60.15,41.07,0.27,-1,-1,-1
232,742,1498.24,620.67,35.77,44.20,0.52,-1,-1,-1
232,622,2884.05,717.99,81.48,101.79,0.82,-1,-1,-1
232,691,897.02,182.88,309.32,294.32,0.53,-1,-1,-1
232,690,3571.71,289.98,102.85,99.82,0.25,-1,-1,-1
232,652,1390.78,521.67,255.37,113.71,0.85,-1,-1,-1
232,756,3387.46,368.62,98.58,75.13,0.22,-1,-1,-1
232,759,2221.74,210.50,35.32,94.03,0.63,-1,-1,-1
232,683,1792.44,1186.35,120.73,140.29,0.56,-1,-1,-1
232,727,2379.23,849.43,176.43,161.45,0.67,-1,-1,-1
232,761,1535.57,1621.74,44.23,64.10,0.64,-1,-1,-1
232,573,2781.78,1149.54,80.15,75.86,0.86,-1,-1,-1
232,563,1587.66,459.03,57.99,58.73,0.33,-1,-1,-1
232,603,1566.81,768.34,50.60,52.79,0.21,-1,-1,-1
232,561,2148.37,1528.46,107.85,77.67,0.57,-1,-1,-1
233,482,2048.04,435.79,210.71,133.64,0.74,-1,-1,-1
233,575,1473.79,344.98,232.99,88.23,0.94,-1,-1,-1
233,662,2130.63,148.42,231.29,174.94,0.73,-1,-1,-1
233,663,2968.51,357.43,51.30,55.62,0.22,-1,-1,-1
233,608,1913.74,383.84,130.94,79.40,0.87,-1,-1,-1
233,556,2391.78,850.05,141.54,238.35,0.80,-1,-1,-1
233,656,2077.79,505.12,57.42,38.87,0.35,-1,-1,-1
233,742,1496.56,624.08,38.04,45.95,0.56,-1,-1,-1
233,622,2867.20,730.28,86.77,107.06,0.85,-1,-1,-1
233,690,3564.52,290.60,112.16,108.15,0.23,-1,-1,-1
233,652,1388.95,525.40,253.90,113.59,0.93,-1,-1,-1
233,759,2222.65,209.85,37.68,98.37,0.53,-1,-1,-1
233,683,1797.24,1215.69,103.20,118.68,0.61,-1,-1,-1
233,761,1527.36,1627.98,42.25,60.32,0.19,-1,-1,-1
233,573,2772.61,1151.81,91.72,84.10,0.83,-1,-1,-1
233,563,1586.54,463.82,57.13,58.63,0.31,-1,-1,-1
233,577,3588.13,126.65,64.72,43.77,0.53,-1,-1,-1
233,750,3381.71,820.80,77.85,66.55,0.59,-1,-1,-1
233,753,1596.78,860.32,51.68,54.42,0.58,-1,-1,-1
234,482,2043.96,439.67,212.69,133.77,0.87,-1,-1,-1
234,575,1473.48,348.10,231.73,88.27,0.94,-1,-1,-1
234,662,2132.34,151.87,222.84,175.30,0.81,-1,-1,-1
234,608,1908.16,386.52,133.42,80.88,0.78,-1,-1,-1
234,556,2397.13,851.25,145.72,240.81,0.68,-1,-1,-1
234,656,2072.99,501.82,67.23,46.65,0.48,-1,-1,-1
234,742,1494.01,626.46,40.67,47.89,0.48,-1,-1,-1
234,622,2854.76,732.69,90.35,111.03,0.87,-1,-1,-1
234,690,3574.10,288.36,102.27,97.11,0.71,-1,-1,-1
234,652,1386.41,528.80,254.45,114.60,0.92,-1,-1,-1
234,759,2218.45,211.51,39.60,102.28,0.42,-1,-1,-1
234,683,1805.55,1223.84,100.00,116.81,0.53,-1,-1,-1
234,761,1515.93,1649.65,32.81,46.24,0.71,-1,-1,-1
234,573,2765.87,1162.72,95.05,85.47,0.54,-1,-1,-1
234,577,3585.30,128.12,66.46,43.62,0.80,-1,-1,-1
234,750,3375.82,828.82,75.38,63.98,0.24,-1,-1,-1
234,753,1586.70,871.80,53.14,54.11,0.18,-1,-1,-1
234,691,889.41,199.40,315.61,322.74,0.58,-1,-1,-1
234,756,3396.88,378.63,85.58,65.96,0.55,-1,-1,-1
235,482,2039.97,443.46,214.24,134.00,0.93,-1,-1,-1
235,575,1472.91,350.58,230.92,88.47,0.94,-1,-1,-1
235,662,2132.78,153.97,216.01,176.75,0.95,-1,-1,-1
235,608,1906.47,389.61,130.03,78.38,0.76,-1,-1,-1
235,556,2385.70,851.92,144.44,243.38,0.92,-1,-1,-1
235,656,2058.44,503.04,75.94,52.78,0.66,-1,-1,-1
235,742,1495.80,630.47,40.22,46.71,0.45,-1,-1,-1
235,622,2845.18,729.01,91.85,112.94,0.74,-1,-1,-1
235,690,3581.30,286.72,88.33,79.44,0.73,-1,-1,-1
235,652,1383.42,531.59,256.62,116.53,0.88,-1,-1,-1
235,759,2218.04,210.04,42.57,107.69,0.56,-1,-1,-1
235,683,1803.42,1228.70,93.45,110.81,0.58,-1,-1,-1
235,573,2772.71,1170.05,81.58,70.17,0.65,-1,-1,-1
235,577,3589.25,128.82,65.45,42.74,0.61,-1,-1,-1
235,750,3372.59,838.45,73.92,61.40,0.18,-1,-1,-1
235,753,1578.55,887.27,53.89,52.34,0.40,-1,-1,-1
235,768,3674.90,175.28,50.56,85.48,0.71,-1,-1,-1
235,769,1440.04,1362.16,27.95,37.22,0.70,-1,-1,-1
235,770,3687.97,250.93,71.52,49.74,0.72,-1,-1,-1
235,691,901.73,206.35,299.87,328.40,0.79,-1,-1,-1
235,756,3399.68,382.05,80.83,63.18,0.25,-1,-1,-1
235,727,2378.53,860.20,181.00,164.17,0.68,-1,-1,-1
235,603,1562.75,751.98,67.79,68.10,0.86,-1,-1,-1
235,561,2118.06,1514.85,164.30,119.84,0.83,-1,-1,-1
235,663,2970.83,339.87,74.66,82.51,0.66,-1,-1,-1
235,563,1587.30,471.12,57.90,55.90,0.73,-1,-1,-1
236,482,2035.11,445.06,218.96,136.45,0.91,-1,-1,-1
236,575,1471.79,352.29,229.84,88.52,0.93,-1,-1,-1
236,662,2132.56,150.66,213.39,182.35,0.95,-1,-1,-1
236,608,1909.48,390.30,117.13,70.18,0.81,-1,-1,-1
236,556,2378.92,853.56,141.77,244.52,0.91,-1,-1,-1
236,656,2050.61,503.89,80.64,56.00,0.68,-1,-1,-1
236,742,1496.38,630.86,42.90,49.74,0.73,-1,-1,-1
236,622,2822.86,712.07,105.36,133.62,0.60,-1,-1,-1
236,690,3580.40,288.88,82.12,69.88,0.65,-1,-1,-1
236,652,1379.92,534.21,258.64,118.54,0.77,-1,-1,-1
236,759,2215.49,209.60,43.40,108.34,0.59,-1,-1,-1
236,683,1794.98,1216.35,90.14,99.98,0.70,-1,-1,-1
236,577,3592.23,128.98,66.41,43.10,0.55,-1,-1,-1
236,750,3383.57,842.65,67.28,56.01,0.18,-1,-1,-1
236,768,3673.47,187.58,49.88,84.08,0.68,-1,-1,-1
236,769,1443.31,1362.08,30.23,40.41,0.56,-1,-1,-1
236,770,3687.64,253.67,70.38,48.98,0.24,-1,-1,-1
236,691,913.13,218.63,283.78,331.43,0.65,-1,-1,-1
236,756,3400.67,385.65,77.60,61.47,0.73,-1,-1,-1
236,603,1566.66,745.02,57.10,57.18,0.54,-1,-1,-1
236,561,2109.75,1511.93,178.68,132.49,0.86,-1,-1,-1
236,663,2987.32,342.84,64.98,71.54,0.12,-1,-1,-1
236,563,1582.74,472.66,66.10,61.81,0.59,-1,-1,-1
236,566,1424.57,1602.10,295.80,227.43,0.55,-1,-1,-1
236,551,1356.88,534.37,301.53,118.73,0.80,-1,-1,-1
237,482,2031.86,446.55,220.47,136.84,0.92,-1,-1,-1
237,575,1471.56,352.87,228.21,88.28,0.94,-1,-1,-1
237,662,2133.14,150.06,208.67,186.17,0.94,-1,-1,-1
237,608,1908.41,405.73,107.45,62.94,0.21,-1,-1,-1
237,556,2375.24,852.88,139.55,246.10,0.88,-1,-1,-1
237,656,2045.19,503.53,83.47,58.53,0.59,-1,-1,-1
237,742,1496.46,631.37,44.01,50.84,0.73,-1,-1,-1
237,622,2808.24,703.16,113.78,145.58,0.72,-1,-1,-1
237,690,3578.76,288.26,81.03,66.04,0.64,-1,-1,-1
237,652,1377.86,536.40,258.00,119.31,0.60,-1,-1,-1
237,759,2213.63,211.11,43.64,107.39,0.51,-1,-1,-1
237,577,3598.97,127.97,67.37,44.33,0.52,-1,-1,-1
237,750,3385.63,843.31,69.01,58.49,0.49,-1,-1,-1
237,768,3666.92,197.94,54.38,90.92,0.68,-1,-1,-1
237,769,1447.39,1370.48,28.69,38.08,0.60,-1,-1,-1
237,770,3699.62,255.55,58.86,41.09,0.30,-1,-1,-1
237,691,924.64,229.97,266.52,331.85,0.69,-1,-1,-1
237,756,3401.13,386.95,75.78,60.88,0.56,-1,-1,-1
237,561,2112.20,1517.96,173.95,129.67,0.76,-1,-1,-1
237,663,2986.05,338.63,71.14,77.58,0.57,-1,-1,-1
237,773,2520.27,871.67,52.83,59.65,0.74,-1,-1,-1
237,775,1328.81,1164.00,50.28,60.60,0.53,-1,-1,-1
237,778,2196.41,1763.56,53.38,73.31,0.80,-1,-1,-1
237,551,1360.00,536.16,294.45,119.25,0.85,-1,-1,-1
237,745,1185.24,703.46,140.47,119.30,0.57,-1,-1,-1
237,573,2776.07,1163.40,77.70,68.51,0.67,-1,-1,-1
238,482,2028.30,448.77,217.98,134.30,0.92,-1,-1,-1
238,575,1470.45,352.45,227.21,88.28,0.94,-1,-1,-1
238,662,2135.20,153.60,200.42,186.07,0.94,-1,-1,-1
238,608,1879.80,380.50,151.91,92.13,0.68,-1,-1,-1
238,556,2372.79,851.11,136.38,245.87,0.92,-1,-1,-1
238,656,2044.25,504.18,81.56,58.30,0.56,-1,-1,-1
238,742,1496.30,630.58,45.64,53.04,0.75,-1,-1,-1
238,622,2790.81,705.55,110.32,145.08,0.35,-1,-1,-1
238,690,3577.36,288.23,84.87,67.73,0.66,-1,-1,-1
238,652,1375.65,535.91,260.37,121.74,0.66,-1,-1,-1
238,759,2208.81,212.95,44.47,107.45,0.66,-1,-1,-1
238,577,3599.01,123.78,72.24,47.11,0.24,-1,-1,-1
238,750,3382.81,848.24,67.13,57.18,0.64,-1,-1,-1
238,768,3670.62,203.78,54.42,90.54,0.58,-1,-1,-1
238,769,1451.44,1370.84,29.02,38.17,0.72,-1,-1,-1
238,770,3691.33,256.58,64.66,45.16,0.16,-1,-1,-1
238,691,942.15,248.65,245.85,326.45,0.76,-1,-1,-1
238,756,3402.05,387.69,73.33,59.67,0.54,-1,-1,-1
238,561,2109.23,1512.28,181.73,138.21,0.72,-1,-1,-1
238,663,2988.40,318.13,89.68,99.62,0.32,-1,-1,-1
238,773,2519.45,859.62,57.17,64.41,0.85,-1,-1,-1
238,778,2202.96,1771.38,53.97,74.38,0.14,-1,-1,-1
238,551,1359.99,535.15,293.85,122.31,0.65,-1,-1,-1
238,779,3415.57,1247.62,16.06,30.99,0.65,-1,-1,-1
238,573,2779.13,1160.24,69.80,61.35,0.47,-1,-1,-1
238,753,1583.49,903.11,54.97,53.23,0.78,-1,-1,-1
239,482,2026.06,450.55,215.85,131.75,0.92,-1,-1,-1
239,575,1470.45,352.13,225.28,87.83,0.94,-1,-1,-1
239,662,2137.46,154.54,192.81,185.93,0.93,-1,-1,-1
239,608,1868.73,373.35,172.41,108.32,0.80,-1,-1,-1
239,556,2375.81,849.01,133.29,244.88,0.80,-1,-1,-1
239,656,2042.12,504.56,79.79,57.91,0.71,-1,-1,-1
239,742,1497.33,631.42,44.93,52.23,0.71,-1,-1,-1
239,622,2781.11,708.97,96.89,130.75,0.75,-1,-1,-1
239,690,3577.63,284.38,92.74,74.36,0.51,-1,-1,-1
239,652,1375.20,534.76,261.78,123.86,0.89,-1,-1,-1
239,759,2205.57,213.78,44.48,105.37,0.31,-1,-1,-1
239,577,3601.56,120.53,76.71,51.05,0.11,-1,-1,-1
239,750,3377.05,850.22,72.96,62.96,0.87,-1,-1,-1
239,691,949.14,257.38,235.27,331.29,0.64,-1,-1,-1
239,756,3397.54,388.26,73.34,59.78,0.17,-1,-1,-1
239,663,2999.03,305.48,92.78,106.26,0.11,-1,-1,-1
239,773,2518.59,847.29,64.51,72.72,0.86,-1,-1,-1
239,778,2206.37,1783.49,50.86,70.02,0.22,-1,-1,-1
239,573,2776.97,1165.04,65.96,56.62,0.46,-1,-1,-1
239,780,1892.11,324.74,119.69,97.22,0.86,-1,-1,-1
239,753,1586.77,904.76,56.49,55.76,0.77,-1,-1,-1
239,745,1185.98,724.16,106.24,95.60,0.72,-1,-1,-1
240,482,2020.60,450.79,218.22,132.26,0.90,-1,-1,-1
240,575,1469.40,351.23,224.23,87.69,0.94,-1,-1,-1
240,662,2135.28,150.94,189.79,190.64,0.84,-1,-1,-1
240,608,1881.03,376.22,148.92,95.68,0.72,-1,-1,-1
240,556,2377.78,845.43,130.76,245.79,0.87,-1,-1,-1
240,656,2024.44,497.84,90.56,65.17,0.65,-1,-1,-1
240,742,1496.40,632.25,45.41,52.59,0.36,-1,-1,-1
240,622,2764.94,706.27,89.86,125.04,0.52,-1,-1,-1
240,690,3580.56,280.91,100.20,81.36,0.65,-1,-1,-1
240,652,1370.52,531.03,270.29,130.12,0.73,-1,-1,-1
240,577,3596.54,117.98,69.85,44.15,0.71,-1,-1,-1
240,750,3376.09,848.78,71.10,61.48,0.35,-1,-1,-1
240,691,959.94,280.59,217.52,324.16,0.57,-1,-1,-1
240,756,3390.35,391.67,72.74,58.28,0.19,-1,-1,-1
240,663,3011.35,316.81,82.63,90.24,0.59,-1,-1,-1
240,773,2517.58,837.39,72.14,81.81,0.78,-1,-1,-1
240,573,2747.86,1147.37,105.10,92.12,0.55,-1,-1,-1
240,780,1901.52,333.76,109.33,88.76,0.54,-1,-1,-1
240,753,1598.42,907.07,43.96,41.99,0.62,-1,-1,-1
240,782,2946.27,1495.53,58.74,32.08,0.67,-1,-1,-1
240,561,2100.62,1511.49,183.30,139.97,0.84,-1,-1,-1
240,551,1354.03,530.37,303.93,130.92,0.80,-1,-1,-1
241,482,2014.20,450.52,220.65,133.09,0.92,-1,-1,-1
241,575,1467.74,350.14,224.64,88.15,0.94,-1,-1,-1
241,662,2135.03,149.57,184.29,192.58,0.89,-1,-1,-1
241,608,1902.18,402.09,101.12,63.97,0.66,-1,-1,-1
241,556,2377.88,842.18,128.63,247.09,0.85,-1,-1,-1
241,656,2017.98,491.91,96.73,71.18,0.69,-1,-1,-1
241,742,1494.38,633.52,44.56,50.83,0.41,-1,-1,-1
241,622,2757.68,689.18,79.23,111.78,0.74,-1,-1,-1
241,690,3578.00,279.99,104.09,85.13,0.71,-1,-1,-1
241,652,1369.80,528.56,273.62,134.06,0.88,-1,-1,-1
241,577,3593.80,115.24,67.91,41.50,0.35,-1,-1,-1
241,750,3374.70,846.39,69.39,60.65,0.30,-1,-1,-1
241,691,965.63,287.38,208.64,328.55,0.61,-1,-1,-1
241,756,3385.68,388.62,82.13,66.42,0.30,-1,-1,-1
241,663,3033.42,309.91,81.57,91.56,0.65,-1,-1,-1
241,773,2515.45,833.63,72.32,82.23,0.90,-1,-1,-1
241,573,2759.19,1142.29,101.83,90.68,0.78,-1,-1,-1
241,780,1900.69,337.07,109.04,88.51,0.20,-1,-1,-1
241,782,2948.67,1495.93,60.58,33.27,0.51,-1,-1,-1
241,561,2106.71,1511.97,179.86,139.54,0.81,-1,-1,-1
241,551,1355.38,528.58,302.22,134.36,0.45,-1,-1,-1
241,563,1571.06,450.42,76.89,70.38,0.71,-1,-1,-1
241,759,2204.72,208.48,34.78,76.21,0.55,-1,-1,-1
242,482,2010.82,450.84,221.59,132.97,0.92,-1,-1,-1
242,575,1467.32,349.66,222.82,87.64,0.94,-1,-1,-1
242,662,2137.57,150.18,176.78,192.01,0.90,-1,-1,-1
242,608,1905.36,412.09,82.67,51.80,0.54,-1,-1,-1
242,556,2377.54,839.91,126.58,248.93,0.58,-1,-1,-1
242,656,2021.85,506.96,80.58,58.88,0.15,-1,-1,-1
242,742,1492.83,633.36,44.68,50.24,0.49,-1,-1,-1
242,622,2747.40,686.05,72.84,102.44,0.47,-1,-1,-1
242,690,3577.94,280.17,107.23,88.86,0.84,-1,-1,-1
242,577,3588.44,109.86,84.56,53.53,0.41,-1,-1,-1
242,750,3370.35,842.88,71.59,63.34,0.67,-1,-1,-1
242,691,972.00,293.69,197.80,328.58,0.74,-1,-1,-1
242,756,3370.39,377.91,111.16,92.99,0.38,-1,-1,-1
242,663,3041.09,295.50,85.58,99.03,0.60,-1,-1,-1
242,773,2516.91,836.21,67.85,77.34,0.83,-1,-1,-1
242,573,2758.97,1143.06,99.29,91.08,0.70,-1,-1,-1
242,780,1901.86,344.29,105.44,85.43,0.18,-1,-1,-1
242,561,2111.45,1511.91,176.13,138.96,0.81,-1,-1,-1
242,563,1565.57,443.78,82.76,74.74,0.33,-1,-1,-1
242,759,2186.78,170.57,53.85,105.27,0.60,-1,-1,-1
242,727,2323.37,840.80,241.09,242.94,0.88,-1,-1,-1
242,753,1603.92,902.03,44.99,41.19,0.59,-1,-1,-1
243,482,2009.55,450.65,222.03,132.72,0.92,-1,-1,-1
243,575,1466.53,348.90,221.39,87.22,0.94,-1,-1,-1
243,662,2142.60,149.21,171.86,192.94,0.91,-1,-1,-1
243,608,1883.38,412.55,82.36,52.25,0.64,-1,-1,-1
243,556,2377.05,838.87,124.51,250.47,0.69,-1,-1,-1
243,742,1493.27,637.10,42.17,46.46,0.26,-1,-1,-1
243,622,2732.81,684.78,82.40,118.83,0.75,-1,-1,-1
243,690,3578.21,284.22,107.52,89.74,0.63,-1,-1,-1
243,577,3591.87,111.13,80.96,53.00,0.21,-1,-1,-1
243,750,3358.30,838.32,77.34,68.50,0.63,-1,-1,-1
243,691,978.17,299.83,187.91,330.12,0.73,-1,-1,-1
243,756,3371.39,375.48,113.84,99.09,0.48,-1,-1,-1
243,663,3054.80,306.98,72.34,83.94,0.64,-1,-1,-1
243,773,2518.45,835.64,65.67,75.50,0.84,-1,-1,-1
243,573,2759.88,1141.33,94.65,89.07,0.24,-1,-1,-1
243,780,1909.60,385.82,86.43,69.09,0.66,-1,-1,-1
243,561,2111.36,1511.10,175.80,141.14,0.74,-1,-1,-1
243,563,1563.36,437.58,85.95,77.80,0.16,-1,-1,-1
243,759,2178.17,171.24,55.19,99.06,0.34,-1,-1,-1
243,727,2328.04,839.68,225.04,248.14,0.87,-1,-1,-1
243,683,1806.67,1237.46,61.03,62.76,0.54,-1,-1,-1
243,551,1354.57,526.21,304.13,139.95,0.58,-1,-1,-1
244,482,2004.53,449.47,228.06,136.52,0.94,-1,-1,-1
244,575,1465.55,348.28,220.59,87.06,0.94,-1,-1,-1
244,662,2143.50,150.63,165.36,191.54,0.93,-1,-1,-1
244,608,1875.47,412.81,81.34,52.02,0.61,-1,-1,-1
244,556,2377.33,839.60,120.99,248.17,0.88,-1,-1,-1
244,742,1491.36,637.69,46.38,51.48,0.14,-1,-1,-1
244,622,2730.97,676.03,62.89,90.42,0.70,-1,-1,-1
244,690,3576.71,288.29,108.28,90.98,0.68,-1,-1,-1
244,577,3590.90,112.49,74.99,49.41,0.16,-1,-1,-1
244,750,3356.43,833.45,72.77,63.34,0.20,-1,-1,-1
244,756,3374.50,374.04,109.14,97.93,0.62,-1,-1,-1
244,663,3056.54,317.74,66.49,73.71,0.32,-1,-1,-1
244,773,2519.02,837.08,63.35,73.23,0.77,-1,-1,-1
244,780,1912.85,394.63,78.74,61.83,0.72,-1,-1,-1
244,561,2108.54,1509.94,173.96,140.66,0.77,-1,-1,-1
244,563,1564.59,431.89,87.89,81.06,0.33,-1,-1,-1
244,759,2180.52,170.18,59.16,100.93,0.43,-1,-1,-1
244,551,1357.32,524.43,299.55,142.28,0.93,-1,-1,-1
244,716,1283.79,1439.77,32.52,35.07,0.52,-1,-1,-1
244,769,1459.86,1386.22,31.00,41.31,0.69,-1,-1,-1
244,753,1614.71,898.76,43.24,38.51,0.77,-1,-1,-1
245,482,1998.45,450.69,229.10,137.11,0.94,-1,-1,-1
245,575,1463.87,347.71,220.59,87.20,0.95,-1,-1,-1
245,662,2142.57,149.31,161.72,193.84,0.80,-1,-1,-1
245,608,1870.06,414.49,78.97,50.60,0.79,-1,-1,-1
245,556,2377.55,840.11,118.90,249.82,0.92,-1,-1,-1
245,742,1481.55,637.99,64.16,73.84,0.67,-1,-1,-1
245,622,2700.76,665.23,83.18,122.43,0.74,-1,-1,-1
245,690,3571.00,294.21,112.90,96.49,0.21,-1,-1,-1
245,577,3585.97,110.68,73.80,48.28,0.67,-1,-1,-1
245,750,3359.73,829.66,64.02,53.08,0.49,-1,-1,-1
245,663,3060.86,296.25,78.40,84.98,0.69,-1,-1,-1
245,773,2523.37,843.92,54.90,63.49,0.85,-1,-1,-1
245,780,1908.41,400.46,78.14,60.31,0.77,-1,-1,-1
245,561,2113.97,1513.11,168.35,137.88,0.88,-1,-1,-1
245,563,1561.62,425.62,93.55,87.31,0.44,-1,-1,-1
245,759,2172.20,162.25,68.20,108.96,0.65,-1,-1,-1
245,551,1359.52,523.17,295.91,144.97,0.87,-1,-1,-1
245,769,1459.27,1387.69,28.09,36.67,0.65,-1,-1,-1
245,778,2244.95,1822.53,37.93,51.44,0.70,-1,-1,-1
245,782,2915.58,1493.21,74.26,41.89,0.76,-1,-1,-1
245,691,977.06,318.38,180.10,336.34,0.66,-1,-1,-1
246,482,1994.53,452.29,229.82,137.50,0.95,-1,-1,-1
246,575,1464.49,346.29,220.59,87.34,0.95,-1,-1,-1
246,662,2143.47,145.11,157.73,196.65,0.68,-1,-1,-1
246,556,2382.38,841.31,116.41,250.25,0.92,-1,-1,-1
246,742,1480.22,636.25,68.48,81.51,0.52,-1,-1,-1
246,622,2680.92,664.75,88.29,130.83,0.84,-1,-1,-1
246,690,3570.95,300.19,114.44,99.67,0.53,-1,-1,-1
246,577,3593.74,113.07,69.06,45.47,0.16,-1,-1,-1
246,750,3363.20,823.90,66.89,53.17,0.40,-1,-1,-1
246,663,3084.18,296.96,72.40,79.67,0.16,-1,-1,-1
246,773,2526.31,852.27,49.92,57.23,0.73,-1,-1,-1
246,780,1900.21,400.21,85.81,64.63,0.83,-1,-1,-1
246,561,2115.60,1515.39,164.24,135.25,0.67,-1,-1,-1
246,563,1564.62,419.02,93.76,88.61,0.87,-1,-1,-1
246,551,1362.68,521.40,293.36,148.02,0.92,-1,-1,-1
246,769,1460.78,1396.33,24.10,30.35,0.57,-1,-1,-1
246,782,2917.85,1499.20,65.89,37.81,0.73,-1,-1,-1
246,691,974.69,325.76,173.70,343.34,0.70,-1,-1,-1
246,756,3372.77,370.87,112.44,105.10,0.84,-1,-1,-1
246,753,1625.50,884.85,39.98,33.79,0.59,-1,-1,-1
247,482,1995.63,453.30,231.80,139.17,0.94,-1,-1,-1
247,575,1469.24,344.01,223.27,88.78,0.94,-1,-1,-1
247,662,2150.09,142.98,153.34,198.77,0.70,-1,-1,-1
247,556,2388.93,842.72,114.69,252.02,0.87,-1,-1,-1
247,742,1483.56,632.10,73.14,90.19,0.66,-1,-1,-1
247,622,2677.11,696.78,70.18,106.54,0.57,-1,-1,-1
247,690,3576.77,300.51,116.17,102.32,0.54,-1,-1,-1
247,577,3605.60,116.30,65.84,43.44,0.34,-1,-1,-1
247,750,3381.87,820.14,63.94,49.69,0.60,-1,-1,-1
247,663,3102.01,303.55,64.96,69.25,0.53,-1,-1,-1
247,773,2532.82,852.70,48.23,54.75,0.59,-1,-1,-1
247,780,1901.58,393.16,97.14,72.00,0.85,-1,-1,-1
247,561,2123.55,1515.78,161.36,134.27,0.91,-1,-1,-1
247,563,1572.57,414.49,95.17,90.79,0.82,-1,-1,-1
247,551,1371.18,520.23,288.78,149.64,0.88,-1,-1,-1
247,782,2900.98,1459.12,130.24,76.38,0.55,-1,-1,-1
247,691,985.47,362.23,152.73,314.96,0.79,-1,-1,-1
247,792,1890.50,349.62,109.06,80.85,0.57,-1,-1,-1
247,793,1409.04,1728.67,32.17,30.73,0.63,-1,-1,-1
247,756,3383.73,375.19,102.63,98.87,0.87,-1,-1,-1
247,770,3694.06,251.19,71.39,51.10,0.54,-1,-1,-1
247,716,1276.57,1460.09,34.21,37.04,0.62,-1,-1,-1
248,482,2005.39,453.92,231.92,139.48,0.88,-1,-1,-1
248,575,1482.81,341.58,224.73,89.76,0.95,-1,-1,-1
248,662,2164.75,142.26,148.08,199.52,0.82,-1,-1,-1
248,556,2399.60,845.43,112.68,250.73,0.89,-1,-1,-1
248,690,3595.00,298.26,117.51,104.09,0.49,-1,-1,-1
248,750,3398.22,812.76,70.78,54.85,0.78,-1,-1,-1
248,663,3118.23,305.69,65.58,65.61,0.47,-1,-1,-1
248,773,2538.90,850.64,50.91,56.30,0.38,-1,-1,-1
248,780,1908.15,394.76,101.14,74.62,0.74,-1,-1,-1
248,561,2139.00,1516.18,161.35,135.94,0.89,-1,-1,-1
248,563,1584.78,412.13,94.21,90.95,0.78,-1,-1,-1
248,551,1386.71,519.22,283.75,150.66,0.76,-1,-1,-1
248,691,991.11,353.86,153.55,330.26,0.65,-1,-1,-1
248,792,1902.56,350.81,111.05,82.37,0.81,-1,-1,-1
248,793,1426.75,1727.44,30.25,28.99,0.74,-1,-1,-1
248,756,3397.98,375.60,95.56,93.46,0.49,-1,-1,-1
248,796,1562.11,1811.17,40.56,51.34,0.57,-1,-1,-1
248,770,3702.69,250.62,72.70,52.75,0.29,-1,-1,-1
248,769,1485.58,1403.44,21.37,24.03,0.55,-1,-1,-1
248,753,1628.94,846.82,62.99,55.23,0.74,-1,-1,-1
249,482,2021.37,453.57,236.73,143.36,0.93,-1,-1,-1
249,575,1504.67,339.63,225.20,90.34,0.96,-1,-1,-1
249,662,2186.87,141.93,142.64,199.20,0.81,-1,-1,-1
249,556,2421.44,846.78,110.91,250.05,0.87,-1,-1,-1
249,690,3620.32,295.81,119.38,105.08,0.82,-1,-1,-1
249,663,3158.43,302.03,70.16,70.10,0.57,-1,-1,-1
249,780,1916.05,396.75,111.57,81.91,0.81,-1,-1,-1
249,561,2169.02,1517.74,154.50,131.16,0.87,-1,-1,-1
249,563,1603.19,412.88,92.50,90.22,0.64,-1,-1,-1
249,551,1409.01,518.35,279.11,151.73,0.92,-1,-1,-1
249,691,1014.21,377.50,140.95,313.16,0.61,-1,-1,-1
249,792,1919.78,351.20,92.96,69.18,0.11,-1,-1,-1
249,793,1444.98,1725.67,33.90,32.61,0.71,-1,-1,-1
249,753,1645.46,843.50,61.49,53.15,0.87,-1,-1,-1
249,742,1515.73,636.08,72.03,91.86,0.70,-1,-1,-1
250,482,2044.64,454.00,238.42,145.20,0.78,-1,-1,-1
250,575,1529.80,338.13,225.01,90.64,0.95,-1,-1,-1
250,662,2212.31,141.72,138.80,200.72,0.89,-1,-1,-1
250,556,2449.58,845.02,109.10,250.32,0.92,-1,-1,-1
250,663,3179.62,294.48,81.17,79.24,0.32,-1,-1,-1
250,780,1932.19,401.03,114.66,85.99,0.73,-1,-1,-1
250,561,2206.34,1524.65,139.52,117.33,0.92,-1,-1,-1
250,563,1627.06,415.53,89.15,86.79,0.81,-1,-1,-1
250,551,1435.40,517.85,274.99,152.72,0.84,-1,-1,-1
250,691,1039.19,391.19,134.61,306.86,0.81,-1,-1,-1
250,792,1946.98,354.09,113.36,84.65,0.85,-1,-1,-1
250,793,1470.29,1726.92,31.86,30.79,0.65,-1,-1,-1
250,742,1544.36,638.24,64.07,83.40,0.77,-1,-1,-1
250,750,3443.48,806.46,80.57,63.10,0.70,-1,-1,-1
250,773,2576.87,848.67,53.88,58.53,0.86,-1,-1,-1
250,756,3443.76,378.15,83.30,80.80,0.55,-1,-1,-1
251,482,2077.38,455.21,238.78,146.14,0.88,-1,-1,-1
251,575,1567.52,336.79,220.12,88.66,0.95,-1,-1,-1
251,662,2247.45,141.72,134.73,201.56,0.92,-1,-1,-1
251,556,2488.12,844.93,108.15,251.05,0.93,-1,-1,-1
251,780,1984.18,406.86,92.73,67.29,0.76,-1,-1,-1
251,561,2248.66,1532.03,128.22,107.18,0.88,-1,-1,-1
251,563,1661.47,420.10,83.72,80.08,0.85,-1,-1,-1
251,551,1470.96,517.94,270.62,153.46,0.85,-1,-1,-1
251,691,1065.46,392.65,135.98,314.29,0.65,-1,-1,-1
251,742,1574.30,635.55,67.34,87.65,0.81,-1,-1,-1
251,756,3483.06,380.90,83.45,80.74,0.57,-1,-1,-1
252,482,2119.96,457.63,235.40,144.37,0.87,-1,-1,-1
252,575,1613.51,335.86,214.90,86.31,0.95,-1,-1,-1
252,662,2290.23,141.50,131.01,203.08,0.94,-1,-1,-1
252,556,2531.28,846.06,107.89,252.83,0.71,-1,-1,-1
252,780,2025.13,407.14,111.21,80.48,0.83,-1,-1,-1
252,561,2287.65,1528.55,123.08,104.57,0.79,-1,-1,-1
252,563,1705.58,423.24,66.17,59.59,0.82,-1,-1,-1
252,551,1513.72,518.24,269.31,155.96,0.69,-1,-1,-1
252,691,1106.87,406.02,133.67,310.72,0.71,-1,-1,-1
252,742,1612.24,638.04,69.97,91.63,0.79,-1,-1,-1
252,773,2515.52,849.61,181.87,209.77,0.66,-1,-1,-1
253,482,2170.25,460.08,230.26,141.09,0.89,-1,-1,-1
253,575,1665.62,334.83,212.26,84.93,0.94,-1,-1,-1
253,662,2340.16,141.50,127.04,203.70,0.91,-1,-1,-1
253,780,2078.86,411.86,99.10,69.91,0.81,-1,-1,-1
253,561,2341.24,1528.86,111.17,95.73,0.77,-1,-1,-1
253,563,1750.85,424.86,62.52,55.35,0.76,-1,-1,-1
253,551,1560.73,519.40,271.42,161.01,0.92,-1,-1,-1
253,691,1156.36,426.26,136.75,317.41,0.87,-1,-1,-1
253,773,2536.10,850.89,194.35,237.18,0.93,-1,-1,-1
253,720,1877.59,703.78,23.44,31.12,0.55,-1,-1,-1
254,482,2218.43,460.88,239.19,146.72,0.89,-1,-1,-1
254,575,1723.25,334.03,209.35,83.30,0.94,-1,-1,-1
254,662,2398.23,141.37,123.16,204.08,0.93,-1,-1,-1
254,780,2129.17,413.48,112.90,79.93,0.84,-1,-1,-1
254,561,2416.89,1536.26,92.59,81.76,0.81,-1,-1,-1
254,551,1612.64,522.52,274.12,167.13,0.75,-1,-1,-1
254,691,1233.58,495.43,131.34,303.26,0.60,-1,-1,-1
254,773,2583.82,852.86,195.61,251.28,0.91,-1,-1,-1
255,482,2271.42,461.64,236.84,145.16,0.89,-1,-1,-1
255,575,1778.40,333.74,206.08,81.41,0.94,-1,-1,-1
255,662,2453.15,141.68,119.82,204.83,0.93,-1,-1,-1
255,780,2185.26,418.85,100.58,70.21,0.78,-1,-1,-1
255,561,2474.32,1545.45,80.81,70.24,0.70,-1,-1,-1
255,551,1662.82,527.24,274.90,172.40,0.83,-1,-1,-1
255,691,1309.86,566.89,124.37,284.42,0.86,-1,-1,-1
255,773,2639.04,854.99,191.56,258.30,0.68,-1,-1,-1
255,829,1703.25,528.31,212.63,172.56,0.75,-1,-1,-1
255,835,2178.63,389.15,91.92,54.17,0.69,-1,-1,-1
256,482,2342.64,462.69,233.08,143.70,0.90,-1,-1,-1
256,575,1843.32,333.57,203.94,79.81,0.94,-1,-1,-1
256,662,2517.74,142.93,116.74,205.68,0.94,-1,-1,-1
256,780,2245.49,419.70,91.08,62.84,0.77,-1,-1,-1
256,551,1721.36,532.39,277.72,179.74,0.96,-1,-1,-1
256,691,1393.85,627.67,122.15,277.17,0.82,-1,-1,-1
256,773,2706.70,856.77,183.68,259.20,0.89,-1,-1,-1
256,556,2579.20,885.59,48.20,81.47,0.61,-1,-1,-1
257,482,2412.12,462.95,235.31,146.46,0.87,-1,-1,-1
257,575,1912.99,333.07,203.18,78.78,0.94,-1,-1,-1
257,662,2587.98,145.51,113.41,205.78,0.93,-1,-1,-1
257,780,2314.30,420.67,91.65,62.15,0.67,-1,-1,-1
257,551,1786.34,537.79,277.81,185.83,0.94,-1,-1,-1
257,773,2780.31,858.46,177.03,260.46,0.92,-1,-1,-1
257,645,1421.55,687.84,295.60,277.19,0.94,-1,-1,-1
258,482,2481.58,462.13,240.75,152.28,0.81,-1,-1,-1
258,575,1987.40,332.98,202.17,77.57,0.93,-1,-1,-1
258,662,2662.92,148.94,111.22,206.71,0.76,-1,-1,-1
258,780,2382.05,419.34,93.25,62.35,0.73,-1,-1,-1
258,551,1856.96,544.32,274.87,190.09,0.92,-1,-1,-1
258,773,2859.78,861.07,170.93,260.53,0.90,-1,-1,-1
258,645,1499.90,716.55,257.62,278.81,0.92,-1,-1,-1
258,690,3722.88,306.17,70.06,56.14,0.62,-1,-1,-1
258,792,2071.13,421.45,100.14,75.26,0.55,-1,-1,-1
259,482,2589.71,462.77,248.18,159.02,0.92,-1,-1,-1
259,575,2109.39,332.63,199.82,75.71,0.93,-1,-1,-1
259,551,1970.43,550.89,273.03,195.44,0.88,-1,-1,-1
259,773,2888.42,852.40,106.95,143.90,0.75,-1,-1,-1
260,482,2680.53,464.48,252.28,163.73,0.93,-1,-1,-1
260,575,2208.52,332.68,199.95,74.83,0.93,-1,-1,-1
260,551,2066.50,555.64,266.83,197.06,0.84,-1,-1,-1
260,773,2973.06,829.74,81.65,103.35,0.61,-1,-1,-1
260,622,2547.43,678.10,62.81,89.17,0.59,-1,-1,-1
261,482,2769.87,466.29,251.61,165.28,0.93,-1,-1,-1
261,575,2301.00,333.68,199.10,73.58,0.94,-1,-1,-1
261,551,2156.90,558.90,262.36,199.80,0.75,-1,-1,-1
261,773,3053.22,831.04,81.72,99.20,0.77,-1,-1,-1
262,482,2888.58,439.56,170.61,112.64,0.88,-1,-1,-1
262,727,2154.14,897.69,223.51,283.91,0.65,-1,-1,-1
262,622,2552.66,667.44,58.13,72.57,0.58,-1,-1,-1
